GET,vm-cf.africa.afso1.aws.indriverapp.com,/api/v1/verification/steps
GET,vm-cf.cis.euce1.aws.indriverapp.com,/api/v1/verification/steps
GET,vm-cf.eu.euce1.aws.indriverapp.com,/api/v1/verification/steps
GET,vm-cf.latam.saea1.aws.indriverapp.com,/api/v1/verification/steps
GET,vm-cf.mena.meso1.aws.indriverapp.com,/api/v1/verification/steps
GET,vm-cf.sa.apso1.aws.indriverapp.com,/api/v1/verification/steps
GET,vm-cf.sea.apse3.aws.indriverapp.com,/api/v1/verification/steps
PATCH,vm-cf.eu.euce1.aws.indriverapp.com,/api/v1/verification/status
GET,vm-cf.latam.saea1.aws.indriverapp.com,/api/v1/verification/status
GET,vm-cf.eu.euce1.aws.indriverapp.com,/api/v1/verification
GET,vm-cf.latam.saea1.aws.indriverapp.com,/api/v1/verification
GET,txm-cf.cis.euce1.aws.indriverapp.com,/api/v1/taxiparks
POST,txm-cf.cis.euce1.aws.indriverapp.com,/api/v1/taxipark/00000000-0000-0000-0000-000000000042/join
GET,txm-cf.cis.euce1.aws.indriverapp.com,/api/v1/driver/taxipark
POST,truck-api.eu-east-1.indriverapp.com,/api/v2/tariffs/commission-text
POST,truck-api.eu-east-1.indriverapp.com,/api/v2/settings/driver/readiness/on
POST,truck-api.eu-east-1.indriverapp.com,/api/v2/settings/driver/readiness/off
GET,truck-api.eu-east-1.indriverapp.com,/api/v2/settings/driver/readiness
GET,truck-api.eu-east-1.indriverapp.com,/api/v2/report-reasons
POST,truck-api.eu-east-1.indriverapp.com,/api/v2/recommended-price
GET,truck-api.eu-east-1.indriverapp.com,/api/v2/ping
GET,truck-api.eu-east-1.indriverapp.com,/api/v2/orders/settings
GET,truck-api.eu-east-1.indriverapp.com,/api/v2/orders/own
GET,truck-api.eu-east-1.indriverapp.com,/api/v2/orders/active
POST,truck-api.eu-east-1.indriverapp.com,/api/v2/orders/13236063/cancel
GET,truck-api.eu-east-1.indriverapp.com,/api/v2/orders/13234893/price-step
GET,truck-api.eu-east-1.indriverapp.com,/api/v2/orders/13234893/offers
GET,truck-api.eu-east-1.indriverapp.com,/api/v2/orders
GET,truck-api.eu-east-1.indriverapp.com,/api/v2/offers/own
GET,truck-api.eu-east-1.indriverapp.com,/api/v2/offers/count
POST,truck-api.eu-east-1.indriverapp.com,/api/v2/offers/cancel
POST,truck-api.eu-east-1.indriverapp.com,/api/v2/offer
POST,truck-api.eu-east-1.indriverapp.com,/api/v2/min-price
POST,truck-api.eu-east-1.indriverapp.com,/api/v2/location
POST,truck-api.eu-east-1.indriverapp.com,/api/v2/image/upload
GET,truck-api.eu-east-1.indriverapp.com,/api/v2/geo/recent-addresses
GET,truck-api.eu-east-1.indriverapp.com,/api/v2/drivers/160714226/location
GET,truck-api.eu-east-1.indriverapp.com,/api/v2/drivers/101024774/reviews
GET,truck-api.eu-east-1.indriverapp.com,/api/v2/driver/reasons
GET,truck-api.eu-east-1.indriverapp.com,/api/v2/driver/prompts
GET,truck-api.eu-east-1.indriverapp.com,/api/v2/driver/orders/13799815
POST,truck-api.eu-east-1.indriverapp.com,/api/v2/driver/events
GET,truck-api.eu-east-1.indriverapp.com,/api/v2/driver/config
GET,truck-api.eu-east-1.indriverapp.com,/api/v2/client/reasons
GET,truck-api.eu-east-1.indriverapp.com,/api/v2/client/prompts
POST,truck-api.eu-east-1.indriverapp.com,/api/v2/client/events
GET,truck-api.eu-east-1.indriverapp.com,/api/v2/client/config
GET,truck-api.eu-east-1.indriverapp.com,/api/v2/cities/4252/info
GET,truck-api.eu-east-1.indriverapp.com,/api/v2/challenges/active
GET,truck-api.eu-east-1.indriverapp.com,/api/v2/autocomplete/cities
GET,truck-api.eu-east-1.indriverapp.com,/api/user/config
POST,truck-api.eu-east-1.indriverapp.com,/api/recommended-price
GET,truck-api.eu-east-1.indriverapp.com,/api/order/reasons
GET,truck-api.eu-east-1.indriverapp.com,/api/order/list/active
GET,truck-api.eu-east-1.indriverapp.com,/api/order/list
POST,truck-api.eu-east-1.indriverapp.com,/api/order/create
POST,truck-api.eu-east-1.indriverapp.com,/api/locations
GET,truck-api.eu-east-1.indriverapp.com,/api/city/213/info
POST,sur-cf.fr1.baremetal.indriverapp.com,/api/v1/payload/campaigns/24f765bd-0960-42ea-bc2f-d5ebbbf15919/collect
GET,super-services.indriverapp.com,/api/super-masters/v3/wallet/transactions
PATCH,super-services.indriverapp.com,/api/super-masters/v3/tasker/fields
GET,super-services.indriverapp.com,/api/super-masters/v3/tasker/details
GET,super-services.indriverapp.com,/api/super-masters/v3/story/inappstory
POST,super-services.indriverapp.com,/api/super-masters/v3/reviews
GET,super-services.indriverapp.com,/api/super-masters/v3/profile/214102465/reviews
POST,super-services.indriverapp.com,/api/super-masters/v3/orders
POST,super-services.indriverapp.com,/api/super-masters/v3/image
GET,super-services.indriverapp.com,/api/super-masters/v3/hint
GET,super-services.indriverapp.com,/api/super-masters/v3/config
POST,sn-api-cf.africa.afso1.aws.indriverapp.com,/api/v2/notifications/3bdf504e-f41b-f22d-7859-bbe3d299eba3/status
POST,sn-api-cf.cis.euce1.aws.indriverapp.com,/api/v2/notifications/3bdf504e-f41b-f22d-7859-bbe3d299eba3/status
POST,sn-api-cf.eu.euce1.aws.indriverapp.com,/api/v2/notifications/3bdf504e-f41b-f22d-7859-bbe3d299eba3/status
POST,sn-api-cf.latam-br.saea1.aws.indriverapp.com,/api/v2/notifications/3bdf504e-f41b-f22d-7859-bbe3d299eba3/status
POST,sn-api-cf.latam-co.saea1.aws.indriverapp.com,/api/v2/notifications/3bdf504e-f41b-f22d-7859-bbe3d299eba3/status
POST,sn-api-cf.latam-mx.usea1.aws.indriverapp.com,/api/v2/notifications/3bdf504e-f41b-f22d-7859-bbe3d299eba3/status
POST,sn-api-cf.latam-pe.saea1.aws.indriverapp.com,/api/v2/notifications/3bdf504e-f41b-f22d-7859-bbe3d299eba3/status
POST,sn-api-cf.latam.saea1.aws.indriverapp.com,/api/v2/notifications/3bdf504e-f41b-f22d-7859-bbe3d299eba3/status
POST,sn-api-cf.mena-eg.meso1.aws.indriverapp.com,/api/v2/notifications/3bdf504e-f41b-f22d-7859-bbe3d299eba3/status
POST,sn-api-cf.mena.meso1.aws.indriverapp.com,/api/v2/notifications/3bdf504e-f41b-f22d-7859-bbe3d299eba3/status
POST,sn-api-cf.sa-in.apso1.aws.indriverapp.com,/api/v2/notifications/3bdf504e-f41b-f22d-7859-bbe3d299eba3/status
POST,sn-api-cf.sa.apso1.aws.indriverapp.com,/api/v2/notifications/3bdf504e-f41b-f22d-7859-bbe3d299eba3/status
POST,sn-api-cf.sea.apse3.aws.indriverapp.com,/api/v2/notifications/3bdf504e-f41b-f22d-7859-bbe3d299eba3/status
PATCH,sn-api-cf.africa.afso1.aws.indriverapp.com,/api/v1/notification/status/04e5d933-d812-7b77-c966-6b6b779c1163
PATCH,sn-api-cf.cis.euce1.aws.indriverapp.com,/api/v1/notification/status/04e5d933-d812-7b77-c966-6b6b779c1163
PATCH,sn-api-cf.latam-br.saea1.aws.indriverapp.com,/api/v1/notification/status/04e5d933-d812-7b77-c966-6b6b779c1163
PATCH,sn-api-cf.latam-co.saea1.aws.indriverapp.com,/api/v1/notification/status/04e5d933-d812-7b77-c966-6b6b779c1163
PATCH,sn-api-cf.latam-mx.usea1.aws.indriverapp.com,/api/v1/notification/status/04e5d933-d812-7b77-c966-6b6b779c1163
PATCH,sn-api-cf.latam-pe.saea1.aws.indriverapp.com,/api/v1/notification/status/04e5d933-d812-7b77-c966-6b6b779c1163
PATCH,sn-api-cf.latam.saea1.aws.indriverapp.com,/api/v1/notification/status/04e5d933-d812-7b77-c966-6b6b779c1163
PATCH,sn-api-cf.mena.meso1.aws.indriverapp.com,/api/v1/notification/status/04e5d933-d812-7b77-c966-6b6b779c1163
PATCH,sn-api-cf.sa-in.apso1.aws.indriverapp.com,/api/v1/notification/status/04e5d933-d812-7b77-c966-6b6b779c1163
PATCH,sn-api-cf.sa.apso1.aws.indriverapp.com,/api/v1/notification/status/04e5d933-d812-7b77-c966-6b6b779c1163
PATCH,sn-api-cf.sea.apse3.aws.indriverapp.com,/api/v1/notification/status/04e5d933-d812-7b77-c966-6b6b779c1163
GET,sc-cf.euce1.indriverapp.com,/api/support-config/v1/config
POST,sc-cf.euce1.indriverapp.com,/api/support-chat/v1/user/rating
POST,sc-cf.euce1.indriverapp.com,/api/support-chat/v1/user/option
GET,sc-cf.euce1.indriverapp.com,/api/status
GET,sfc-cf.euce1.indriverapp.com,/api/v2/safetytips
PUT,sfc-cf.euce1.indriverapp.com,/api/v1/users/108751839/contacts
GET,sfc-cf.euce1.indriverapp.com,/api/v1/users/108751839/contacts
POST,sfc-cf.euce1.indriverapp.com,/api/v1/users/105143786/safetylog
GET,sfc-cf.euce1.indriverapp.com,/api/v1/safetytips
GET,sfc-cf.euce1.indriverapp.com,/api/v1/safetycenter
POST,rp-cf.cis.euce1.aws.indriverapp.com,/api/pricing/v6/price
POST,rp-cf.sa.apso1.aws.indriverapp.com,/api/pricing/v6/price
POST,rp-cf.cis.euce1.aws.indriverapp.com,/api/pricing/v5/price
POST,rp-cf.euce1.aws.indriverapp.com,/api/pricing/v5/price
POST,rp-cf.latam.saea1.aws.indriverapp.com,/api/pricing/v5/price
POST,rp-cf.mena.meso1.aws.indriverapp.com,/api/pricing/v5/price
POST,rp-cf.sa.apso1.aws.indriverapp.com,/api/pricing/v5/price
POST,rp-cf.sea.apse3.aws.indriverapp.com,/api/pricing/v5/price
POST,rp-cf.cis.euce1.indriverapp.com,/api/pricing/v5/price
POST,rp-cf.euce1.indriverapp.com,/api/pricing/v5/price
POST,rp-cf.latam.saea1.indriverapp.com,/api/pricing/v5/price
POST,rp-cf.mena.meso1.indriverapp.com,/api/pricing/v5/price
POST,rp-cf.sa.apso1.indriverapp.com,/api/pricing/v5/price
POST,rp-cf.sea.apse3.indriverapp.com,/api/pricing/v5/price
GET,rp-cf.cis.euce1.aws.indriverapp.com,/api/getprices
GET,rp-cf.euce1.aws.indriverapp.com,/api/getprices
GET,rp-cf.latam.saea1.aws.indriverapp.com,/api/getprices
GET,rp-cf.mena.meso1.aws.indriverapp.com,/api/getprices
GET,rp-cf.sa.apso1.aws.indriverapp.com,/api/getprices
GET,rp-cf.sea.apse3.aws.indriverapp.com,/api/getprices
GET,rp-cf.cis.euce1.indriverapp.com,/api/getprices
GET,rp-cf.euce1.indriverapp.com,/api/getprices
GET,rp-cf.latam.saea1.indriverapp.com,/api/getprices
GET,rp-cf.mena.meso1.indriverapp.com,/api/getprices
GET,rp-cf.sa.apso1.indriverapp.com,/api/getprices
GET,rp-cf.sea.apse3.indriverapp.com,/api/getprices
GET,rp-cf.cis.euce1.aws.indriverapp.com,/api/checkrush
GET,rp-cf.euce1.aws.indriverapp.com,/api/checkrush
GET,rp-cf.latam.saea1.aws.indriverapp.com,/api/checkrush
GET,rp-cf.mena.meso1.aws.indriverapp.com,/api/checkrush
GET,rp-cf.sa.apso1.aws.indriverapp.com,/api/checkrush
GET,rp-cf.sea.apse3.aws.indriverapp.com,/api/checkrush
GET,rp-cf.cis.euce1.indriverapp.com,/api/checkrush
GET,rp-cf.euce1.indriverapp.com,/api/checkrush
GET,rp-cf.latam.saea1.indriverapp.com,/api/checkrush
GET,rp-cf.mena.meso1.indriverapp.com,/api/checkrush
GET,rp-cf.sa.apso1.indriverapp.com,/api/checkrush
GET,rp-cf.sea.apse3.indriverapp.com,/api/checkrush
POST,caduceus.online,/api/getNode
POST,talaria.online,/api/getNode
GET,review-api.eu-east-1.indriverapp.com,/api/v1/reviews/new-order/customers/completed-ride
POST,review-api.eu-east-1.indriverapp.com,/api/v1/reviews/new-order/customers
POST,review-api.eu-east-1.indriverapp.com,/api/v1/reviews/new-order/contractors/profile/tags
GET,review-api.eu-east-1.indriverapp.com,/api/v1/reviews/new-order/contractors/profile
GET,review-api.eu-east-1.indriverapp.com,/api/v1/reviews/new-order/contractors/current-ride
GET,review-api.eu-east-1.indriverapp.com,/api/v1/reviews/new-order/contractors/completed-ride
GET,review-api.eu-east-1.indriverapp.com,/api/v1/reviews/new-order/contractors
GET,review-api.eu-east-1.indriverapp.com,/api/v1/reviews/customers/tags
GET,review-api.eu-east-1.indriverapp.com,/api/v1/reviews/contractors/tags
GET,rc-cf.africa.afso1.aws.indriverapp.com,/api/v1/receipt
GET,rc-cf.latam-mx.usea1.aws.indriverapp.com,/api/v1/receipt
GET,rc-cf.latam-pe.saea1.aws.indriverapp.com,/api/v1/receipt
GET,rc-cf.mena-eg.meso1.aws.indriverapp.com,/api/v1/receipt
GET,rc-cf.sa-in.apso1.aws.indriverapp.com,/api/v1/receipt
GET,rc-cf.sa.apso1.aws.indriverapp.com,/api/v1/receipt
GET,rc-cf.sea.apse3.aws.indriverapp.com,/api/v1/receipt
POST,pc-cf.latam.saea1.aws.indriverapp.com,/api/v1/user/codes
POST,pc-cf.mena.meso1.aws.indriverapp.com,/api/v1/user/codes
POST,pc-cf.sa.apso1.aws.indriverapp.com,/api/v1/user/codes
POST,promocodes.eu-east-1.indriverapp.com,/api/v1/user/codes
POST,promocodes.eu-east-1.indriverapp.com,/api/v1/user/codes
POST,promocodes.eu-east-1.indriverapp.com,/api/v1/user/codes
GET,pc-cf.africa.afso1.aws.indriverapp.com,/api/v1/promocodes
GET,pc-cf.cis.euce1.aws.indriverapp.com,/api/v1/promocodes
GET,pc-cf.latam-br.saea1.aws.indriverapp.com,/api/v1/promocodes
GET,pc-cf.latam-co.saea1.aws.indriverapp.com,/api/v1/promocodes
GET,pc-cf.latam-mx.usea1.aws.indriverapp.com,/api/v1/promocodes
GET,pc-cf.latam-pe.saea1.aws.indriverapp.com,/api/v1/promocodes
GET,pc-cf.latam.saea1.aws.indriverapp.com,/api/v1/promocodes
GET,pc-cf.mena-eg.meso1.aws.indriverapp.com,/api/v1/promocodes
GET,pc-cf.mena.meso1.aws.indriverapp.com,/api/v1/promocodes
GET,pc-cf.sa-in.apso1.aws.indriverapp.com,/api/v1/promocodes
GET,pc-cf.sa.apso1.aws.indriverapp.com,/api/v1/promocodes
GET,promocodes.eu-east-1.indriverapp.com,/api/v1/promocodes
GET,promocodes.eu-east-1.indriverapp.com,/api/v1/promocodes
GET,promocodes.eu-east-1.indriverapp.com,/api/v1/promocodes
GET,promocodes.eu-east-1.indriverapp.com,/api/v1/promocodes
GET,promocodes.eu-east-1.indriverapp.com,/api/v1/promocodes
GET,promocodes.eu-east-1.indriverapp.com,/api/v1/promocodes
GET,promocodes.eu-east-1.indriverapp.com,/api/v1/promocodes
GET,promocodes.eu-east-1.indriverapp.com,/api/v1/promocodes
GET,promocodes.eu-east-1.indriverapp.com,/api/v1/promocodes
GET,promocodes.eu-east-1.indriverapp.com,/api/v1/promocodes
GET,promocodes.eu-east-1.indriverapp.com,/api/v1/promocodes
GET,pc-cf.latam-mx.usea1.aws.indriverapp.com,/api/v1/activity-campaigns/progress
GET,promocodes.eu-east-1.indriverapp.com,/api/v1/activity-campaigns/progress
GET,pc-cf.latam-mx.usea1.aws.indriverapp.com,/api/v1/activity-campaigns/01931a38-5b9c-79bc-920c-685e732eee32
GET,pc-cf.latam-mx.usea1.aws.indriverapp.com,/api/v1/activity-campaigns/01931a2b-704f-765c-9920-81629c9fbd2c
GET,pa-cf.euce1.indriverapp.com,/api/profile-api/v1/tabs
GET,profile-api.eu-east-1.indriverapp.com,/api/profile-api/v1/tabs
POST,pa-cf.euce1.indriverapp.com,/api/profile-api/v1/tab/widgets
POST,profile-api.eu-east-1.indriverapp.com,/api/profile-api/v1/tab/widgets
POST,pa-cf.euce1.indriverapp.com,/api/profile-api/v1/tab/494fa865-003e-4ded-8a7d-f99f9aaa0166/widgets
GET,pa-cf.euce1.indriverapp.com,/api/profile-api/v1/profile
GET,profile-api-1.eu-east-1.indriverapp.com,/api/profile-api/v1/profile
GET,profile-api.eu-east-1.indriverapp.com,/api/profile-api/v1/profile
POST,pa-cf.euce1.indriverapp.com,/api/profile-api/v1/phone
POST,profile-api.eu-east-1.indriverapp.com,/api/profile-api/v1/phone
GET,pa-cf.euce1.indriverapp.com,/api/profile-api/v1/navigation
GET,profile-api-1.eu-east-1.indriverapp.com,/api/profile-api/v1/navigation
GET,profile-api.eu-east-1.indriverapp.com,/api/profile-api/v1/navigation
POST,pa-cf.euce1.indriverapp.com,/api/profile-api/v1/mode
POST,profile-api.eu-east-1.indriverapp.com,/api/profile-api/v1/mode
GET,pa-cf.euce1.indriverapp.com,/api/profile-api/v1/location
GET,profile-api-1.eu-east-1.indriverapp.com,/api/profile-api/v1/location
GET,profile-api.eu-east-1.indriverapp.com,/api/profile-api/v1/location
PUT,pa-cf.euce1.indriverapp.com,/api/profile-api/v1/avatar
PUT,profile-api.eu-east-1.indriverapp.com,/api/profile-api/v1/avatar
GET,pr-cf.africa.afso1.aws.indriverapp.com,/api/tier/v1/my
GET,pr-cf.latam-co.saea1.aws.indriverapp.com,/api/tier/v1/my
GET,pr-cf.mena-eg.meso1.aws.indriverapp.com,/api/tier/v1/my
GET,pr-cf.mena.meso1.aws.indriverapp.com,/api/tier/v1/my
GET,pr-cf.sea.apse3.aws.indriverapp.com,/api/tier/v1/my
GET,pr-cf.africa.afso1.aws.indriverapp.com,/api/priority/v1/priority
GET,pr-cf.cis.euce1.aws.indriverapp.com,/api/priority/v1/priority
GET,pr-cf.eu.euce1.aws.indriverapp.com,/api/priority/v1/priority
GET,pr-cf.latam-br.saea1.aws.indriverapp.com,/api/priority/v1/priority
GET,pr-cf.latam-co.saea1.aws.indriverapp.com,/api/priority/v1/priority
GET,pr-cf.latam-mx.usea1.aws.indriverapp.com,/api/priority/v1/priority
GET,pr-cf.latam-pe.saea1.aws.indriverapp.com,/api/priority/v1/priority
GET,pr-cf.latam.saea1.aws.indriverapp.com,/api/priority/v1/priority
GET,pr-cf.mena-eg.meso1.aws.indriverapp.com,/api/priority/v1/priority
GET,pr-cf.mena.meso1.aws.indriverapp.com,/api/priority/v1/priority
GET,pr-cf.sa-in.apso1.aws.indriverapp.com,/api/priority/v1/priority
GET,pr-cf.sa.apso1.aws.indriverapp.com,/api/priority/v1/priority
GET,pr-cf.sea.apse3.aws.indriverapp.com,/api/priority/v1/priority
GET,pr-cf.africa.afso1.aws.indriverapp.com,/api/dashboard/v1/rating
GET,pr-cf.latam-br.saea1.aws.indriverapp.com,/api/dashboard/v1/rating
GET,pr-cf.latam-co.saea1.aws.indriverapp.com,/api/dashboard/v1/rating
GET,pr-cf.latam-pe.saea1.aws.indriverapp.com,/api/dashboard/v1/rating
GET,pr-cf.mena-eg.meso1.aws.indriverapp.com,/api/dashboard/v1/rating
GET,pr-cf.mena.meso1.aws.indriverapp.com,/api/dashboard/v1/rating
GET,pr-cf.sea.apse3.aws.indriverapp.com,/api/dashboard/v1/rating
GET,pr-cf.africa.afso1.aws.indriverapp.com,/api/dashboard/v1/dlc
GET,pr-cf.latam-co.saea1.aws.indriverapp.com,/api/dashboard/v1/dlc
GET,pr-cf.mena-eg.meso1.aws.indriverapp.com,/api/dashboard/v1/dlc
GET,pr-cf.mena.meso1.aws.indriverapp.com,/api/dashboard/v1/dlc
GET,pot-cf.euce1.indriverapp.com,/grpc/v1/bank_account
GET,pot-cf.euce1.indriverapp.com,/api/payouts/v1/jetpay/phone
GET,pot-cf.euce1.indriverapp.com,/api/payouts/v1/account/status
GET,pot-cf.euce1.indriverapp.com,/api/payment/v1/transfer_method/hyperwallet
POST,pot-cf.euce1.indriverapp.com,/api/payment/v1/transfer
GET,pa-cf.africa.afso1.aws.indriverapp.com,/api/v3/popular/points
GET,pa-cf.cis.euce1.aws.indriverapp.com,/api/v3/popular/points
GET,pa-cf.eu.euce1.aws.indriverapp.com,/api/v3/popular/points
GET,pa-cf.latam-br.saea1.aws.indriverapp.com,/api/v3/popular/points
GET,pa-cf.latam-co.saea1.aws.indriverapp.com,/api/v3/popular/points
GET,pa-cf.latam-mx.saea1.aws.indriverapp.com,/api/v3/popular/points
GET,pa-cf.latam-mx.usea1.aws.indriverapp.com,/api/v3/popular/points
GET,pa-cf.latam-pe.saea1.aws.indriverapp.com,/api/v3/popular/points
GET,pa-cf.latam.saea1.aws.indriverapp.com,/api/v3/popular/points
GET,pa-cf.mena-eg.meso1.aws.indriverapp.com,/api/v3/popular/points
GET,pa-cf.mena.meso1.aws.indriverapp.com,/api/v3/popular/points
GET,pa-cf.sa-in.apso1.aws.indriverapp.com,/api/v3/popular/points
GET,pa-cf.sa.apso1.aws.indriverapp.com,/api/v3/popular/points
GET,pa-cf.sea.apse3.aws.indriverapp.com,/api/v3/popular/points
GET,pa-cf.usa.usea2.aws.indriverapp.com,/api/v3/popular/points
GET,popular-addresses.eu-east-1.indriverapp.com,/api/v3/popular/points
GET,popular-addresses.eu-east-1.indriverapp.com,/api/v3/popular/points
GET,popular-addresses.eu-east-1.indriverapp.com,/api/v3/popular/points
GET,popular-addresses.eu-east-1.indriverapp.com,/api/v3/popular/points
GET,popular-addresses.eu-east-1.indriverapp.com,/api/v3/popular/points
GET,popular-addresses.eu-east-1.indriverapp.com,/api/v3/popular/points
GET,popular-addresses.eu-east-1.indriverapp.com,/api/v3/popular/points
GET,popular-addresses.eu-east-1.indriverapp.com,/api/v3/popular/points
GET,popular-addresses.eu-east-1.indriverapp.com,/api/v3/popular/points
GET,popular-addresses.eu-east-1.indriverapp.com,/api/v3/popular/points
GET,popular-addresses.eu-east-1.indriverapp.com,/api/v3/popular/points
GET,popular-addresses.eu-east-1.indriverapp.com,/api/v3/popular/points
GET,popular-addresses.eu-east-1.indriverapp.com,/api/v3/popular/points
GET,popular-addresses.eu-east-1.indriverapp.com,/api/v3/popular/points
GET,popular-addresses.eu-east-1.indriverapp.com,/api/v3/popular/points
GET,popular-addresses.euce1.indriverapp.com,/api/v3/popular/points
GET,popular-addresses.euce1.indriverapp.com,/api/v3/popular/points
GET,popular-addresses.euce1.indriverapp.com,/api/v3/popular/points
GET,popular-addresses.euce1.indriverapp.com,/api/v3/popular/points
GET,popular-addresses.euce1.indriverapp.com,/api/v3/popular/points
GET,popular-addresses.euce1.indriverapp.com,/api/v3/popular/points
GET,popular-addresses.euce1.indriverapp.com,/api/v3/popular/points
GET,popular-addresses.euce1.indriverapp.com,/api/v3/popular/points
GET,popular-addresses.euce1.indriverapp.com,/api/v3/popular/points
GET,popular-addresses.euce1.indriverapp.com,/api/v3/popular/points
GET,popular-addresses.euce1.indriverapp.com,/api/v3/popular/points
GET,popular-addresses.euce1.indriverapp.com,/api/v3/popular/points
GET,popular-addresses.euce1.indriverapp.com,/api/v3/popular/points
GET,popular-addresses.euce1.indriverapp.com,/api/v3/popular/points
GET,popular-addresses.euce1.indriverapp.com,/api/v3/popular/points
GET,pa-cf.cis.euce1.aws.indriverapp.com,/api/v3/city/popular/points
GET,popular-addresses.eu-east-1.indriverapp.com,/api/v3/city/popular/points
GET,pa-cf.africa.afso1.aws.indriverapp.com,/api/v2/popular/points
GET,pa-cf.cis.euce1.aws.indriverapp.com,/api/v2/popular/points
GET,pa-cf.eu.euce1.aws.indriverapp.com,/api/v2/popular/points
GET,pa-cf.latam-br.saea1.aws.indriverapp.com,/api/v2/popular/points
GET,pa-cf.latam-co.saea1.aws.indriverapp.com,/api/v2/popular/points
GET,pa-cf.latam-mx.saea1.aws.indriverapp.com,/api/v2/popular/points
GET,pa-cf.latam-mx.usea1.aws.indriverapp.com,/api/v2/popular/points
GET,pa-cf.latam-pe.saea1.aws.indriverapp.com,/api/v2/popular/points
GET,pa-cf.latam.saea1.aws.indriverapp.com,/api/v2/popular/points
GET,pa-cf.mena-eg.meso1.aws.indriverapp.com,/api/v2/popular/points
GET,pa-cf.mena.meso1.aws.indriverapp.com,/api/v2/popular/points
GET,pa-cf.sa-in.apso1.aws.indriverapp.com,/api/v2/popular/points
GET,pa-cf.sa.apso1.aws.indriverapp.com,/api/v2/popular/points
GET,pa-cf.sea.apse3.aws.indriverapp.com,/api/v2/popular/points
GET,pa-cf.usa.usea2.aws.indriverapp.com,/api/v2/popular/points
GET,popular-addresses.eu-east-1.indriverapp.com,/api/v2/popular/points
GET,popular-addresses.eu-east-1.indriverapp.com,/api/v2/popular/points
GET,popular-addresses.eu-east-1.indriverapp.com,/api/v2/popular/points
GET,popular-addresses.eu-east-1.indriverapp.com,/api/v2/popular/points
GET,popular-addresses.eu-east-1.indriverapp.com,/api/v2/popular/points
GET,popular-addresses.eu-east-1.indriverapp.com,/api/v2/popular/points
GET,popular-addresses.eu-east-1.indriverapp.com,/api/v2/popular/points
GET,popular-addresses.eu-east-1.indriverapp.com,/api/v2/popular/points
GET,popular-addresses.eu-east-1.indriverapp.com,/api/v2/popular/points
GET,popular-addresses.eu-east-1.indriverapp.com,/api/v2/popular/points
GET,popular-addresses.eu-east-1.indriverapp.com,/api/v2/popular/points
GET,popular-addresses.eu-east-1.indriverapp.com,/api/v2/popular/points
GET,popular-addresses.eu-east-1.indriverapp.com,/api/v2/popular/points
GET,popular-addresses.eu-east-1.indriverapp.com,/api/v2/popular/points
GET,popular-addresses.eu-east-1.indriverapp.com,/api/v2/popular/points
GET,popular-addresses.euce1.indriverapp.com,/api/v2/popular/points
GET,popular-addresses.euce1.indriverapp.com,/api/v2/popular/points
GET,popular-addresses.euce1.indriverapp.com,/api/v2/popular/points
GET,popular-addresses.euce1.indriverapp.com,/api/v2/popular/points
GET,popular-addresses.euce1.indriverapp.com,/api/v2/popular/points
GET,popular-addresses.euce1.indriverapp.com,/api/v2/popular/points
GET,popular-addresses.euce1.indriverapp.com,/api/v2/popular/points
GET,popular-addresses.euce1.indriverapp.com,/api/v2/popular/points
GET,popular-addresses.euce1.indriverapp.com,/api/v2/popular/points
GET,popular-addresses.euce1.indriverapp.com,/api/v2/popular/points
GET,popular-addresses.euce1.indriverapp.com,/api/v2/popular/points
GET,popular-addresses.euce1.indriverapp.com,/api/v2/popular/points
GET,popular-addresses.euce1.indriverapp.com,/api/v2/popular/points
GET,popular-addresses.euce1.indriverapp.com,/api/v2/popular/points
GET,popular-addresses.euce1.indriverapp.com,/api/v2/popular/points
GET,pa-cf.cis.euce1.aws.indriverapp.com,/api/v1/popular/points
GET,pa-cf.mena.meso1.aws.indriverapp.com,/api/v1/popular/points
GET,pa-cf.sa.apso1.aws.indriverapp.com,/api/v1/popular/points
GET,pa-cf.sea.apse3.aws.indriverapp.com,/api/v1/popular/points
POST,pm-cf.euce1.aws.indriverapp.com,/api/payment-methods/v1/kaspi/contractor
POST,pm-cf.latam.saea1.aws.indriverapp.com,/api/payment-methods/v1/kaspi/contractor
POST,pm-cf.euce1.indriverapp.com,/api/payment-methods/v1/kaspi/contractor
POST,pm-cf.latam.saea1.indriverapp.com,/api/payment-methods/v1/kaspi/contractor
POST,pm-cf.euce1.indriverapp.com,/api/payment-methods/v1/customer/ride-hailing/method/default
GET,pm-cf.euce1.indriverapp.com,/api/payment-methods/v1/customer/ride-hailing/method
GET,pm-cf.euce1.indriverapp.com,/api/payment-methods/v1/customer/none-vertical/method
GET,pm-cf.euce1.indriverapp.com,/api/payment-methods/v1/customer/method
POST,pm-cf.euce1.aws.indriverapp.com,/api/payment-methods/v1/contractor/method/status
POST,pm-cf.latam.saea1.aws.indriverapp.com,/api/payment-methods/v1/contractor/method/status
POST,pm-cf.euce1.indriverapp.com,/api/payment-methods/v1/contractor/method/status
POST,pm-cf.latam.saea1.indriverapp.com,/api/payment-methods/v1/contractor/method/status
GET,pm-cf.euce1.aws.indriverapp.com,/api/payment-methods/v1/contractor/method/settings
GET,pm-cf.latam.saea1.aws.indriverapp.com,/api/payment-methods/v1/contractor/method/settings
GET,pm-cf.euce1.indriverapp.com,/api/payment-methods/v1/contractor/method/settings
GET,pm-cf.latam.saea1.indriverapp.com,/api/payment-methods/v1/contractor/method/settings
GET,pm-cf.euce1.aws.indriverapp.com,/api/payment-methods/v1/contractor/method
GET,pm-cf.latam.saea1.aws.indriverapp.com,/api/payment-methods/v1/contractor/method
GET,pm-cf.euce1.indriverapp.com,/api/payment-methods/v1/contractor/method
GET,pm-cf.latam.saea1.indriverapp.com,/api/payment-methods/v1/contractor/method
POST,terra.aws.indriverapp.com,/api/usernotify
POST,terra-1.aws.indriverapp.com,/api/start
POST,terra.aws.indriverapp.com,/api/start
POST,terra.aws.indriverapp.com,/api/simplifiedentrance
POST,terra.aws.indriverapp.com,/api/settenderstatus
POST,terra-1.aws.indriverapp.com,/api/setregid
POST,terra.aws.indriverapp.com,/api/setregid
POST,terra.aws.indriverapp.com,/api/setorderstatus
POST,terra-1.aws.indriverapp.com,/api/setextraparams
POST,terra-6.indriverapp.com,/api/setextraparams
POST,terra-mtn.indriverapp.com,/api/setextraparams
POST,terra.aws.indriverapp.com,/api/setextraparams
POST,terra.aws.indriverapp.com,/api/safetyfatiguerequest
POST,terra.aws.indriverapp.com,/api/safetyfatiguecheck
POST,terra.aws.indriverapp.com,/api/repeatorder
POST,terra-1.aws.indriverapp.com,/api/profileedit
POST,terra-6.indriverapp.com,/api/profileedit
POST,terra-cf.henedp.xyz,/api/profileedit
POST,terra-mtn.indriverapp.com,/api/profileedit
POST,terra.aws.indriverapp.com,/api/profileedit
POST,terra-1.aws.indriverapp.com,/api/popularroutes
POST,terra.aws.indriverapp.com,/api/popularroutes
GET,terra-1.aws.indriverapp.com,/api/points
POST,terra.aws.indriverapp.com,/api/nearcitieswithrecommendedcity
POST,terra-1.aws.indriverapp.com,/api/nearcities
POST,terra.aws.indriverapp.com,/api/nearcities
POST,terra.aws.indriverapp.com,/api/logout
POST,terra.aws.indriverapp.com,/api/gettenderstatus
POST,terra-1.aws.indriverapp.com,/api/getreviewtags
POST,terra-mtn.indriverapp.com,/api/getreviewtags
POST,terra.aws.indriverapp.com,/api/getreviewtags
POST,terra.aws.indriverapp.com,/api/getreviews
POST,terra.aws.indriverapp.com,/api/getreviewdays
POST,terra-1.aws.indriverapp.com,/api/getresourcestext
POST,terra-1.aws.indriverapp.com,/api/getprofileappcitycars
POST,terra.aws.indriverapp.com,/api/getprofileappcitycars
POST,terra-1.aws.indriverapp.com,/api/getprofile
POST,terra-6.indriverapp.com,/api/getprofile
POST,terra-akamai.indriverapp.com,/api/getprofile
POST,terra-cf.henedp.xyz,/api/getprofile
POST,terra-mtn.indriverapp.com,/api/getprofile
POST,terra.aws.indriverapp.com,/api/getprofile
GET,terra.aws.indriverapp.com,/api/getpassengerridedetails
POST,terra.aws.indriverapp.com,/api/getfreedrivers
POST,terra.aws.indriverapp.com,/api/getdriveronthewaylocations
POST,terra-1.aws.indriverapp.com,/api/getdebtdata
POST,terra.aws.indriverapp.com,/api/getdebtdata
POST,terra.aws.indriverapp.com,/api/getclientorders
POST,terra-1.aws.indriverapp.com,/api/getcities
POST,terra.aws.indriverapp.com,/api/getcities
POST,terra.aws.indriverapp.com,/api/email/status
POST,terra.aws.indriverapp.com,/api/editorder
POST,terra.aws.indriverapp.com,/api/driverrequest
POST,terra.aws.indriverapp.com,/api/declinenearorder
POST,terra.aws.indriverapp.com,/api/changephone
POST,terra-1.aws.indriverapp.com,/api/changemode
POST,terra.aws.indriverapp.com,/api/changemode
POST,terra.aws.indriverapp.com,/api/cancelorder
POST,terra-1.aws.indriverapp.com,/api/appstart
POST,terra.aws.indriverapp.com,/api/appstart
GET,terra-1.aws.indriverapp.com,/api/appstart
GET,terra.aws.indriverapp.com,/api/appstart
POST,terra.aws.indriverapp.com,/api/addreview
POST,terra.aws.indriverapp.com,/api/addorder
GET,pay-cf.euce1.indriverapp.com,/grpc/v1/payment_method/request/26c78179-0d2c-4f68-a3d8-74778a25d175/status
GET,pay-cf.euce1.indriverapp.com,/grpc/v1/payment_method/form
GET,pay-cf.euce1.indriverapp.com,/grpc/v1/payment_method/check_addition
POST,pay-cf.euce1.indriverapp.com,/api/payment/v2/payment_method/braintree
GET,pay-cf.euce1.indriverapp.com,/api/payment/v1/provider_client_token/braintree
GET,pay-cf.euce1.indriverapp.com,/api/payment/v1/payment_method/dlocal/c5aa3958-ff29-5594-ac88-808092d74a20/status
POST,pay-cf.euce1.indriverapp.com,/api/payment/v1/payment_method/dlocal
GET,pay-cf.euce1.indriverapp.com,/api/payment/v1/payment_method/braintree
GET,new-order.eu-east-1.indriverapp.com,/api/new-order/v2/bids/018fab55-515e-7377-bad4-6bbd67f5483b
GET,new-order.eu-east-1.indriverapp.com,/api/new-order/v2/bids/018fab55-515e-7377-bad4-6bbd67f5483b
GET,new-order.eu-east-1.indriverapp.com,/api/new-order/v2/bids/018fab55-515e-7377-bad4-6bbd67f5483b
GET,no-cf.latam-pe.saea1.aws.indriverapp.com,/api/new-order/v2/bids/018fab55-515e-7377-bad4-6bbd67f5483b
GET,no-cf.latam.saea1.aws.indriverapp.com,/api/new-order/v2/bids/018fab55-515e-7377-bad4-6bbd67f5483b
GET,no-cf.sea.apse3.aws.indriverapp.com,/api/new-order/v2/bids/018fab55-515e-7377-bad4-6bbd67f5483b
PUT,new-order.eu-east-1.indriverapp.com,/api/new-order/v1/user/status
PUT,new-order.eu-east-1.indriverapp.com,/api/new-order/v1/user/status
PUT,new-order.eu-east-1.indriverapp.com,/api/new-order/v1/user/status
PUT,new-order.eu-east-1.indriverapp.com,/api/new-order/v1/user/status
PUT,no-cf.latam-pe.saea1.aws.indriverapp.com,/api/new-order/v1/user/status
PUT,no-cf.latam.saea1.aws.indriverapp.com,/api/new-order/v1/user/status
PUT,no-cf.mena-eg.meso1.aws.indriverapp.com,/api/new-order/v1/user/status
PUT,no-cf.mena.meso1.aws.indriverapp.com,/api/new-order/v1/user/status
GET,no-cf.africa.afso1.aws.indriverapp.com,/api/new-order/v1/user/status
GET,no-cf.cis.euce1.aws.indriverapp.com,/api/new-order/v1/user/status
GET,no-cf.eu.euce1.aws.indriverapp.com,/api/new-order/v1/user/status
GET,no-cf.latam-br.saea1.aws.indriverapp.com,/api/new-order/v1/user/status
GET,no-cf.latam-co.saea1.aws.indriverapp.com,/api/new-order/v1/user/status
GET,no-cf.latam-mx.usea1.aws.indriverapp.com,/api/new-order/v1/user/status
GET,no-cf.sa-in.apso1.aws.indriverapp.com,/api/new-order/v1/user/status
GET,no-cf.sa.apso1.aws.indriverapp.com,/api/new-order/v1/user/status
GET,no-cf.sea.apse3.aws.indriverapp.com,/api/new-order/v1/user/status
GET,no-cf.usa.usea2.aws.indriverapp.com,/api/new-order/v1/user/status
PUT,no-cf.africa.afso1.aws.indriverapp.com,/api/new-order/v1/user/mode
PUT,no-cf.cis.euce1.aws.indriverapp.com,/api/new-order/v1/user/mode
PUT,no-cf.eu.euce1.aws.indriverapp.com,/api/new-order/v1/user/mode
PUT,no-cf.latam-br.saea1.aws.indriverapp.com,/api/new-order/v1/user/mode
PUT,no-cf.latam-co.saea1.aws.indriverapp.com,/api/new-order/v1/user/mode
PUT,no-cf.latam-mx.usea1.aws.indriverapp.com,/api/new-order/v1/user/mode
PUT,no-cf.latam-pe.saea1.aws.indriverapp.com,/api/new-order/v1/user/mode
PUT,no-cf.latam.saea1.aws.indriverapp.com,/api/new-order/v1/user/mode
PUT,no-cf.mena-eg.meso1.aws.indriverapp.com,/api/new-order/v1/user/mode
PUT,no-cf.mena.meso1.aws.indriverapp.com,/api/new-order/v1/user/mode
PUT,no-cf.sa-in.apso1.aws.indriverapp.com,/api/new-order/v1/user/mode
PUT,no-cf.sa.apso1.aws.indriverapp.com,/api/new-order/v1/user/mode
PUT,no-cf.sea.apse3.aws.indriverapp.com,/api/new-order/v1/user/mode
GET,no-cf.cis.euce1.aws.indriverapp.com,/api/new-order/v1/tariffs/requirements
GET,new-order.eu-east-1.indriverapp.com,/api/new-order/v1/tariffs
GET,new-order.eu-east-1.indriverapp.com,/api/new-order/v1/tariffs
GET,no-cf.cis.euce1.aws.indriverapp.com,/api/new-order/v1/tariffs
GET,no-cf.sea.apse3.aws.indriverapp.com,/api/new-order/v1/tariffs
GET,new-order.eu-east-1.indriverapp.com,/api/new-order/v1/states/customer
GET,new-order.eu-east-1.indriverapp.com,/api/new-order/v1/states/customer
GET,new-order.eu-east-1.indriverapp.com,/api/new-order/v1/states/customer
GET,new-order.eu-east-1.indriverapp.com,/api/new-order/v1/states/customer
GET,new-order.eu-east-1.indriverapp.com,/api/new-order/v1/states/customer
GET,new-order.eu-east-1.indriverapp.com,/api/new-order/v1/states/customer
GET,new-order.eu-east-1.indriverapp.com,/api/new-order/v1/states/customer
GET,new-order.eu-east-1.indriverapp.com,/api/new-order/v1/states/customer
GET,new-order.eu-east-1.indriverapp.com,/api/new-order/v1/states/customer
GET,new-order.eu-east-1.indriverapp.com,/api/new-order/v1/states/customer
GET,new-order.eu-east-1.indriverapp.com,/api/new-order/v1/states/customer
GET,new-order.eu-east-1.indriverapp.com,/api/new-order/v1/states/customer
GET,no-cf.africa.afso1.aws.indriverapp.com,/api/new-order/v1/states/customer
GET,no-cf.cis.euce1.aws.indriverapp.com,/api/new-order/v1/states/customer
GET,no-cf.latam-br.saea1.aws.indriverapp.com,/api/new-order/v1/states/customer
GET,no-cf.latam-co.saea1.aws.indriverapp.com,/api/new-order/v1/states/customer
GET,no-cf.latam-mx.usea1.aws.indriverapp.com,/api/new-order/v1/states/customer
GET,no-cf.latam-pe.saea1.aws.indriverapp.com,/api/new-order/v1/states/customer
GET,no-cf.latam.saea1.aws.indriverapp.com,/api/new-order/v1/states/customer
GET,no-cf.mena-eg.meso1.aws.indriverapp.com,/api/new-order/v1/states/customer
GET,no-cf.mena.meso1.aws.indriverapp.com,/api/new-order/v1/states/customer
GET,no-cf.sa-in.apso1.aws.indriverapp.com,/api/new-order/v1/states/customer
GET,no-cf.sa.apso1.aws.indriverapp.com,/api/new-order/v1/states/customer
GET,no-cf.sea.apse3.aws.indriverapp.com,/api/new-order/v1/states/customer
GET,new-order.eu-east-1.indriverapp.com,/api/new-order/v1/states/contractor
GET,new-order.eu-east-1.indriverapp.com,/api/new-order/v1/states/contractor
GET,new-order.eu-east-1.indriverapp.com,/api/new-order/v1/states/contractor
GET,new-order.eu-east-1.indriverapp.com,/api/new-order/v1/states/contractor
GET,new-order.eu-east-1.indriverapp.com,/api/new-order/v1/states/contractor
GET,new-order.eu-east-1.indriverapp.com,/api/new-order/v1/states/contractor
GET,new-order.eu-east-1.indriverapp.com,/api/new-order/v1/states/contractor
GET,new-order.eu-east-1.indriverapp.com,/api/new-order/v1/states/contractor
GET,new-order.eu-east-1.indriverapp.com,/api/new-order/v1/states/contractor
GET,new-order.eu-east-1.indriverapp.com,/api/new-order/v1/states/contractor
GET,new-order.eu-east-1.indriverapp.com,/api/new-order/v1/states/contractor
GET,new-order.eu-east-1.indriverapp.com,/api/new-order/v1/states/contractor
GET,new-order.eu-east-1.indriverapp.com,/api/new-order/v1/states/contractor
GET,new-order.eu-east-1.indriverapp.com,/api/new-order/v1/states/contractor
GET,no-cf.africa.afso1.aws.indriverapp.com,/api/new-order/v1/states/contractor
GET,no-cf.cis.euce1.aws.indriverapp.com,/api/new-order/v1/states/contractor
GET,no-cf.eu.euce1.aws.indriverapp.com,/api/new-order/v1/states/contractor
GET,no-cf.latam-br.saea1.aws.indriverapp.com,/api/new-order/v1/states/contractor
GET,no-cf.latam-co.saea1.aws.indriverapp.com,/api/new-order/v1/states/contractor
GET,no-cf.latam-mx.usea1.aws.indriverapp.com,/api/new-order/v1/states/contractor
GET,no-cf.latam-pe.saea1.aws.indriverapp.com,/api/new-order/v1/states/contractor
GET,no-cf.latam.saea1.aws.indriverapp.com,/api/new-order/v1/states/contractor
GET,no-cf.mena-eg.meso1.aws.indriverapp.com,/api/new-order/v1/states/contractor
GET,no-cf.mena.meso1.aws.indriverapp.com,/api/new-order/v1/states/contractor
GET,no-cf.sa-in.apso1.aws.indriverapp.com,/api/new-order/v1/states/contractor
GET,no-cf.sa.apso1.aws.indriverapp.com,/api/new-order/v1/states/contractor
GET,no-cf.sea.apse3.aws.indriverapp.com,/api/new-order/v1/states/contractor
GET,no-cf.usa.usea2.aws.indriverapp.com,/api/new-order/v1/states/contractor
PATCH,no-cf.eu.euce1.aws.indriverapp.com,/api/new-order/v1/smart-notifications/84daff51-709f-e6db-bb43-bc6da26063c4
PATCH,no-cf.latam-co.saea1.aws.indriverapp.com,/api/new-order/v1/smart-notifications/84daff51-709f-e6db-bb43-bc6da26063c4
PATCH,no-cf.latam-mx.usea1.aws.indriverapp.com,/api/new-order/v1/smart-notifications/84daff51-709f-e6db-bb43-bc6da26063c4
PATCH,no-cf.sa-in.apso1.aws.indriverapp.com,/api/new-order/v1/smart-notifications/84daff51-709f-e6db-bb43-bc6da26063c4
PATCH,new-order.eu-east-1.indriverapp.com,/api/new-order/v1/smart-notifications
PATCH,new-order.eu-east-1.indriverapp.com,/api/new-order/v1/smart-notifications
PATCH,new-order.eu-east-1.indriverapp.com,/api/new-order/v1/smart-notifications
PATCH,new-order.eu-east-1.indriverapp.com,/api/new-order/v1/smart-notifications
PATCH,new-order.eu-east-1.indriverapp.com,/api/new-order/v1/smart-notifications
PATCH,new-order.eu-east-1.indriverapp.com,/api/new-order/v1/smart-notifications
PATCH,new-order.eu-east-1.indriverapp.com,/api/new-order/v1/smart-notifications
PATCH,new-order.eu-east-1.indriverapp.com,/api/new-order/v1/smart-notifications
PATCH,new-order.eu-east-1.indriverapp.com,/api/new-order/v1/smart-notifications
PATCH,new-order.eu-east-1.indriverapp.com,/api/new-order/v1/smart-notifications
PATCH,new-order.eu-east-1.indriverapp.com,/api/new-order/v1/smart-notifications
PATCH,new-order.eu-east-1.indriverapp.com,/api/new-order/v1/smart-notifications
PATCH,new-order.eu-east-1.indriverapp.com,/api/new-order/v1/smart-notifications
PATCH,no-cf.africa.afso1.aws.indriverapp.com,/api/new-order/v1/smart-notifications
PATCH,no-cf.cis.euce1.aws.indriverapp.com,/api/new-order/v1/smart-notifications
PATCH,no-cf.eu.euce1.aws.indriverapp.com,/api/new-order/v1/smart-notifications
PATCH,no-cf.latam-br.saea1.aws.indriverapp.com,/api/new-order/v1/smart-notifications
PATCH,no-cf.latam-co.saea1.aws.indriverapp.com,/api/new-order/v1/smart-notifications
PATCH,no-cf.latam-mx.usea1.aws.indriverapp.com,/api/new-order/v1/smart-notifications
PATCH,no-cf.latam-pe.saea1.aws.indriverapp.com,/api/new-order/v1/smart-notifications
PATCH,no-cf.latam.saea1.aws.indriverapp.com,/api/new-order/v1/smart-notifications
PATCH,no-cf.mena-eg.meso1.aws.indriverapp.com,/api/new-order/v1/smart-notifications
PATCH,no-cf.mena.meso1.aws.indriverapp.com,/api/new-order/v1/smart-notifications
PATCH,no-cf.sa-in.apso1.aws.indriverapp.com,/api/new-order/v1/smart-notifications
PATCH,no-cf.sa.apso1.aws.indriverapp.com,/api/new-order/v1/smart-notifications
PATCH,no-cf.sea.apse3.aws.indriverapp.com,/api/new-order/v1/smart-notifications
GET,new-order.eu-east-1.indriverapp.com,/api/new-order/v1/settings/customer/payment-methods
GET,new-order.eu-east-1.indriverapp.com,/api/new-order/v1/settings/customer/payment-methods
GET,new-order.eu-east-1.indriverapp.com,/api/new-order/v1/settings/customer/payment-methods
GET,new-order.eu-east-1.indriverapp.com,/api/new-order/v1/settings/customer/payment-methods
GET,new-order.eu-east-1.indriverapp.com,/api/new-order/v1/settings/customer/payment-methods
GET,new-order.eu-east-1.indriverapp.com,/api/new-order/v1/settings/customer/payment-methods
GET,new-order.eu-east-1.indriverapp.com,/api/new-order/v1/settings/customer/payment-methods
GET,new-order.eu-east-1.indriverapp.com,/api/new-order/v1/settings/customer/payment-methods
GET,new-order.eu-east-1.indriverapp.com,/api/new-order/v1/settings/customer/payment-methods
GET,new-order.eu-east-1.indriverapp.com,/api/new-order/v1/settings/customer/payment-methods
GET,new-order.eu-east-1.indriverapp.com,/api/new-order/v1/settings/customer/payment-methods
GET,new-order.eu-east-1.indriverapp.com,/api/new-order/v1/settings/customer/payment-methods
GET,new-order.eu-east-1.indriverapp.com,/api/new-order/v1/settings/customer/payment-methods
GET,new-order.eu-east-1.indriverapp.com,/api/new-order/v1/settings/customer/payment-methods
GET,no-cf.africa.afso1.aws.indriverapp.com,/api/new-order/v1/settings/customer/payment-methods
GET,no-cf.cis.euce1.aws.indriverapp.com,/api/new-order/v1/settings/customer/payment-methods
GET,no-cf.eu.euce1.aws.indriverapp.com,/api/new-order/v1/settings/customer/payment-methods
GET,no-cf.latam-br.saea1.aws.indriverapp.com,/api/new-order/v1/settings/customer/payment-methods
GET,no-cf.latam-co.saea1.aws.indriverapp.com,/api/new-order/v1/settings/customer/payment-methods
GET,no-cf.latam-mx.saea1.aws.indriverapp.com,/api/new-order/v1/settings/customer/payment-methods
GET,no-cf.latam-mx.usea1.aws.indriverapp.com,/api/new-order/v1/settings/customer/payment-methods
GET,no-cf.latam-pe.saea1.aws.indriverapp.com,/api/new-order/v1/settings/customer/payment-methods
GET,no-cf.latam.saea1.aws.indriverapp.com,/api/new-order/v1/settings/customer/payment-methods
GET,no-cf.mena-eg.meso1.aws.indriverapp.com,/api/new-order/v1/settings/customer/payment-methods
GET,no-cf.mena.meso1.aws.indriverapp.com,/api/new-order/v1/settings/customer/payment-methods
GET,no-cf.sa-in.apso1.aws.indriverapp.com,/api/new-order/v1/settings/customer/payment-methods
GET,no-cf.sa.apso1.aws.indriverapp.com,/api/new-order/v1/settings/customer/payment-methods
GET,no-cf.sea.apse3.aws.indriverapp.com,/api/new-order/v1/settings/customer/payment-methods
GET,new-order.eu-east-1.indriverapp.com,/api/new-order/v1/settings/customer/all
GET,new-order.eu-east-1.indriverapp.com,/api/new-order/v1/settings/customer/all
GET,new-order.eu-east-1.indriverapp.com,/api/new-order/v1/settings/customer/all
GET,new-order.eu-east-1.indriverapp.com,/api/new-order/v1/settings/customer/all
GET,new-order.eu-east-1.indriverapp.com,/api/new-order/v1/settings/customer/all
GET,new-order.eu-east-1.indriverapp.com,/api/new-order/v1/settings/customer/all
GET,new-order.eu-east-1.indriverapp.com,/api/new-order/v1/settings/customer/all
GET,new-order.eu-east-1.indriverapp.com,/api/new-order/v1/settings/customer/all
GET,new-order.eu-east-1.indriverapp.com,/api/new-order/v1/settings/customer/all
GET,new-order.eu-east-1.indriverapp.com,/api/new-order/v1/settings/customer/all
GET,new-order.eu-east-1.indriverapp.com,/api/new-order/v1/settings/customer/all
GET,new-order.eu-east-1.indriverapp.com,/api/new-order/v1/settings/customer/all
GET,new-order.eu-east-1.indriverapp.com,/api/new-order/v1/settings/customer/all
GET,new-order.eu-east-1.indriverapp.com,/api/new-order/v1/settings/customer/all
GET,new-order.eu-east-1.indriverapp.com,/api/new-order/v1/settings/customer/all
GET,no-cf.africa.afso1.aws.indriverapp.com,/api/new-order/v1/settings/customer/all
GET,no-cf.cis.euce1.aws.indriverapp.com,/api/new-order/v1/settings/customer/all
GET,no-cf.eu.euce1.aws.indriverapp.com,/api/new-order/v1/settings/customer/all
GET,no-cf.latam-br.saea1.aws.indriverapp.com,/api/new-order/v1/settings/customer/all
GET,no-cf.latam-co.saea1.aws.indriverapp.com,/api/new-order/v1/settings/customer/all
GET,no-cf.latam-mx.saea1.aws.indriverapp.com,/api/new-order/v1/settings/customer/all
GET,no-cf.latam-mx.usea1.aws.indriverapp.com,/api/new-order/v1/settings/customer/all
GET,no-cf.latam-pe.saea1.aws.indriverapp.com,/api/new-order/v1/settings/customer/all
GET,no-cf.latam.saea1.aws.indriverapp.com,/api/new-order/v1/settings/customer/all
GET,no-cf.mena-eg.meso1.aws.indriverapp.com,/api/new-order/v1/settings/customer/all
GET,no-cf.mena.meso1.aws.indriverapp.com,/api/new-order/v1/settings/customer/all
GET,no-cf.sa-in.apso1.aws.indriverapp.com,/api/new-order/v1/settings/customer/all
GET,no-cf.sa.apso1.aws.indriverapp.com,/api/new-order/v1/settings/customer/all
GET,no-cf.sea.apse3.aws.indriverapp.com,/api/new-order/v1/settings/customer/all
GET,no-cf.usa.usea2.aws.indriverapp.com,/api/new-order/v1/settings/customer/all
GET,no-cf.africa.afso1.aws.indriverapp.com,/api/new-order/v1/settings/customer
GET,no-cf.cis.euce1.aws.indriverapp.com,/api/new-order/v1/settings/customer
GET,no-cf.latam-br.saea1.aws.indriverapp.com,/api/new-order/v1/settings/customer
GET,no-cf.latam-co.saea1.aws.indriverapp.com,/api/new-order/v1/settings/customer
GET,no-cf.latam-mx.usea1.aws.indriverapp.com,/api/new-order/v1/settings/customer
GET,no-cf.latam-pe.saea1.aws.indriverapp.com,/api/new-order/v1/settings/customer
GET,no-cf.latam.saea1.aws.indriverapp.com,/api/new-order/v1/settings/customer
GET,no-cf.mena-eg.meso1.aws.indriverapp.com,/api/new-order/v1/settings/customer
GET,no-cf.mena.meso1.aws.indriverapp.com,/api/new-order/v1/settings/customer
GET,no-cf.sa-in.apso1.aws.indriverapp.com,/api/new-order/v1/settings/customer
GET,no-cf.sa.apso1.aws.indriverapp.com,/api/new-order/v1/settings/customer
GET,no-cf.sea.apse3.aws.indriverapp.com,/api/new-order/v1/settings/customer
GET,new-order.eu-east-1.indriverapp.com,/api/new-order/v1/settings/contractor/vehicle
GET,new-order.eu-east-1.indriverapp.com,/api/new-order/v1/settings/contractor/vehicle
GET,new-order.eu-east-1.indriverapp.com,/api/new-order/v1/settings/contractor/vehicle
GET,new-order.eu-east-1.indriverapp.com,/api/new-order/v1/settings/contractor/vehicle
GET,new-order.eu-east-1.indriverapp.com,/api/new-order/v1/settings/contractor/vehicle
GET,new-order.eu-east-1.indriverapp.com,/api/new-order/v1/settings/contractor/vehicle
GET,new-order.eu-east-1.indriverapp.com,/api/new-order/v1/settings/contractor/vehicle
GET,new-order.eu-east-1.indriverapp.com,/api/new-order/v1/settings/contractor/vehicle
GET,new-order.eu-east-1.indriverapp.com,/api/new-order/v1/settings/contractor/vehicle
GET,new-order.eu-east-1.indriverapp.com,/api/new-order/v1/settings/contractor/vehicle
GET,new-order.eu-east-1.indriverapp.com,/api/new-order/v1/settings/contractor/vehicle
GET,new-order.eu-east-1.indriverapp.com,/api/new-order/v1/settings/contractor/vehicle
GET,new-order.eu-east-1.indriverapp.com,/api/new-order/v1/settings/contractor/vehicle
GET,no-cf.africa.afso1.aws.indriverapp.com,/api/new-order/v1/settings/contractor/vehicle
GET,no-cf.cis.euce1.aws.indriverapp.com,/api/new-order/v1/settings/contractor/vehicle
GET,no-cf.eu.euce1.aws.indriverapp.com,/api/new-order/v1/settings/contractor/vehicle
GET,no-cf.latam-br.saea1.aws.indriverapp.com,/api/new-order/v1/settings/contractor/vehicle
GET,no-cf.latam-co.saea1.aws.indriverapp.com,/api/new-order/v1/settings/contractor/vehicle
GET,no-cf.latam-mx.usea1.aws.indriverapp.com,/api/new-order/v1/settings/contractor/vehicle
GET,no-cf.latam-pe.saea1.aws.indriverapp.com,/api/new-order/v1/settings/contractor/vehicle
GET,no-cf.latam.saea1.aws.indriverapp.com,/api/new-order/v1/settings/contractor/vehicle
GET,no-cf.mena-eg.meso1.aws.indriverapp.com,/api/new-order/v1/settings/contractor/vehicle
GET,no-cf.mena.meso1.aws.indriverapp.com,/api/new-order/v1/settings/contractor/vehicle
GET,no-cf.sa-in.apso1.aws.indriverapp.com,/api/new-order/v1/settings/contractor/vehicle
GET,no-cf.sa.apso1.aws.indriverapp.com,/api/new-order/v1/settings/contractor/vehicle
GET,no-cf.sea.apse3.aws.indriverapp.com,/api/new-order/v1/settings/contractor/vehicle
GET,new-order.eu-east-1.indriverapp.com,/api/new-order/v1/settings/contractor/payment-methods
GET,new-order.eu-east-1.indriverapp.com,/api/new-order/v1/settings/contractor/payment-methods
GET,new-order.eu-east-1.indriverapp.com,/api/new-order/v1/settings/contractor/payment-methods
GET,new-order.eu-east-1.indriverapp.com,/api/new-order/v1/settings/contractor/payment-methods
GET,new-order.eu-east-1.indriverapp.com,/api/new-order/v1/settings/contractor/payment-methods
GET,no-cf.cis.euce1.aws.indriverapp.com,/api/new-order/v1/settings/contractor/payment-methods
GET,no-cf.latam-br.saea1.aws.indriverapp.com,/api/new-order/v1/settings/contractor/payment-methods
GET,no-cf.latam-mx.usea1.aws.indriverapp.com,/api/new-order/v1/settings/contractor/payment-methods
GET,no-cf.sa.apso1.aws.indriverapp.com,/api/new-order/v1/settings/contractor/payment-methods
GET,no-cf.sea.apse3.aws.indriverapp.com,/api/new-order/v1/settings/contractor/payment-methods
GET,new-order.eu-east-1.indriverapp.com,/api/new-order/v1/settings/contractor
GET,new-order.eu-east-1.indriverapp.com,/api/new-order/v1/settings/contractor
GET,new-order.eu-east-1.indriverapp.com,/api/new-order/v1/settings/contractor
GET,new-order.eu-east-1.indriverapp.com,/api/new-order/v1/settings/contractor
GET,new-order.eu-east-1.indriverapp.com,/api/new-order/v1/settings/contractor
GET,new-order.eu-east-1.indriverapp.com,/api/new-order/v1/settings/contractor
GET,new-order.eu-east-1.indriverapp.com,/api/new-order/v1/settings/contractor
GET,new-order.eu-east-1.indriverapp.com,/api/new-order/v1/settings/contractor
GET,new-order.eu-east-1.indriverapp.com,/api/new-order/v1/settings/contractor
GET,new-order.eu-east-1.indriverapp.com,/api/new-order/v1/settings/contractor
GET,new-order.eu-east-1.indriverapp.com,/api/new-order/v1/settings/contractor
GET,new-order.eu-east-1.indriverapp.com,/api/new-order/v1/settings/contractor
GET,new-order.eu-east-1.indriverapp.com,/api/new-order/v1/settings/contractor
GET,new-order.eu-east-1.indriverapp.com,/api/new-order/v1/settings/contractor
GET,no-cf.africa.afso1.aws.indriverapp.com,/api/new-order/v1/settings/contractor
GET,no-cf.cis.euce1.aws.indriverapp.com,/api/new-order/v1/settings/contractor
GET,no-cf.eu.euce1.aws.indriverapp.com,/api/new-order/v1/settings/contractor
GET,no-cf.latam-br.saea1.aws.indriverapp.com,/api/new-order/v1/settings/contractor
GET,no-cf.latam-co.saea1.aws.indriverapp.com,/api/new-order/v1/settings/contractor
GET,no-cf.latam-mx.usea1.aws.indriverapp.com,/api/new-order/v1/settings/contractor
GET,no-cf.latam-pe.saea1.aws.indriverapp.com,/api/new-order/v1/settings/contractor
GET,no-cf.latam.saea1.aws.indriverapp.com,/api/new-order/v1/settings/contractor
GET,no-cf.mena-eg.meso1.aws.indriverapp.com,/api/new-order/v1/settings/contractor
GET,no-cf.mena.meso1.aws.indriverapp.com,/api/new-order/v1/settings/contractor
GET,no-cf.sa-in.apso1.aws.indriverapp.com,/api/new-order/v1/settings/contractor
GET,no-cf.sa.apso1.aws.indriverapp.com,/api/new-order/v1/settings/contractor
GET,no-cf.sea.apse3.aws.indriverapp.com,/api/new-order/v1/settings/contractor
GET,no-cf.usa.usea2.aws.indriverapp.com,/api/new-order/v1/settings/contractor
GET,new-order.eu-east-1.indriverapp.com,/api/new-order/v1/settings/common
GET,new-order.eu-east-1.indriverapp.com,/api/new-order/v1/settings/common
GET,new-order.eu-east-1.indriverapp.com,/api/new-order/v1/settings/common
GET,new-order.eu-east-1.indriverapp.com,/api/new-order/v1/settings/common
GET,new-order.eu-east-1.indriverapp.com,/api/new-order/v1/settings/common
GET,new-order.eu-east-1.indriverapp.com,/api/new-order/v1/settings/common
GET,new-order.eu-east-1.indriverapp.com,/api/new-order/v1/settings/common
GET,new-order.eu-east-1.indriverapp.com,/api/new-order/v1/settings/common
GET,new-order.eu-east-1.indriverapp.com,/api/new-order/v1/settings/common
GET,new-order.eu-east-1.indriverapp.com,/api/new-order/v1/settings/common
GET,new-order.eu-east-1.indriverapp.com,/api/new-order/v1/settings/common
GET,new-order.eu-east-1.indriverapp.com,/api/new-order/v1/settings/common
GET,new-order.eu-east-1.indriverapp.com,/api/new-order/v1/settings/common
GET,new-order.eu-east-1.indriverapp.com,/api/new-order/v1/settings/common
GET,no-cf.africa.afso1.aws.indriverapp.com,/api/new-order/v1/settings/common
GET,no-cf.cis.euce1.aws.indriverapp.com,/api/new-order/v1/settings/common
GET,no-cf.eu.euce1.aws.indriverapp.com,/api/new-order/v1/settings/common
GET,no-cf.latam-br.saea1.aws.indriverapp.com,/api/new-order/v1/settings/common
GET,no-cf.latam-co.saea1.aws.indriverapp.com,/api/new-order/v1/settings/common
GET,no-cf.latam-mx.usea1.aws.indriverapp.com,/api/new-order/v1/settings/common
GET,no-cf.latam-pe.saea1.aws.indriverapp.com,/api/new-order/v1/settings/common
GET,no-cf.latam.saea1.aws.indriverapp.com,/api/new-order/v1/settings/common
GET,no-cf.mena-eg.meso1.aws.indriverapp.com,/api/new-order/v1/settings/common
GET,no-cf.mena.meso1.aws.indriverapp.com,/api/new-order/v1/settings/common
GET,no-cf.sa-in.apso1.aws.indriverapp.com,/api/new-order/v1/settings/common
GET,no-cf.sa.apso1.aws.indriverapp.com,/api/new-order/v1/settings/common
GET,no-cf.sea.apse3.aws.indriverapp.com,/api/new-order/v1/settings/common
GET,no-cf.usa.usea2.aws.indriverapp.com,/api/new-order/v1/settings/common
GET,no-cf.cis.euce1.aws.indriverapp.com,/api/new-order/v1/promocodes
GET,no-cf.mena-eg.meso1.aws.indriverapp.com,/api/new-order/v1/promocodes
PATCH,new-order.eu-east-1.indriverapp.com,/api/new-order/v1/orders/autoaccept
PATCH,new-order.eu-east-1.indriverapp.com,/api/new-order/v1/orders/autoaccept
PATCH,new-order.eu-east-1.indriverapp.com,/api/new-order/v1/orders/autoaccept
PATCH,new-order.eu-east-1.indriverapp.com,/api/new-order/v1/orders/autoaccept
PATCH,new-order.eu-east-1.indriverapp.com,/api/new-order/v1/orders/autoaccept
PATCH,new-order.eu-east-1.indriverapp.com,/api/new-order/v1/orders/autoaccept
PATCH,new-order.eu-east-1.indriverapp.com,/api/new-order/v1/orders/autoaccept
PATCH,new-order.eu-east-1.indriverapp.com,/api/new-order/v1/orders/autoaccept
PATCH,new-order.eu-east-1.indriverapp.com,/api/new-order/v1/orders/autoaccept
PATCH,new-order.eu-east-1.indriverapp.com,/api/new-order/v1/orders/autoaccept
PATCH,new-order.eu-east-1.indriverapp.com,/api/new-order/v1/orders/autoaccept
PATCH,new-order.eu-east-1.indriverapp.com,/api/new-order/v1/orders/autoaccept
PATCH,new-order.eu-east-1.indriverapp.com,/api/new-order/v1/orders/autoaccept
PATCH,no-cf.africa.afso1.aws.indriverapp.com,/api/new-order/v1/orders/autoaccept
PATCH,no-cf.cis.euce1.aws.indriverapp.com,/api/new-order/v1/orders/autoaccept
PATCH,no-cf.eu.euce1.aws.indriverapp.com,/api/new-order/v1/orders/autoaccept
PATCH,no-cf.latam-br.saea1.aws.indriverapp.com,/api/new-order/v1/orders/autoaccept
PATCH,no-cf.latam-co.saea1.aws.indriverapp.com,/api/new-order/v1/orders/autoaccept
PATCH,no-cf.latam-mx.usea1.aws.indriverapp.com,/api/new-order/v1/orders/autoaccept
PATCH,no-cf.latam-pe.saea1.aws.indriverapp.com,/api/new-order/v1/orders/autoaccept
PATCH,no-cf.latam.saea1.aws.indriverapp.com,/api/new-order/v1/orders/autoaccept
PATCH,no-cf.mena-eg.meso1.aws.indriverapp.com,/api/new-order/v1/orders/autoaccept
PATCH,no-cf.mena.meso1.aws.indriverapp.com,/api/new-order/v1/orders/autoaccept
PATCH,no-cf.sa-in.apso1.aws.indriverapp.com,/api/new-order/v1/orders/autoaccept
PATCH,no-cf.sa.apso1.aws.indriverapp.com,/api/new-order/v1/orders/autoaccept
PATCH,no-cf.sea.apse3.aws.indriverapp.com,/api/new-order/v1/orders/autoaccept
PATCH,new-order.eu-east-1.indriverapp.com,/api/new-order/v1/orders/018fab04-f26c-71ce-8a77-71dc76a1d5e2/repeat
PATCH,new-order.eu-east-1.indriverapp.com,/api/new-order/v1/orders/018fab04-f26c-71ce-8a77-71dc76a1d5e2/repeat
PATCH,new-order.eu-east-1.indriverapp.com,/api/new-order/v1/orders/018fab04-f26c-71ce-8a77-71dc76a1d5e2/repeat
PATCH,new-order.eu-east-1.indriverapp.com,/api/new-order/v1/orders/018fab04-f26c-71ce-8a77-71dc76a1d5e2/repeat
PATCH,new-order.eu-east-1.indriverapp.com,/api/new-order/v1/orders/018fab04-f26c-71ce-8a77-71dc76a1d5e2/repeat
PATCH,new-order.eu-east-1.indriverapp.com,/api/new-order/v1/orders/018fab04-f26c-71ce-8a77-71dc76a1d5e2/repeat
PATCH,new-order.eu-east-1.indriverapp.com,/api/new-order/v1/orders/018fab04-f26c-71ce-8a77-71dc76a1d5e2/repeat
PATCH,new-order.eu-east-1.indriverapp.com,/api/new-order/v1/orders/018fab04-f26c-71ce-8a77-71dc76a1d5e2/repeat
PATCH,new-order.eu-east-1.indriverapp.com,/api/new-order/v1/orders/018fab04-f26c-71ce-8a77-71dc76a1d5e2/repeat
PATCH,new-order.eu-east-1.indriverapp.com,/api/new-order/v1/orders/018fab04-f26c-71ce-8a77-71dc76a1d5e2/repeat
PATCH,new-order.eu-east-1.indriverapp.com,/api/new-order/v1/orders/018fab04-f26c-71ce-8a77-71dc76a1d5e2/repeat
PATCH,new-order.eu-east-1.indriverapp.com,/api/new-order/v1/orders/018fab04-f26c-71ce-8a77-71dc76a1d5e2/repeat
PATCH,no-cf.africa.afso1.aws.indriverapp.com,/api/new-order/v1/orders/018fab04-f26c-71ce-8a77-71dc76a1d5e2/repeat
PATCH,no-cf.cis.euce1.aws.indriverapp.com,/api/new-order/v1/orders/018fab04-f26c-71ce-8a77-71dc76a1d5e2/repeat
PATCH,no-cf.latam-br.saea1.aws.indriverapp.com,/api/new-order/v1/orders/018fab04-f26c-71ce-8a77-71dc76a1d5e2/repeat
PATCH,no-cf.latam-co.saea1.aws.indriverapp.com,/api/new-order/v1/orders/018fab04-f26c-71ce-8a77-71dc76a1d5e2/repeat
PATCH,no-cf.latam-mx.usea1.aws.indriverapp.com,/api/new-order/v1/orders/018fab04-f26c-71ce-8a77-71dc76a1d5e2/repeat
PATCH,no-cf.latam-pe.saea1.aws.indriverapp.com,/api/new-order/v1/orders/018fab04-f26c-71ce-8a77-71dc76a1d5e2/repeat
PATCH,no-cf.latam.saea1.aws.indriverapp.com,/api/new-order/v1/orders/018fab04-f26c-71ce-8a77-71dc76a1d5e2/repeat
PATCH,no-cf.mena-eg.meso1.aws.indriverapp.com,/api/new-order/v1/orders/018fab04-f26c-71ce-8a77-71dc76a1d5e2/repeat
PATCH,no-cf.mena.meso1.aws.indriverapp.com,/api/new-order/v1/orders/018fab04-f26c-71ce-8a77-71dc76a1d5e2/repeat
PATCH,no-cf.sa-in.apso1.aws.indriverapp.com,/api/new-order/v1/orders/018fab04-f26c-71ce-8a77-71dc76a1d5e2/repeat
PATCH,no-cf.sa.apso1.aws.indriverapp.com,/api/new-order/v1/orders/018fab04-f26c-71ce-8a77-71dc76a1d5e2/repeat
PATCH,no-cf.sea.apse3.aws.indriverapp.com,/api/new-order/v1/orders/018fab04-f26c-71ce-8a77-71dc76a1d5e2/repeat
GET,no-cf.africa.afso1.aws.indriverapp.com,/api/new-order/v1/orders/018FAB50-03D6-7C27-831A-365186C0E8B8
GET,no-cf.cis.euce1.aws.indriverapp.com,/api/new-order/v1/orders/018FAB50-03D6-7C27-831A-365186C0E8B8
GET,no-cf.latam-br.saea1.aws.indriverapp.com,/api/new-order/v1/orders/018FAB50-03D6-7C27-831A-365186C0E8B8
GET,no-cf.latam-co.saea1.aws.indriverapp.com,/api/new-order/v1/orders/018FAB50-03D6-7C27-831A-365186C0E8B8
GET,no-cf.sa.apso1.aws.indriverapp.com,/api/new-order/v1/orders/018FAB50-03D6-7C27-831A-365186C0E8B8
POST,no-cf.africa.afso1.aws.indriverapp.com,/api/new-order/v1/orders
POST,no-cf.cis.euce1.aws.indriverapp.com,/api/new-order/v1/orders
POST,no-cf.sa.apso1.aws.indriverapp.com,/api/new-order/v1/orders
PATCH,no-cf.usa.usea2.aws.indriverapp.com,/api/new-order/v1/orders
GET,new-order.eu-east-1.indriverapp.com,/api/new-order/v1/orders
GET,new-order.eu-east-1.indriverapp.com,/api/new-order/v1/orders
GET,new-order.eu-east-1.indriverapp.com,/api/new-order/v1/orders
GET,new-order.eu-east-1.indriverapp.com,/api/new-order/v1/orders
GET,new-order.eu-east-1.indriverapp.com,/api/new-order/v1/orders
GET,new-order.eu-east-1.indriverapp.com,/api/new-order/v1/orders
GET,new-order.eu-east-1.indriverapp.com,/api/new-order/v1/orders
GET,new-order.eu-east-1.indriverapp.com,/api/new-order/v1/orders
GET,new-order.eu-east-1.indriverapp.com,/api/new-order/v1/orders
GET,new-order.eu-east-1.indriverapp.com,/api/new-order/v1/orders
GET,new-order.eu-east-1.indriverapp.com,/api/new-order/v1/orders
GET,new-order.eu-east-1.indriverapp.com,/api/new-order/v1/orders
GET,new-order.eu-east-1.indriverapp.com,/api/new-order/v1/orders
GET,no-cf.africa.afso1.aws.indriverapp.com,/api/new-order/v1/orders
GET,no-cf.cis.euce1.aws.indriverapp.com,/api/new-order/v1/orders
GET,no-cf.eu.euce1.aws.indriverapp.com,/api/new-order/v1/orders
GET,no-cf.latam-br.saea1.aws.indriverapp.com,/api/new-order/v1/orders
GET,no-cf.latam-co.saea1.aws.indriverapp.com,/api/new-order/v1/orders
GET,no-cf.latam-mx.usea1.aws.indriverapp.com,/api/new-order/v1/orders
GET,no-cf.latam-pe.saea1.aws.indriverapp.com,/api/new-order/v1/orders
GET,no-cf.latam.saea1.aws.indriverapp.com,/api/new-order/v1/orders
GET,no-cf.mena-eg.meso1.aws.indriverapp.com,/api/new-order/v1/orders
GET,no-cf.mena.meso1.aws.indriverapp.com,/api/new-order/v1/orders
GET,no-cf.sa-in.apso1.aws.indriverapp.com,/api/new-order/v1/orders
GET,no-cf.sa.apso1.aws.indriverapp.com,/api/new-order/v1/orders
GET,no-cf.sea.apse3.aws.indriverapp.com,/api/new-order/v1/orders
GET,no-cf.africa.afso1.aws.indriverapp.com,/api/new-order/v1/messenger-token/018fab4a-07db-7242-b541-520d3885415d
GET,new-order.eu-east-1.indriverapp.com,/api/new-order/v1/messenger-token
GET,new-order.eu-east-1.indriverapp.com,/api/new-order/v1/messenger-token
GET,new-order.eu-east-1.indriverapp.com,/api/new-order/v1/messenger-token
GET,new-order.eu-east-1.indriverapp.com,/api/new-order/v1/messenger-token
GET,new-order.eu-east-1.indriverapp.com,/api/new-order/v1/messenger-token
GET,new-order.eu-east-1.indriverapp.com,/api/new-order/v1/messenger-token
GET,new-order.eu-east-1.indriverapp.com,/api/new-order/v1/messenger-token
GET,new-order.eu-east-1.indriverapp.com,/api/new-order/v1/messenger-token
GET,new-order.eu-east-1.indriverapp.com,/api/new-order/v1/messenger-token
GET,new-order.eu-east-1.indriverapp.com,/api/new-order/v1/messenger-token
GET,new-order.eu-east-1.indriverapp.com,/api/new-order/v1/messenger-token
GET,new-order.eu-east-1.indriverapp.com,/api/new-order/v1/messenger-token
GET,new-order.eu-east-1.indriverapp.com,/api/new-order/v1/messenger-token
GET,no-cf.africa.afso1.aws.indriverapp.com,/api/new-order/v1/messenger-token
GET,no-cf.cis.euce1.aws.indriverapp.com,/api/new-order/v1/messenger-token
GET,no-cf.eu.euce1.aws.indriverapp.com,/api/new-order/v1/messenger-token
GET,no-cf.latam-br.saea1.aws.indriverapp.com,/api/new-order/v1/messenger-token
GET,no-cf.latam-co.saea1.aws.indriverapp.com,/api/new-order/v1/messenger-token
GET,no-cf.latam-mx.usea1.aws.indriverapp.com,/api/new-order/v1/messenger-token
GET,no-cf.latam-pe.saea1.aws.indriverapp.com,/api/new-order/v1/messenger-token
GET,no-cf.latam.saea1.aws.indriverapp.com,/api/new-order/v1/messenger-token
GET,no-cf.mena-eg.meso1.aws.indriverapp.com,/api/new-order/v1/messenger-token
GET,no-cf.mena.meso1.aws.indriverapp.com,/api/new-order/v1/messenger-token
GET,no-cf.sa-in.apso1.aws.indriverapp.com,/api/new-order/v1/messenger-token
GET,no-cf.sa.apso1.aws.indriverapp.com,/api/new-order/v1/messenger-token
GET,no-cf.sea.apse3.aws.indriverapp.com,/api/new-order/v1/messenger-token
POST,no-cf.latam-mx.usea1.aws.indriverapp.com,/api/new-order/v1/locations
GET,new-order.eu-east-1.indriverapp.com,/api/new-order/v1/locations
GET,new-order.eu-east-1.indriverapp.com,/api/new-order/v1/locations
GET,new-order.eu-east-1.indriverapp.com,/api/new-order/v1/locations
GET,new-order.eu-east-1.indriverapp.com,/api/new-order/v1/locations
GET,new-order.eu-east-1.indriverapp.com,/api/new-order/v1/locations
GET,new-order.eu-east-1.indriverapp.com,/api/new-order/v1/locations
GET,new-order.eu-east-1.indriverapp.com,/api/new-order/v1/locations
GET,new-order.eu-east-1.indriverapp.com,/api/new-order/v1/locations
GET,new-order.eu-east-1.indriverapp.com,/api/new-order/v1/locations
GET,new-order.eu-east-1.indriverapp.com,/api/new-order/v1/locations
GET,new-order.eu-east-1.indriverapp.com,/api/new-order/v1/locations
GET,new-order.eu-east-1.indriverapp.com,/api/new-order/v1/locations
GET,new-order.eu-east-1.indriverapp.com,/api/new-order/v1/locations
GET,new-order.eu-east-1.indriverapp.com,/api/new-order/v1/locations
GET,new-order.eu-east-1.indriverapp.com,/api/new-order/v1/locations
GET,no-cf.africa.afso1.aws.indriverapp.com,/api/new-order/v1/locations
GET,no-cf.cis.euce1.aws.indriverapp.com,/api/new-order/v1/locations
GET,no-cf.eu.euce1.aws.indriverapp.com,/api/new-order/v1/locations
GET,no-cf.latam-br.saea1.aws.indriverapp.com,/api/new-order/v1/locations
GET,no-cf.latam-co.saea1.aws.indriverapp.com,/api/new-order/v1/locations
GET,no-cf.latam-mx.saea1.aws.indriverapp.com,/api/new-order/v1/locations
GET,no-cf.latam-mx.usea1.aws.indriverapp.com,/api/new-order/v1/locations
GET,no-cf.latam-pe.saea1.aws.indriverapp.com,/api/new-order/v1/locations
GET,no-cf.latam.saea1.aws.indriverapp.com,/api/new-order/v1/locations
GET,no-cf.mena-eg.meso1.aws.indriverapp.com,/api/new-order/v1/locations
GET,no-cf.mena.meso1.aws.indriverapp.com,/api/new-order/v1/locations
GET,no-cf.sa-in.apso1.aws.indriverapp.com,/api/new-order/v1/locations
GET,no-cf.sa.apso1.aws.indriverapp.com,/api/new-order/v1/locations
GET,no-cf.sea.apse3.aws.indriverapp.com,/api/new-order/v1/locations
GET,no-cf.usa.usea2.aws.indriverapp.com,/api/new-order/v1/locations
GET,no-cf.africa.afso1.aws.indriverapp.com,/api/new-order/v1/jobs/43da557e-751a-4c93-95da-013fa553f6ff
GET,no-cf.cis.euce1.aws.indriverapp.com,/api/new-order/v1/jobs/43da557e-751a-4c93-95da-013fa553f6ff
GET,new-order.eu-east-1.indriverapp.com,/api/new-order/v1/jobs
GET,new-order.eu-east-1.indriverapp.com,/api/new-order/v1/jobs
GET,new-order.eu-east-1.indriverapp.com,/api/new-order/v1/jobs
GET,new-order.eu-east-1.indriverapp.com,/api/new-order/v1/jobs
GET,new-order.eu-east-1.indriverapp.com,/api/new-order/v1/jobs
GET,new-order.eu-east-1.indriverapp.com,/api/new-order/v1/jobs
GET,new-order.eu-east-1.indriverapp.com,/api/new-order/v1/jobs
GET,new-order.eu-east-1.indriverapp.com,/api/new-order/v1/jobs
GET,new-order.eu-east-1.indriverapp.com,/api/new-order/v1/jobs
GET,new-order.eu-east-1.indriverapp.com,/api/new-order/v1/jobs
GET,new-order.eu-east-1.indriverapp.com,/api/new-order/v1/jobs
GET,new-order.eu-east-1.indriverapp.com,/api/new-order/v1/jobs
GET,new-order.eu-east-1.indriverapp.com,/api/new-order/v1/jobs
GET,new-order.eu-east-1.indriverapp.com,/api/new-order/v1/jobs
GET,no-cf.africa.afso1.aws.indriverapp.com,/api/new-order/v1/jobs
GET,no-cf.cis.euce1.aws.indriverapp.com,/api/new-order/v1/jobs
GET,no-cf.eu.euce1.aws.indriverapp.com,/api/new-order/v1/jobs
GET,no-cf.latam-br.saea1.aws.indriverapp.com,/api/new-order/v1/jobs
GET,no-cf.latam-co.saea1.aws.indriverapp.com,/api/new-order/v1/jobs
GET,no-cf.latam-mx.usea1.aws.indriverapp.com,/api/new-order/v1/jobs
GET,no-cf.latam-pe.saea1.aws.indriverapp.com,/api/new-order/v1/jobs
GET,no-cf.latam.saea1.aws.indriverapp.com,/api/new-order/v1/jobs
GET,no-cf.mena-eg.meso1.aws.indriverapp.com,/api/new-order/v1/jobs
GET,no-cf.mena.meso1.aws.indriverapp.com,/api/new-order/v1/jobs
GET,no-cf.sa-in.apso1.aws.indriverapp.com,/api/new-order/v1/jobs
GET,no-cf.sa.apso1.aws.indriverapp.com,/api/new-order/v1/jobs
GET,no-cf.sea.apse3.aws.indriverapp.com,/api/new-order/v1/jobs
GET,no-cf.usa.usea2.aws.indriverapp.com,/api/new-order/v1/jobs
POST,new-order.eu-east-1.indriverapp.com,/api/new-order/v1/customer-rides/chat
POST,new-order.eu-east-1.indriverapp.com,/api/new-order/v1/customer-rides/chat
POST,new-order.eu-east-1.indriverapp.com,/api/new-order/v1/customer-rides/chat
POST,new-order.eu-east-1.indriverapp.com,/api/new-order/v1/customer-rides/chat
POST,new-order.eu-east-1.indriverapp.com,/api/new-order/v1/customer-rides/chat
POST,new-order.eu-east-1.indriverapp.com,/api/new-order/v1/customer-rides/chat
POST,new-order.eu-east-1.indriverapp.com,/api/new-order/v1/customer-rides/chat
POST,new-order.eu-east-1.indriverapp.com,/api/new-order/v1/customer-rides/chat
POST,new-order.eu-east-1.indriverapp.com,/api/new-order/v1/customer-rides/chat
POST,new-order.eu-east-1.indriverapp.com,/api/new-order/v1/customer-rides/chat
POST,new-order.eu-east-1.indriverapp.com,/api/new-order/v1/customer-rides/chat
POST,new-order.eu-east-1.indriverapp.com,/api/new-order/v1/customer-rides/chat
POST,new-order.eu-east-1.indriverapp.com,/api/new-order/v1/customer-rides/chat
POST,no-cf.africa.afso1.aws.indriverapp.com,/api/new-order/v1/customer-rides/chat
POST,no-cf.cis.euce1.aws.indriverapp.com,/api/new-order/v1/customer-rides/chat
POST,no-cf.eu.euce1.aws.indriverapp.com,/api/new-order/v1/customer-rides/chat
POST,no-cf.latam-br.saea1.aws.indriverapp.com,/api/new-order/v1/customer-rides/chat
POST,no-cf.latam-co.saea1.aws.indriverapp.com,/api/new-order/v1/customer-rides/chat
POST,no-cf.latam-mx.usea1.aws.indriverapp.com,/api/new-order/v1/customer-rides/chat
POST,no-cf.latam-pe.saea1.aws.indriverapp.com,/api/new-order/v1/customer-rides/chat
POST,no-cf.latam.saea1.aws.indriverapp.com,/api/new-order/v1/customer-rides/chat
POST,no-cf.mena-eg.meso1.aws.indriverapp.com,/api/new-order/v1/customer-rides/chat
POST,no-cf.mena.meso1.aws.indriverapp.com,/api/new-order/v1/customer-rides/chat
POST,no-cf.sa-in.apso1.aws.indriverapp.com,/api/new-order/v1/customer-rides/chat
POST,no-cf.sa.apso1.aws.indriverapp.com,/api/new-order/v1/customer-rides/chat
POST,no-cf.sea.apse3.aws.indriverapp.com,/api/new-order/v1/customer-rides/chat
POST,no-cf.africa.afso1.aws.indriverapp.com,/api/new-order/v1/customer-rides/018fab5c-b443-7941-88a6-87f79cc69fcd/reviews
POST,no-cf.mena-eg.meso1.aws.indriverapp.com,/api/new-order/v1/customer-rides/018fab5c-b443-7941-88a6-87f79cc69fcd/reviews
POST,no-cf.sea.apse3.aws.indriverapp.com,/api/new-order/v1/customer-rides/018fab5c-b443-7941-88a6-87f79cc69fcd/reviews
GET,no-cf.africa.afso1.aws.indriverapp.com,/api/new-order/v1/customer-rides/018fab5c-b443-7941-88a6-87f79cc69fcd/reviews
GET,no-cf.cis.euce1.aws.indriverapp.com,/api/new-order/v1/customer-rides/018fab5c-b443-7941-88a6-87f79cc69fcd/reviews
GET,no-cf.mena-eg.meso1.aws.indriverapp.com,/api/new-order/v1/customer-rides/018fab5c-b443-7941-88a6-87f79cc69fcd/reviews
GET,no-cf.sa.apso1.aws.indriverapp.com,/api/new-order/v1/customer-rides/018fab5c-b443-7941-88a6-87f79cc69fcd/reviews
GET,no-cf.africa.afso1.aws.indriverapp.com,/api/new-order/v1/customer-rides/018fab10-5e58-7e9b-bbd2-2ea67e427984
GET,no-cf.cis.euce1.aws.indriverapp.com,/api/new-order/v1/customer-rides/018fab10-5e58-7e9b-bbd2-2ea67e427984
GET,no-cf.latam-br.saea1.aws.indriverapp.com,/api/new-order/v1/customer-rides/018fab10-5e58-7e9b-bbd2-2ea67e427984
GET,no-cf.latam-co.saea1.aws.indriverapp.com,/api/new-order/v1/customer-rides/018fab10-5e58-7e9b-bbd2-2ea67e427984
GET,no-cf.latam-pe.saea1.aws.indriverapp.com,/api/new-order/v1/customer-rides/018fab10-5e58-7e9b-bbd2-2ea67e427984
GET,no-cf.latam.saea1.aws.indriverapp.com,/api/new-order/v1/customer-rides/018fab10-5e58-7e9b-bbd2-2ea67e427984
GET,no-cf.mena.meso1.aws.indriverapp.com,/api/new-order/v1/customer-rides/018fab10-5e58-7e9b-bbd2-2ea67e427984
GET,no-cf.sa.apso1.aws.indriverapp.com,/api/new-order/v1/customer-rides/018fab10-5e58-7e9b-bbd2-2ea67e427984
POST,no-cf.latam-co.saea1.aws.indriverapp.com,/api/new-order/v1/customer-rides/018FCE56-6558-7700-BFB8-7C9FF975D1EE/chat
POST,no-cf.cis.euce1.aws.indriverapp.com,/api/new-order/v1/customer-rides
GET,new-order.eu-east-1.indriverapp.com,/api/new-order/v1/customer-rides
GET,new-order.eu-east-1.indriverapp.com,/api/new-order/v1/customer-rides
GET,new-order.eu-east-1.indriverapp.com,/api/new-order/v1/customer-rides
GET,new-order.eu-east-1.indriverapp.com,/api/new-order/v1/customer-rides
GET,new-order.eu-east-1.indriverapp.com,/api/new-order/v1/customer-rides
GET,new-order.eu-east-1.indriverapp.com,/api/new-order/v1/customer-rides
GET,new-order.eu-east-1.indriverapp.com,/api/new-order/v1/customer-rides
GET,new-order.eu-east-1.indriverapp.com,/api/new-order/v1/customer-rides
GET,new-order.eu-east-1.indriverapp.com,/api/new-order/v1/customer-rides
GET,new-order.eu-east-1.indriverapp.com,/api/new-order/v1/customer-rides
GET,new-order.eu-east-1.indriverapp.com,/api/new-order/v1/customer-rides
GET,new-order.eu-east-1.indriverapp.com,/api/new-order/v1/customer-rides
GET,new-order.eu-east-1.indriverapp.com,/api/new-order/v1/customer-rides
GET,new-order.eu-east-1.indriverapp.com,/api/new-order/v1/customer-rides
GET,new-order.eu-east-1.indriverapp.com,/api/new-order/v1/customer-rides
GET,no-cf.africa.afso1.aws.indriverapp.com,/api/new-order/v1/customer-rides
GET,no-cf.cis.euce1.aws.indriverapp.com,/api/new-order/v1/customer-rides
GET,no-cf.eu.euce1.aws.indriverapp.com,/api/new-order/v1/customer-rides
GET,no-cf.latam-br.saea1.aws.indriverapp.com,/api/new-order/v1/customer-rides
GET,no-cf.latam-co.saea1.aws.indriverapp.com,/api/new-order/v1/customer-rides
GET,no-cf.latam-mx.saea1.aws.indriverapp.com,/api/new-order/v1/customer-rides
GET,no-cf.latam-mx.usea1.aws.indriverapp.com,/api/new-order/v1/customer-rides
GET,no-cf.latam-pe.saea1.aws.indriverapp.com,/api/new-order/v1/customer-rides
GET,no-cf.latam.saea1.aws.indriverapp.com,/api/new-order/v1/customer-rides
GET,no-cf.mena-eg.meso1.aws.indriverapp.com,/api/new-order/v1/customer-rides
GET,no-cf.mena.meso1.aws.indriverapp.com,/api/new-order/v1/customer-rides
GET,no-cf.sa-in.apso1.aws.indriverapp.com,/api/new-order/v1/customer-rides
GET,no-cf.sa.apso1.aws.indriverapp.com,/api/new-order/v1/customer-rides
GET,no-cf.sea.apse3.aws.indriverapp.com,/api/new-order/v1/customer-rides
GET,no-cf.usa.usea2.aws.indriverapp.com,/api/new-order/v1/customer-rides
GET,no-cf.africa.afso1.aws.indriverapp.com,/api/new-order/v1/customer-orders-history
GET,no-cf.cis.euce1.aws.indriverapp.com,/api/new-order/v1/customer-orders-history
GET,no-cf.latam-mx.usea1.aws.indriverapp.com,/api/new-order/v1/customer-orders-history
GET,no-cf.latam.saea1.aws.indriverapp.com,/api/new-order/v1/customer-orders-history
GET,no-cf.mena-eg.meso1.aws.indriverapp.com,/api/new-order/v1/customer-orders-history
GET,no-cf.sa.apso1.aws.indriverapp.com,/api/new-order/v1/customer-orders-history
GET,no-cf.sea.apse3.aws.indriverapp.com,/api/new-order/v1/customer-orders-history
GET,new-order.eu-east-1.indriverapp.com,/api/new-order/v1/contractor-stories
GET,new-order.eu-east-1.indriverapp.com,/api/new-order/v1/contractor-stories
GET,new-order.eu-east-1.indriverapp.com,/api/new-order/v1/contractor-stories
GET,new-order.eu-east-1.indriverapp.com,/api/new-order/v1/contractor-stories
GET,new-order.eu-east-1.indriverapp.com,/api/new-order/v1/contractor-stories
GET,new-order.eu-east-1.indriverapp.com,/api/new-order/v1/contractor-stories
GET,new-order.eu-east-1.indriverapp.com,/api/new-order/v1/contractor-stories
GET,new-order.eu-east-1.indriverapp.com,/api/new-order/v1/contractor-stories
GET,new-order.eu-east-1.indriverapp.com,/api/new-order/v1/contractor-stories
GET,new-order.eu-east-1.indriverapp.com,/api/new-order/v1/contractor-stories
GET,new-order.eu-east-1.indriverapp.com,/api/new-order/v1/contractor-stories
GET,new-order.eu-east-1.indriverapp.com,/api/new-order/v1/contractor-stories
GET,new-order.eu-east-1.indriverapp.com,/api/new-order/v1/contractor-stories
GET,new-order.eu-east-1.indriverapp.com,/api/new-order/v1/contractor-stories
GET,no-cf.africa.afso1.aws.indriverapp.com,/api/new-order/v1/contractor-stories
GET,no-cf.cis.euce1.aws.indriverapp.com,/api/new-order/v1/contractor-stories
GET,no-cf.eu.euce1.aws.indriverapp.com,/api/new-order/v1/contractor-stories
GET,no-cf.latam-br.saea1.aws.indriverapp.com,/api/new-order/v1/contractor-stories
GET,no-cf.latam-co.saea1.aws.indriverapp.com,/api/new-order/v1/contractor-stories
GET,no-cf.latam-mx.usea1.aws.indriverapp.com,/api/new-order/v1/contractor-stories
GET,no-cf.latam-pe.saea1.aws.indriverapp.com,/api/new-order/v1/contractor-stories
GET,no-cf.latam.saea1.aws.indriverapp.com,/api/new-order/v1/contractor-stories
GET,no-cf.mena-eg.meso1.aws.indriverapp.com,/api/new-order/v1/contractor-stories
GET,no-cf.mena.meso1.aws.indriverapp.com,/api/new-order/v1/contractor-stories
GET,no-cf.sa-in.apso1.aws.indriverapp.com,/api/new-order/v1/contractor-stories
GET,no-cf.sa.apso1.aws.indriverapp.com,/api/new-order/v1/contractor-stories
GET,no-cf.sea.apse3.aws.indriverapp.com,/api/new-order/v1/contractor-stories
GET,no-cf.usa.usea2.aws.indriverapp.com,/api/new-order/v1/contractor-stories
POST,new-order.eu-east-1.indriverapp.com,/api/new-order/v1/contractor-rides/chat
POST,new-order.eu-east-1.indriverapp.com,/api/new-order/v1/contractor-rides/chat
POST,new-order.eu-east-1.indriverapp.com,/api/new-order/v1/contractor-rides/chat
POST,new-order.eu-east-1.indriverapp.com,/api/new-order/v1/contractor-rides/chat
POST,new-order.eu-east-1.indriverapp.com,/api/new-order/v1/contractor-rides/chat
POST,new-order.eu-east-1.indriverapp.com,/api/new-order/v1/contractor-rides/chat
POST,new-order.eu-east-1.indriverapp.com,/api/new-order/v1/contractor-rides/chat
POST,new-order.eu-east-1.indriverapp.com,/api/new-order/v1/contractor-rides/chat
POST,new-order.eu-east-1.indriverapp.com,/api/new-order/v1/contractor-rides/chat
POST,new-order.eu-east-1.indriverapp.com,/api/new-order/v1/contractor-rides/chat
POST,new-order.eu-east-1.indriverapp.com,/api/new-order/v1/contractor-rides/chat
POST,new-order.eu-east-1.indriverapp.com,/api/new-order/v1/contractor-rides/chat
POST,new-order.eu-east-1.indriverapp.com,/api/new-order/v1/contractor-rides/chat
POST,no-cf.africa.afso1.aws.indriverapp.com,/api/new-order/v1/contractor-rides/chat
POST,no-cf.cis.euce1.aws.indriverapp.com,/api/new-order/v1/contractor-rides/chat
POST,no-cf.eu.euce1.aws.indriverapp.com,/api/new-order/v1/contractor-rides/chat
POST,no-cf.latam-br.saea1.aws.indriverapp.com,/api/new-order/v1/contractor-rides/chat
POST,no-cf.latam-co.saea1.aws.indriverapp.com,/api/new-order/v1/contractor-rides/chat
POST,no-cf.latam-mx.usea1.aws.indriverapp.com,/api/new-order/v1/contractor-rides/chat
POST,no-cf.latam-pe.saea1.aws.indriverapp.com,/api/new-order/v1/contractor-rides/chat
POST,no-cf.latam.saea1.aws.indriverapp.com,/api/new-order/v1/contractor-rides/chat
POST,no-cf.mena-eg.meso1.aws.indriverapp.com,/api/new-order/v1/contractor-rides/chat
POST,no-cf.mena.meso1.aws.indriverapp.com,/api/new-order/v1/contractor-rides/chat
POST,no-cf.sa-in.apso1.aws.indriverapp.com,/api/new-order/v1/contractor-rides/chat
POST,no-cf.sa.apso1.aws.indriverapp.com,/api/new-order/v1/contractor-rides/chat
POST,no-cf.sea.apse3.aws.indriverapp.com,/api/new-order/v1/contractor-rides/chat
PATCH,no-cf.sa-in.apso1.aws.indriverapp.com,/api/new-order/v1/contractor-rides/018fab0b-25e8-71d0-b81f-af0a407f87f6
GET,new-order.eu-east-1.indriverapp.com,/api/new-order/v1/contractor-rides/018fab0b-25e8-71d0-b81f-af0a407f87f6
GET,new-order.eu-east-1.indriverapp.com,/api/new-order/v1/contractor-rides/018fab0b-25e8-71d0-b81f-af0a407f87f6
GET,new-order.eu-east-1.indriverapp.com,/api/new-order/v1/contractor-rides/018fab0b-25e8-71d0-b81f-af0a407f87f6
GET,new-order.eu-east-1.indriverapp.com,/api/new-order/v1/contractor-rides/018fab0b-25e8-71d0-b81f-af0a407f87f6
GET,new-order.eu-east-1.indriverapp.com,/api/new-order/v1/contractor-rides/018fab0b-25e8-71d0-b81f-af0a407f87f6
GET,new-order.eu-east-1.indriverapp.com,/api/new-order/v1/contractor-rides/018fab0b-25e8-71d0-b81f-af0a407f87f6
GET,new-order.eu-east-1.indriverapp.com,/api/new-order/v1/contractor-rides/018fab0b-25e8-71d0-b81f-af0a407f87f6
GET,new-order.eu-east-1.indriverapp.com,/api/new-order/v1/contractor-rides/018fab0b-25e8-71d0-b81f-af0a407f87f6
GET,new-order.eu-east-1.indriverapp.com,/api/new-order/v1/contractor-rides/018fab0b-25e8-71d0-b81f-af0a407f87f6
GET,new-order.eu-east-1.indriverapp.com,/api/new-order/v1/contractor-rides/018fab0b-25e8-71d0-b81f-af0a407f87f6
GET,no-cf.africa.afso1.aws.indriverapp.com,/api/new-order/v1/contractor-rides/018fab0b-25e8-71d0-b81f-af0a407f87f6
GET,no-cf.cis.euce1.aws.indriverapp.com,/api/new-order/v1/contractor-rides/018fab0b-25e8-71d0-b81f-af0a407f87f6
GET,no-cf.latam-br.saea1.aws.indriverapp.com,/api/new-order/v1/contractor-rides/018fab0b-25e8-71d0-b81f-af0a407f87f6
GET,no-cf.latam-co.saea1.aws.indriverapp.com,/api/new-order/v1/contractor-rides/018fab0b-25e8-71d0-b81f-af0a407f87f6
GET,no-cf.latam-mx.usea1.aws.indriverapp.com,/api/new-order/v1/contractor-rides/018fab0b-25e8-71d0-b81f-af0a407f87f6
GET,no-cf.latam-pe.saea1.aws.indriverapp.com,/api/new-order/v1/contractor-rides/018fab0b-25e8-71d0-b81f-af0a407f87f6
GET,no-cf.latam.saea1.aws.indriverapp.com,/api/new-order/v1/contractor-rides/018fab0b-25e8-71d0-b81f-af0a407f87f6
GET,no-cf.mena-eg.meso1.aws.indriverapp.com,/api/new-order/v1/contractor-rides/018fab0b-25e8-71d0-b81f-af0a407f87f6
GET,no-cf.mena.meso1.aws.indriverapp.com,/api/new-order/v1/contractor-rides/018fab0b-25e8-71d0-b81f-af0a407f87f6
GET,no-cf.sea.apse3.aws.indriverapp.com,/api/new-order/v1/contractor-rides/018fab0b-25e8-71d0-b81f-af0a407f87f6
GET,no-cf.africa.afso1.aws.indriverapp.com,/api/new-order/v1/contractor-rides-history
GET,no-cf.latam-pe.saea1.aws.indriverapp.com,/api/new-order/v1/contractor-rides-history
PATCH,no-cf.latam.saea1.aws.indriverapp.com,/api/new-order/v1/contractor-rides
GET,new-order.eu-east-1.indriverapp.com,/api/new-order/v1/contractor-rides
GET,new-order.eu-east-1.indriverapp.com,/api/new-order/v1/contractor-rides
GET,new-order.eu-east-1.indriverapp.com,/api/new-order/v1/contractor-rides
GET,new-order.eu-east-1.indriverapp.com,/api/new-order/v1/contractor-rides
GET,new-order.eu-east-1.indriverapp.com,/api/new-order/v1/contractor-rides
GET,new-order.eu-east-1.indriverapp.com,/api/new-order/v1/contractor-rides
GET,new-order.eu-east-1.indriverapp.com,/api/new-order/v1/contractor-rides
GET,new-order.eu-east-1.indriverapp.com,/api/new-order/v1/contractor-rides
GET,new-order.eu-east-1.indriverapp.com,/api/new-order/v1/contractor-rides
GET,new-order.eu-east-1.indriverapp.com,/api/new-order/v1/contractor-rides
GET,new-order.eu-east-1.indriverapp.com,/api/new-order/v1/contractor-rides
GET,new-order.eu-east-1.indriverapp.com,/api/new-order/v1/contractor-rides
GET,no-cf.africa.afso1.aws.indriverapp.com,/api/new-order/v1/contractor-rides
GET,no-cf.cis.euce1.aws.indriverapp.com,/api/new-order/v1/contractor-rides
GET,no-cf.eu.euce1.aws.indriverapp.com,/api/new-order/v1/contractor-rides
GET,no-cf.latam-br.saea1.aws.indriverapp.com,/api/new-order/v1/contractor-rides
GET,no-cf.latam-co.saea1.aws.indriverapp.com,/api/new-order/v1/contractor-rides
GET,no-cf.latam-mx.usea1.aws.indriverapp.com,/api/new-order/v1/contractor-rides
GET,no-cf.latam-pe.saea1.aws.indriverapp.com,/api/new-order/v1/contractor-rides
GET,no-cf.mena-eg.meso1.aws.indriverapp.com,/api/new-order/v1/contractor-rides
GET,no-cf.mena.meso1.aws.indriverapp.com,/api/new-order/v1/contractor-rides
GET,no-cf.sa-in.apso1.aws.indriverapp.com,/api/new-order/v1/contractor-rides
GET,no-cf.sa.apso1.aws.indriverapp.com,/api/new-order/v1/contractor-rides
GET,no-cf.sea.apse3.aws.indriverapp.com,/api/new-order/v1/contractor-rides
GET,no-cf.africa.afso1.aws.indriverapp.com,/api/new-order/v1/contractor-reviews
GET,no-cf.cis.euce1.aws.indriverapp.com,/api/new-order/v1/contractor-reviews
POST,new-order.eu-east-1.indriverapp.com,/api/new-order/v1/contractor-orders/bids
POST,new-order.eu-east-1.indriverapp.com,/api/new-order/v1/contractor-orders/bids
POST,new-order.eu-east-1.indriverapp.com,/api/new-order/v1/contractor-orders/bids
POST,new-order.eu-east-1.indriverapp.com,/api/new-order/v1/contractor-orders/bids
POST,new-order.eu-east-1.indriverapp.com,/api/new-order/v1/contractor-orders/bids
POST,new-order.eu-east-1.indriverapp.com,/api/new-order/v1/contractor-orders/bids
POST,new-order.eu-east-1.indriverapp.com,/api/new-order/v1/contractor-orders/bids
POST,new-order.eu-east-1.indriverapp.com,/api/new-order/v1/contractor-orders/bids
POST,new-order.eu-east-1.indriverapp.com,/api/new-order/v1/contractor-orders/bids
POST,new-order.eu-east-1.indriverapp.com,/api/new-order/v1/contractor-orders/bids
POST,new-order.eu-east-1.indriverapp.com,/api/new-order/v1/contractor-orders/bids
POST,new-order.eu-east-1.indriverapp.com,/api/new-order/v1/contractor-orders/bids
POST,new-order.eu-east-1.indriverapp.com,/api/new-order/v1/contractor-orders/bids
POST,no-cf.africa.afso1.aws.indriverapp.com,/api/new-order/v1/contractor-orders/bids
POST,no-cf.cis.euce1.aws.indriverapp.com,/api/new-order/v1/contractor-orders/bids
POST,no-cf.eu.euce1.aws.indriverapp.com,/api/new-order/v1/contractor-orders/bids
POST,no-cf.latam-br.saea1.aws.indriverapp.com,/api/new-order/v1/contractor-orders/bids
POST,no-cf.latam-co.saea1.aws.indriverapp.com,/api/new-order/v1/contractor-orders/bids
POST,no-cf.latam-mx.usea1.aws.indriverapp.com,/api/new-order/v1/contractor-orders/bids
POST,no-cf.latam-pe.saea1.aws.indriverapp.com,/api/new-order/v1/contractor-orders/bids
POST,no-cf.latam.saea1.aws.indriverapp.com,/api/new-order/v1/contractor-orders/bids
POST,no-cf.mena-eg.meso1.aws.indriverapp.com,/api/new-order/v1/contractor-orders/bids
POST,no-cf.mena.meso1.aws.indriverapp.com,/api/new-order/v1/contractor-orders/bids
POST,no-cf.sa-in.apso1.aws.indriverapp.com,/api/new-order/v1/contractor-orders/bids
POST,no-cf.sa.apso1.aws.indriverapp.com,/api/new-order/v1/contractor-orders/bids
POST,no-cf.sea.apse3.aws.indriverapp.com,/api/new-order/v1/contractor-orders/bids
POST,new-order.eu-east-1.indriverapp.com,/api/new-order/v1/contractor-orders/018fab59-b381-7c41-ba46-e2bf3ca7b703/bids
POST,new-order.eu-east-1.indriverapp.com,/api/new-order/v1/contractor-orders/018fab59-b381-7c41-ba46-e2bf3ca7b703/bids
POST,new-order.eu-east-1.indriverapp.com,/api/new-order/v1/contractor-orders/018fab59-b381-7c41-ba46-e2bf3ca7b703/bids
POST,new-order.eu-east-1.indriverapp.com,/api/new-order/v1/contractor-orders/018fab59-b381-7c41-ba46-e2bf3ca7b703/bids
POST,new-order.eu-east-1.indriverapp.com,/api/new-order/v1/contractor-orders/018fab59-b381-7c41-ba46-e2bf3ca7b703/bids
POST,new-order.eu-east-1.indriverapp.com,/api/new-order/v1/contractor-orders/018fab59-b381-7c41-ba46-e2bf3ca7b703/bids
POST,new-order.eu-east-1.indriverapp.com,/api/new-order/v1/contractor-orders/018fab59-b381-7c41-ba46-e2bf3ca7b703/bids
POST,new-order.eu-east-1.indriverapp.com,/api/new-order/v1/contractor-orders/018fab59-b381-7c41-ba46-e2bf3ca7b703/bids
POST,new-order.eu-east-1.indriverapp.com,/api/new-order/v1/contractor-orders/018fab59-b381-7c41-ba46-e2bf3ca7b703/bids
POST,new-order.eu-east-1.indriverapp.com,/api/new-order/v1/contractor-orders/018fab59-b381-7c41-ba46-e2bf3ca7b703/bids
POST,new-order.eu-east-1.indriverapp.com,/api/new-order/v1/contractor-orders/018fab59-b381-7c41-ba46-e2bf3ca7b703/bids
POST,no-cf.africa.afso1.aws.indriverapp.com,/api/new-order/v1/contractor-orders/018fab59-b381-7c41-ba46-e2bf3ca7b703/bids
POST,no-cf.cis.euce1.aws.indriverapp.com,/api/new-order/v1/contractor-orders/018fab59-b381-7c41-ba46-e2bf3ca7b703/bids
POST,no-cf.latam-br.saea1.aws.indriverapp.com,/api/new-order/v1/contractor-orders/018fab59-b381-7c41-ba46-e2bf3ca7b703/bids
POST,no-cf.latam-co.saea1.aws.indriverapp.com,/api/new-order/v1/contractor-orders/018fab59-b381-7c41-ba46-e2bf3ca7b703/bids
POST,no-cf.latam-mx.usea1.aws.indriverapp.com,/api/new-order/v1/contractor-orders/018fab59-b381-7c41-ba46-e2bf3ca7b703/bids
POST,no-cf.latam-pe.saea1.aws.indriverapp.com,/api/new-order/v1/contractor-orders/018fab59-b381-7c41-ba46-e2bf3ca7b703/bids
POST,no-cf.latam.saea1.aws.indriverapp.com,/api/new-order/v1/contractor-orders/018fab59-b381-7c41-ba46-e2bf3ca7b703/bids
POST,no-cf.mena.meso1.aws.indriverapp.com,/api/new-order/v1/contractor-orders/018fab59-b381-7c41-ba46-e2bf3ca7b703/bids
POST,no-cf.sa-in.apso1.aws.indriverapp.com,/api/new-order/v1/contractor-orders/018fab59-b381-7c41-ba46-e2bf3ca7b703/bids
POST,no-cf.sa.apso1.aws.indriverapp.com,/api/new-order/v1/contractor-orders/018fab59-b381-7c41-ba46-e2bf3ca7b703/bids
POST,no-cf.sea.apse3.aws.indriverapp.com,/api/new-order/v1/contractor-orders/018fab59-b381-7c41-ba46-e2bf3ca7b703/bids
GET,new-order.eu-east-1.indriverapp.com,/api/new-order/v1/contractor-orders/018fab1b-092c-7c9c-a59e-5db19fd172dd
GET,new-order.eu-east-1.indriverapp.com,/api/new-order/v1/contractor-orders/018fab1b-092c-7c9c-a59e-5db19fd172dd
GET,new-order.eu-east-1.indriverapp.com,/api/new-order/v1/contractor-orders/018fab1b-092c-7c9c-a59e-5db19fd172dd
GET,new-order.eu-east-1.indriverapp.com,/api/new-order/v1/contractor-orders/018fab1b-092c-7c9c-a59e-5db19fd172dd
GET,new-order.eu-east-1.indriverapp.com,/api/new-order/v1/contractor-orders/018fab1b-092c-7c9c-a59e-5db19fd172dd
GET,new-order.eu-east-1.indriverapp.com,/api/new-order/v1/contractor-orders/018fab1b-092c-7c9c-a59e-5db19fd172dd
GET,new-order.eu-east-1.indriverapp.com,/api/new-order/v1/contractor-orders/018fab1b-092c-7c9c-a59e-5db19fd172dd
GET,new-order.eu-east-1.indriverapp.com,/api/new-order/v1/contractor-orders/018fab1b-092c-7c9c-a59e-5db19fd172dd
GET,new-order.eu-east-1.indriverapp.com,/api/new-order/v1/contractor-orders/018fab1b-092c-7c9c-a59e-5db19fd172dd
GET,new-order.eu-east-1.indriverapp.com,/api/new-order/v1/contractor-orders/018fab1b-092c-7c9c-a59e-5db19fd172dd
GET,new-order.eu-east-1.indriverapp.com,/api/new-order/v1/contractor-orders/018fab1b-092c-7c9c-a59e-5db19fd172dd
GET,new-order.eu-east-1.indriverapp.com,/api/new-order/v1/contractor-orders/018fab1b-092c-7c9c-a59e-5db19fd172dd
GET,new-order.eu-east-1.indriverapp.com,/api/new-order/v1/contractor-orders/018fab1b-092c-7c9c-a59e-5db19fd172dd
GET,no-cf.africa.afso1.aws.indriverapp.com,/api/new-order/v1/contractor-orders/018fab1b-092c-7c9c-a59e-5db19fd172dd
GET,no-cf.cis.euce1.aws.indriverapp.com,/api/new-order/v1/contractor-orders/018fab1b-092c-7c9c-a59e-5db19fd172dd
GET,no-cf.eu.euce1.aws.indriverapp.com,/api/new-order/v1/contractor-orders/018fab1b-092c-7c9c-a59e-5db19fd172dd
GET,no-cf.latam-br.saea1.aws.indriverapp.com,/api/new-order/v1/contractor-orders/018fab1b-092c-7c9c-a59e-5db19fd172dd
GET,no-cf.latam-co.saea1.aws.indriverapp.com,/api/new-order/v1/contractor-orders/018fab1b-092c-7c9c-a59e-5db19fd172dd
GET,no-cf.latam-mx.usea1.aws.indriverapp.com,/api/new-order/v1/contractor-orders/018fab1b-092c-7c9c-a59e-5db19fd172dd
GET,no-cf.latam-pe.saea1.aws.indriverapp.com,/api/new-order/v1/contractor-orders/018fab1b-092c-7c9c-a59e-5db19fd172dd
GET,no-cf.latam.saea1.aws.indriverapp.com,/api/new-order/v1/contractor-orders/018fab1b-092c-7c9c-a59e-5db19fd172dd
GET,no-cf.mena-eg.meso1.aws.indriverapp.com,/api/new-order/v1/contractor-orders/018fab1b-092c-7c9c-a59e-5db19fd172dd
GET,no-cf.mena.meso1.aws.indriverapp.com,/api/new-order/v1/contractor-orders/018fab1b-092c-7c9c-a59e-5db19fd172dd
GET,no-cf.sa-in.apso1.aws.indriverapp.com,/api/new-order/v1/contractor-orders/018fab1b-092c-7c9c-a59e-5db19fd172dd
GET,no-cf.sa.apso1.aws.indriverapp.com,/api/new-order/v1/contractor-orders/018fab1b-092c-7c9c-a59e-5db19fd172dd
GET,no-cf.sea.apse3.aws.indriverapp.com,/api/new-order/v1/contractor-orders/018fab1b-092c-7c9c-a59e-5db19fd172dd
POST,new-order.eu-east-1.indriverapp.com,/api/new-order/v1/contractor-orders/018fab0e-b307-783c-bac9-afbbe88b77c4/appeals
POST,new-order.eu-east-1.indriverapp.com,/api/new-order/v1/contractor-orders/018fab0e-b307-783c-bac9-afbbe88b77c4/appeals
POST,new-order.eu-east-1.indriverapp.com,/api/new-order/v1/contractor-orders/018fab0e-b307-783c-bac9-afbbe88b77c4/appeals
POST,new-order.eu-east-1.indriverapp.com,/api/new-order/v1/contractor-orders/018fab0e-b307-783c-bac9-afbbe88b77c4/appeals
POST,new-order.eu-east-1.indriverapp.com,/api/new-order/v1/contractor-orders/018fab0e-b307-783c-bac9-afbbe88b77c4/appeals
POST,new-order.eu-east-1.indriverapp.com,/api/new-order/v1/contractor-orders/018fab0e-b307-783c-bac9-afbbe88b77c4/appeals
POST,new-order.eu-east-1.indriverapp.com,/api/new-order/v1/contractor-orders/018fab0e-b307-783c-bac9-afbbe88b77c4/appeals
POST,new-order.eu-east-1.indriverapp.com,/api/new-order/v1/contractor-orders/018fab0e-b307-783c-bac9-afbbe88b77c4/appeals
POST,new-order.eu-east-1.indriverapp.com,/api/new-order/v1/contractor-orders/018fab0e-b307-783c-bac9-afbbe88b77c4/appeals
POST,new-order.eu-east-1.indriverapp.com,/api/new-order/v1/contractor-orders/018fab0e-b307-783c-bac9-afbbe88b77c4/appeals
POST,new-order.eu-east-1.indriverapp.com,/api/new-order/v1/contractor-orders/018fab0e-b307-783c-bac9-afbbe88b77c4/appeals
POST,new-order.eu-east-1.indriverapp.com,/api/new-order/v1/contractor-orders/018fab0e-b307-783c-bac9-afbbe88b77c4/appeals
POST,no-cf.africa.afso1.aws.indriverapp.com,/api/new-order/v1/contractor-orders/018fab0e-b307-783c-bac9-afbbe88b77c4/appeals
POST,no-cf.cis.euce1.aws.indriverapp.com,/api/new-order/v1/contractor-orders/018fab0e-b307-783c-bac9-afbbe88b77c4/appeals
POST,no-cf.latam-br.saea1.aws.indriverapp.com,/api/new-order/v1/contractor-orders/018fab0e-b307-783c-bac9-afbbe88b77c4/appeals
POST,no-cf.latam-co.saea1.aws.indriverapp.com,/api/new-order/v1/contractor-orders/018fab0e-b307-783c-bac9-afbbe88b77c4/appeals
POST,no-cf.latam-mx.usea1.aws.indriverapp.com,/api/new-order/v1/contractor-orders/018fab0e-b307-783c-bac9-afbbe88b77c4/appeals
POST,no-cf.latam-pe.saea1.aws.indriverapp.com,/api/new-order/v1/contractor-orders/018fab0e-b307-783c-bac9-afbbe88b77c4/appeals
POST,no-cf.latam.saea1.aws.indriverapp.com,/api/new-order/v1/contractor-orders/018fab0e-b307-783c-bac9-afbbe88b77c4/appeals
POST,no-cf.mena-eg.meso1.aws.indriverapp.com,/api/new-order/v1/contractor-orders/018fab0e-b307-783c-bac9-afbbe88b77c4/appeals
POST,no-cf.mena.meso1.aws.indriverapp.com,/api/new-order/v1/contractor-orders/018fab0e-b307-783c-bac9-afbbe88b77c4/appeals
POST,no-cf.sa-in.apso1.aws.indriverapp.com,/api/new-order/v1/contractor-orders/018fab0e-b307-783c-bac9-afbbe88b77c4/appeals
POST,no-cf.sa.apso1.aws.indriverapp.com,/api/new-order/v1/contractor-orders/018fab0e-b307-783c-bac9-afbbe88b77c4/appeals
POST,no-cf.sea.apse3.aws.indriverapp.com,/api/new-order/v1/contractor-orders/018fab0e-b307-783c-bac9-afbbe88b77c4/appeals
GET,new-order.eu-east-1.indriverapp.com,/api/new-order/v1/contractor-orders
GET,new-order.eu-east-1.indriverapp.com,/api/new-order/v1/contractor-orders
GET,new-order.eu-east-1.indriverapp.com,/api/new-order/v1/contractor-orders
GET,new-order.eu-east-1.indriverapp.com,/api/new-order/v1/contractor-orders
GET,new-order.eu-east-1.indriverapp.com,/api/new-order/v1/contractor-orders
GET,new-order.eu-east-1.indriverapp.com,/api/new-order/v1/contractor-orders
GET,new-order.eu-east-1.indriverapp.com,/api/new-order/v1/contractor-orders
GET,new-order.eu-east-1.indriverapp.com,/api/new-order/v1/contractor-orders
GET,new-order.eu-east-1.indriverapp.com,/api/new-order/v1/contractor-orders
GET,new-order.eu-east-1.indriverapp.com,/api/new-order/v1/contractor-orders
GET,new-order.eu-east-1.indriverapp.com,/api/new-order/v1/contractor-orders
GET,new-order.eu-east-1.indriverapp.com,/api/new-order/v1/contractor-orders
GET,new-order.eu-east-1.indriverapp.com,/api/new-order/v1/contractor-orders
GET,no-cf.africa.afso1.aws.indriverapp.com,/api/new-order/v1/contractor-orders
GET,no-cf.cis.euce1.aws.indriverapp.com,/api/new-order/v1/contractor-orders
GET,no-cf.eu.euce1.aws.indriverapp.com,/api/new-order/v1/contractor-orders
GET,no-cf.latam-br.saea1.aws.indriverapp.com,/api/new-order/v1/contractor-orders
GET,no-cf.latam-co.saea1.aws.indriverapp.com,/api/new-order/v1/contractor-orders
GET,no-cf.latam-mx.usea1.aws.indriverapp.com,/api/new-order/v1/contractor-orders
GET,no-cf.latam-pe.saea1.aws.indriverapp.com,/api/new-order/v1/contractor-orders
GET,no-cf.latam.saea1.aws.indriverapp.com,/api/new-order/v1/contractor-orders
GET,no-cf.mena-eg.meso1.aws.indriverapp.com,/api/new-order/v1/contractor-orders
GET,no-cf.mena.meso1.aws.indriverapp.com,/api/new-order/v1/contractor-orders
GET,no-cf.sa-in.apso1.aws.indriverapp.com,/api/new-order/v1/contractor-orders
GET,no-cf.sa.apso1.aws.indriverapp.com,/api/new-order/v1/contractor-orders
GET,no-cf.sea.apse3.aws.indriverapp.com,/api/new-order/v1/contractor-orders
GET,no-cf.cis.euce1.aws.indriverapp.com,/api/new-order/v1/city/popular-addresses
GET,no-cf.sa-in.apso1.aws.indriverapp.com,/api/new-order/v1/city/popular-addresses
GET,new-order.eu-east-1.indriverapp.com,/api/new-order/v1/cashless/customer/debt
GET,new-order.eu-east-1.indriverapp.com,/api/new-order/v1/cashless/customer/debt
GET,new-order.eu-east-1.indriverapp.com,/api/new-order/v1/cashless/customer/debt
GET,new-order.eu-east-1.indriverapp.com,/api/new-order/v1/cashless/customer/debt
GET,new-order.eu-east-1.indriverapp.com,/api/new-order/v1/cashless/customer/debt
GET,new-order.eu-east-1.indriverapp.com,/api/new-order/v1/cashless/customer/debt
GET,new-order.eu-east-1.indriverapp.com,/api/new-order/v1/cashless/customer/debt
GET,new-order.eu-east-1.indriverapp.com,/api/new-order/v1/cashless/customer/debt
GET,new-order.eu-east-1.indriverapp.com,/api/new-order/v1/cashless/customer/debt
GET,new-order.eu-east-1.indriverapp.com,/api/new-order/v1/cashless/customer/debt
GET,new-order.eu-east-1.indriverapp.com,/api/new-order/v1/cashless/customer/debt
GET,new-order.eu-east-1.indriverapp.com,/api/new-order/v1/cashless/customer/debt
GET,new-order.eu-east-1.indriverapp.com,/api/new-order/v1/cashless/customer/debt
GET,new-order.eu-east-1.indriverapp.com,/api/new-order/v1/cashless/customer/debt
GET,no-cf.africa.afso1.aws.indriverapp.com,/api/new-order/v1/cashless/customer/debt
GET,no-cf.cis.euce1.aws.indriverapp.com,/api/new-order/v1/cashless/customer/debt
GET,no-cf.eu.euce1.aws.indriverapp.com,/api/new-order/v1/cashless/customer/debt
GET,no-cf.latam-br.saea1.aws.indriverapp.com,/api/new-order/v1/cashless/customer/debt
GET,no-cf.latam-co.saea1.aws.indriverapp.com,/api/new-order/v1/cashless/customer/debt
GET,no-cf.latam-mx.usea1.aws.indriverapp.com,/api/new-order/v1/cashless/customer/debt
GET,no-cf.latam-pe.saea1.aws.indriverapp.com,/api/new-order/v1/cashless/customer/debt
GET,no-cf.latam.saea1.aws.indriverapp.com,/api/new-order/v1/cashless/customer/debt
GET,no-cf.mena-eg.meso1.aws.indriverapp.com,/api/new-order/v1/cashless/customer/debt
GET,no-cf.mena.meso1.aws.indriverapp.com,/api/new-order/v1/cashless/customer/debt
GET,no-cf.sa-in.apso1.aws.indriverapp.com,/api/new-order/v1/cashless/customer/debt
GET,no-cf.sa.apso1.aws.indriverapp.com,/api/new-order/v1/cashless/customer/debt
GET,no-cf.sea.apse3.aws.indriverapp.com,/api/new-order/v1/cashless/customer/debt
GET,no-cf.usa.usea2.aws.indriverapp.com,/api/new-order/v1/cashless/customer/debt
GET,new-order.eu-east-1.indriverapp.com,/api/new-order/v1/bids/018fab1f-0151-7511-98db-faa36f4ad170
GET,new-order.eu-east-1.indriverapp.com,/api/new-order/v1/bids/018fab1f-0151-7511-98db-faa36f4ad170
GET,new-order.eu-east-1.indriverapp.com,/api/new-order/v1/bids/018fab1f-0151-7511-98db-faa36f4ad170
GET,new-order.eu-east-1.indriverapp.com,/api/new-order/v1/bids/018fab1f-0151-7511-98db-faa36f4ad170
GET,new-order.eu-east-1.indriverapp.com,/api/new-order/v1/bids/018fab1f-0151-7511-98db-faa36f4ad170
GET,new-order.eu-east-1.indriverapp.com,/api/new-order/v1/bids/018fab1f-0151-7511-98db-faa36f4ad170
GET,new-order.eu-east-1.indriverapp.com,/api/new-order/v1/bids/018fab1f-0151-7511-98db-faa36f4ad170
GET,new-order.eu-east-1.indriverapp.com,/api/new-order/v1/bids/018fab1f-0151-7511-98db-faa36f4ad170
GET,new-order.eu-east-1.indriverapp.com,/api/new-order/v1/bids/018fab1f-0151-7511-98db-faa36f4ad170
GET,no-cf.africa.afso1.aws.indriverapp.com,/api/new-order/v1/bids/018fab1f-0151-7511-98db-faa36f4ad170
GET,no-cf.cis.euce1.aws.indriverapp.com,/api/new-order/v1/bids/018fab1f-0151-7511-98db-faa36f4ad170
GET,no-cf.latam-br.saea1.aws.indriverapp.com,/api/new-order/v1/bids/018fab1f-0151-7511-98db-faa36f4ad170
GET,no-cf.latam-co.saea1.aws.indriverapp.com,/api/new-order/v1/bids/018fab1f-0151-7511-98db-faa36f4ad170
GET,no-cf.latam-pe.saea1.aws.indriverapp.com,/api/new-order/v1/bids/018fab1f-0151-7511-98db-faa36f4ad170
GET,no-cf.latam.saea1.aws.indriverapp.com,/api/new-order/v1/bids/018fab1f-0151-7511-98db-faa36f4ad170
GET,no-cf.mena.meso1.aws.indriverapp.com,/api/new-order/v1/bids/018fab1f-0151-7511-98db-faa36f4ad170
GET,no-cf.sa-in.apso1.aws.indriverapp.com,/api/new-order/v1/bids/018fab1f-0151-7511-98db-faa36f4ad170
GET,no-cf.sea.apse3.aws.indriverapp.com,/api/new-order/v1/bids/018fab1f-0151-7511-98db-faa36f4ad170
GET,new-order.eu-east-1.indriverapp.com,/api/new-order/v1/bids
GET,new-order.eu-east-1.indriverapp.com,/api/new-order/v1/bids
GET,new-order.eu-east-1.indriverapp.com,/api/new-order/v1/bids
GET,new-order.eu-east-1.indriverapp.com,/api/new-order/v1/bids
GET,new-order.eu-east-1.indriverapp.com,/api/new-order/v1/bids
GET,new-order.eu-east-1.indriverapp.com,/api/new-order/v1/bids
GET,new-order.eu-east-1.indriverapp.com,/api/new-order/v1/bids
GET,new-order.eu-east-1.indriverapp.com,/api/new-order/v1/bids
GET,new-order.eu-east-1.indriverapp.com,/api/new-order/v1/bids
GET,new-order.eu-east-1.indriverapp.com,/api/new-order/v1/bids
GET,new-order.eu-east-1.indriverapp.com,/api/new-order/v1/bids
GET,new-order.eu-east-1.indriverapp.com,/api/new-order/v1/bids
GET,new-order.eu-east-1.indriverapp.com,/api/new-order/v1/bids
GET,no-cf.africa.afso1.aws.indriverapp.com,/api/new-order/v1/bids
GET,no-cf.cis.euce1.aws.indriverapp.com,/api/new-order/v1/bids
GET,no-cf.eu.euce1.aws.indriverapp.com,/api/new-order/v1/bids
GET,no-cf.latam-br.saea1.aws.indriverapp.com,/api/new-order/v1/bids
GET,no-cf.latam-co.saea1.aws.indriverapp.com,/api/new-order/v1/bids
GET,no-cf.latam-mx.usea1.aws.indriverapp.com,/api/new-order/v1/bids
GET,no-cf.latam-pe.saea1.aws.indriverapp.com,/api/new-order/v1/bids
GET,no-cf.latam.saea1.aws.indriverapp.com,/api/new-order/v1/bids
GET,no-cf.mena-eg.meso1.aws.indriverapp.com,/api/new-order/v1/bids
GET,no-cf.mena.meso1.aws.indriverapp.com,/api/new-order/v1/bids
GET,no-cf.sa-in.apso1.aws.indriverapp.com,/api/new-order/v1/bids
GET,no-cf.sa.apso1.aws.indriverapp.com,/api/new-order/v1/bids
GET,no-cf.sea.apse3.aws.indriverapp.com,/api/new-order/v1/bids
POST,messenger.eu-east-1.indriverapp.com,/api/messenger/voximplant/user/return
POST,msg-cf.euce1.indriverapp.com,/api/messenger/voximplant/user/return
POST,messenger.eu-east-1.indriverapp.com,/api/messenger/voximplant/quality-issues
POST,msg-cf.euce1.indriverapp.com,/api/messenger/voximplant/quality-issues
POST,messenger.eu-east-1.indriverapp.com,/api/messenger/voximplant/hash/get
POST,msg-cf.euce1.indriverapp.com,/api/messenger/voximplant/hash/get
GET,messenger.eu-east-1.indriverapp.com,/api/messenger/v2/call/type
GET,msg-cf.euce1.indriverapp.com,/api/messenger/v2/call/type
POST,messenger.eu-east-1.indriverapp.com,/api/messenger/v2/call/make
POST,msg-cf.euce1.indriverapp.com,/api/messenger/v2/call/make
GET,messenger.eu-east-1.indriverapp.com,/api/messenger/user/number-protection
GET,msg-cf.euce1.indriverapp.com,/api/messenger/user/number-protection
POST,messenger.eu-east-1.indriverapp.com,/api/messenger/user/info
POST,msg-cf.euce1.indriverapp.com,/api/messenger/user/info
POST,msg-cf.euce1.indriverapp.com,/api/messenger/user/apns-pk-token
GET,messenger.eu-east-1.indriverapp.com,/api/messenger/call/type
GET,msg-cf.euce1.indriverapp.com,/api/messenger/call/type
POST,messenger.eu-east-1.indriverapp.com,/api/messenger/call/status
POST,msg-cf.euce1.indriverapp.com,/api/messenger/call/status
POST,messenger.eu-east-1.indriverapp.com,/api/messenger/call/start
POST,msg-cf.euce1.indriverapp.com,/api/messenger/call/start
POST,messenger.eu-east-1.indriverapp.com,/api/messenger/call/ready
POST,msg-cf.euce1.indriverapp.com,/api/messenger/call/ready
POST,msg-cf.euce1.indriverapp.com,/api/messenger/call/rate
POST,messenger.eu-east-1.indriverapp.com,/api/messenger/call/make
POST,msg-cf.euce1.indriverapp.com,/api/messenger/call/make
POST,messenger.eu-east-1.indriverapp.com,/api/messenger/call/end
POST,msg-cf.euce1.indriverapp.com,/api/messenger/call/end
POST,messenger.eu-east-1.indriverapp.com,/api/messenger/call/busy
POST,msg-cf.euce1.indriverapp.com,/api/messenger/call/busy
POST,intercity-3.eu-east-1.indriverapp.com,/api/v5/orders/driver
GET,intercity-3.eu-east-1.indriverapp.com,/api/v4/orders/passenger/history
GET,intercity-3.eu-east-1.indriverapp.com,/api/v4/orders/passenger
GET,intercity-3.eu-east-1.indriverapp.com,/api/v4/orders/driver/waiting
GET,intercity-3.eu-east-1.indriverapp.com,/api/v4/orders/driver/archive
GET,intercity-3.eu-east-1.indriverapp.com,/api/v4/orders/driver/active
GET,intercity-3.eu-east-1.indriverapp.com,/api/v4/orders/driver/018fab27-4867-766b-be90-f56db564ead6
POST,intercity-3.eu-east-1.indriverapp.com,/api/v4/orders/driver
GET,intercity-3.eu-east-1.indriverapp.com,/api/v3/orders/prices
POST,intercity-3.eu-east-1.indriverapp.com,/api/v3/bids/driver
GET,intercity-3.eu-east-1.indriverapp.com,/api/v2/users/drivers/balance/018fab2a-4b05-70f4-a446-e62cca5f10fd
GET,intercity-3.eu-east-1.indriverapp.com,/api/v2/reviews/driver/78590519
GET,intercity-3.eu-east-1.indriverapp.com,/api/v2/orders/passenger/recommended_price
GET,intercity-3.eu-east-1.indriverapp.com,/api/v2/config/passenger
GET,intercity-3.eu-east-1.indriverapp.com,/api/v2/autocomplete/rh
GET,intercity-3.eu-east-1.indriverapp.com,/api/v2/autocomplete/intercity/order
GET,intercity-3.eu-east-1.indriverapp.com,/api/v1/users/passengers/banner
GET,intercity-3.eu-east-1.indriverapp.com,/api/v1/users/drivers/transport_widget
GET,intercity-3.eu-east-1.indriverapp.com,/api/v1/users/drivers/status
GET,intercity-3.eu-east-1.indriverapp.com,/api/v1/users/drivers/banner
GET,intercity-3.eu-east-1.indriverapp.com,/api/v1/streams
GET,intercity-3.eu-east-1.indriverapp.com,/api/v1/reviews/tags/passenger
GET,intercity-3.eu-east-1.indriverapp.com,/api/v1/monetization/subscription/zone/2
GET,intercity-3.eu-east-1.indriverapp.com,/api/v1/info/cities
GET,intercity-3.eu-east-1.indriverapp.com,/api/v1/config/passenger
GET,intercity-3.eu-east-1.indriverapp.com,/api/v1/config/driver
GET,intercity-3.eu-east-1.indriverapp.com,/api/v1/autocomplete/to_address
GET,intercity-3.eu-east-1.indriverapp.com,/api/v1/autocomplete/rh
GET,intercity-3.eu-east-1.indriverapp.com,/api/v1/autocomplete/point-a
GET,intercity-3.eu-east-1.indriverapp.com,/api/v1/autocomplete/from_address
GET,intercity-3.eu-east-1.indriverapp.com,/
GET,icl-cf.euce1.indriverapp.com,/api/v2/templates/form
GET,intercity-classified.eu-east-1.indriverapp.com,/api/v2/templates/form
GET,icl-cf.euce1.indriverapp.com,/api/v2/suggestions/city
GET,intercity-classified.eu-east-1.indriverapp.com,/api/v2/suggestions/city
GET,icl-cf.euce1.indriverapp.com,/api/v2/suggestions/address
GET,intercity-classified.eu-east-1.indriverapp.com,/api/v2/suggestions/address
GET,icl-cf.euce1.indriverapp.com,/api/v2/subscriptions
GET,intercity-classified.eu-east-1.indriverapp.com,/api/v2/subscriptions
PUT,icl-cf.euce1.indriverapp.com,/api/v2/subscription
PUT,intercity-classified.eu-east-1.indriverapp.com,/api/v2/subscription
GET,icl-cf.euce1.indriverapp.com,/api/v2/streams
GET,intercity-classified.eu-east-1.indriverapp.com,/api/v2/streams
GET,icl-cf.euce1.indriverapp.com,/api/v2/settings/map
GET,icl-cf.euce1.indriverapp.com,/api/v2/settings
GET,intercity-classified.eu-east-1.indriverapp.com,/api/v2/settings
POST,icl-cf.euce1.indriverapp.com,/api/v2/route/type
POST,intercity-classified.eu-east-1.indriverapp.com,/api/v2/route/type
GET,icl-cf.euce1.indriverapp.com,/api/v2/rides/popular
GET,intercity-classified.eu-east-1.indriverapp.com,/api/v2/rides/popular
PUT,icl-cf.euce1.indriverapp.com,/api/v2/rides
POST,intercity-classified.eu-east-1.indriverapp.com,/api/v2/rides
POST,icl-cf.euce1.indriverapp.com,/api/v2/orders/new
POST,intercity-classified.eu-east-1.indriverapp.com,/api/v2/orders/new
GET,icl-cf.euce1.indriverapp.com,/api/v2/orders/history
GET,intercity-classified.eu-east-1.indriverapp.com,/api/v2/orders/history
PUT,icl-cf.euce1.indriverapp.com,/api/v2/orders
POST,intercity-classified.eu-east-1.indriverapp.com,/api/v2/orders
GET,intercity-classified.eu-east-1.indriverapp.com,/api/v2/driver/profile
GET,icl-cf.euce1.indriverapp.com,/api/v2/calls/order
GET,intercity-classified.eu-east-1.indriverapp.com,/api/v2/calls/order
POST,icl-cf.euce1.indriverapp.com,/api/v2/addresses/city
POST,intercity-classified.eu-east-1.indriverapp.com,/api/v2/addresses/city
GET,icl-cf.euce1.indriverapp.com,/api/v2/address
GET,intercity-classified.eu-east-1.indriverapp.com,/api/v2/address
GET,intercity-classified.eu-east-1.indriverapp.com,/api/v1/subscriptions
POST,intercity-classified.eu-east-1.indriverapp.com,/api/v1/subscription
GET,icl-cf.euce1.indriverapp.com,/api/v1/stream/passenger
GET,intercity-classified.eu-east-1.indriverapp.com,/api/v1/stream/passenger
GET,icl-cf.euce1.indriverapp.com,/api/v1/stream/driver
GET,intercity-classified.eu-east-1.indriverapp.com,/api/v1/stream/driver
GET,icl-cf.euce1.indriverapp.com,/api/v1/story/events
GET,intercity-classified.eu-east-1.indriverapp.com,/api/v1/story/events
POST,intercity-classified.eu-east-1.indriverapp.com,/api/v1/rides/passenger
POST,intercity-classified.eu-east-1.indriverapp.com,/api/v1/rides/feed/passenger
POST,intercity-classified.eu-east-1.indriverapp.com,/api/v1/rides/feed/driver
POST,intercity-classified.eu-east-1.indriverapp.com,/api/v1/rides/driver
GET,intercity-classified.eu-east-1.indriverapp.com,/api/v1/ride/terms
GET,icl-cf.euce1.indriverapp.com,/api/v1/ride/filters
GET,intercity-classified.eu-east-1.indriverapp.com,/api/v1/ride/filters
GET,intercity-classified.eu-east-1.indriverapp.com,/api/v1/review/tags
POST,icl-cf.euce1.indriverapp.com,/api/v1/reasons/cancel
GET,intercity-classified.eu-east-1.indriverapp.com,/api/v1/reasons/cancel
GET,icl-cf.euce1.indriverapp.com,/api/v1/phone
GET,intercity-classified.eu-east-1.indriverapp.com,/api/v1/phone
POST,intercity-classified.eu-east-1.indriverapp.com,/api/v1/payment/tariffs
GET,intercity-classified.eu-east-1.indriverapp.com,/api/v1/orders/history/passenger
POST,intercity-classified.eu-east-1.indriverapp.com,/api/v1/orders/calls
GET,intercity-classified.eu-east-1.indriverapp.com,/api/v1/order/template
GET,icl-cf.euce1.indriverapp.com,/api/v1/order/filters
GET,intercity-classified.eu-east-1.indriverapp.com,/api/v1/order/filters
GET,icl-cf.euce1.indriverapp.com,/api/v1/order/active/v2
GET,intercity-classified.eu-east-1.indriverapp.com,/api/v1/order/active/v2
GET,icl-cf.euce1.indriverapp.com,/api/v1/order/018fab2e-a584-7a9b-a962-ed2cb5d26768/contact
GET,intercity-classified.eu-east-1.indriverapp.com,/api/v1/order/018fab2e-a584-7a9b-a962-ed2cb5d26768/contact
POST,icl-cf.euce1.indriverapp.com,/api/v1/order/018f86bb-9e25-7c8a-8753-78aba2cfae61/cancel
POST,intercity-classified.eu-east-1.indriverapp.com,/api/v1/matching/review
GET,icl-cf.euce1.indriverapp.com,/api/v1/matching/order/018fab2c-3b8d-79bb-8806-ccc48b0f50d9
GET,intercity-classified.eu-east-1.indriverapp.com,/api/v1/matching/order/018fab2c-3b8d-79bb-8806-ccc48b0f50d9
POST,icl-cf.euce1.indriverapp.com,/api/v1/matching/match
POST,intercity-classified.eu-east-1.indriverapp.com,/api/v1/matching/match
POST,icl-cf.euce1.indriverapp.com,/api/v1/matching/driver/match
POST,intercity-classified.eu-east-1.indriverapp.com,/api/v1/matching/driver/match
GET,icl-cf.euce1.indriverapp.com,/api/v1/driver/profile
GET,intercity-classified.eu-east-1.indriverapp.com,/api/v1/driver/profile
GET,intercity-classified.eu-east-1.indriverapp.com,/api/v1/config
POST,inc-cf.cis.euce1.aws.indriverapp.com,/api/incall/event
POST,inc-cf.latam-br.saea1.aws.indriverapp.com,/api/incall/event
POST,inc-cf.latam-co.saea1.aws.indriverapp.com,/api/incall/event
POST,inc-cf.latam-mx.usea1.aws.indriverapp.com,/api/incall/event
POST,inc-cf.latam-pe.saea1.aws.indriverapp.com,/api/incall/event
POST,inc-cf.latam.saea1.aws.indriverapp.com,/api/incall/event
POST,inc-cf.sa.apso1.aws.indriverapp.com,/api/incall/event
POST,inc-cf.sea.apse3.aws.indriverapp.com,/api/incall/event
GET,in-cf.africa.afso1.aws.indriverapp.com,/api/v2/campaigns/018fc5f6-d49c-7bb0-93f8-01ca08fb97b8
GET,in-cf.africa.afso1.aws.indriverapp.com,/api/v1/campaigns
GET,in-cf.cis.euce1.aws.indriverapp.com,/api/v1/campaigns
GET,in-cf.latam-br.saea1.aws.indriverapp.com,/api/v1/campaigns
GET,in-cf.latam-co.saea1.aws.indriverapp.com,/api/v1/campaigns
GET,in-cf.latam-mx.usea1.aws.indriverapp.com,/api/v1/campaigns
GET,in-cf.latam-pe.saea1.aws.indriverapp.com,/api/v1/campaigns
GET,in-cf.latam.saea1.aws.indriverapp.com,/api/v1/campaigns
GET,in-cf.mena-eg.meso1.aws.indriverapp.com,/api/v1/campaigns
GET,in-cf.mena.meso1.aws.indriverapp.com,/api/v1/campaigns
GET,in-cf.sa-in.apso1.aws.indriverapp.com,/api/v1/campaigns
GET,in-cf.sa.apso1.aws.indriverapp.com,/api/v1/campaigns
GET,in-cf.sea.apse3.aws.indriverapp.com,/api/v1/campaigns
GET,in-cf.africa.afso1.aws.indriverapp.com,/api/v1/campaign/progress
GET,in-cf.latam-pe.saea1.aws.indriverapp.com,/api/bdu/getActiveCampaignUUID
GET,in-cf.sa-in.apso1.aws.indriverapp.com,/api/bdu/getActiveCampaignUUID
GET,in-cf.sea.apse3.aws.indriverapp.com,/api/bdu/getActiveCampaignUUID
POST,idp-cf.euce1.indriverapp.com,/api/email/s{REMOVED}s
POST,idp-cf.euce1.indriverapp.com,/api/email/s{REMOVED}n
POST,idp-cf.euce1.indriverapp.com,/api/email
GET,id-doc-checker.eu-east-1.indriverapp.com,/api/v1/verification/sumsub
GET,id-doc-checker.eu-east-1.indriverapp.com,/api/v1/verification/provider
GET,id-doc-checker.eu-east-1.indriverapp.com,/api/v1/iddoc/config
POST,id-doc-checker.eu-east-1.indriverapp.com,/api/v1/iddoc/check
POST,terra-1.aws.indriverapp.com,/api/status
POST,terra-1.aws.indriverapp.com,/api/setlocation
POST,terra.aws.indriverapp.com,/api/setlocation
POST,terra.aws.indriverapp.com,/api/safetylog
GET,terra-1.aws.indriverapp.com,/api/rush_check
GET,terra.aws.indriverapp.com,/api/rush_check
POST,terra-1.aws.indriverapp.com,/api/getreasons
POST,terra.aws.indriverapp.com,/api/getlastorders
POST,terra.aws.indriverapp.com,/api/getdriverlocation
POST,terra.aws.indriverapp.com,/api/getdriverearningorders
POST,terra.aws.indriverapp.com,/api/getactiveorder
POST,terra.aws.indriverapp.com,/api/addreviewpassenger
POST,g2-cf.africa.afso1.aws.indriverapp.com,/api/v2/waypoints
POST,geo2dev.eu-east-1.indriverapp.com,/api/v2/waypoints
GET,g2-cf.africa.afso1.aws.indriverapp.com,/api/suggestionCities
POST,g2-cf.eu.euce1.aws.indriverapp.com,/api/nearCities
POST,g2-cf.africa.afso1.aws.indriverapp.com,/api/getwaypoints
POST,g2-cf.eu.euce1.aws.indriverapp.com,/api/getpickuppoints
POST,g2-cf.latam.saea1.aws.indriverapp.com,/api/getpickuppoints
POST,g2-cf.sa.apso1.aws.indriverapp.com,/api/getpickuppoints
POST,g2-cf.sea.apse3.aws.indriverapp.com,/api/getpickuppoints
POST,geo2dev.eu-east-1.indriverapp.com,/api/getpickuppoints
POST,geo2dev.eu-east-1.indriverapp.com,/api/getpickuppoints
POST,geo2dev.eu-east-1.indriverapp.com,/api/getpickuppoints
POST,geo2dev.eu-east-1.indriverapp.com,/api/getpickuppoints
POST,terra.aws.indriverapp.com,/api/getpickuppoints
POST,terra.aws.indriverapp.com,/api/getpickuppoints
POST,terra.aws.indriverapp.com,/api/getpickuppoints
POST,terra.aws.indriverapp.com,/api/getpickuppoints
GET,g2-cf.africa.afso1.aws.indriverapp.com,/api/getpickuppoints
GET,g2-cf.cis.euce1.aws.indriverapp.com,/api/getpickuppoints
GET,g2-cf.mena.meso1.aws.indriverapp.com,/api/getpickuppoints
GET,g2-cf.usa.usea2.aws.indriverapp.com,/api/getpickuppoints
GET,terra-1.aws.indriverapp.com,/api/getpickuppoints
GET,terra-1.aws.indriverapp.com,/api/getpickuppoints
GET,terra-1.aws.indriverapp.com,/api/getpickuppoints
GET,terra-1.aws.indriverapp.com,/api/getpickuppoints
GET,terra.aws.indriverapp.com,/api/getpickuppoints
GET,terra.aws.indriverapp.com,/api/getpickuppoints
GET,terra.aws.indriverapp.com,/api/getpickuppoints
GET,terra.aws.indriverapp.com,/api/getpickuppoints
POST,g2-cf.africa.afso1.aws.indriverapp.com,/api/getaddresses
POST,g2-cf.cis.euce1.aws.indriverapp.com,/api/getaddresses
POST,g2-cf.eu.euce1.aws.indriverapp.com,/api/getaddresses
POST,g2-cf.latam.saea1.aws.indriverapp.com,/api/getaddresses
POST,g2-cf.mena.meso1.aws.indriverapp.com,/api/getaddresses
POST,g2-cf.sa.apso1.aws.indriverapp.com,/api/getaddresses
POST,g2-cf.sea.apse3.aws.indriverapp.com,/api/getaddresses
POST,geo2dev.eu-east-1.indriverapp.com,/api/getaddresses
POST,geo2dev.eu-east-1.indriverapp.com,/api/getaddresses
POST,geo2dev.eu-east-1.indriverapp.com,/api/getaddresses
POST,geo2dev.eu-east-1.indriverapp.com,/api/getaddresses
POST,geo2dev.eu-east-1.indriverapp.com,/api/getaddresses
POST,geo2dev.eu-east-1.indriverapp.com,/api/getaddresses
POST,geo2dev.eu-east-1.indriverapp.com,/api/getaddresses
POST,terra-1.aws.indriverapp.com,/api/getaddresses
POST,terra-1.aws.indriverapp.com,/api/getaddresses
POST,terra-1.aws.indriverapp.com,/api/getaddresses
POST,terra-1.aws.indriverapp.com,/api/getaddresses
POST,terra-1.aws.indriverapp.com,/api/getaddresses
POST,terra-1.aws.indriverapp.com,/api/getaddresses
POST,terra-1.aws.indriverapp.com,/api/getaddresses
POST,terra.aws.indriverapp.com,/api/getaddresses
POST,terra.aws.indriverapp.com,/api/getaddresses
POST,terra.aws.indriverapp.com,/api/getaddresses
POST,terra.aws.indriverapp.com,/api/getaddresses
POST,terra.aws.indriverapp.com,/api/getaddresses
POST,terra.aws.indriverapp.com,/api/getaddresses
POST,terra.aws.indriverapp.com,/api/getaddresses
GET,terra-1.aws.indriverapp.com,/api/getaddresses
GET,terra.aws.indriverapp.com,/api/getaddresses
POST,g2-cf.africa.afso1.aws.indriverapp.com,/api/getWayPoints
POST,g2-cf.cis.euce1.aws.indriverapp.com,/api/getWayPoints
POST,g2-cf.eu.euce1.aws.indriverapp.com,/api/getWayPoints
POST,g2-cf.latam.saea1.aws.indriverapp.com,/api/getWayPoints
POST,g2-cf.mena.meso1.aws.indriverapp.com,/api/getWayPoints
POST,g2-cf.sa.apso1.aws.indriverapp.com,/api/getWayPoints
POST,g2-cf.sea.apse3.aws.indriverapp.com,/api/getWayPoints
POST,geo2dev.eu-east-1.indriverapp.com,/api/getWayPoints
POST,geo2dev.eu-east-1.indriverapp.com,/api/getWayPoints
POST,geo2dev.eu-east-1.indriverapp.com,/api/getWayPoints
POST,geo2dev.eu-east-1.indriverapp.com,/api/getWayPoints
POST,geo2dev.eu-east-1.indriverapp.com,/api/getWayPoints
POST,geo2dev.eu-east-1.indriverapp.com,/api/getWayPoints
POST,geo2dev.eu-east-1.indriverapp.com,/api/getWayPoints
GET,g2-cf.africa.afso1.aws.indriverapp.com,/api/getAddresses
GET,g2-cf.cis.euce1.aws.indriverapp.com,/api/getAddresses
GET,g2-cf.eu.euce1.aws.indriverapp.com,/api/getAddresses
GET,g2-cf.latam.saea1.aws.indriverapp.com,/api/getAddresses
GET,g2-cf.mena.meso1.aws.indriverapp.com,/api/getAddresses
GET,g2-cf.sa.apso1.aws.indriverapp.com,/api/getAddresses
GET,g2-cf.sea.apse3.aws.indriverapp.com,/api/getAddresses
GET,g2-cf.usa.usea2.aws.indriverapp.com,/api/getAddresses
GET,geo2dev.eu-east-1.indriverapp.com,/api/getAddresses
GET,geo2dev.eu-east-1.indriverapp.com,/api/getAddresses
GET,geo2dev.eu-east-1.indriverapp.com,/api/getAddresses
GET,geo2dev.eu-east-1.indriverapp.com,/api/getAddresses
GET,geo2dev.eu-east-1.indriverapp.com,/api/getAddresses
GET,geo2dev.eu-east-1.indriverapp.com,/api/getAddresses
GET,geo2dev.eu-east-1.indriverapp.com,/api/getAddresses
GET,geo2dev.eu-east-1.indriverapp.com,/api/getAddresses
POST,g2-cf.africa.afso1.aws.indriverapp.com,/api/autocomplete
POST,g2-cf.cis.euce1.aws.indriverapp.com,/api/autocomplete
POST,g2-cf.eu.euce1.aws.indriverapp.com,/api/autocomplete
POST,g2-cf.latam.saea1.aws.indriverapp.com,/api/autocomplete
POST,g2-cf.mena.meso1.aws.indriverapp.com,/api/autocomplete
POST,g2-cf.sa.apso1.aws.indriverapp.com,/api/autocomplete
POST,g2-cf.sea.apse3.aws.indriverapp.com,/api/autocomplete
POST,geo2dev.eu-east-1.indriverapp.com,/api/autocomplete
POST,geo2dev.eu-east-1.indriverapp.com,/api/autocomplete
POST,geo2dev.eu-east-1.indriverapp.com,/api/autocomplete
POST,geo2dev.eu-east-1.indriverapp.com,/api/autocomplete
POST,geo2dev.eu-east-1.indriverapp.com,/api/autocomplete
POST,geo2dev.eu-east-1.indriverapp.com,/api/autocomplete
POST,geo2dev.eu-east-1.indriverapp.com,/api/autocomplete
POST,terra-1.aws.indriverapp.com,/api/autocomplete
POST,terra-1.aws.indriverapp.com,/api/autocomplete
POST,terra-1.aws.indriverapp.com,/api/autocomplete
POST,terra-1.aws.indriverapp.com,/api/autocomplete
POST,terra-1.aws.indriverapp.com,/api/autocomplete
POST,terra-1.aws.indriverapp.com,/api/autocomplete
POST,terra-1.aws.indriverapp.com,/api/autocomplete
POST,terra.aws.indriverapp.com,/api/autocomplete
POST,terra.aws.indriverapp.com,/api/autocomplete
POST,terra.aws.indriverapp.com,/api/autocomplete
POST,terra.aws.indriverapp.com,/api/autocomplete
POST,terra.aws.indriverapp.com,/api/autocomplete
POST,terra.aws.indriverapp.com,/api/autocomplete
POST,terra.aws.indriverapp.com,/api/autocomplete
GET,g2-cf.latam.saea1.aws.indriverapp.com,/api/areas
GET,g2-cf.mena.meso1.aws.indriverapp.com,/api/areas
GET,g2-cf.sa.apso1.aws.indriverapp.com,/api/areas
GET,g2-cf.sea.apse3.aws.indriverapp.com,/api/areas
GET,geo2dev.eu-east-1.indriverapp.com,/api/areas
GET,geo2dev.eu-east-1.indriverapp.com,/api/areas
GET,geo2dev.eu-east-1.indriverapp.com,/api/areas
GET,geo2dev.eu-east-1.indriverapp.com,/api/areas
POST,gt-cf.africa.afso1.aws.indriverapp.com,/v1/locations
POST,gt-cf.cis.euce1.aws.indriverapp.com,/v1/locations
POST,gt-cf.eu.euce1.aws.indriverapp.com,/v1/locations
POST,gt-cf.latam-br.saea1.aws.indriverapp.com,/v1/locations
POST,gt-cf.latam-co.saea1.aws.indriverapp.com,/v1/locations
POST,gt-cf.latam-mx.usea1.aws.indriverapp.com,/v1/locations
POST,gt-cf.latam-pe.saea1.aws.indriverapp.com,/v1/locations
POST,gt-cf.latam.saea1.aws.indriverapp.com,/v1/locations
POST,gt-cf.mena-eg.meso1.aws.indriverapp.com,/v1/locations
POST,gt-cf.mena.meso1.aws.indriverapp.com,/v1/locations
POST,gt-cf.sa-in.apso1.aws.indriverapp.com,/v1/locations
POST,gt-cf.sa.apso1.aws.indriverapp.com,/v1/locations
POST,gt-cf.sea.apse3.aws.indriverapp.com,/v1/locations
POST,gt-cf.usa.usea2.aws.indriverapp.com,/v1/locations
GET,file-storage-front.eu-east-1.indriverapp.com,/api/v1/files/4f540f2d-4d01-4406-8261-4c1c57b7f622
POST,fe-cf.cis.euce1.aws.indriverapp.com,/api/feed/v3/orders
POST,fe-cf.latam-pe.saea1.aws.indriverapp.com,/api/feed/v3/orders
POST,fe-cf.latam.saea1.aws.indriverapp.com,/api/feed/v3/orders
POST,fe-cf.sa.apso1.aws.indriverapp.com,/api/feed/v3/orders
POST,fe-cf.sea.apse3.aws.indriverapp.com,/api/feed/v3/orders
POST,fe-cf.latam-pe.saea1.aws.indriverapp.com,/api/feed/v2/orders
POST,fe-cf.latam.saea1.aws.indriverapp.com,/api/feed/v2/orders
POST,fe-cf.sa.apso1.aws.indriverapp.com,/api/feed/v2/orders
POST,fe-cf.sea.apse3.aws.indriverapp.com,/api/feed/v2/orders
POST,fe-cf.africa.afso1.aws.indriverapp.com,/api/feed/v1/orders
POST,fe-cf.cis.euce1.aws.indriverapp.com,/api/feed/v1/orders
POST,fe-cf.eu.euce1.aws.indriverapp.com,/api/feed/v1/orders
POST,fe-cf.latam-br.saea1.aws.indriverapp.com,/api/feed/v1/orders
POST,fe-cf.latam-co.saea1.aws.indriverapp.com,/api/feed/v1/orders
POST,fe-cf.latam-mx.usea1.aws.indriverapp.com,/api/feed/v1/orders
POST,fe-cf.latam-pe.saea1.aws.indriverapp.com,/api/feed/v1/orders
POST,fe-cf.latam.saea1.aws.indriverapp.com,/api/feed/v1/orders
POST,fe-cf.mena-eg.meso1.aws.indriverapp.com,/api/feed/v1/orders
POST,fe-cf.mena.meso1.aws.indriverapp.com,/api/feed/v1/orders
POST,fe-cf.sa-in.apso1.aws.indriverapp.com,/api/feed/v1/orders
POST,fe-cf.sa.apso1.aws.indriverapp.com,/api/feed/v1/orders
POST,fe-cf.sea.apse3.aws.indriverapp.com,/api/feed/v1/orders
GET,facechecker-api.eu-east-1.indriverapp.com,/api/v2/users/175678632/photocontrols
GET,facechecker-api.eu-east-1.indriverapp.com,/api/v1/photocontrol/status
GET,fch-cf.euce1.indriverapp.com,/api/v1/photocontrol/status
GET,facechecker-api.eu-east-1.indriverapp.com,/api/v1/photocontrol/screens
GET,fch-cf.euce1.indriverapp.com,/api/v1/photocontrol/screens
POST,facechecker-api.eu-east-1.indriverapp.com,/api/v1/photocontrol
POST,fch-cf.euce1.indriverapp.com,/api/v1/photocontrol
POST,es-cf.euce1.indriverapp.com,/v1/update
POST,external-sender.eu-east-1.indriverapp.com,/v1/update
GET,es-cf.euce1.indriverapp.com,/track
POST,external-sender.eu-east-1.indriverapp.com,/api/v1/user/data/update
GET,dh-cf.africa.afso1.aws.indriverapp.com,/api/v1/customer/deals/018fa5c2-0b40-7784-8dd0-2f5aa2af816b
GET,dh-cf.cis.euce1.aws.indriverapp.com,/api/v1/customer/deals/018fa5c2-0b40-7784-8dd0-2f5aa2af816b
GET,dh-cf.latam-br.saea1.aws.indriverapp.com,/api/v1/customer/deals/018fa5c2-0b40-7784-8dd0-2f5aa2af816b
GET,dh-cf.latam-co.saea1.aws.indriverapp.com,/api/v1/customer/deals/018fa5c2-0b40-7784-8dd0-2f5aa2af816b
GET,dh-cf.latam-mx.usea1.aws.indriverapp.com,/api/v1/customer/deals/018fa5c2-0b40-7784-8dd0-2f5aa2af816b
GET,dh-cf.latam-pe.saea1.aws.indriverapp.com,/api/v1/customer/deals/018fa5c2-0b40-7784-8dd0-2f5aa2af816b
GET,dh-cf.latam.saea1.aws.indriverapp.com,/api/v1/customer/deals/018fa5c2-0b40-7784-8dd0-2f5aa2af816b
GET,dh-cf.mena-eg.meso1.aws.indriverapp.com,/api/v1/customer/deals/018fa5c2-0b40-7784-8dd0-2f5aa2af816b
GET,dh-cf.mena.meso1.aws.indriverapp.com,/api/v1/customer/deals/018fa5c2-0b40-7784-8dd0-2f5aa2af816b
GET,dh-cf.sa-in.apso1.aws.indriverapp.com,/api/v1/customer/deals/018fa5c2-0b40-7784-8dd0-2f5aa2af816b
GET,dh-cf.sa.apso1.aws.indriverapp.com,/api/v1/customer/deals/018fa5c2-0b40-7784-8dd0-2f5aa2af816b
GET,dh-cf.sea.apse3.aws.indriverapp.com,/api/v1/customer/deals/018fa5c2-0b40-7784-8dd0-2f5aa2af816b
DELETE,dh-cf.africa.afso1.aws.indriverapp.com,/api/v1/customer/deals/018fa5c2-0b40-7784-8dd0-2f5aa2af816b
DELETE,dh-cf.cis.euce1.aws.indriverapp.com,/api/v1/customer/deals/018fa5c2-0b40-7784-8dd0-2f5aa2af816b
DELETE,dh-cf.latam-co.saea1.aws.indriverapp.com,/api/v1/customer/deals/018fa5c2-0b40-7784-8dd0-2f5aa2af816b
DELETE,dh-cf.latam-mx.usea1.aws.indriverapp.com,/api/v1/customer/deals/018fa5c2-0b40-7784-8dd0-2f5aa2af816b
DELETE,dh-cf.latam-pe.saea1.aws.indriverapp.com,/api/v1/customer/deals/018fa5c2-0b40-7784-8dd0-2f5aa2af816b
DELETE,dh-cf.latam.saea1.aws.indriverapp.com,/api/v1/customer/deals/018fa5c2-0b40-7784-8dd0-2f5aa2af816b
DELETE,dh-cf.mena-eg.meso1.aws.indriverapp.com,/api/v1/customer/deals/018fa5c2-0b40-7784-8dd0-2f5aa2af816b
DELETE,dh-cf.sa-in.apso1.aws.indriverapp.com,/api/v1/customer/deals/018fa5c2-0b40-7784-8dd0-2f5aa2af816b
DELETE,dh-cf.sa.apso1.aws.indriverapp.com,/api/v1/customer/deals/018fa5c2-0b40-7784-8dd0-2f5aa2af816b
DELETE,dh-cf.sea.apse3.aws.indriverapp.com,/api/v1/customer/deals/018fa5c2-0b40-7784-8dd0-2f5aa2af816b
GET,dh-cf.africa.afso1.aws.indriverapp.com,/api/v1/customer/deals
GET,dh-cf.cis.euce1.aws.indriverapp.com,/api/v1/customer/deals
GET,dh-cf.eu.euce1.aws.indriverapp.com,/api/v1/customer/deals
GET,dh-cf.latam-br.saea1.aws.indriverapp.com,/api/v1/customer/deals
GET,dh-cf.latam-co.saea1.aws.indriverapp.com,/api/v1/customer/deals
GET,dh-cf.latam-mx.usea1.aws.indriverapp.com,/api/v1/customer/deals
GET,dh-cf.latam-pe.saea1.aws.indriverapp.com,/api/v1/customer/deals
GET,dh-cf.latam.saea1.aws.indriverapp.com,/api/v1/customer/deals
GET,dh-cf.mena-eg.meso1.aws.indriverapp.com,/api/v1/customer/deals
GET,dh-cf.mena.meso1.aws.indriverapp.com,/api/v1/customer/deals
GET,dh-cf.sa-in.apso1.aws.indriverapp.com,/api/v1/customer/deals
GET,dh-cf.sa.apso1.aws.indriverapp.com,/api/v1/customer/deals
GET,dh-cf.sea.apse3.aws.indriverapp.com,/api/v1/customer/deals
GET,dh-cf.latam-pe.saea1.aws.indriverapp.com,/api/v1/contractor/deals/018fcbd8-a85a-795e-92ef-8e4d684a14b3
GET,dh-cf.africa.afso1.aws.indriverapp.com,/api/v1/contractor/deals
GET,dh-cf.cis.euce1.aws.indriverapp.com,/api/v1/contractor/deals
GET,dh-cf.eu.euce1.aws.indriverapp.com,/api/v1/contractor/deals
GET,dh-cf.latam-br.saea1.aws.indriverapp.com,/api/v1/contractor/deals
GET,dh-cf.latam-co.saea1.aws.indriverapp.com,/api/v1/contractor/deals
GET,dh-cf.latam-mx.usea1.aws.indriverapp.com,/api/v1/contractor/deals
GET,dh-cf.latam-pe.saea1.aws.indriverapp.com,/api/v1/contractor/deals
GET,dh-cf.latam.saea1.aws.indriverapp.com,/api/v1/contractor/deals
GET,dh-cf.mena-eg.meso1.aws.indriverapp.com,/api/v1/contractor/deals
GET,dh-cf.mena.meso1.aws.indriverapp.com,/api/v1/contractor/deals
GET,dh-cf.sa-in.apso1.aws.indriverapp.com,/api/v1/contractor/deals
GET,dh-cf.sa.apso1.aws.indriverapp.com,/api/v1/contractor/deals
GET,dh-cf.sea.apse3.aws.indriverapp.com,/api/v1/contractor/deals
GET,co-cf.africa.afso1.aws.indriverapp.com,/api/courier/v1/user/status
GET,co-cf.cis.euce1.aws.indriverapp.com,/api/courier/v1/user/status
GET,co-cf.latam-br.saea1.aws.indriverapp.com,/api/courier/v1/user/status
GET,co-cf.latam-co.saea1.aws.indriverapp.com,/api/courier/v1/user/status
GET,co-cf.latam-mx.usea1.aws.indriverapp.com,/api/courier/v1/user/status
GET,co-cf.latam-pe.saea1.aws.indriverapp.com,/api/courier/v1/user/status
GET,co-cf.latam.saea1.aws.indriverapp.com,/api/courier/v1/user/status
GET,co-cf.mena-eg.meso1.aws.indriverapp.com,/api/courier/v1/user/status
GET,co-cf.mena.meso1.aws.indriverapp.com,/api/courier/v1/user/status
GET,co-cf.sa-in.apso1.aws.indriverapp.com,/api/courier/v1/user/status
GET,co-cf.sa.apso1.aws.indriverapp.com,/api/courier/v1/user/status
GET,co-cf.sea.apse3.aws.indriverapp.com,/api/courier/v1/user/status
GET,courier-cf.africa.afso1.aws.indriverapp.com,/api/courier/v1/user/status
GET,courier-cf.cis.euce1.aws.indriverapp.com,/api/courier/v1/user/status
GET,courier-cf.latam-br.saea1.aws.indriverapp.com,/api/courier/v1/user/status
GET,courier-cf.latam-co.saea1.aws.indriverapp.com,/api/courier/v1/user/status
GET,courier-cf.latam-mx.usea1.aws.indriverapp.com,/api/courier/v1/user/status
GET,courier-cf.latam-pe.saea1.aws.indriverapp.com,/api/courier/v1/user/status
GET,courier-cf.latam.saea1.aws.indriverapp.com,/api/courier/v1/user/status
GET,courier-cf.mena-eg.meso1.aws.indriverapp.com,/api/courier/v1/user/status
GET,courier-cf.mena.meso1.aws.indriverapp.com,/api/courier/v1/user/status
GET,courier-cf.sa-in.apso1.aws.indriverapp.com,/api/courier/v1/user/status
GET,courier-cf.sa.apso1.aws.indriverapp.com,/api/courier/v1/user/status
GET,courier-cf.sea.apse3.aws.indriverapp.com,/api/courier/v1/user/status
GET,co-cf.sa-in.apso1.aws.indriverapp.com,/api/courier/v1/states/customer
GET,co-cf.africa.afso1.aws.indriverapp.com,/api/courier/v1/states/contractor
GET,co-cf.cis.euce1.aws.indriverapp.com,/api/courier/v1/states/contractor
GET,co-cf.eu.euce1.aws.indriverapp.com,/api/courier/v1/states/contractor
GET,co-cf.latam-br.saea1.aws.indriverapp.com,/api/courier/v1/states/contractor
GET,co-cf.latam-co.saea1.aws.indriverapp.com,/api/courier/v1/states/contractor
GET,co-cf.latam-mx.usea1.aws.indriverapp.com,/api/courier/v1/states/contractor
GET,co-cf.latam-pe.saea1.aws.indriverapp.com,/api/courier/v1/states/contractor
GET,co-cf.latam.saea1.aws.indriverapp.com,/api/courier/v1/states/contractor
GET,co-cf.mena-eg.meso1.aws.indriverapp.com,/api/courier/v1/states/contractor
GET,co-cf.mena.meso1.aws.indriverapp.com,/api/courier/v1/states/contractor
GET,co-cf.sa-in.apso1.aws.indriverapp.com,/api/courier/v1/states/contractor
GET,co-cf.sa.apso1.aws.indriverapp.com,/api/courier/v1/states/contractor
GET,co-cf.sea.apse3.aws.indriverapp.com,/api/courier/v1/states/contractor
GET,courier-cf.africa.afso1.aws.indriverapp.com,/api/courier/v1/states/contractor
GET,courier-cf.cis.euce1.aws.indriverapp.com,/api/courier/v1/states/contractor
GET,courier-cf.eu.euce1.aws.indriverapp.com,/api/courier/v1/states/contractor
GET,courier-cf.latam-br.saea1.aws.indriverapp.com,/api/courier/v1/states/contractor
GET,courier-cf.latam-co.saea1.aws.indriverapp.com,/api/courier/v1/states/contractor
GET,courier-cf.latam-mx.usea1.aws.indriverapp.com,/api/courier/v1/states/contractor
GET,courier-cf.latam-pe.saea1.aws.indriverapp.com,/api/courier/v1/states/contractor
GET,courier-cf.latam.saea1.aws.indriverapp.com,/api/courier/v1/states/contractor
GET,courier-cf.mena-eg.meso1.aws.indriverapp.com,/api/courier/v1/states/contractor
GET,courier-cf.mena.meso1.aws.indriverapp.com,/api/courier/v1/states/contractor
GET,courier-cf.sa-in.apso1.aws.indriverapp.com,/api/courier/v1/states/contractor
GET,courier-cf.sa.apso1.aws.indriverapp.com,/api/courier/v1/states/contractor
GET,courier-cf.sea.apse3.aws.indriverapp.com,/api/courier/v1/states/contractor
GET,co-cf.latam-br.saea1.aws.indriverapp.com,/api/courier/v1/settings/who
GET,co-cf.latam-co.saea1.aws.indriverapp.com,/api/courier/v1/settings/who
GET,co-cf.latam-mx.usea1.aws.indriverapp.com,/api/courier/v1/settings/who
GET,co-cf.latam-pe.saea1.aws.indriverapp.com,/api/courier/v1/settings/who
GET,co-cf.latam.saea1.aws.indriverapp.com,/api/courier/v1/settings/who
GET,co-cf.mena-eg.meso1.aws.indriverapp.com,/api/courier/v1/settings/who
GET,co-cf.mena.meso1.aws.indriverapp.com,/api/courier/v1/settings/who
GET,co-cf.africa.afso1.aws.indriverapp.com,/api/courier/v1/settings/feed
GET,co-cf.cis.euce1.aws.indriverapp.com,/api/courier/v1/settings/feed
GET,co-cf.eu.euce1.aws.indriverapp.com,/api/courier/v1/settings/feed
GET,co-cf.latam-br.saea1.aws.indriverapp.com,/api/courier/v1/settings/feed
GET,co-cf.latam-co.saea1.aws.indriverapp.com,/api/courier/v1/settings/feed
GET,co-cf.latam-mx.usea1.aws.indriverapp.com,/api/courier/v1/settings/feed
GET,co-cf.latam-pe.saea1.aws.indriverapp.com,/api/courier/v1/settings/feed
GET,co-cf.latam.saea1.aws.indriverapp.com,/api/courier/v1/settings/feed
GET,co-cf.mena-eg.meso1.aws.indriverapp.com,/api/courier/v1/settings/feed
GET,co-cf.mena.meso1.aws.indriverapp.com,/api/courier/v1/settings/feed
GET,co-cf.sa-in.apso1.aws.indriverapp.com,/api/courier/v1/settings/feed
GET,co-cf.sa.apso1.aws.indriverapp.com,/api/courier/v1/settings/feed
GET,co-cf.sea.apse3.aws.indriverapp.com,/api/courier/v1/settings/feed
GET,courier-cf.africa.afso1.aws.indriverapp.com,/api/courier/v1/settings/feed
GET,courier-cf.cis.euce1.aws.indriverapp.com,/api/courier/v1/settings/feed
GET,courier-cf.eu.euce1.aws.indriverapp.com,/api/courier/v1/settings/feed
GET,courier-cf.latam-br.saea1.aws.indriverapp.com,/api/courier/v1/settings/feed
GET,courier-cf.latam-co.saea1.aws.indriverapp.com,/api/courier/v1/settings/feed
GET,courier-cf.latam-mx.usea1.aws.indriverapp.com,/api/courier/v1/settings/feed
GET,courier-cf.latam-pe.saea1.aws.indriverapp.com,/api/courier/v1/settings/feed
GET,courier-cf.latam.saea1.aws.indriverapp.com,/api/courier/v1/settings/feed
GET,courier-cf.mena-eg.meso1.aws.indriverapp.com,/api/courier/v1/settings/feed
GET,courier-cf.mena.meso1.aws.indriverapp.com,/api/courier/v1/settings/feed
GET,courier-cf.sa-in.apso1.aws.indriverapp.com,/api/courier/v1/settings/feed
GET,courier-cf.sa.apso1.aws.indriverapp.com,/api/courier/v1/settings/feed
GET,courier-cf.sea.apse3.aws.indriverapp.com,/api/courier/v1/settings/feed
GET,co-cf.africa.afso1.aws.indriverapp.com,/api/courier/v1/settings/customer/payment-methods
GET,co-cf.cis.euce1.aws.indriverapp.com,/api/courier/v1/settings/customer/payment-methods
GET,co-cf.latam-br.saea1.aws.indriverapp.com,/api/courier/v1/settings/customer/payment-methods
GET,co-cf.latam-co.saea1.aws.indriverapp.com,/api/courier/v1/settings/customer/payment-methods
GET,co-cf.latam-mx.usea1.aws.indriverapp.com,/api/courier/v1/settings/customer/payment-methods
GET,co-cf.latam-pe.saea1.aws.indriverapp.com,/api/courier/v1/settings/customer/payment-methods
GET,co-cf.latam.saea1.aws.indriverapp.com,/api/courier/v1/settings/customer/payment-methods
GET,co-cf.mena-eg.meso1.aws.indriverapp.com,/api/courier/v1/settings/customer/payment-methods
GET,co-cf.mena.meso1.aws.indriverapp.com,/api/courier/v1/settings/customer/payment-methods
GET,co-cf.sa-in.apso1.aws.indriverapp.com,/api/courier/v1/settings/customer/payment-methods
GET,co-cf.sa.apso1.aws.indriverapp.com,/api/courier/v1/settings/customer/payment-methods
GET,co-cf.sea.apse3.aws.indriverapp.com,/api/courier/v1/settings/customer/payment-methods
GET,courier-cf.africa.afso1.aws.indriverapp.com,/api/courier/v1/settings/customer/payment-methods
GET,courier-cf.cis.euce1.aws.indriverapp.com,/api/courier/v1/settings/customer/payment-methods
GET,courier-cf.latam-br.saea1.aws.indriverapp.com,/api/courier/v1/settings/customer/payment-methods
GET,courier-cf.latam-co.saea1.aws.indriverapp.com,/api/courier/v1/settings/customer/payment-methods
GET,courier-cf.latam-mx.usea1.aws.indriverapp.com,/api/courier/v1/settings/customer/payment-methods
GET,courier-cf.latam-pe.saea1.aws.indriverapp.com,/api/courier/v1/settings/customer/payment-methods
GET,courier-cf.latam.saea1.aws.indriverapp.com,/api/courier/v1/settings/customer/payment-methods
GET,courier-cf.mena-eg.meso1.aws.indriverapp.com,/api/courier/v1/settings/customer/payment-methods
GET,courier-cf.mena.meso1.aws.indriverapp.com,/api/courier/v1/settings/customer/payment-methods
GET,courier-cf.sa-in.apso1.aws.indriverapp.com,/api/courier/v1/settings/customer/payment-methods
GET,courier-cf.sa.apso1.aws.indriverapp.com,/api/courier/v1/settings/customer/payment-methods
GET,courier-cf.sea.apse3.aws.indriverapp.com,/api/courier/v1/settings/customer/payment-methods
GET,co-cf.africa.afso1.aws.indriverapp.com,/api/courier/v1/settings/customer
GET,co-cf.cis.euce1.aws.indriverapp.com,/api/courier/v1/settings/customer
GET,co-cf.latam-br.saea1.aws.indriverapp.com,/api/courier/v1/settings/customer
GET,co-cf.latam-co.saea1.aws.indriverapp.com,/api/courier/v1/settings/customer
GET,co-cf.latam-mx.usea1.aws.indriverapp.com,/api/courier/v1/settings/customer
GET,co-cf.latam-pe.saea1.aws.indriverapp.com,/api/courier/v1/settings/customer
GET,co-cf.latam.saea1.aws.indriverapp.com,/api/courier/v1/settings/customer
GET,co-cf.mena-eg.meso1.aws.indriverapp.com,/api/courier/v1/settings/customer
GET,co-cf.mena.meso1.aws.indriverapp.com,/api/courier/v1/settings/customer
GET,co-cf.sa-in.apso1.aws.indriverapp.com,/api/courier/v1/settings/customer
GET,co-cf.sa.apso1.aws.indriverapp.com,/api/courier/v1/settings/customer
GET,co-cf.sea.apse3.aws.indriverapp.com,/api/courier/v1/settings/customer
GET,courier-cf.africa.afso1.aws.indriverapp.com,/api/courier/v1/settings/customer
GET,courier-cf.cis.euce1.aws.indriverapp.com,/api/courier/v1/settings/customer
GET,courier-cf.latam-br.saea1.aws.indriverapp.com,/api/courier/v1/settings/customer
GET,courier-cf.latam-co.saea1.aws.indriverapp.com,/api/courier/v1/settings/customer
GET,courier-cf.latam-mx.usea1.aws.indriverapp.com,/api/courier/v1/settings/customer
GET,courier-cf.latam-pe.saea1.aws.indriverapp.com,/api/courier/v1/settings/customer
GET,courier-cf.latam.saea1.aws.indriverapp.com,/api/courier/v1/settings/customer
GET,courier-cf.mena-eg.meso1.aws.indriverapp.com,/api/courier/v1/settings/customer
GET,courier-cf.mena.meso1.aws.indriverapp.com,/api/courier/v1/settings/customer
GET,courier-cf.sa-in.apso1.aws.indriverapp.com,/api/courier/v1/settings/customer
GET,courier-cf.sa.apso1.aws.indriverapp.com,/api/courier/v1/settings/customer
GET,courier-cf.sea.apse3.aws.indriverapp.com,/api/courier/v1/settings/customer
GET,co-cf.africa.afso1.aws.indriverapp.com,/api/courier/v1/settings/contractor/priority
GET,co-cf.cis.euce1.aws.indriverapp.com,/api/courier/v1/settings/contractor/priority
GET,co-cf.eu.euce1.aws.indriverapp.com,/api/courier/v1/settings/contractor/priority
GET,co-cf.latam-br.saea1.aws.indriverapp.com,/api/courier/v1/settings/contractor/priority
GET,co-cf.latam-co.saea1.aws.indriverapp.com,/api/courier/v1/settings/contractor/priority
GET,co-cf.latam-mx.usea1.aws.indriverapp.com,/api/courier/v1/settings/contractor/priority
GET,co-cf.latam-pe.saea1.aws.indriverapp.com,/api/courier/v1/settings/contractor/priority
GET,co-cf.latam.saea1.aws.indriverapp.com,/api/courier/v1/settings/contractor/priority
GET,co-cf.mena-eg.meso1.aws.indriverapp.com,/api/courier/v1/settings/contractor/priority
GET,co-cf.mena.meso1.aws.indriverapp.com,/api/courier/v1/settings/contractor/priority
GET,co-cf.sa-in.apso1.aws.indriverapp.com,/api/courier/v1/settings/contractor/priority
GET,co-cf.sa.apso1.aws.indriverapp.com,/api/courier/v1/settings/contractor/priority
GET,co-cf.sea.apse3.aws.indriverapp.com,/api/courier/v1/settings/contractor/priority
GET,courier-cf.africa.afso1.aws.indriverapp.com,/api/courier/v1/settings/contractor/priority
GET,courier-cf.cis.euce1.aws.indriverapp.com,/api/courier/v1/settings/contractor/priority
GET,courier-cf.eu.euce1.aws.indriverapp.com,/api/courier/v1/settings/contractor/priority
GET,courier-cf.latam-br.saea1.aws.indriverapp.com,/api/courier/v1/settings/contractor/priority
GET,courier-cf.latam-co.saea1.aws.indriverapp.com,/api/courier/v1/settings/contractor/priority
GET,courier-cf.latam-mx.usea1.aws.indriverapp.com,/api/courier/v1/settings/contractor/priority
GET,courier-cf.latam-pe.saea1.aws.indriverapp.com,/api/courier/v1/settings/contractor/priority
GET,courier-cf.latam.saea1.aws.indriverapp.com,/api/courier/v1/settings/contractor/priority
GET,courier-cf.mena-eg.meso1.aws.indriverapp.com,/api/courier/v1/settings/contractor/priority
GET,courier-cf.mena.meso1.aws.indriverapp.com,/api/courier/v1/settings/contractor/priority
GET,courier-cf.sa-in.apso1.aws.indriverapp.com,/api/courier/v1/settings/contractor/priority
GET,courier-cf.sa.apso1.aws.indriverapp.com,/api/courier/v1/settings/contractor/priority
GET,courier-cf.sea.apse3.aws.indriverapp.com,/api/courier/v1/settings/contractor/priority
GET,co-cf.africa.afso1.aws.indriverapp.com,/api/courier/v1/settings/contractor
GET,co-cf.cis.euce1.aws.indriverapp.com,/api/courier/v1/settings/contractor
GET,co-cf.latam-br.saea1.aws.indriverapp.com,/api/courier/v1/settings/contractor
GET,co-cf.latam-co.saea1.aws.indriverapp.com,/api/courier/v1/settings/contractor
GET,co-cf.latam-mx.usea1.aws.indriverapp.com,/api/courier/v1/settings/contractor
GET,co-cf.latam-pe.saea1.aws.indriverapp.com,/api/courier/v1/settings/contractor
GET,co-cf.latam.saea1.aws.indriverapp.com,/api/courier/v1/settings/contractor
GET,co-cf.mena-eg.meso1.aws.indriverapp.com,/api/courier/v1/settings/contractor
GET,co-cf.mena.meso1.aws.indriverapp.com,/api/courier/v1/settings/contractor
GET,co-cf.sa-in.apso1.aws.indriverapp.com,/api/courier/v1/settings/contractor
GET,co-cf.sa.apso1.aws.indriverapp.com,/api/courier/v1/settings/contractor
GET,co-cf.sea.apse3.aws.indriverapp.com,/api/courier/v1/settings/contractor
GET,courier-cf.africa.afso1.aws.indriverapp.com,/api/courier/v1/settings/contractor
GET,courier-cf.cis.euce1.aws.indriverapp.com,/api/courier/v1/settings/contractor
GET,courier-cf.latam-br.saea1.aws.indriverapp.com,/api/courier/v1/settings/contractor
GET,courier-cf.latam-co.saea1.aws.indriverapp.com,/api/courier/v1/settings/contractor
GET,courier-cf.latam-mx.usea1.aws.indriverapp.com,/api/courier/v1/settings/contractor
GET,courier-cf.latam-pe.saea1.aws.indriverapp.com,/api/courier/v1/settings/contractor
GET,courier-cf.latam.saea1.aws.indriverapp.com,/api/courier/v1/settings/contractor
GET,courier-cf.mena-eg.meso1.aws.indriverapp.com,/api/courier/v1/settings/contractor
GET,courier-cf.mena.meso1.aws.indriverapp.com,/api/courier/v1/settings/contractor
GET,courier-cf.sa-in.apso1.aws.indriverapp.com,/api/courier/v1/settings/contractor
GET,courier-cf.sa.apso1.aws.indriverapp.com,/api/courier/v1/settings/contractor
GET,courier-cf.sea.apse3.aws.indriverapp.com,/api/courier/v1/settings/contractor
GET,co-cf.cis.euce1.aws.indriverapp.com,/api/courier/v1/recipient-deliveries/018F4891-B1BE-7668-9506-81942BAB3914
GET,co-cf.latam-pe.saea1.aws.indriverapp.com,/api/courier/v1/recipient-deliveries/018F4891-B1BE-7668-9506-81942BAB3914
GET,co-cf.latam.saea1.aws.indriverapp.com,/api/courier/v1/recipient-deliveries/018F4891-B1BE-7668-9506-81942BAB3914
GET,co-cf.mena-eg.meso1.aws.indriverapp.com,/api/courier/v1/recipient-deliveries/018F4891-B1BE-7668-9506-81942BAB3914
GET,co-cf.sa-in.apso1.aws.indriverapp.com,/api/courier/v1/recipient-deliveries/018F4891-B1BE-7668-9506-81942BAB3914
GET,co-cf.sa.apso1.aws.indriverapp.com,/api/courier/v1/recipient-deliveries/018F4891-B1BE-7668-9506-81942BAB3914
GET,co-cf.sea.apse3.aws.indriverapp.com,/api/courier/v1/recipient-deliveries/018F4891-B1BE-7668-9506-81942BAB3914
GET,courier-cf.cis.euce1.aws.indriverapp.com,/api/courier/v1/recipient-deliveries/018F4891-B1BE-7668-9506-81942BAB3914
GET,courier-cf.latam-pe.saea1.aws.indriverapp.com,/api/courier/v1/recipient-deliveries/018F4891-B1BE-7668-9506-81942BAB3914
GET,courier-cf.latam.saea1.aws.indriverapp.com,/api/courier/v1/recipient-deliveries/018F4891-B1BE-7668-9506-81942BAB3914
GET,courier-cf.mena-eg.meso1.aws.indriverapp.com,/api/courier/v1/recipient-deliveries/018F4891-B1BE-7668-9506-81942BAB3914
GET,courier-cf.sa-in.apso1.aws.indriverapp.com,/api/courier/v1/recipient-deliveries/018F4891-B1BE-7668-9506-81942BAB3914
GET,courier-cf.sa.apso1.aws.indriverapp.com,/api/courier/v1/recipient-deliveries/018F4891-B1BE-7668-9506-81942BAB3914
GET,courier-cf.sea.apse3.aws.indriverapp.com,/api/courier/v1/recipient-deliveries/018F4891-B1BE-7668-9506-81942BAB3914
POST,co-cf.cis.euce1.aws.indriverapp.com,/api/courier/v1/orders/renewal
POST,co-cf.latam-mx.usea1.aws.indriverapp.com,/api/courier/v1/orders/renewal
POST,co-cf.mena-eg.meso1.aws.indriverapp.com,/api/courier/v1/orders/renewal
POST,co-cf.sa-in.apso1.aws.indriverapp.com,/api/courier/v1/orders/renewal
POST,co-cf.sea.apse3.aws.indriverapp.com,/api/courier/v1/orders/renewal
POST,courier-cf.cis.euce1.aws.indriverapp.com,/api/courier/v1/orders/renewal
POST,courier-cf.latam-mx.usea1.aws.indriverapp.com,/api/courier/v1/orders/renewal
POST,courier-cf.mena-eg.meso1.aws.indriverapp.com,/api/courier/v1/orders/renewal
POST,courier-cf.sa-in.apso1.aws.indriverapp.com,/api/courier/v1/orders/renewal
POST,courier-cf.sea.apse3.aws.indriverapp.com,/api/courier/v1/orders/renewal
GET,co-cf.africa.afso1.aws.indriverapp.com,/api/courier/v1/orders/018FCE27-1B93-7480-BA43-0C98C5D5666E
GET,co-cf.cis.euce1.aws.indriverapp.com,/api/courier/v1/orders/018FCE27-1B93-7480-BA43-0C98C5D5666E
GET,co-cf.latam-br.saea1.aws.indriverapp.com,/api/courier/v1/orders/018FCE27-1B93-7480-BA43-0C98C5D5666E
GET,co-cf.latam-co.saea1.aws.indriverapp.com,/api/courier/v1/orders/018FCE27-1B93-7480-BA43-0C98C5D5666E
GET,co-cf.latam-mx.usea1.aws.indriverapp.com,/api/courier/v1/orders/018FCE27-1B93-7480-BA43-0C98C5D5666E
GET,co-cf.latam-pe.saea1.aws.indriverapp.com,/api/courier/v1/orders/018FCE27-1B93-7480-BA43-0C98C5D5666E
GET,co-cf.latam.saea1.aws.indriverapp.com,/api/courier/v1/orders/018FCE27-1B93-7480-BA43-0C98C5D5666E
GET,co-cf.mena-eg.meso1.aws.indriverapp.com,/api/courier/v1/orders/018FCE27-1B93-7480-BA43-0C98C5D5666E
GET,co-cf.mena.meso1.aws.indriverapp.com,/api/courier/v1/orders/018FCE27-1B93-7480-BA43-0C98C5D5666E
GET,co-cf.sa-in.apso1.aws.indriverapp.com,/api/courier/v1/orders/018FCE27-1B93-7480-BA43-0C98C5D5666E
GET,co-cf.sea.apse3.aws.indriverapp.com,/api/courier/v1/orders/018FCE27-1B93-7480-BA43-0C98C5D5666E
GET,courier-cf.africa.afso1.aws.indriverapp.com,/api/courier/v1/orders/018FCE27-1B93-7480-BA43-0C98C5D5666E
GET,courier-cf.cis.euce1.aws.indriverapp.com,/api/courier/v1/orders/018FCE27-1B93-7480-BA43-0C98C5D5666E
GET,courier-cf.latam-br.saea1.aws.indriverapp.com,/api/courier/v1/orders/018FCE27-1B93-7480-BA43-0C98C5D5666E
GET,courier-cf.latam-co.saea1.aws.indriverapp.com,/api/courier/v1/orders/018FCE27-1B93-7480-BA43-0C98C5D5666E
GET,courier-cf.latam-mx.usea1.aws.indriverapp.com,/api/courier/v1/orders/018FCE27-1B93-7480-BA43-0C98C5D5666E
GET,courier-cf.latam-pe.saea1.aws.indriverapp.com,/api/courier/v1/orders/018FCE27-1B93-7480-BA43-0C98C5D5666E
GET,courier-cf.latam.saea1.aws.indriverapp.com,/api/courier/v1/orders/018FCE27-1B93-7480-BA43-0C98C5D5666E
GET,courier-cf.mena-eg.meso1.aws.indriverapp.com,/api/courier/v1/orders/018FCE27-1B93-7480-BA43-0C98C5D5666E
GET,courier-cf.mena.meso1.aws.indriverapp.com,/api/courier/v1/orders/018FCE27-1B93-7480-BA43-0C98C5D5666E
GET,courier-cf.sa-in.apso1.aws.indriverapp.com,/api/courier/v1/orders/018FCE27-1B93-7480-BA43-0C98C5D5666E
GET,courier-cf.sea.apse3.aws.indriverapp.com,/api/courier/v1/orders/018FCE27-1B93-7480-BA43-0C98C5D5666E
DELETE,co-cf.sa.apso1.aws.indriverapp.com,/api/courier/v1/orders
POST,co-cf.latam-pe.saea1.aws.indriverapp.com,/api/courier/v1/locations
POST,co-cf.sea.apse3.aws.indriverapp.com,/api/courier/v1/locations
GET,co-cf.africa.afso1.aws.indriverapp.com,/api/courier/v1/locations
GET,co-cf.cis.euce1.aws.indriverapp.com,/api/courier/v1/locations
GET,co-cf.latam-br.saea1.aws.indriverapp.com,/api/courier/v1/locations
GET,co-cf.latam-co.saea1.aws.indriverapp.com,/api/courier/v1/locations
GET,co-cf.latam-mx.usea1.aws.indriverapp.com,/api/courier/v1/locations
GET,co-cf.latam.saea1.aws.indriverapp.com,/api/courier/v1/locations
GET,co-cf.mena-eg.meso1.aws.indriverapp.com,/api/courier/v1/locations
GET,co-cf.mena.meso1.aws.indriverapp.com,/api/courier/v1/locations
GET,co-cf.sa-in.apso1.aws.indriverapp.com,/api/courier/v1/locations
GET,co-cf.sa.apso1.aws.indriverapp.com,/api/courier/v1/locations
GET,courier-cf.africa.afso1.aws.indriverapp.com,/api/courier/v1/locations
GET,courier-cf.cis.euce1.aws.indriverapp.com,/api/courier/v1/locations
GET,courier-cf.latam-br.saea1.aws.indriverapp.com,/api/courier/v1/locations
GET,courier-cf.latam-co.saea1.aws.indriverapp.com,/api/courier/v1/locations
GET,courier-cf.latam-mx.usea1.aws.indriverapp.com,/api/courier/v1/locations
GET,courier-cf.latam.saea1.aws.indriverapp.com,/api/courier/v1/locations
GET,courier-cf.mena-eg.meso1.aws.indriverapp.com,/api/courier/v1/locations
GET,courier-cf.mena.meso1.aws.indriverapp.com,/api/courier/v1/locations
GET,courier-cf.sa-in.apso1.aws.indriverapp.com,/api/courier/v1/locations
GET,courier-cf.sa.apso1.aws.indriverapp.com,/api/courier/v1/locations
GET,co-cf.cis.euce1.aws.indriverapp.com,/api/courier/v1/jobs/44eb1983-27ea-46f4-ad5b-b377e04d94c7
GET,co-cf.latam-br.saea1.aws.indriverapp.com,/api/courier/v1/jobs/44eb1983-27ea-46f4-ad5b-b377e04d94c7
GET,co-cf.latam-co.saea1.aws.indriverapp.com,/api/courier/v1/jobs/44eb1983-27ea-46f4-ad5b-b377e04d94c7
GET,co-cf.latam-mx.usea1.aws.indriverapp.com,/api/courier/v1/jobs/44eb1983-27ea-46f4-ad5b-b377e04d94c7
GET,co-cf.latam-pe.saea1.aws.indriverapp.com,/api/courier/v1/jobs/44eb1983-27ea-46f4-ad5b-b377e04d94c7
GET,co-cf.latam.saea1.aws.indriverapp.com,/api/courier/v1/jobs/44eb1983-27ea-46f4-ad5b-b377e04d94c7
GET,co-cf.mena-eg.meso1.aws.indriverapp.com,/api/courier/v1/jobs/44eb1983-27ea-46f4-ad5b-b377e04d94c7
GET,co-cf.mena.meso1.aws.indriverapp.com,/api/courier/v1/jobs/44eb1983-27ea-46f4-ad5b-b377e04d94c7
GET,co-cf.sa.apso1.aws.indriverapp.com,/api/courier/v1/jobs/44eb1983-27ea-46f4-ad5b-b377e04d94c7
GET,co-cf.sea.apse3.aws.indriverapp.com,/api/courier/v1/jobs/44eb1983-27ea-46f4-ad5b-b377e04d94c7
GET,courier-cf.cis.euce1.aws.indriverapp.com,/api/courier/v1/jobs/44eb1983-27ea-46f4-ad5b-b377e04d94c7
GET,courier-cf.latam-br.saea1.aws.indriverapp.com,/api/courier/v1/jobs/44eb1983-27ea-46f4-ad5b-b377e04d94c7
GET,courier-cf.latam-co.saea1.aws.indriverapp.com,/api/courier/v1/jobs/44eb1983-27ea-46f4-ad5b-b377e04d94c7
GET,courier-cf.latam-mx.usea1.aws.indriverapp.com,/api/courier/v1/jobs/44eb1983-27ea-46f4-ad5b-b377e04d94c7
GET,courier-cf.latam-pe.saea1.aws.indriverapp.com,/api/courier/v1/jobs/44eb1983-27ea-46f4-ad5b-b377e04d94c7
GET,courier-cf.latam.saea1.aws.indriverapp.com,/api/courier/v1/jobs/44eb1983-27ea-46f4-ad5b-b377e04d94c7
GET,courier-cf.mena-eg.meso1.aws.indriverapp.com,/api/courier/v1/jobs/44eb1983-27ea-46f4-ad5b-b377e04d94c7
GET,courier-cf.mena.meso1.aws.indriverapp.com,/api/courier/v1/jobs/44eb1983-27ea-46f4-ad5b-b377e04d94c7
GET,courier-cf.sa.apso1.aws.indriverapp.com,/api/courier/v1/jobs/44eb1983-27ea-46f4-ad5b-b377e04d94c7
GET,courier-cf.sea.apse3.aws.indriverapp.com,/api/courier/v1/jobs/44eb1983-27ea-46f4-ad5b-b377e04d94c7
POST,co-cf.latam-mx.usea1.aws.indriverapp.com,/api/courier/v1/geo/directions
POST,co-cf.latam.saea1.aws.indriverapp.com,/api/courier/v1/geo/directions
GET,co-cf.africa.afso1.aws.indriverapp.com,/api/courier/v1/geo/directions
GET,co-cf.cis.euce1.aws.indriverapp.com,/api/courier/v1/geo/directions
GET,co-cf.latam-br.saea1.aws.indriverapp.com,/api/courier/v1/geo/directions
GET,co-cf.latam-co.saea1.aws.indriverapp.com,/api/courier/v1/geo/directions
GET,co-cf.latam-pe.saea1.aws.indriverapp.com,/api/courier/v1/geo/directions
GET,co-cf.mena-eg.meso1.aws.indriverapp.com,/api/courier/v1/geo/directions
GET,co-cf.mena.meso1.aws.indriverapp.com,/api/courier/v1/geo/directions
GET,co-cf.sa-in.apso1.aws.indriverapp.com,/api/courier/v1/geo/directions
GET,co-cf.sa.apso1.aws.indriverapp.com,/api/courier/v1/geo/directions
GET,co-cf.sea.apse3.aws.indriverapp.com,/api/courier/v1/geo/directions
GET,courier-cf.africa.afso1.aws.indriverapp.com,/api/courier/v1/geo/directions
GET,courier-cf.cis.euce1.aws.indriverapp.com,/api/courier/v1/geo/directions
GET,courier-cf.latam-br.saea1.aws.indriverapp.com,/api/courier/v1/geo/directions
GET,courier-cf.latam-co.saea1.aws.indriverapp.com,/api/courier/v1/geo/directions
GET,courier-cf.latam-pe.saea1.aws.indriverapp.com,/api/courier/v1/geo/directions
GET,courier-cf.mena-eg.meso1.aws.indriverapp.com,/api/courier/v1/geo/directions
GET,courier-cf.mena.meso1.aws.indriverapp.com,/api/courier/v1/geo/directions
GET,courier-cf.sa-in.apso1.aws.indriverapp.com,/api/courier/v1/geo/directions
GET,courier-cf.sa.apso1.aws.indriverapp.com,/api/courier/v1/geo/directions
GET,courier-cf.sea.apse3.aws.indriverapp.com,/api/courier/v1/geo/directions
POST,co-cf.africa.afso1.aws.indriverapp.com,/api/courier/v1/customer/recprice/get
POST,co-cf.cis.euce1.aws.indriverapp.com,/api/courier/v1/customer/recprice/get
POST,co-cf.latam-br.saea1.aws.indriverapp.com,/api/courier/v1/customer/recprice/get
POST,co-cf.latam-co.saea1.aws.indriverapp.com,/api/courier/v1/customer/recprice/get
POST,co-cf.latam-mx.usea1.aws.indriverapp.com,/api/courier/v1/customer/recprice/get
POST,co-cf.latam-pe.saea1.aws.indriverapp.com,/api/courier/v1/customer/recprice/get
POST,co-cf.latam.saea1.aws.indriverapp.com,/api/courier/v1/customer/recprice/get
POST,co-cf.mena-eg.meso1.aws.indriverapp.com,/api/courier/v1/customer/recprice/get
POST,co-cf.mena.meso1.aws.indriverapp.com,/api/courier/v1/customer/recprice/get
POST,co-cf.sa-in.apso1.aws.indriverapp.com,/api/courier/v1/customer/recprice/get
POST,co-cf.sa.apso1.aws.indriverapp.com,/api/courier/v1/customer/recprice/get
POST,co-cf.sea.apse3.aws.indriverapp.com,/api/courier/v1/customer/recprice/get
POST,courier-cf.africa.afso1.aws.indriverapp.com,/api/courier/v1/customer/recprice/get
POST,courier-cf.cis.euce1.aws.indriverapp.com,/api/courier/v1/customer/recprice/get
POST,courier-cf.latam-br.saea1.aws.indriverapp.com,/api/courier/v1/customer/recprice/get
POST,courier-cf.latam-co.saea1.aws.indriverapp.com,/api/courier/v1/customer/recprice/get
POST,courier-cf.latam-mx.usea1.aws.indriverapp.com,/api/courier/v1/customer/recprice/get
POST,courier-cf.latam-pe.saea1.aws.indriverapp.com,/api/courier/v1/customer/recprice/get
POST,courier-cf.latam.saea1.aws.indriverapp.com,/api/courier/v1/customer/recprice/get
POST,courier-cf.mena-eg.meso1.aws.indriverapp.com,/api/courier/v1/customer/recprice/get
POST,courier-cf.mena.meso1.aws.indriverapp.com,/api/courier/v1/customer/recprice/get
POST,courier-cf.sa-in.apso1.aws.indriverapp.com,/api/courier/v1/customer/recprice/get
POST,courier-cf.sa.apso1.aws.indriverapp.com,/api/courier/v1/customer/recprice/get
POST,courier-cf.sea.apse3.aws.indriverapp.com,/api/courier/v1/customer/recprice/get
GET,co-cf.mena-eg.meso1.aws.indriverapp.com,/api/courier/v1/customer-orders/history
GET,co-cf.sea.apse3.aws.indriverapp.com,/api/courier/v1/customer-orders/history
PATCH,co-cf.latam-mx.usea1.aws.indriverapp.com,/api/courier/v1/customer-deliveries/0190630d-7595-7431-a4e6-33e03e9e5b10/details
GET,co-cf.africa.afso1.aws.indriverapp.com,/api/courier/v1/customer-deliveries/018fcbcf-79d6-7432-924b-8c61db28ec78
GET,co-cf.cis.euce1.aws.indriverapp.com,/api/courier/v1/customer-deliveries/018fcbcf-79d6-7432-924b-8c61db28ec78
GET,co-cf.latam-br.saea1.aws.indriverapp.com,/api/courier/v1/customer-deliveries/018fcbcf-79d6-7432-924b-8c61db28ec78
GET,co-cf.latam-co.saea1.aws.indriverapp.com,/api/courier/v1/customer-deliveries/018fcbcf-79d6-7432-924b-8c61db28ec78
GET,co-cf.latam-mx.usea1.aws.indriverapp.com,/api/courier/v1/customer-deliveries/018fcbcf-79d6-7432-924b-8c61db28ec78
GET,co-cf.latam-pe.saea1.aws.indriverapp.com,/api/courier/v1/customer-deliveries/018fcbcf-79d6-7432-924b-8c61db28ec78
GET,co-cf.latam.saea1.aws.indriverapp.com,/api/courier/v1/customer-deliveries/018fcbcf-79d6-7432-924b-8c61db28ec78
GET,co-cf.mena-eg.meso1.aws.indriverapp.com,/api/courier/v1/customer-deliveries/018fcbcf-79d6-7432-924b-8c61db28ec78
GET,co-cf.mena.meso1.aws.indriverapp.com,/api/courier/v1/customer-deliveries/018fcbcf-79d6-7432-924b-8c61db28ec78
GET,co-cf.sa-in.apso1.aws.indriverapp.com,/api/courier/v1/customer-deliveries/018fcbcf-79d6-7432-924b-8c61db28ec78
GET,co-cf.sa.apso1.aws.indriverapp.com,/api/courier/v1/customer-deliveries/018fcbcf-79d6-7432-924b-8c61db28ec78
GET,co-cf.sea.apse3.aws.indriverapp.com,/api/courier/v1/customer-deliveries/018fcbcf-79d6-7432-924b-8c61db28ec78
GET,courier-cf.africa.afso1.aws.indriverapp.com,/api/courier/v1/customer-deliveries/018fcbcf-79d6-7432-924b-8c61db28ec78
GET,courier-cf.cis.euce1.aws.indriverapp.com,/api/courier/v1/customer-deliveries/018fcbcf-79d6-7432-924b-8c61db28ec78
GET,courier-cf.latam-br.saea1.aws.indriverapp.com,/api/courier/v1/customer-deliveries/018fcbcf-79d6-7432-924b-8c61db28ec78
GET,courier-cf.latam-co.saea1.aws.indriverapp.com,/api/courier/v1/customer-deliveries/018fcbcf-79d6-7432-924b-8c61db28ec78
GET,courier-cf.latam-mx.usea1.aws.indriverapp.com,/api/courier/v1/customer-deliveries/018fcbcf-79d6-7432-924b-8c61db28ec78
GET,courier-cf.latam-pe.saea1.aws.indriverapp.com,/api/courier/v1/customer-deliveries/018fcbcf-79d6-7432-924b-8c61db28ec78
GET,courier-cf.latam.saea1.aws.indriverapp.com,/api/courier/v1/customer-deliveries/018fcbcf-79d6-7432-924b-8c61db28ec78
GET,courier-cf.mena-eg.meso1.aws.indriverapp.com,/api/courier/v1/customer-deliveries/018fcbcf-79d6-7432-924b-8c61db28ec78
GET,courier-cf.mena.meso1.aws.indriverapp.com,/api/courier/v1/customer-deliveries/018fcbcf-79d6-7432-924b-8c61db28ec78
GET,courier-cf.sa-in.apso1.aws.indriverapp.com,/api/courier/v1/customer-deliveries/018fcbcf-79d6-7432-924b-8c61db28ec78
GET,courier-cf.sa.apso1.aws.indriverapp.com,/api/courier/v1/customer-deliveries/018fcbcf-79d6-7432-924b-8c61db28ec78
GET,courier-cf.sea.apse3.aws.indriverapp.com,/api/courier/v1/customer-deliveries/018fcbcf-79d6-7432-924b-8c61db28ec78
POST,co-cf.latam-br.saea1.aws.indriverapp.com,/api/courier/v1/customer-deliveries/018fc5d7-3a74-7e38-b26b-7db3d221b7b2/reviews
POST,co-cf.latam-co.saea1.aws.indriverapp.com,/api/courier/v1/customer-deliveries/018fc5d7-3a74-7e38-b26b-7db3d221b7b2/reviews
POST,co-cf.latam-mx.usea1.aws.indriverapp.com,/api/courier/v1/customer-deliveries/018fc5d7-3a74-7e38-b26b-7db3d221b7b2/reviews
POST,co-cf.mena-eg.meso1.aws.indriverapp.com,/api/courier/v1/customer-deliveries/018fc5d7-3a74-7e38-b26b-7db3d221b7b2/reviews
GET,co-cf.africa.afso1.aws.indriverapp.com,/api/courier/v1/customer-active-orders/banner
GET,co-cf.cis.euce1.aws.indriverapp.com,/api/courier/v1/customer-active-orders/banner
GET,co-cf.eu.euce1.aws.indriverapp.com,/api/courier/v1/customer-active-orders/banner
GET,co-cf.latam-br.saea1.aws.indriverapp.com,/api/courier/v1/customer-active-orders/banner
GET,co-cf.latam-co.saea1.aws.indriverapp.com,/api/courier/v1/customer-active-orders/banner
GET,co-cf.latam-mx.usea1.aws.indriverapp.com,/api/courier/v1/customer-active-orders/banner
GET,co-cf.latam-pe.saea1.aws.indriverapp.com,/api/courier/v1/customer-active-orders/banner
GET,co-cf.latam.saea1.aws.indriverapp.com,/api/courier/v1/customer-active-orders/banner
GET,co-cf.mena-eg.meso1.aws.indriverapp.com,/api/courier/v1/customer-active-orders/banner
GET,co-cf.mena.meso1.aws.indriverapp.com,/api/courier/v1/customer-active-orders/banner
GET,co-cf.sa-in.apso1.aws.indriverapp.com,/api/courier/v1/customer-active-orders/banner
GET,co-cf.sa.apso1.aws.indriverapp.com,/api/courier/v1/customer-active-orders/banner
GET,co-cf.sea.apse3.aws.indriverapp.com,/api/courier/v1/customer-active-orders/banner
GET,courier-cf.africa.afso1.aws.indriverapp.com,/api/courier/v1/customer-active-orders/banner
GET,courier-cf.cis.euce1.aws.indriverapp.com,/api/courier/v1/customer-active-orders/banner
GET,courier-cf.eu.euce1.aws.indriverapp.com,/api/courier/v1/customer-active-orders/banner
GET,courier-cf.latam-br.saea1.aws.indriverapp.com,/api/courier/v1/customer-active-orders/banner
GET,courier-cf.latam-co.saea1.aws.indriverapp.com,/api/courier/v1/customer-active-orders/banner
GET,courier-cf.latam-mx.usea1.aws.indriverapp.com,/api/courier/v1/customer-active-orders/banner
GET,courier-cf.latam-pe.saea1.aws.indriverapp.com,/api/courier/v1/customer-active-orders/banner
GET,courier-cf.latam.saea1.aws.indriverapp.com,/api/courier/v1/customer-active-orders/banner
GET,courier-cf.mena-eg.meso1.aws.indriverapp.com,/api/courier/v1/customer-active-orders/banner
GET,courier-cf.mena.meso1.aws.indriverapp.com,/api/courier/v1/customer-active-orders/banner
GET,courier-cf.sa-in.apso1.aws.indriverapp.com,/api/courier/v1/customer-active-orders/banner
GET,courier-cf.sa.apso1.aws.indriverapp.com,/api/courier/v1/customer-active-orders/banner
GET,courier-cf.sea.apse3.aws.indriverapp.com,/api/courier/v1/customer-active-orders/banner
GET,co-cf.africa.afso1.aws.indriverapp.com,/api/courier/v1/customer-active-orders
GET,co-cf.cis.euce1.aws.indriverapp.com,/api/courier/v1/customer-active-orders
GET,co-cf.latam-mx.usea1.aws.indriverapp.com,/api/courier/v1/customer-active-orders
GET,co-cf.sa.apso1.aws.indriverapp.com,/api/courier/v1/customer-active-orders
GET,co-cf.sea.apse3.aws.indriverapp.com,/api/courier/v1/customer-active-orders
GET,courier-cf.africa.afso1.aws.indriverapp.com,/api/courier/v1/customer-active-orders
GET,courier-cf.cis.euce1.aws.indriverapp.com,/api/courier/v1/customer-active-orders
GET,courier-cf.latam-mx.usea1.aws.indriverapp.com,/api/courier/v1/customer-active-orders
GET,courier-cf.sa.apso1.aws.indriverapp.com,/api/courier/v1/customer-active-orders
GET,courier-cf.sea.apse3.aws.indriverapp.com,/api/courier/v1/customer-active-orders
POST,co-cf.africa.afso1.aws.indriverapp.com,/api/courier/v1/contractor-orders/018fab2d-3f13-7288-b1ad-7a63523165cf/bids
POST,co-cf.latam-br.saea1.aws.indriverapp.com,/api/courier/v1/contractor-orders/018fab2d-3f13-7288-b1ad-7a63523165cf/bids
POST,co-cf.latam-co.saea1.aws.indriverapp.com,/api/courier/v1/contractor-orders/018fab2d-3f13-7288-b1ad-7a63523165cf/bids
POST,co-cf.latam-mx.usea1.aws.indriverapp.com,/api/courier/v1/contractor-orders/018fab2d-3f13-7288-b1ad-7a63523165cf/bids
POST,co-cf.latam-pe.saea1.aws.indriverapp.com,/api/courier/v1/contractor-orders/018fab2d-3f13-7288-b1ad-7a63523165cf/bids
POST,co-cf.latam.saea1.aws.indriverapp.com,/api/courier/v1/contractor-orders/018fab2d-3f13-7288-b1ad-7a63523165cf/bids
POST,co-cf.mena-eg.meso1.aws.indriverapp.com,/api/courier/v1/contractor-orders/018fab2d-3f13-7288-b1ad-7a63523165cf/bids
POST,co-cf.mena.meso1.aws.indriverapp.com,/api/courier/v1/contractor-orders/018fab2d-3f13-7288-b1ad-7a63523165cf/bids
POST,co-cf.sa-in.apso1.aws.indriverapp.com,/api/courier/v1/contractor-orders/018fab2d-3f13-7288-b1ad-7a63523165cf/bids
POST,co-cf.sa.apso1.aws.indriverapp.com,/api/courier/v1/contractor-orders/018fab2d-3f13-7288-b1ad-7a63523165cf/bids
POST,co-cf.sea.apse3.aws.indriverapp.com,/api/courier/v1/contractor-orders/018fab2d-3f13-7288-b1ad-7a63523165cf/bids
GET,co-cf.africa.afso1.aws.indriverapp.com,/api/courier/v1/contractor-orders/018fab2c-898a-7ae5-b1cf-ec67b8bc76e1
GET,co-cf.cis.euce1.aws.indriverapp.com,/api/courier/v1/contractor-orders/018fab2c-898a-7ae5-b1cf-ec67b8bc76e1
GET,co-cf.latam-br.saea1.aws.indriverapp.com,/api/courier/v1/contractor-orders/018fab2c-898a-7ae5-b1cf-ec67b8bc76e1
GET,co-cf.latam-co.saea1.aws.indriverapp.com,/api/courier/v1/contractor-orders/018fab2c-898a-7ae5-b1cf-ec67b8bc76e1
GET,co-cf.latam-mx.usea1.aws.indriverapp.com,/api/courier/v1/contractor-orders/018fab2c-898a-7ae5-b1cf-ec67b8bc76e1
GET,co-cf.latam-pe.saea1.aws.indriverapp.com,/api/courier/v1/contractor-orders/018fab2c-898a-7ae5-b1cf-ec67b8bc76e1
GET,co-cf.latam.saea1.aws.indriverapp.com,/api/courier/v1/contractor-orders/018fab2c-898a-7ae5-b1cf-ec67b8bc76e1
GET,co-cf.mena-eg.meso1.aws.indriverapp.com,/api/courier/v1/contractor-orders/018fab2c-898a-7ae5-b1cf-ec67b8bc76e1
GET,co-cf.mena.meso1.aws.indriverapp.com,/api/courier/v1/contractor-orders/018fab2c-898a-7ae5-b1cf-ec67b8bc76e1
GET,co-cf.sa-in.apso1.aws.indriverapp.com,/api/courier/v1/contractor-orders/018fab2c-898a-7ae5-b1cf-ec67b8bc76e1
GET,co-cf.sa.apso1.aws.indriverapp.com,/api/courier/v1/contractor-orders/018fab2c-898a-7ae5-b1cf-ec67b8bc76e1
GET,co-cf.sea.apse3.aws.indriverapp.com,/api/courier/v1/contractor-orders/018fab2c-898a-7ae5-b1cf-ec67b8bc76e1
GET,courier-cf.africa.afso1.aws.indriverapp.com,/api/courier/v1/contractor-orders/018fab2c-898a-7ae5-b1cf-ec67b8bc76e1
GET,courier-cf.cis.euce1.aws.indriverapp.com,/api/courier/v1/contractor-orders/018fab2c-898a-7ae5-b1cf-ec67b8bc76e1
GET,courier-cf.latam-br.saea1.aws.indriverapp.com,/api/courier/v1/contractor-orders/018fab2c-898a-7ae5-b1cf-ec67b8bc76e1
GET,courier-cf.latam-co.saea1.aws.indriverapp.com,/api/courier/v1/contractor-orders/018fab2c-898a-7ae5-b1cf-ec67b8bc76e1
GET,courier-cf.latam-mx.usea1.aws.indriverapp.com,/api/courier/v1/contractor-orders/018fab2c-898a-7ae5-b1cf-ec67b8bc76e1
GET,courier-cf.latam-pe.saea1.aws.indriverapp.com,/api/courier/v1/contractor-orders/018fab2c-898a-7ae5-b1cf-ec67b8bc76e1
GET,courier-cf.latam.saea1.aws.indriverapp.com,/api/courier/v1/contractor-orders/018fab2c-898a-7ae5-b1cf-ec67b8bc76e1
GET,courier-cf.mena-eg.meso1.aws.indriverapp.com,/api/courier/v1/contractor-orders/018fab2c-898a-7ae5-b1cf-ec67b8bc76e1
GET,courier-cf.mena.meso1.aws.indriverapp.com,/api/courier/v1/contractor-orders/018fab2c-898a-7ae5-b1cf-ec67b8bc76e1
GET,courier-cf.sa-in.apso1.aws.indriverapp.com,/api/courier/v1/contractor-orders/018fab2c-898a-7ae5-b1cf-ec67b8bc76e1
GET,courier-cf.sa.apso1.aws.indriverapp.com,/api/courier/v1/contractor-orders/018fab2c-898a-7ae5-b1cf-ec67b8bc76e1
GET,courier-cf.sea.apse3.aws.indriverapp.com,/api/courier/v1/contractor-orders/018fab2c-898a-7ae5-b1cf-ec67b8bc76e1
POST,co-cf.latam-mx.usea1.aws.indriverapp.com,/api/courier/v1/contractor-deliveries/018fbe9c-1d57-7f8e-8871-5abb0d711e5c/package-photo
POST,co-cf.latam-pe.saea1.aws.indriverapp.com,/api/courier/v1/contractor-deliveries/018fbe9c-1d57-7f8e-8871-5abb0d711e5c/package-photo
GET,co-cf.latam.saea1.aws.indriverapp.com,/api/courier/v1/contractor-deliveries/018fbe9c-1d57-7f8e-8871-5abb0d711e5c
POST,co-cf.latam-mx.usea1.aws.indriverapp.com,/api/courier/v1/contractor-deliveries/018fab21-e3c8-7f2a-aed3-2583b434b958/reviews
POST,co-cf.latam-pe.saea1.aws.indriverapp.com,/api/courier/v1/contractor-deliveries/018fab21-e3c8-7f2a-aed3-2583b434b958/reviews
POST,co-cf.latam.saea1.aws.indriverapp.com,/api/courier/v1/contractor-deliveries/018fab21-e3c8-7f2a-aed3-2583b434b958/reviews
POST,co-cf.mena-eg.meso1.aws.indriverapp.com,/api/courier/v1/contractor-deliveries/018fab21-e3c8-7f2a-aed3-2583b434b958/reviews
GET,co-cf.africa.afso1.aws.indriverapp.com,/api/courier/v1/contractor-deliveries
GET,co-cf.cis.euce1.aws.indriverapp.com,/api/courier/v1/contractor-deliveries
GET,co-cf.latam-br.saea1.aws.indriverapp.com,/api/courier/v1/contractor-deliveries
GET,co-cf.latam-co.saea1.aws.indriverapp.com,/api/courier/v1/contractor-deliveries
GET,co-cf.latam-mx.usea1.aws.indriverapp.com,/api/courier/v1/contractor-deliveries
GET,co-cf.latam-pe.saea1.aws.indriverapp.com,/api/courier/v1/contractor-deliveries
GET,co-cf.latam.saea1.aws.indriverapp.com,/api/courier/v1/contractor-deliveries
GET,co-cf.mena-eg.meso1.aws.indriverapp.com,/api/courier/v1/contractor-deliveries
GET,co-cf.mena.meso1.aws.indriverapp.com,/api/courier/v1/contractor-deliveries
GET,co-cf.sa-in.apso1.aws.indriverapp.com,/api/courier/v1/contractor-deliveries
GET,co-cf.sa.apso1.aws.indriverapp.com,/api/courier/v1/contractor-deliveries
GET,co-cf.sea.apse3.aws.indriverapp.com,/api/courier/v1/contractor-deliveries
GET,courier-cf.africa.afso1.aws.indriverapp.com,/api/courier/v1/contractor-deliveries
GET,courier-cf.cis.euce1.aws.indriverapp.com,/api/courier/v1/contractor-deliveries
GET,courier-cf.latam-br.saea1.aws.indriverapp.com,/api/courier/v1/contractor-deliveries
GET,courier-cf.latam-co.saea1.aws.indriverapp.com,/api/courier/v1/contractor-deliveries
GET,courier-cf.latam-mx.usea1.aws.indriverapp.com,/api/courier/v1/contractor-deliveries
GET,courier-cf.latam-pe.saea1.aws.indriverapp.com,/api/courier/v1/contractor-deliveries
GET,courier-cf.latam.saea1.aws.indriverapp.com,/api/courier/v1/contractor-deliveries
GET,courier-cf.mena-eg.meso1.aws.indriverapp.com,/api/courier/v1/contractor-deliveries
GET,courier-cf.mena.meso1.aws.indriverapp.com,/api/courier/v1/contractor-deliveries
GET,courier-cf.sa-in.apso1.aws.indriverapp.com,/api/courier/v1/contractor-deliveries
GET,courier-cf.sa.apso1.aws.indriverapp.com,/api/courier/v1/contractor-deliveries
GET,courier-cf.sea.apse3.aws.indriverapp.com,/api/courier/v1/contractor-deliveries
GET,co-cf.africa.afso1.aws.indriverapp.com,/api/courier/v1/bids/018fab30-b46c-7ae7-8486-fea407025f5e
GET,co-cf.latam-br.saea1.aws.indriverapp.com,/api/courier/v1/bids/018fab30-b46c-7ae7-8486-fea407025f5e
GET,co-cf.latam-co.saea1.aws.indriverapp.com,/api/courier/v1/bids/018fab30-b46c-7ae7-8486-fea407025f5e
GET,co-cf.latam-mx.usea1.aws.indriverapp.com,/api/courier/v1/bids/018fab30-b46c-7ae7-8486-fea407025f5e
GET,co-cf.latam-pe.saea1.aws.indriverapp.com,/api/courier/v1/bids/018fab30-b46c-7ae7-8486-fea407025f5e
GET,co-cf.latam.saea1.aws.indriverapp.com,/api/courier/v1/bids/018fab30-b46c-7ae7-8486-fea407025f5e
GET,co-cf.mena-eg.meso1.aws.indriverapp.com,/api/courier/v1/bids/018fab30-b46c-7ae7-8486-fea407025f5e
GET,co-cf.mena.meso1.aws.indriverapp.com,/api/courier/v1/bids/018fab30-b46c-7ae7-8486-fea407025f5e
GET,co-cf.sa-in.apso1.aws.indriverapp.com,/api/courier/v1/bids/018fab30-b46c-7ae7-8486-fea407025f5e
DELETE,co-cf.africa.afso1.aws.indriverapp.com,/api/courier/v1/bids/018fab30-b46c-7ae7-8486-fea407025f5e
DELETE,co-cf.latam-br.saea1.aws.indriverapp.com,/api/courier/v1/bids/018fab30-b46c-7ae7-8486-fea407025f5e
DELETE,co-cf.latam-co.saea1.aws.indriverapp.com,/api/courier/v1/bids/018fab30-b46c-7ae7-8486-fea407025f5e
DELETE,co-cf.mena-eg.meso1.aws.indriverapp.com,/api/courier/v1/bids/018fab30-b46c-7ae7-8486-fea407025f5e
DELETE,co-cf.mena.meso1.aws.indriverapp.com,/api/courier/v1/bids/018fab30-b46c-7ae7-8486-fea407025f5e
POST,co-cf.africa.afso1.aws.indriverapp.com,/api/courier/v1/018fab28-0018-71a4-96e3-48c7d1201d93/message
POST,co-cf.latam-br.saea1.aws.indriverapp.com,/api/courier/v1/018fab28-0018-71a4-96e3-48c7d1201d93/message
POST,co-cf.latam-co.saea1.aws.indriverapp.com,/api/courier/v1/018fab28-0018-71a4-96e3-48c7d1201d93/message
POST,co-cf.latam-mx.usea1.aws.indriverapp.com,/api/courier/v1/018fab28-0018-71a4-96e3-48c7d1201d93/message
POST,co-cf.latam-pe.saea1.aws.indriverapp.com,/api/courier/v1/018fab28-0018-71a4-96e3-48c7d1201d93/message
POST,co-cf.latam.saea1.aws.indriverapp.com,/api/courier/v1/018fab28-0018-71a4-96e3-48c7d1201d93/message
POST,co-cf.mena-eg.meso1.aws.indriverapp.com,/api/courier/v1/018fab28-0018-71a4-96e3-48c7d1201d93/message
POST,co-cf.sa-in.apso1.aws.indriverapp.com,/api/courier/v1/018fab28-0018-71a4-96e3-48c7d1201d93/message
POST,co-cf.sea.apse3.aws.indriverapp.com,/api/courier/v1/018fab28-0018-71a4-96e3-48c7d1201d93/message
POST,co-cf.africa.afso1.aws.indriverapp.com,/api/courier/v1/018fab25-02f0-71a4-a71d-c2cb0fc82f41/call
POST,co-cf.latam-br.saea1.aws.indriverapp.com,/api/courier/v1/018fab25-02f0-71a4-a71d-c2cb0fc82f41/call
POST,co-cf.latam-mx.usea1.aws.indriverapp.com,/api/courier/v1/018fab25-02f0-71a4-a71d-c2cb0fc82f41/call
POST,co-cf.latam-pe.saea1.aws.indriverapp.com,/api/courier/v1/018fab25-02f0-71a4-a71d-c2cb0fc82f41/call
POST,co-cf.latam.saea1.aws.indriverapp.com,/api/courier/v1/018fab25-02f0-71a4-a71d-c2cb0fc82f41/call
POST,co-cf.mena-eg.meso1.aws.indriverapp.com,/api/courier/v1/018fab25-02f0-71a4-a71d-c2cb0fc82f41/call
POST,co-cf.mena.meso1.aws.indriverapp.com,/api/courier/v1/018fab25-02f0-71a4-a71d-c2cb0fc82f41/call
GET,co-in-cf.africa.afso1.aws.indriverapp.com,/api/v1/income
GET,co-in-cf.cis.euce1.aws.indriverapp.com,/api/v1/income
GET,co-in-cf.eu.euce1.aws.indriverapp.com,/api/v1/income
GET,co-in-cf.latam-br.saea1.aws.indriverapp.com,/api/v1/income
GET,co-in-cf.latam-co.saea1.aws.indriverapp.com,/api/v1/income
GET,co-in-cf.latam-mx.usea1.aws.indriverapp.com,/api/v1/income
GET,co-in-cf.latam-pe.saea1.aws.indriverapp.com,/api/v1/income
GET,co-in-cf.latam.saea1.aws.indriverapp.com,/api/v1/income
GET,co-in-cf.mena-eg.meso1.aws.indriverapp.com,/api/v1/income
GET,co-in-cf.mena.meso1.aws.indriverapp.com,/api/v1/income
GET,co-in-cf.sa-in.apso1.aws.indriverapp.com,/api/v1/income
GET,co-in-cf.sa.apso1.aws.indriverapp.com,/api/v1/income
GET,co-in-cf.sea.apse3.aws.indriverapp.com,/api/v1/income
GET,co-in-cf.africa.afso1.aws.indriverapp.com,/api/v1/goals/daily/config
GET,co-in-cf.cis.euce1.aws.indriverapp.com,/api/v1/goals/daily/config
GET,co-in-cf.eu.euce1.aws.indriverapp.com,/api/v1/goals/daily/config
GET,co-in-cf.latam-br.saea1.aws.indriverapp.com,/api/v1/goals/daily/config
GET,co-in-cf.latam-co.saea1.aws.indriverapp.com,/api/v1/goals/daily/config
GET,co-in-cf.latam-mx.usea1.aws.indriverapp.com,/api/v1/goals/daily/config
GET,co-in-cf.latam-pe.saea1.aws.indriverapp.com,/api/v1/goals/daily/config
GET,co-in-cf.latam.saea1.aws.indriverapp.com,/api/v1/goals/daily/config
GET,co-in-cf.mena-eg.meso1.aws.indriverapp.com,/api/v1/goals/daily/config
GET,co-in-cf.mena.meso1.aws.indriverapp.com,/api/v1/goals/daily/config
GET,co-in-cf.sa-in.apso1.aws.indriverapp.com,/api/v1/goals/daily/config
GET,co-in-cf.sa.apso1.aws.indriverapp.com,/api/v1/goals/daily/config
GET,co-in-cf.sea.apse3.aws.indriverapp.com,/api/v1/goals/daily/config
PUT,co-in-cf.africa.afso1.aws.indriverapp.com,/api/v1/goals/daily
PUT,co-in-cf.latam-br.saea1.aws.indriverapp.com,/api/v1/goals/daily
PUT,co-in-cf.latam-co.saea1.aws.indriverapp.com,/api/v1/goals/daily
PUT,co-in-cf.latam-mx.usea1.aws.indriverapp.com,/api/v1/goals/daily
PUT,co-in-cf.latam-pe.saea1.aws.indriverapp.com,/api/v1/goals/daily
PUT,co-in-cf.latam.saea1.aws.indriverapp.com,/api/v1/goals/daily
PUT,co-in-cf.mena-eg.meso1.aws.indriverapp.com,/api/v1/goals/daily
PUT,co-in-cf.sa-in.apso1.aws.indriverapp.com,/api/v1/goals/daily
PUT,co-in-cf.sa.apso1.aws.indriverapp.com,/api/v1/goals/daily
PUT,co-in-cf.sea.apse3.aws.indriverapp.com,/api/v1/goals/daily
DELETE,co-in-cf.cis.euce1.aws.indriverapp.com,/api/v1/goals/daily
DELETE,co-in-cf.mena.meso1.aws.indriverapp.com,/api/v1/goals/daily
GET,co-in-cf.africa.afso1.aws.indriverapp.com,/api/v1/dashboard/income
GET,co-in-cf.latam-br.saea1.aws.indriverapp.com,/api/v1/dashboard/income
GET,co-in-cf.latam-co.saea1.aws.indriverapp.com,/api/v1/dashboard/income
GET,co-in-cf.latam-mx.usea1.aws.indriverapp.com,/api/v1/dashboard/income
GET,co-in-cf.latam-pe.saea1.aws.indriverapp.com,/api/v1/dashboard/income
GET,co-in-cf.latam.saea1.aws.indriverapp.com,/api/v1/dashboard/income
GET,co-in-cf.mena-eg.meso1.aws.indriverapp.com,/api/v1/dashboard/income
GET,co-in-cf.mena.meso1.aws.indriverapp.com,/api/v1/dashboard/income
GET,co-in-cf.sa-in.apso1.aws.indriverapp.com,/api/v1/dashboard/income
GET,co-in-cf.sa.apso1.aws.indriverapp.com,/api/v1/dashboard/income
GET,co-in-cf.sea.apse3.aws.indriverapp.com,/api/v1/dashboard/income
GET,cht-cf.euce1.indriverapp.com,/api/chat/v1/chats/updates
PATCH,cht-cf.euce1.indriverapp.com,/api/chat/v1/chats/messages-status-read
POST,cht-cf.euce1.indriverapp.com,/api/chat/v1/chats/messages
GET,chat.eu-east-1.indriverapp.com,/api/chat/v1/chats/info/
GET,cht-cf.euce1.indriverapp.com,/api/chat/v1/chats/info/
GET,cht-cf.euce1.indriverapp.com,/api/chat/v1/chats/info
GET,cht-cf.euce1.indriverapp.com,/api/chat/v1/chats/history
PATCH,chat.eu-east-1.indriverapp.com,/api/chat/v1/chats/3272757330/messages-status-read/
GET,chat.eu-east-1.indriverapp.com,/api/chat/v1/chats/3236949323/updates/
GET,cht-cf.euce1.indriverapp.com,/api/chat/v1/chats/3236949323/updates/
POST,chat.eu-east-1.indriverapp.com,/api/chat/v1/chats/1089899303/messages/
GET,chat.eu-east-1.indriverapp.com,/api/chat/v1/chats/1089899303/history/
GET,chat.eu-east-1.indriverapp.com,/api/chat/v1/chats/
GET,cht-cf.euce1.indriverapp.com,/api/chat/v1/chats/
GET,cht-cf.euce1.indriverapp.com,/api/chat/v1/chats
POST,cas-cf.euce1.indriverapp.com,/api/v2/checkauthcode
POST,cas.eu-east-1.indriverapp.com,/api/v2/checkauthcode
POST,cas-cf.euce1.indriverapp.com,/api/savegoogleauth
POST,terra.aws.indriverapp.com,/api/checkauthcode
POST,cas-cf.euce1.indriverapp.com,/api/changePhone/sendOtp
POST,cas-cf.euce1.indriverapp.com,/api/authviagoogle
POST,cas-cf.euce1.indriverapp.com,/api/authorization
POST,cas.eu-east-1.indriverapp.com,/api/authorization
POST,terra-1.aws.indriverapp.com,/api/authorization
POST,terra.aws.indriverapp.com,/api/authorization
POST,cas-cf.euce1.indriverapp.com,/api/accountRestoration/SendOTP
POST,cas-cf.euce1.indriverapp.com,/api/accountRestoration/CheckOTP
GET,bdu-cf.euce1.indriverapp.com,/api/backend-driven-ui/v1/public/ab/widget/features
GET,baf-cf.euce1.indriverapp.com,/api/balance-api/v2/transactions
GET,balance-api.eu-east-1.indriverapp.com,/api/balance-api/v2/transactions
GET,baf-cf.euce1.indriverapp.com,/api/balance-api/v1/wallet/settings
GET,balance-api.eu-east-1.indriverapp.com,/api/balance-api/v1/wallet/settings
GET,baf-cf.euce1.indriverapp.com,/api/balance-api/v1/refund
GET,balance-api.eu-east-1.indriverapp.com,/api/balance-api/v1/refund
GET,baf-cf.euce1.indriverapp.com,/api/balance-api/v1/payout-transactions
GET,baf-cf.euce1.indriverapp.com,/api/balance-api/v1/payment-rate-block
GET,balance-api.eu-east-1.indriverapp.com,/api/balance-api/v1/payment-rate-block
GET,baf-cf.euce1.indriverapp.com,/api/balance-api/v1/payment-rate
GET,baf-cf.euce1.indriverapp.com,/api/balance-api/v1/paid-transactions
GET,balance-api.eu-east-1.indriverapp.com,/api/balance-api/v1/paid-transactions
GET,baf-cf.euce1.indriverapp.com,/api/balance-api/v1/balance
GET,balance-api.eu-east-1.indriverapp.com,/api/balance-api/v1/balance
GET,ath-cf.euce1.indriverapp.com,/api/auth/v2/phonetoken
GET,auth.eu-east-1.indriverapp.com,/api/auth/v2/phonetoken
POST,ath-cf.euce1.indriverapp.com,/api/auth/v1/token/{REMOVED}
POST,ath-cf.euce1.indriverapp.com,/api/auth/v1/token/renew
POST,auth.eu-east-1.indriverapp.com,/api/auth/v1/token/renew
POST,terra-1.aws.indriverapp.com,/api/auth/v1/token/renew
POST,terra-mtn.indriverapp.com,/api/auth/v1/token/renew
POST,terra.aws.indriverapp.com,/api/auth/v1/token/renew
POST,ath-cf.euce1.indriverapp.com,/api/auth/v1/token
POST,terra-1.aws.indriverapp.com,/api/auth/v1/token
POST,terra.aws.indriverapp.com,/api/auth/v1/token
,ath-cf.euce1.indriverapp.com,/
GET,ab-api-cf.global.aws.indriverapp.com,/api/ab-platform/v2/toggles
GET,ab-platform-api.eu-east-1.indriverapp.com,/api/ab-platform/v2/toggles
DELETE,no-cf.sa.apso1.aws.indriverapp.com,/api/new-order/v1/contractor-rides/018fab0b-25e8-71d0-b81f-af0a407f87f6
GET,intercity-3.eu-east-1.indriverapp.com,/api/v2/orders/passenger
POST,intercity-3.eu-east-1.indriverapp.com,/api/v1/monetization/subscription/zone
GET,intercity-classified.eu-east-1.indriverapp.com,/api/v1/orders/calls
POST,icl-cf.euce1.indriverapp.com,/api/v1/order/018fc404-3086-7c0a-b92c-03ef01678813/complete
GET,intercity-classified.eu-east-1.indriverapp.com,/api/v1/order/018fab28-f800-76dc-b5af-2b20c2026502
POST,idp-cf.euce1.indriverapp.com,/api/email/screen
GET,terra.aws.indriverapp.com,/api/getreasons
POST,g2-cf.sea.apse3.aws.indriverapp.com,/api/areas/a9cf8952-477a-4efa-9c01-fb2b7d1b8672
DELETE,g2-cf.sea.apse3.aws.indriverapp.com,/api/areas/a9cf8952-477a-4efa-9c01-fb2b7d1b8672
POST,co-cf.africa.afso1.aws.indriverapp.com,/api/courier/v1/orders
GET,co-cf.africa.afso1.aws.indriverapp.com,/api/courier/v1/geo/directions/018fc5d4-4a9c-7db1-b567-64764d1509d8
POST,co-cf.africa.afso1.aws.indriverapp.com,/api/courier/v1/customer-deliveries/018fcbcf-79d6-7432-924b-8c61db28ec78
GET,bdu-cf.euce1.indriverapp.com,/api/backend-driven-ui/v1/private/widget/td-tariff-requirements-rating/draft/0673aea3-9008-7419-b50f-00c7969b4aa5
GET,baf-cf.euce1.indriverapp.com,/api/balance-api/v1/expiring-bonuses
POST,truck-api.eu-east-1.indriverapp.com,/api/v2/offers/45097202/done
GET,truck-api.eu-east-1.indriverapp.com,/api/settings/driver/readiness
GET,truck-api.eu-east-1.indriverapp.com,/api/offer/reasons
GET,truck-api.eu-east-1.indriverapp.com,/api/offer/list/own
GET,super-services.indriverapp.com,/api/super-masters/v3/tasker/subscriptions
GET,rc-cf.sea.apse3.aws.indriverapp.com,/api/v1/receipt/transaction
GET,pa-cf.euce1.indriverapp.com,/api/widget-api/v1/tabs
POST,pa-cf.euce1.indriverapp.com,/api/widget-api/v1/tab/494fa865-003e-4ded-8a7d-f99f9aaa0166/widgets
PATCH,profile-api.eu-east-1.indriverapp.com,/api/profile-api/v1/profile
GET,pot-cf.euce1.indriverapp.com,/api/payouts/v1/provider/onboarding
POST,pot-cf.euce1.indriverapp.com,/api/payouts/v1/jetpay/onboarding/submit
GET,terra-1.aws.indriverapp.com,/api/safetyfatiguerequest
POST,terra.aws.indriverapp.com,/api/getcanceldata
POST,terra.aws.indriverapp.com,/api/confirmcancellationfee
POST,pay-cf.euce1.indriverapp.com,/grpc/v1/payment_method/check_card_binding
DELETE,pay-cf.euce1.indriverapp.com,/api/payment/v1/payment_method/braintree/aab173b8-b2ff-5a57-b641-ae74c9a0dd2b
POST,pay-cf.euce1.indriverapp.com,/api/payment/v1/default_method/braintree
PATCH,no-cf.latam-pe.saea1.aws.indriverapp.com,/api/new-order/v1/tariffs
PATCH,no-cf.cis.euce1.aws.indriverapp.com,/api/new-order/v1/settings/contractor/payment-methods
DELETE,no-cf.africa.afso1.aws.indriverapp.com,/api/new-order/v1/orders/018FAB50-03D6-7C27-831A-365186C0E8B8
PATCH,no-cf.latam-br.saea1.aws.indriverapp.com,/api/new-order/v1/orders//autoaccept
POST,truck-api.eu-east-1.indriverapp.com,/api/v2/orders/settings
POST,pot-cf.euce1.indriverapp.com,/grpc/v1/bank_account/kyc/documents
POST,pot-cf.euce1.indriverapp.com,/api/payment/v2/otp_token
POST,popular-addresses.eu-east-1.indriverapp.com,/api/v2/popular/update
POST,terra.aws.indriverapp.com,/api/setdriveronthewaylocation
POST,terra.aws.indriverapp.com,/api/email/s{removed}s
POST,terra.aws.indriverapp.com,/api/driverreporttoorder
POST,terra.aws.indriverapp.com,/api/activitytimer
PATCH,new-order.eu-east-1.indriverapp.com,/api/new-order/v1/settings/contractor
PATCH,no-cf.africa.afso1.aws.indriverapp.com,/api/new-order/v1/orders/018FAB50-03D6-7C27-831A-365186C0E8B8
PATCH,no-cf.sa-in.apso1.aws.indriverapp.com,/api/new-order/v1/orders/018FAB50-03D6-7C27-831A-365186C0E8B8
DELETE,no-cf.africa.afso1.aws.indriverapp.com,/api/new-order/v1/customer-rides/018fab10-5e58-7e9b-bbd2-2ea67e427984
POST,intercity-3.eu-east-1.indriverapp.com,/api/v1/reviews/order/01914301-3b18-7454-8ca3-d2437ddb053a/driver
GET,intercity-3.eu-east-1.indriverapp.com,/api/v1/orders/passenger/recommended_price
GET,intercity-classified.eu-east-1.indriverapp.com,/api/v1/ride/template
POST,id-doc-checker.eu-east-1.indriverapp.com,/api/v1/verification
POST,terra.aws.indriverapp.com,/api/getdriverearningorder
POST,geo2dev.eu-east-1.indriverapp.com,/v2/api/nearCities
GET,facechecker-api.eu-east-1.indriverapp.com,/api/v1/photocontrol/brand/screen
GET,fch-cf.euce1.indriverapp.com,/api/v1/photocontrol/brand/screen
POST,fch-cf.euce1.indriverapp.com,/api/v1/photocontrol/brand/check
POST,facechecker-api.eu-east-1.indriverapp.com,/api/v1/photocontrol/brand
POST,fch-cf.euce1.indriverapp.com,/api/v1/photocontrol/brand
PATCH,co-cf.mena.meso1.aws.indriverapp.com,/api/courier/v1/orders
POST,cas-cf.euce1.indriverapp.com,/api/sendOtp
PATCH,super-services.indriverapp.com,/api/super-masters/v3/tasker/subscriptions
DELETE,sfc-cf.euce1.indriverapp.com,/api/v1/users/108751839/contacts
GET,pc-cf.latam-co.saea1.aws.indriverapp.com,/api/v1/activity-campaigns/9429c844-a597-11ef-b50e-060853d5d4c8
GET,pot-cf.euce1.indriverapp.com,/grpc/v1/bank_account/methods
GET,pot-cf.euce1.indriverapp.com,/grpc/v1/bank_account/method_info/BANK_ACCOUNT_METHOD_TYPE_PIX
PATCH,no-cf.latam-br.saea1.aws.indriverapp.com,/api/new-order/v1/settings/customer/payment-methods/preferred
POST,intercity-classified.eu-east-1.indriverapp.com,/api/v1/orders
POST,icl-cf.euce1.indriverapp.com,/api/v1/order/018fc5fb-0927-737b-9a00-02de94df4320/history/delete/passenger
DELETE,co-cf.africa.afso1.aws.indriverapp.com,/api/courier/v1/customer-deliveries/018fcbcf-79d6-7432-924b-8c61db28ec78
GET,super-services.indriverapp.com,/api/super-masters/v3/stream/super_master
PATCH,pa-cf.euce1.indriverapp.com,/api/profile-api/v1/push-settings
POST,pot-cf.euce1.indriverapp.com,/grpc/v1/sub_account
GET,pot-cf.euce1.indriverapp.com,/grpc/v1/bank_list/PROVIDER_DLOCAL
DELETE,no-cf.cis.euce1.aws.indriverapp.com,/api/new-order/v1/bids
GET,g2-cf.latam.saea1.aws.indriverapp.com,/api/maps/styles
PATCH,co-cf.latam-co.saea1.aws.indriverapp.com,/api/courier/v1/notifications/recipient
PATCH,co-cf.mena.meso1.aws.indriverapp.com,/api/courier/v1/notifications/recipient
GET,chat.eu-east-1.indriverapp.com,/api/chat/v1/chats/4244645145/upload-link/
GET,bdu-cf.euce1.indriverapp.com,/static/custom_image/Frame%202087326266.png/0673b225-f00d-7b08-abaf-005023f84b15
GET,bdu-cf.euce1.indriverapp.com,/static/custom_image/Frame%202087326266.png/0673b225-c004-7cea-ad4b-00569665f27d
POST,truck-api.eu-east-1.indriverapp.com,/api/v2/reports
DELETE,pot-cf.euce1.indriverapp.com,/api/payment/v1/transfer_method/hyperwallet/c8b5a6a8-7738-541e-8d4e-ab871c223f7f
POST,terra.aws.indriverapp.com,/api/getpassengerridedetails
POST,new-order.eu-east-1.indriverapp.com,/api/new-order/v1/contractor-rides/01905f0e-85f1-78b0-ab27-0eda6eebb90f/chat
POST,g2-cf.latam.saea1.aws.indriverapp.com,/api/areas
GET,file-storage-front.eu-east-1.indriverapp.com,/api/v1/files/58df7421-2f01-x4505-8461-7ab5aee54eeb
PUT,ws-cf.usa.usea2.aws.indriverapp.com,/api/v2/terms
GET,ws-cf.usa.usea2.aws.indriverapp.com,/api/v2/status
GET,ws-cf.usa.usea2.aws.indriverapp.com,/api/v2/activities
GET,ws-cf.usa.usea2.aws.indriverapp.com,/api/v1/work-shift
POST,super-services.indriverapp.com,/api/super-masters/v3/orders/feed
GET,super-services.indriverapp.com,/api/super-masters/v3/bids/count
POST,review-api.eu-east-1.indriverapp.com,/api/v1/reviews/new-order/contractors
GET,pa-cf.euce1.indriverapp.com,/api/profile-api/v1/push-settings
GET,pa-cf.latam.saea1.aws.indriverapp.com,/v1/points
DELETE,new-order.eu-east-1.indriverapp.com,/api/new-order/v1/orders
PATCH,no-cf.sea.apse3.aws.indriverapp.com,/api/new-order/v1/customer-rides
PUT,no-cf.mena-eg.meso1.aws.indriverapp.com,/api/new-order/v1/contractor-assessments/classes
GET,in-cf.cis.euce1.aws.indriverapp.com,/api/v1/campaign/details
POST,pa-cf.sa-in.apso1.aws.indriverapp.com,/api/v1/popular/update
DELETE,pm-cf.euce1.indriverapp.com,/api/payment-methods/v1/customer/method/card/45aa22be-3ce3-4296-b120-a6bcea75cc82
POST,terra-1.aws.indriverapp.com,/api/getdrivercalled
PATCH,no-cf.latam-pe.saea1.aws.indriverapp.com,/api/new-order/v1/customer-rides/018fab10-5e58-7e9b-bbd2-2ea67e427984
DELETE,no-cf.latam-pe.saea1.aws.indriverapp.com,/api/new-order/v1/bids/018fab1f-0151-7511-98db-faa36f4ad170
DELETE,geo2dev.eu-east-1.indriverapp.com,/api/areas/66d2c7be-2a47-47f8-84e1-7dcf38eabf1a
PATCH,co-cf.latam-mx.usea1.aws.indriverapp.com,/api/courier/v1/contractor-deliveries
GET,chat.eu-east-1.indriverapp.com,/api/chat/v1/chats/4245439129/upload-link/
GET,bdu-cf.euce1.indriverapp.com,/static/custom_image/more%20comfortable%20cars.png/0673b43f-a00d-730c-b807-003dd13b5790
GET,bdu-cf.euce1.indriverapp.com,/static/custom_image/inform%20luggage.png/0673b435-f005-77eb-8d6e-00d62f61db74
GET,bdu-cf.euce1.indriverapp.com,/static/custom_image/Best_Price%201.png/0673b444-7006-7775-ae85-004a4e02cc6a
GET,no-cf.usa.usea2.aws.indriverapp.com,/api/new-order/v1/customer-rides/0192B45B-68C2-78DA-8CCF-D159E1F74FDF/cancellation-fee
DELETE,no-cf.mena-eg.meso1.aws.indriverapp.com,/api/new-order/v1/customer-orders-history/018f5c54-f6bb-7838-bbf6-229a47342f28
GET,file-storage-front.eu-east-1.indriverapp.com,/api/v1/files/personal/27213553-65ed-4cbb-93a7-474c54b1d790
PATCH,co-cf.latam-mx.usea1.aws.indriverapp.com,/api/courier/v1/customer-deliveries/018fcbcf-79d6-7432-924b-8c61db28ec78
POST,chat.eu-east-1.indriverapp.com,/api/chat/v1/chats/4245849431/media-messages/
GET,truck-api.eu-east-1.indriverapp.com,/api/autocomplete/cities
GET,intercity-3.eu-east-1.indriverapp.com,/api/v1/monetization/subscription/zone/3
GET,intercity-3.eu-east-1.indriverapp.com,/api/v1/bus/config
DELETE,courier-cf.cis.euce1.aws.indriverapp.com,/api/courier/v1/orders/018FCE27-1B93-7480-BA43-0C98C5D5666E
POST,chat.eu-east-1.indriverapp.com,/api/chat/v2/chats/4246126364/media-messages/
GET,bdu-cf.euce1.indriverapp.com,/api/backend-driven-ui/v1/widget/group/courier_quality_stories1
GET,ab-api-cf.global.aws.indriverapp.com,/api/Ping
POST,talaria.online,/api/Ping
GET,intercity-3.eu-east-1.indriverapp.com,/api/v2/receipts/orders/018d9608-504c-70f2-a06a-25d456888405
POST,intercity-3.eu-east-1.indriverapp.com,/api/v2/orders/driver
POST,terra-1.aws.indriverapp.com,/api/rush_check
GET,intercity-classified.eu-east-1.indriverapp.com,/api/v2/calls/order/01911b9e-59e9-7dcd-aa2c-537592d8159d
GET,icl-cf.euce1.indriverapp.com,/api/v1/orders/history/driver
POST,no-cf.africa.afso1.aws.indriverapp.com,/api/new-order/v1/contractor-rides/01906322-3ee6-7896-8945-66945d64c184/reviews
PATCH,new-order.eu-east-1.indriverapp.com,/api/new-order/v1/contractor-rides/
GET,intercity-3.eu-east-1.indriverapp.com,/api/v1/autocomplete/cities
POST,terra.aws.indriverapp.com,/api/paytip
DELETE,courier-cf.cis.euce1.aws.indriverapp.com,/api/courier/v1/contractor-deliveries/01906316-fa17-759a-bb88-fb26e2b65adc/package-photo/80c6c8e1-0b40-4441-8d32-52d7430aaabd
GET,chat.eu-east-1.indriverapp.com,/api/chat/v1/chats/3736153759/upload-link/
POST,terra.aws.indriverapp.com,/api/payoffdebt
POST,icl-cf.euce1.indriverapp.com,/api/v1/ride/019097a3-3183-71b5-bd02-076dac65d311/cancel
POST,terra.aws.indriverapp.com,/api/setorderarrivaltime
GET,terra.aws.indriverapp.com,/api/activitytimer
POST,terra.aws.indriverapp.com,/api/setconveyor
PATCH,intercity-classified.eu-east-1.indriverapp.com,/api/v2/orders/019117b9-8cb1-78c8-ab79-bbe69742b065/renew
GET,truck-api.eu-east-1.indriverapp.com,/api/v2/orders/13236063
POST,chat.eu-east-1.indriverapp.com,/api/chat/v1/chats/4248372717/media-messages/
DELETE,truck-api.eu-east-1.indriverapp.com,/api/v2/orders/13333169/delete
PATCH,id-doc-checker.eu-east-1.indriverapp.com,/api/v1/verification
POST,terra.aws.indriverapp.com,/api/sendreceipt
GET,super-services.indriverapp.com,/api/super-masters/v3/catalog/wizard/1538
GET,intercity-3.eu-east-1.indriverapp.com,/api/v2/orders/driver
GET,pc-cf.sa.apso1.aws.indriverapp.com,/api/v1/activity-campaigns/01910960-ca1e-76b8-820a-3bf6f8f53d5f
