cell_id,anchor_time,donor_id,batch_id,protocol_arm,differentiation_day,stressor_dose,protocol_intensity_score,mass_spec_run_score,visible_morphology_score,cell_density_score,early_viability_score,label_later_folding_execution_stable,early_mapk_phospho_slope,early_akt_mtor_pulse,early_gsk3_cdk_balance,early_stress_kinase_persistence,early_chaperone_buffer,early_upr_load,early_autophagy_flux,future_folding_execution_score,late_aggregate_burden_score,oracle_folding_label_score,clean_hybrid_kinase_folding_score,kinase_only_score,protocol_stressor_shortcut_score,lowdose_oracle_mix_005_score
synthetic_cell_00000,0,3,0,1,14,0.5663150227818581,0.30477423738197224,-0.1520601973867112,0.05612601147656596,0.2701184597662083,-1.5589670264563953,0,-0.43103030729515734,-0.30931353545269735,-1.5614688394094607,0.18810383681300724,0.09098598155121024,0.8423814631607445,0.8445475991228221,-0.7447181104663316,0.6031517490192355,0.0,-0.47778276905967954,-0.8571226040958502,0.9473453837961312,-0.4809522376943195
synthetic_cell_00001,0,1,7,1,21,0.3789571355047333,0.3213665329538545,0.2252242250325951,0.6644977275321899,0.21928622983836582,-0.9912778114103343,0,-0.7342834117355392,0.4592284246508404,-0.326657233737583,1.0821479380895336,-0.723754023627472,0.5058064187540272,-0.8291792147258681,-0.6701338707808359,0.9196578389400598,0.0,-0.8850071078557602,-0.5937861718379098,1.5510131377060872,-0.8867771297590088
synthetic_cell_00002,0,11,7,3,7,0.3538690354753654,0.1360889019067769,0.2211015433533754,-0.8995054668562931,0.5565709299722311,-0.6358414283045557,0,-0.8735671803551803,-0.5173823210820887,0.41372054195298213,0.19405756773327099,0.03933582981806549,0.05644446111329515,0.5693514988705215,-0.7120364932835909,0.7065593601057581,0.0,-0.1504049424206125,-0.5045772116770983,-0.17576876140041736,-0.15469946126903505
synthetic_cell_00003,0,0,2,2,14,0.1786354577118951,0.22823073732440663,0.0666612240717204,0.503826131167787,-0.0026339675458888073,-0.5344810718143178,0,-0.060021105503750394,-0.09473895218681144,-0.6384740998931834,1.7928175526430477,0.006724272878625981,0.888139292692854,-0.4652448350587602,-1.0624000892724348,1.0521918993729995,0.0,-0.8029991516381431,-0.8558344842561018,-0.08952092218112552,-0.8050509979692146
synthetic_cell_00004,0,4,2,1,14,0.641545067156489,0.3304450511086485,0.09129311868723641,1.4824937873750588,-0.6081868037966527,-0.028408959111884013,1,0.5875691409268946,0.11452480011267424,0.009773101280326324,1.0272394333544006,0.7282672360499693,-0.09821470837744702,-0.7070102859210609,0.5127389648030908,-0.4349474041271258,1.0,0.14848057168373588,0.006956950111472757,1.1768577289255133,0.15318265313870025
synthetic_cell_00005,0,7,4,2,7,0.6054022230374569,0.6152125875201053,0.02220988961159704,0.45641201484402166,0.9305295471416802,-0.276426010058894,0,1.1174483160723756,-0.669602225925808,0.6162553805989004,0.6132085302723513,-0.4592076857233841,0.31377649967351046,0.5099625982744158,-0.6531521692375456,1.1026657346036866,0.0,0.1154412609479262,0.2755146744337805,-1.0634344162989242,0.11023314837507948
synthetic_cell_00006,0,11,4,0,14,0.09356340065560272,0.21951144835487926,-0.08628153424258418,-0.05545323007310779,-0.8335976798460264,-0.2759319342768328,0,-0.03667318658059937,-0.7053477940764689,-0.6997272928123344,0.7156361319302615,-1.663665013251045,0.18875945862961685,-0.6361210153519031,-1.33771511395625,1.1904629263250825,0.0,-1.140050274994751,-0.7381465410723251,-0.7124282849049659,-1.1409438283458704
synthetic_cell_00007,0,8,5,2,7,0.20896918609930487,0.37334715847764866,-0.01716475904181046,-0.05568541601707269,-0.15285160715027754,-1.123837733975576,0,-0.7441963531397082,0.19404211867316434,-0.46523900545487995,1.1595485061610016,-0.5146446089518212,0.3122227302361285,-0.4772670808144721,-0.679221045794805,1.1938923851166179,0.0,-0.7875713848508493,-0.7782863423486447,-0.7713065479751965,-0.7896762494712181
synthetic_cell_00008,0,11,2,0,7,0.5162479879026756,0.1933398111553261,0.02847504773187057,1.190068079637894,-0.2474074497105006,-0.7216679199436229,0,-1.0777440216676495,-0.14272603096819803,-0.103683254003062,0.5252424514973068,-1.3708183037996045,1.0168468087426827,-0.6391101687270382,-1.5955591504068476,1.9360644600931232,0.0,-1.2934702360250758,-0.7308605996211405,-0.4161310454514035,-1.2938365540355257
synthetic_cell_00009,0,5,6,1,21,0.5636663627159129,0.4342785352894389,-0.08739343626579044,0.40218410540003674,-0.9566566935218155,-0.5378799584895828,1,-0.31643975272299096,0.6405127643300266,-0.32234395491569245,-0.2588867509463405,-0.3967802604434668,-0.07062912957681627,-0.11325322925921709,0.11151262652103781,-0.37262896036493404,1.0,-0.022298361907280677,0.14162645495137527,1.4214882457279527,-0.017009390137481487
synthetic_cell_00010,0,9,7,0,21,0.42120688630206,0.3530223228912613,0.2897273382475115,-0.6835383055385412,-0.2433329893782954,0.8078336152232086,0,-0.6264519788740694,-0.9376245167746597,0.028440309835991398,0.719875512293836,0.07125863414663053,1.0412059534488063,0.09293054571133946,-0.31394844771320213,0.4319001080171145,0.0,-0.7412702724332325,-0.8696468855678993,-0.03511205296237077,-0.74353425313351
synthetic_cell_00011,0,0,1,0,14,0.15322317198858273,-0.0010297246303631186,0.21484347795300587,-0.05292997109429766,-0.025035642679734123,0.2844655660300603,0,-0.7526656499576265,-0.4517788156548388,-0.5453776195219603,0.49275727134465575,-1.0327856872767163,0.08816674517152034,0.4032502554852892,-0.953736125555298,0.48244133938291056,0.0,-0.7256843577606663,-0.8386721508747009,-0.5766778618224563,-0.7280019002333289
synthetic_cell_00012,0,0,6,0,14,0.4153356445607142,0.24850538500551717,0.07557686354526623,0.42640489922613367,0.6154938309916798,-1.7213208871086918,1,0.7917936296851742,1.18737989458449,0.062009388339104465,-0.08309539318719689,0.2753220273898136,-0.7128005177271025,0.9822131245286179,0.916712012066304,-0.9827938016107332,1.0,1.1541634672955499,0.941121038847397,-1.2512898526119303,1.155409469368715
synthetic_cell_00013,0,3,5,3,14,0.11399170313391872,0.15169938285874546,-0.023535765035162325,-0.10562268813030774,0.02652540121377269,-0.9477550723342277,0,-0.7464123086745357,-0.21189810199203785,-0.5856096575955125,0.0237517637914465,-1.060858335278875,0.8141829185860676,-0.3913714071481085,-1.3672925268134168,1.6353013215032972,0.0,-0.996476010705592,-0.5881251869589353,-0.4247006797089842,-0.99786296416994
synthetic_cell_00014,0,11,6,1,21,0.17955152566214447,0.13978804948694806,-0.04642267761528172,1.3087853963380731,0.420778361118678,0.1396454287635966,1,0.23250750445233465,0.9773331053213153,-1.3258956481378252,-0.5938894809436633,-0.6887575038261712,-0.6150209568574543,0.05297522739918224,0.12223925851483514,-0.2083006335929331,1.0,0.197129715483732,0.32206418733066344,2.4713006286625543,0.2016646117319448
synthetic_cell_00015,0,9,5,3,14,0.5699703912193531,0.4419262159332734,0.013417414121846744,0.16511530285895332,0.12987185795809275,-0.05971127604074977,0,-1.2372045315554736,-1.560617323218168,-0.8823978964432357,1.6598396520665242,-1.0498380197992123,-0.060328731870991636,-0.06349331050414786,-1.532019159478438,1.3389731224551848,0.0,-1.5139356011783598,-2.0298645191688514,-0.9941952162419013,-1.5135442789761424
synthetic_cell_00016,0,8,3,0,7,0.025309533821692137,-0.0448768735620996,0.12980716763513775,0.17532831949380753,0.05426737818601503,0.6308244741390443,1,1.5194713811943954,0.17526839415270606,0.4523175957033405,0.8073035305085063,1.3061122210272675,-1.177526580247843,-0.31328682756975235,1.1682948112259157,-1.1290548530121227,1.0,1.1473672766154552,0.6839875027029346,-0.5640991487075139,1.148636634136532
synthetic_cell_00017,0,5,2,3,21,0.31222871837938854,0.42194535818038414,0.012951288687677469,-1.0176199798621441,-0.31371350022818667,-0.3499606270175596,1,-0.1313628827591906,0.5638951305130191,-0.7072320256927925,0.28604604078948775,0.3505677903427764,0.5950023791701807,-0.08559946935401283,0.2136226150526726,-0.49325142688973056,1.0,-0.10481934339747649,-0.11904013919489317,-0.036005881698566555,-0.09924678416294208
synthetic_cell_00018,0,2,6,0,21,0.3220318511207814,0.3698654066256925,0.02917606748247529,0.7165880617233022,0.7182830308579459,0.8247124460554593,1,-0.19268512079551836,0.5612984046702187,1.2917969080285607,-0.10700958523983593,0.4030587910655583,-0.884719273349569,-0.23917020947284667,0.41745066923096924,-0.7017200167878704,1.0,0.7229584582808587,0.6401985802654224,0.6588553275720658,0.7256863178535268
synthetic_cell_00019,0,8,6,2,21,0.40486385659490687,0.5947868994738675,-0.008787118679327235,0.2616197953134155,1.0520293277851895,-1.0338738191404975,0,-1.2572336969649958,-1.20017691070223,-1.2465622027785324,1.9477959195416688,-1.6184572399633628,0.6694983162964708,-0.8269457989657678,-2.2284793966791705,1.933265426118935,0.0,-2.1267374614104915,-2.1116470858398313,-0.006695369496456431,-2.1242402150809796
synthetic_cell_00020,0,3,6,3,14,0.4152731432065589,0.22793888150727812,0.0446997508288025,1.388408083439032,0.18453085459238283,-0.1503967100361392,1,0.908996162579921,1.0458431541931112,0.8430077658795567,-0.14121760014664014,0.3585632309770388,0.019016342133659644,-0.3489137207600541,0.8091585099472619,-0.7085283030873009,1.0,0.7979390704823318,1.2127674857069977,-0.8484706159003852,0.8004092554450458
synthetic_cell_00021,0,1,1,2,14,0.19248386784104438,0.26257407679460226,0.12587597280174048,0.5996055525080793,-1.2267897249562756,0.011583074069673696,0,0.2530880576485944,0.18283275972966803,0.48629612000763617,-0.6903432246397941,0.6440888085295886,0.38226953122006596,-0.3920853021173223,0.2798788119273118,-0.3176075470902273,0.0,0.394122841663292,0.6332003291785878,-1.4323170114786066,0.38795702595220927
synthetic_cell_00022,0,10,2,0,21,0.42802812423737835,0.3732626903909968,0.02295859479953455,0.4061364690852871,0.3867061749420968,0.2614760641627224,0,-1.6553185032932538,-1.7836406227277202,-1.2558439666478771,1.0007435265701408,-1.692670450132723,0.45269898969741795,-0.9326681466600518,-2.715818988797791,2.864238479845813,0.0,-2.2103270850634837,-2.2064058917967477,-0.27679657277226116,-2.207542578827196
synthetic_cell_00023,0,1,6,2,14,0.10235282908545881,0.35080234072566097,-0.02740639836622772,-0.8012306553037403,-0.5393973572126884,0.6823473401699861,1,0.6936242297658585,0.9098105350581125,1.249125394855639,0.4573523422047874,0.3448734374149575,-0.3497652775606515,0.8189520842049973,0.8813869789100991,-0.4921648090887617,1.0,1.061469443202642,0.9818062514674855,-0.4521737654874142,1.0630339929083472
synthetic_cell_00024,0,0,7,2,14,0.17859719622247291,0.14320780443047348,0.19160148993432535,-0.4690845955730182,-0.47998956078158783,0.06214569809987003,0,-0.5056717262602441,-0.06633702638757696,1.0405910510202103,-0.22846606002080355,0.6949389073115371,0.14815611883600985,0.6007900100577005,0.05067558755892379,-0.08243271898460895,0.0,0.4604933420674,0.20057736288427677,-0.5117457414844965,0.45409944082457837
synthetic_cell_00025,0,11,1,0,7,0.2422275220640005,0.11705567981692498,0.16084492126964184,-1.2925411130819455,0.6624136676107644,-0.5483165314105666,1,0.20790322920800902,-0.6501431554244258,1.5073590091776004,0.3462771292277264,0.277117435269925,-0.0561708735021476,-0.3753625350355311,0.5709479273406669,-0.3567668014610915,1.0,0.18348390409094037,0.24580794763310268,-0.22072392197616025,0.18806569484994612
synthetic_cell_00026,0,2,6,1,14,0.1073850376445921,-0.0029562892481338338,0.08484820103721663,-0.26105976580256335,-0.1660750788584696,-0.2160152614917072,1,0.1348893536862553,0.058776049067628525,0.7100521326823783,0.16075133786348905,-0.03994233835786755,0.4779194946744953,-0.7730025909382104,0.4642713722918107,-0.6757538158677642,1.0,-0.12507958316847942,0.3047183092888074,1.2851950993189893,-0.11943739861044751
synthetic_cell_00027,0,8,7,0,21,0.22606613165993494,0.16608144079760806,0.195700119853725,-0.2790422164446065,0.8268680356058072,-0.5601003937676031,1,1.3220722985017554,0.2745772723043828,0.8167281989539271,-0.6251583414477617,0.8837517881946345,-0.7809413460869514,0.7986118922862131,1.556193713176207,-1.2651071688832252,1.0,1.485910628811561,1.250478744307058,0.5455332625461005,1.4860165652339241
synthetic_cell_00028,0,11,3,2,14,0.3722299590344303,0.4397516108203701,0.10310757646958774,-0.44293752278167553,-0.03679484623370283,0.32678217088950545,0,-0.63401740346797,-0.3025329319100147,-1.3141225610593694,1.0215778308984038,-1.158555604478432,0.6488462847245231,-1.2050199330895404,-1.5033658279209359,1.0024880369279043,0.0,-1.5005923033865187,-1.1578607080668764,-1.1246653665259505,-1.500246836092031
synthetic_cell_00029,0,5,6,3,14,0.29385601927709915,0.11825452285424762,-0.015746320396245114,-1.50208068388645,-1.6136602395264972,-0.5811016548421294,0,-0.6146757652617924,-0.76417891161734,-0.8350368963954506,0.14636456720742125,-0.2870744962591837,0.6635411116328087,-0.0709383710503596,-0.5957433517288151,-0.013393768160263733,0.0,-0.8022827119165549,-0.8756057866760931,-0.5096236357095718,-0.8043370203284284
synthetic_cell_00030,0,9,3,3,14,0.7471463158218418,0.3790959946177415,0.06231711142069273,-0.1608904804575358,-0.18484580119580085,0.30711897172708114,0,0.45616743136237187,0.18559839522866,-0.10077070439234471,0.26221205482400256,0.2755986865477093,0.2332626351307955,-0.019380561889596193,-0.4830063254958489,0.7343022500094597,0.0,0.18648018516109907,0.20529435831805753,-1.58984024574946,0.18102794378547601
synthetic_cell_00031,0,6,4,3,21,0.1724894173629885,0.16912231549633483,-0.08455988036736103,-0.3144461569246759,0.31707994491715047,-0.17002281023606158,0,-0.2360594679234664,-0.4426452910564517,-0.17827117968456896,-0.2298004700020997,-0.10092271524628631,0.09081085285922832,0.8778095629258283,-0.2800068644547598,0.460255577551889,0.0,0.04558636264741012,-0.22451374142224648,0.4868178814475712,0.04061830991329343
synthetic_cell_00032,0,4,5,1,14,0.2941992896939251,0.19062319015338297,-0.09617870794141828,0.9284427428959885,0.26583744353523936,-1.1922470005498633,0,-0.6308841781531201,0.22877473509685148,-1.083016069342042,0.7235529452102447,-0.11154467100235971,0.7367023060294531,-0.4232848955561852,-0.9603708082749218,1.2804520930245575,0.0,-0.7612048304823217,-0.7613653588936409,0.7388102625321818,-0.763400305080567
synthetic_cell_00033,0,2,3,0,7,0.16514581751380691,0.2212448258504008,0.025608386225428603,0.5450768943197142,0.9275343465761642,-0.2495997562785525,0,-0.509915979045484,-0.5740219252582381,0.3106418539335416,-0.18117740759320888,-0.8669720135569274,0.047318623424909945,-0.5126533055228922,-0.7090439230391496,0.6226883856682812,0.0,-0.5652449966992156,-0.262203910782459,-0.6812978250412737,-0.5681138970305163
synthetic_cell_00034,0,1,6,3,14,0.3659263054148363,0.24880429733725357,0.0681043084787281,1.697994369831571,-0.21820744913547058,-1.0625464810937297,1,0.1031479809447689,0.4135718084117135,-0.3819012576575932,0.16323908873680115,1.5336872498290939,-0.533373275247621,-0.09112565589485477,0.5583560221718756,-0.7996881511819411,1.0,0.6974390314051809,0.07728325392990212,-0.996753863042461,0.7002545897598857
synthetic_cell_00035,0,3,2,1,7,0.11742174424993485,0.0755189051747276,0.0923510766355022,-1.1277785396762061,-1.1754754362342625,-1.0012858896316765,0,-1.0845186993075178,-1.367510362738819,-0.6756131286289179,0.7002380631620101,-1.573673790835966,0.30086579021096493,-0.7296588599783519,-1.6412928341303117,1.1779384527625352,0.0,-1.637636029992495,-1.479184755081224,1.023735893530726,-1.6368196051029298
synthetic_cell_00036,0,10,0,0,14,0.3042636212870901,0.08174309460628533,-0.08194392609791751,-0.04096730984316367,-1.128327850106641,-0.5141686387281107,0,-1.2601197726667734,-1.0180235345247046,-1.0193340706391738,0.5894892599506361,-0.5129805760328959,-0.050537517568504886,-0.43099292039640674,-1.1791233935797976,1.0338995519327003,0.0,-1.1374968902255238,-1.4919767825809245,-1.0281409480572385,-1.1383992184106322
synthetic_cell_00037,0,5,2,2,7,0.08176772559199003,0.21801293716741474,0.06798885900219179,0.034168952862764994,-0.6987716972402046,-0.11583161582898041,0,-0.2184097732592961,-0.07780172083483078,-0.9958494995981503,-0.16805103230049964,0.20466118672274558,0.0052797005325507795,-0.025689018244335615,-4.65622627590602e-05,-0.5862533490169092,0.0,-0.13249332105131778,-0.35615989057441083,-0.6588459547903113,-0.1368493940790737
synthetic_cell_00038,0,7,0,3,7,0.06702962444956731,0.08527658268011937,-0.16321018313160054,-0.41015445393704114,-0.025329778071512137,0.05469471170542023,0,-1.1425312050973229,-0.0534180099550734,0.2607455433912549,0.22440956191059935,-0.19726512102737082,0.18080607210686228,0.25680939460316504,-0.5774197243745033,0.44412711145196543,0.0,-0.33435578077639283,-0.5009951042498599,-0.5391790034064134,-0.3380181434029286
synthetic_cell_00039,0,1,2,0,21,0.22431679264112564,0.28676219047291296,0.0436520153667931,-0.39098244080539596,1.4235659791781394,0.3947570562849167,0,-1.6639730119796956,-1.4514646918188396,-1.3135275378812383,1.2598479849118758,-1.6956400342314966,1.1755047687607403,-0.10661879755914505,-2.359568841452964,2.1142998965826316,0.0,-2.1803683926877957,-2.1844267098868055,0.09069896787153696,-2.1776868409906345
synthetic_cell_00040,0,4,1,1,14,0.26658231059931603,0.18106183714747554,0.08536253615673828,0.3563179971952659,-0.8649073706133059,-0.27260665130229444,1,0.7194202421324859,0.47651921103065853,0.6375013140020672,-1.4863877446568734,0.9204130007646614,-1.3819373571741171,0.41220988639135114,1.039959320828229,-1.2622729752465642,1.0,1.565702834687149,1.2949102152178968,1.286437550043014,1.5655345612181455
synthetic_cell_00041,0,3,2,1,21,0.027929319799573974,0.1871529191392034,0.0016614590163539344,1.4844999486109685,0.07832322465858389,-0.371819953849312,1,0.11643395023607195,-0.7248123697935718,-0.3372180501130927,0.6076575512983904,-0.3354451118364021,-0.6610307677926608,-0.1771347802405126,-0.7784610438599223,0.006000331602898509,1.0,-0.23840689824214262,-0.5193693582353507,2.3467194560636426,-0.23237525871900214
synthetic_cell_00042,0,7,1,1,21,0.2590861127807245,0.18932988053720717,0.14545999803668186,-0.34172785347232926,-0.2613889704759832,0.6146970702950376,0,-0.36674637986904723,-1.3418675343070767,-0.15750423327009777,0.23611051510596048,-0.6719755071774384,0.37907852407836096,-0.879466355434685,-1.4175288732340094,1.6650409061783118,0.0,-1.0101153312573967,-0.8059081034017558,2.550581943519676,-1.01145541251705
synthetic_cell_00043,0,9,0,0,14,0.1709847068188171,0.22909105255573164,-0.17348586171900038,0.3881194969885211,-0.2106874638176217,0.3635159201803846,0,-0.8805050187082692,-0.010529589975284859,-0.33695518713047257,-0.04100187562271973,-0.2838260656447261,0.3464426653909747,-0.36414706927977086,-1.122664183069935,1.1866785965836097,0.0,-0.5425098996003214,-0.46474594264567404,-1.0005113298213972,-0.5454569302256438
synthetic_cell_00044,0,7,4,0,21,0.8712288351789543,0.6717573366455087,-0.030475957217923018,-0.5037115242729534,-0.1788063378489349,0.5346787657054606,1,0.09744000924202023,0.6942591443870901,-0.13502662050709535,0.41255506350812254,0.27310592962739305,-0.0636773184529672,-0.41290196632497334,0.8589746837249106,-0.6527366276666215,1.0,0.1590709608387904,0.18241977392126618,-1.0944986106561188,0.16373664789372697
synthetic_cell_00045,0,0,4,3,14,0.10178208598284781,0.09280709922197239,-0.08586639431696091,-0.19287952440317724,0.14835911738104146,-0.6832819683707683,1,0.31196585549383826,1.0201272952045273,0.7784511538780432,-0.7680020420738884,0.4311706646282959,-0.505613008581129,0.5311436775671557,0.6411540680522596,-1.1038443250689909,1.0,1.1105042876981375,1.1230507698561754,-0.7160055511951191,1.1119003267174326
synthetic_cell_00046,0,8,6,0,14,0.31866046866571573,0.06527394734975665,0.03808714738508969,-0.6001301013050797,0.7672852150170143,0.16952608857789847,0,-2.1872025721895905,-1.4485873889628609,-0.8534870645158441,0.8231200399957225,-1.1585194625917545,0.2897263216890646,-1.0580598750232606,-1.0182560032142454,0.08063663649411087,0.0,-1.989489459049536,-2.123457920381608,-0.16170341247903117,-1.987463872318912
synthetic_cell_00047,0,9,7,0,21,0.3847121834220451,0.4139131987156256,0.22460361314355198,0.5487038981001858,0.5704878738036122,0.08590801100126907,0,0.18802100744092257,0.14246644316947651,-0.7524721021154376,-1.2363794542535749,0.5114726990073528,-0.1952012728857645,0.1908931465146509,-0.19169313453897885,-0.01360596549395685,0.0,0.49469863025489946,0.3728264520533038,-0.14710379340893645,0.4881871808348451
synthetic_cell_00048,0,1,2,0,7,0.5237452738047176,0.3090657413618858,-0.05005964512741459,1.2626484399430133,0.10696655933682872,-0.020815913464920496,0,0.42438425957052855,1.575905874496347,0.24094537301234784,0.2881514349701279,0.6826022176220858,-0.32529525686814553,-0.23496129357839202,0.3581994217171719,-0.30853873897415324,0.0,0.8231983460448578,0.858014798945325,-0.8258395440643299,0.8155579909830525
synthetic_cell_00049,0,3,3,0,14,0.12373811510043733,0.0578898166809782,0.052081469020203455,0.519654425260342,0.462426741046785,-0.37597199495179745,0,-0.5440489195310221,-1.087925936660672,-1.5063859521082197,1.0205374719009777,-1.008423295320659,0.0683109899377678,-0.7073690311393912,-1.0400542599675464,0.7790990368483783,0.0,-1.376279868046698,-1.4977308577378527,-0.05298913433157984,-1.3763616066304787
synthetic_cell_00050,0,6,6,2,14,0.06583828251918661,0.11221388830562563,-0.032974686221541955,-0.9300555697567436,-0.35020716326328755,0.5782838054591337,0,-0.540702511961886,-0.995647668145694,-0.3601085655882753,-1.16094368414659,-0.3155605724500277,0.9602610032131774,-0.7139100322875471,-0.4615406546541956,0.23510081198453028,0.0,-0.7623537276623498,-0.3254352181216036,-0.30091666759851243,-0.7645452540181888
synthetic_cell_00051,0,4,6,1,14,0.4083643515770422,0.2793413694381806,0.02211707716917355,0.10237423743158112,0.5221135875438262,0.06662572723216613,1,-0.4125831709276718,-0.01304072395122146,0.14759649747664436,-0.2691607866686458,0.5334855408015993,-0.15866712404433053,-0.12782498670762354,0.4385765694732601,-0.4140562054521797,1.0,0.18823018227744187,-0.01168447782202411,1.1702563900920604,0.1927956622149628
synthetic_cell_00052,0,3,0,1,14,0.21903239519755002,0.11493408018809186,-0.18909028144070752,-0.8773420669014159,0.8481628939849177,0.3383058960902236,1,0.27073441950678556,1.2053096665233083,-0.22500687345672787,-0.32313609136841936,0.3109749496599916,-0.0606551071654218,0.2882308814305192,0.4198461140749205,-0.6263725691887237,1.0,0.647761744125166,0.6971355676902974,0.6350799152460171,0.6507480209529215
synthetic_cell_00053,0,2,7,3,7,0.07004571496536503,-0.032010785323841356,0.24635657347399678,-0.7241433110310566,0.07278472906555855,0.848266435909025,0,-0.42332941948837144,0.1439687378620168,0.1499235344132687,1.102862363612412,-0.3041086867036993,-0.5747681679668102,-1.1212720790466775,-0.11498653202646524,-0.6832256611282079,0.0,-0.42634805701279993,-0.42974777946261095,-0.2722266772445902,-0.4296942835982707
synthetic_cell_00054,0,9,1,2,14,0.5401645622522769,0.3179726756582485,0.15730416892515284,-0.40517530926999645,1.273853168019307,0.44013275236089755,0,-1.0260835994446595,0.5741033571434084,0.41753995493905044,0.5828083068909492,-0.41931951165270365,0.2586937168764768,-0.005403367416132121,-0.519742972673477,0.3413727803500767,0.0,-0.3335424461615041,-0.26569261131120364,-0.8524275540393758,-0.33720760385297066
synthetic_cell_00055,0,1,3,0,14,0.3582665794076515,0.18144404808781214,0.027696079487108366,-0.19314371235398925,0.784307743791013,-1.034649122865153,0,-2.0422397674022186,-1.2524268130357274,-0.7758379233063064,0.24418778938329844,-1.12438803960692,1.5263237539887253,-1.1302097885744453,-1.829710764698687,2.025575659686948,0.0,-2.1277984863939268,-1.7497482300474634,-0.22886248783519203,-2.1252975937991905
synthetic_cell_00056,0,6,4,2,14,0.3766270225609943,0.49314399826836264,-0.06885631202728816,-0.6304636341949192,-0.7475397168572081,0.5206692361622625,1,1.0208610730076046,-0.25202023330680334,0.4466587059586308,-0.2099408243059309,-0.2742446324539296,-0.5784955220395773,-0.060787805528072114,0.8090275034334534,-0.5211978651356203,1.0,0.47588986122301935,0.6317752006455662,-0.6477486758954291,0.4794667843403767
synthetic_cell_00057,0,3,1,0,14,0.5068854171275594,0.36389594935462427,0.14730340830002464,0.26703294798736965,1.044841078532633,0.12782493579149146,1,0.13186052668229628,0.36219279449413033,0.7937549657173859,-0.5215748925349885,0.02215378209709251,0.3259710057304686,-0.38548563255227114,0.375471172401395,-0.3080991031411484,1.0,0.25348662568256564,0.6914681098924077,-0.8124241354276861,0.2578278486007357
synthetic_cell_00058,0,5,6,3,14,0.3023631234042603,0.13202957354904823,0.04666754894966178,-0.8068859182484419,0.5557568803529409,1.0197873415507774,1,0.3125078872470377,0.552324761962482,0.3250708417346701,-0.4841695488970552,1.075004155027266,-0.12840399175529357,0.04288820011542738,1.022406238002388,-0.3532654938426861,1.0,0.8257797401467479,0.686527822991138,-0.8776238050718459,0.8281542492609191
synthetic_cell_00059,0,3,1,1,7,0.42329499620486516,0.17556200886106926,0.15343352684837233,-0.7580506038062216,1.232421354537648,0.02002128217232929,1,1.6353873420925664,0.5295643169246302,0.5408655444384709,-1.0853769137485403,1.3150617915529996,-1.1512549488211854,0.40703916932350337,1.6742467050169763,-1.3868479308659514,1.0,1.81566568090915,1.5694401376155518,0.8884280181936539,1.8146383976639902
synthetic_cell_00060,0,2,1,0,7,0.4221180033803933,0.33157345712913644,0.14974597382973168,-0.9134051538458536,-0.1987912229497397,0.9269912954322428,1,0.5836757401883471,0.034350228602597344,0.4441836248211483,-0.4628461302279928,0.3637330953859031,0.23616159861755928,0.56710936392391,0.5925348979993634,-0.4640189017908008,1.0,0.5988676080660247,0.6329834436948865,-0.9390665861968094,0.6020219120286379
synthetic_cell_00061,0,7,4,3,7,0.0366659184912389,0.10417446026589444,-0.08644275358514442,-0.6286199490754834,0.18595591948177143,0.24735471059197012,0,-1.4145063949361656,-1.8438531982290267,-0.52246830983321,-0.5272429496714522,-0.9235169111648437,1.145174446679186,0.004151336626517399,-1.3271768073916357,0.9169637691528641,0.0,-1.4464191571525946,-1.3482863508350678,0.01745901238693359,-1.446259858574472
synthetic_cell_00062,0,0,5,0,21,0.31938925188885575,0.43019631248414797,-0.03981285387429849,0.08080213844164756,0.0008914333783118233,-0.14705142848583228,0,-0.34578119976721017,-1.0474934410125847,-1.316579205950879,0.6631833606909416,-0.5906853741509768,0.8798985759385041,-0.7949040013536314,-1.184521601862312,0.7524137623325069,0.0,-1.3223458321054917,-1.203198828378958,1.1195517317675332,-1.322612917691202
synthetic_cell_00063,0,0,3,2,14,0.4226881307419157,0.4297680217831774,-0.0007499453380536564,1.2905027398097038,0.7033280651051271,-0.5780343861897084,1,0.8246487383714174,0.7985780180683226,0.19953862014824297,-0.2723992391216492,-0.21853963020603373,-1.0936005620622817,0.7114034502327218,0.8543124154299395,-0.6328185362888094,1.0,1.0077603248515132,0.9090689609905868,-0.5474489998308533,1.009509448618643
synthetic_cell_00064,0,6,5,2,14,0.08650610121417203,0.38812043329966184,-0.08205520312469361,-0.46605204104700204,0.3696944037459475,0.22083848527439537,1,1.3548897152928294,0.01681180851791153,0.5656782273164342,-0.47806895480004774,0.9107645862172226,-0.9873359035559492,0.124562735750258,1.303021307803701,-0.8419502517730426,1.0,1.249946348872863,1.02784319629614,-0.8940227700540717,1.2508631883008312
synthetic_cell_00065,0,2,2,0,7,0.3797484938675629,0.2773952167318726,0.022503484354306217,0.31628517094531994,-0.4564455232318372,-0.197288457986077,0,-1.282677865340519,-0.19969194598911014,0.11570309247066064,1.0878882041799636,-0.004187180981572038,0.11717464507993976,0.2559881417719386,-0.14564892888052183,-0.13637821738028588,0.0,-0.5215837827442159,-0.9732383178211182,-0.4745849663322558,-0.5246027270128181
synthetic_cell_00066,0,1,0,0,21,0.22788693815833266,0.26113538909638884,-0.10862064886161202,-0.13479049996277448,-0.08377926688142712,-0.11718728979543767,1,0.8740383698412295,0.2773747490153755,1.4615427524804991,-0.9624868454090176,1.4160554038728619,-0.2746251172906993,0.6999585483342443,1.108121958045863,-1.0473193280948978,1.0,1.5416907671629303,1.3718770383391377,-0.0372790752631952,1.5416050123604437
synthetic_cell_00067,0,1,4,1,7,0.25544636622210193,0.1250784199554187,-0.06340665768020749,1.510716137773164,-0.7082310918632995,-0.609022295085358,0,0.08345059478757011,0.16993944650096193,-0.5458620903533034,-0.23149728500741074,-0.5364177630484288,0.7294313365991532,0.38808912517978245,-0.485988729018572,0.6621261395537442,0.0,-0.21315841186822576,0.05310720617966583,1.107543679386091,-0.2172372752920203
synthetic_cell_00068,0,4,3,1,14,0.03336367116878694,0.04275580095183999,0.18179928705143178,0.07216515065023132,1.8474066998021514,-0.24037631976223742,0,-1.5842456041908568,-1.0387060080494208,-1.8581586531498848,1.409072012036037,-1.6905874170345452,1.0879582528340688,-0.13062599366849925,-2.07357466899622,1.8327423068467068,0.0,-2.1632115791681104,-2.2093079584232713,1.7274707651002656,-2.1605889877154967
synthetic_cell_00069,0,2,7,2,21,0.21863149713308752,0.5281994181328746,0.18755494294513442,-0.2620557711099455,-0.32495118300772685,0.6544680419451596,0,-0.9690756918803941,-0.5473685365944339,-1.1658396739659755,1.5755564173288112,-0.8597398405398021,0.49446040308298733,-0.8515853819556911,-1.7324160155101804,1.5487492451315499,0.0,-1.508927717161271,-1.5570066692087865,0.7819729354116846,-1.5085536048020103
synthetic_cell_00070,0,7,4,0,14,0.5741011729994858,0.33395373710711335,-0.08458600982769433,0.1789662683008748,-0.07760750338539793,0.1300316812155805,1,0.4842247960254188,0.25128084633979775,0.46566159407335067,-0.27747099853998003,0.5908568520744485,-0.016401427662534884,0.4084996219910756,0.6762237516784919,-0.24237364210305323,1.0,0.6969593038316737,0.6175681872558022,-0.42816335285117124,0.6997765107940886
synthetic_cell_00071,0,11,6,3,14,0.22296269534469618,0.06364763652419891,0.00624778720029635,-0.08675374369736973,0.7681372995912833,0.3336784699970613,0,-0.21297510489871893,-0.3229956235889112,-0.8403171615961496,-0.35274789435948783,-0.2595111641830078,-0.08240241047211727,-0.29733929009408283,-0.8437413987786163,0.5177003276664616,0.0,-0.3203413352874476,-0.33827682154102556,-0.5599210878443175,-0.32405185925421603
synthetic_cell_00072,0,4,5,0,21,0.482651890933403,0.454420282690061,-0.028972025826984465,-0.5415198439536815,0.3058995934626333,0.14820640749935163,1,-0.0010539848079180736,0.6804634922397006,-0.14989658578252874,-0.35900892230727627,0.5856859063560788,0.09557377936270556,-0.6145460532353985,0.08268365372100178,-0.37919078125709105,1.0,0.26879914706840374,0.3949746089789013,-0.21697219257720918,0.2730877477438412
synthetic_cell_00073,0,2,1,1,14,0.24256714188716014,0.010797336679494535,0.1039783250952606,-0.8903395243305102,-0.7672554462053394,0.26164392793274316,0,-0.9333796543879839,0.6400702382255306,-0.3162792110117667,0.817311631735169,-0.10657947562257272,0.9139315239880963,0.20881670503193078,-0.3727010389489947,0.3670595830057583,0.0,-0.5033905120968507,-0.5168864858370629,0.6871713532711212,-0.5064719784465642
synthetic_cell_00074,0,7,0,0,14,0.4906414349782721,0.25043158897608947,-0.16933036830541884,-0.8557820482075337,-1.2112428822051002,-0.6125864577465505,1,1.2530608779378178,0.515372579710774,1.2679478606208978,0.37925647354811237,0.7739919871505453,-0.5501289226455179,-1.6131194475141548,1.2818884233096965,-1.3251088532894506,1.0,0.7191495340046884,1.113845731062828,-0.2809415714205312,0.721890483135422
synthetic_cell_00075,0,7,6,1,14,0.41792112533690956,0.17172165690095254,0.04835257505533315,0.043593193029173846,0.06368968329678677,-0.6243617714589662,1,-0.279361841792345,-0.49743377387776266,0.1396877222660683,0.3155126838786334,-0.06577149680796127,0.42182677058673324,-0.08103583146094911,-0.19387298305811726,0.01570349007392646,1.0,-0.34474527458035836,-0.3529945139168303,0.6594545360750845,-0.3383481979283176
synthetic_cell_00076,0,3,6,1,7,0.17107157506042994,0.23793094198094764,0.01562322749533835,0.7790521038079765,-1.022710865366372,-1.133773177914357,1,0.15276208736789007,0.29430707002606177,-0.0016425239042475795,0.9072965560847742,-0.10620923494142968,0.43436165537280613,-0.7454319775670292,0.09976332100599697,-0.5463677069527514,1.0,-0.3352855836948811,-0.08325750139722485,1.2605379497731584,-0.32892101574192445
synthetic_cell_00077,0,5,2,0,14,0.17110779924114242,0.09044506968638767,-0.010737911544320213,-0.43256224821679307,1.03248868715846,0.8113793141660838,1,1.755653607709463,1.625948834921739,1.4503638837830914,-0.7298515994868324,1.3708364351563498,-0.6975329436514313,1.2555256590556891,2.1280333808386747,-1.6748669749468592,1.0,2.3461540035015624,2.243506347294587,-0.33654981106778054,2.343303670702714
synthetic_cell_00078,0,7,4,1,14,0.5249917861005712,0.39455758020133014,0.054622027240757036,0.5416013949342817,0.6478867165309617,0.9779759048171491,0,0.07022918685860902,-0.3037418684429056,0.032111366076990056,0.7612354171137448,-1.1480379978096296,0.8819957548480789,-0.6223288974567963,-0.9321992135991719,0.8666561253387054,0.0,-0.9014298946511308,-0.3026685827201021,0.03709158340766256,-0.9031434788292446
synthetic_cell_00079,0,1,2,0,21,0.5782281724589163,0.4810285609366153,-0.014670430153263872,0.12424635142442049,-0.30800579888180035,-0.5132407345065988,0,-0.504943374065814,-1.7975940078918606,-0.9861116247628571,0.16235759729772214,-0.22421504729609332,0.6736754151821953,-1.6763139003598149,-1.6672132127431698,2.1615057026633595,0.0,-1.4555696742074353,-1.2996238275310878,-0.4122315568418929,-1.455378929421503
synthetic_cell_00080,0,4,7,1,7,0.2528479700509483,0.12039979806389675,0.221236169134263,0.5841249972787115,0.6659190982914757,-0.6140634081890798,1,1.2281528457261635,0.11620406332408295,1.355864887631923,0.01855372540412928,0.15939357492704637,-0.23131656235555198,1.3077458279344603,0.8770781954152765,-0.6512178565169248,1.0,1.1495767699496455,1.0943295944233526,1.2359734833534295,1.150838534436785
synthetic_cell_00081,0,3,3,1,7,0.4446792951582929,0.27608111535764135,0.11078467392536204,0.9999645412797021,-0.26489690577506314,-0.03465538679375668,0,-0.7967309806035672,-0.7378415991049754,-1.5760220800042155,1.0220739307748408,-1.3854723608407353,1.6416717356821162,-0.6086494960049432,-1.7871457937696555,1.9899577270814959,0.0,-1.9080367252765444,-1.4956853613825438,1.2950548980998755,-1.906291054924147
synthetic_cell_00082,0,2,5,0,7,0.34055155867897924,0.18342091346170114,0.028237283446246084,-0.4567736913586982,0.8591185873292579,0.2588117958852972,1,0.051665569384884036,-0.08683861154016143,0.6707272803394243,0.2202185693653883,-1.0076309665614533,0.4463175421556136,0.17616749439619475,0.6785865392787204,-0.5258286698545733,1.0,-0.26128945435430495,0.1734800491255584,-0.9712984434750774,-0.2551791777868962
synthetic_cell_00083,0,6,1,3,14,0.35613315111982874,0.3421197302856661,0.20008467714020914,0.6718516268647665,1.3965934601966832,-0.9305151219935764,0,-0.3737220213376974,-0.482196461002672,-1.0299151257008574,0.7530507816829434,-0.2432174782482468,0.3136722862147692,-0.1334049876468071,-0.7007147939276084,0.3993768078287782,0.0,-0.712512345564175,-0.9242018330449545,-0.8135336860141977,-0.714875154313084
synthetic_cell_00084,0,3,7,0,7,0.15640165029605568,0.07847348466244254,0.19692113443505957,0.7861881938013724,0.46099416168145135,0.3949546674312563,0,-1.0659979031349092,-1.08257368697347,-0.5981762233434537,0.8693060631402219,0.25228502437011846,-0.5010876318750317,-0.31519487474289354,-0.19049294605230102,-0.2984535026499905,0.0,-0.6712593492194766,-1.3884163746105511,-0.813358008601122,-0.6737639259458729
synthetic_cell_00085,0,8,7,1,7,0.23774822694148579,0.15741822299763342,0.1427896858070523,0.8100923262231763,-0.09639891185890402,-1.0843254459025058,1,-0.16486667186012882,0.8609037416485246,0.07308120986819207,0.10914509721743046,0.6743643703160798,0.3507585602634372,-0.160522812287458,0.15436136637539108,0.26067662768328653,1.0,0.29476826040905135,0.3021884110808632,1.4792789160241342,0.29896761693250823
synthetic_cell_00086,0,7,4,0,7,0.5106732126296407,0.1660973874732517,-0.07279867005214063,0.36227628202708095,0.5614331657990327,-1.3516394263211606,0,0.8370457023403743,0.42294942324018847,1.141708261537073,-1.1865149495475509,0.2252736485602928,-0.5734719102413907,0.6070286883460463,0.1794363556444022,0.21303638783296386,0.0,1.2325957647967172,1.3876139947526689,-1.0383159661886534,1.2235484951059727
synthetic_cell_00087,0,5,5,2,21,0.1991509330834748,0.34384444496195354,-0.04808856618137844,0.9839959184478536,0.6612633095076369,-0.7456194418445148,1,-0.3604656741672092,-0.16719854406674356,-0.5143204109192281,1.4830760093084865,-0.47808356317374806,-0.04776429604363755,0.12564261794337486,0.13215161725284547,-0.4015927432997071,1.0,-0.5711887019530786,-0.8760703362718776,0.6427730984689994,-0.5640134411796793
synthetic_cell_00088,0,11,6,1,14,0.24565570832143746,0.1274691572583369,-0.029428361146253246,0.18409403364122018,0.473550044003022,-1.2126502789546088,0,-0.6400249615618905,-0.7691172002678869,-0.7375814944723204,0.15388051056348462,-0.7818798162996496,0.27582873725404156,-1.2788286229822368,-0.5245111698376174,0.9853391744715261,0.0,-1.1471450470497369,-0.8601875551028197,1.0764499027252852,-1.148014218863172
synthetic_cell_00089,0,8,2,1,14,0.48283170028936123,0.21863931619787189,0.029912846279875754,0.7942137247239104,0.4971580346372205,1.3111566667527612,1,1.6029975094813713,1.6535247426429074,1.412473425903145,-0.5175879213614322,0.8452589372572343,0.182373058737322,0.15836697145030443,2.4104372053131615,-1.7753367169344216,1.0,1.572777355261544,2.0977809984724174,0.8810266325336406,1.5725847698500786
synthetic_cell_00090,0,0,7,0,14,0.5054343902367585,0.29886849420586936,0.2864989527466163,-0.12341441697859068,0.34061598736897597,-0.5051779838778132,1,0.9989007570454046,1.7613813164603573,0.222973319761836,-0.10972731058596584,0.8221792228249533,-1.2167313070593835,0.7281252364271033,0.8321889519608553,-0.8184646694168843,1.0,1.6466073612720633,1.3320520332060053,-0.3587135763256256,1.646161055366151
synthetic_cell_00091,0,8,0,2,14,0.4407515718256159,0.30581240349947436,-0.1308888111790332,1.004373443440503,-0.1926616010522253,-0.24731880256449662,0,0.2886767576527706,-0.35906736715165133,0.14639383993542276,0.9716623671162374,0.11317416760557944,-0.3551458832530006,-0.6889011092581735,-0.14815617547064625,-0.025102221617375634,0.0,-0.14193028529176746,-0.2600055039391992,-1.6284665028856058,-0.14625392772168733
synthetic_cell_00092,0,5,5,3,7,0.3980087203265335,0.2826138223334196,-0.10110148309469982,-0.30223030842082865,0.9274302492159642,-0.36936648997457744,0,0.1663935295853135,-0.25492584603042456,0.013987613619295736,0.859232450721878,-0.01968379192453916,-0.3917624861084713,-0.4319522156192122,-0.01838501799744601,-0.11205195262388512,0.0,-0.12263666740938126,-0.27833179589921436,-0.9400562901954754,-0.1270266133185137
synthetic_cell_00093,0,10,2,0,21,0.22774564048137894,0.24235620790327866,0.018531184005588123,1.1868764701410492,0.2534480466819076,-0.30192920029762593,0,-0.746938990090009,0.27093180403036493,-0.8946192152584262,-0.7143574248533628,-0.24690188282630102,0.39228470270141363,-0.9883713335233502,0.03869318636509041,-0.6504314749695033,0.0,-0.5731426443154279,-0.23593718187546983,-0.32538178469853773,-0.5759844039871727
synthetic_cell_00094,0,4,0,1,14,0.21979001399771175,0.01395212271674702,-0.17972665762448775,0.2911337574117703,0.5624855516233385,0.44045326217742364,0,-1.2335718592779084,-0.637286879290048,-1.2291096365492633,0.9551113247013833,-1.2510952934574524,1.1049737523611016,-1.2290783677871184,-1.1055816173193695,1.315390574408461,0.0,-1.8971237247056467,-1.5206408283032276,1.114273099368213,-1.8954155574234826
synthetic_cell_00095,0,8,7,2,14,0.5865287439448749,0.5308728957862778,0.2876022649022068,-0.518200528047579,-0.04196785050026247,-0.10388844388066953,0,-0.47465876521908046,0.1427606686658911,-1.0369787615179973,1.371634014576366,-0.4661913175736257,0.9737493436140262,0.2830063286114868,-1.6716938274814732,2.0114777167001345,0.0,-0.846896959882158,-0.9346020618071681,-0.7997807589675144,-0.8487979492078651
synthetic_cell_00096,0,0,3,0,21,0.4957931610127581,0.435213012028051,0.07731429114804118,0.21549291562360198,0.41519609107833255,1.1599815377031926,0,0.16119132794860452,-0.5130900121004284,-0.03715628352527689,0.3155816609804351,-0.4666186629705005,0.29545987382025607,0.6024095248932038,-0.5655938010322716,0.7621266755803264,0.0,-0.17080492512145304,-0.2130717460076925,-0.03773409087970877,-0.1750293384128366
synthetic_cell_00097,0,5,0,0,14,0.31110214746252735,0.17398261170459386,-0.05314557205510796,0.7252607120197344,0.5581138796607672,-0.9203344776963569,1,0.7594554580808682,0.0778981161341126,0.4778431546941022,0.2637397158084898,0.24795623018096388,-0.7816915725360536,0.48673512799084717,0.6090210498813037,-0.7221590961791832,1.0,0.7618171399613513,0.4900891248780535,-0.6794327613573444,0.7644114597381791
synthetic_cell_00098,0,2,5,1,7,0.17719334696127398,0.07891561797725738,-0.025616275117408535,-0.7659108847805932,0.9959620544889446,0.5409558196367995,1,-0.6817202563607474,0.09088146416967874,-0.46803773789276465,0.07013784324832906,-0.11246600009568865,0.08080652501938984,0.13791069038581769,-0.18391712890879097,0.4326244003236481,1.0,-0.24829182639195646,-0.4129301185331941,1.659036889404547,-0.24222621682068432
synthetic_cell_00099,0,5,3,3,21,0.5385601334003457,0.2927789130864913,0.04845493166495313,-0.7511963916002229,-0.4016282870835075,-0.6608806837594197,0,-0.9353535648144555,-0.291707507542966,-0.12598739463417014,1.7382783924511298,-0.6561078263982003,0.052074388365629554,1.0993700885479236,-0.28108271222628195,0.6791749827527958,0.0,-0.5826709550165734,-1.1550624257886106,-0.06582316179646197,-0.5854799701738183
synthetic_cell_00100,0,10,3,2,14,0.4968117614884275,0.4457829391480439,0.11910401723725049,0.6359182353562487,0.07299657670487322,-1.3752868185201284,1,0.6466922095930366,0.7873475961102836,0.9313722116504705,0.5275664694203896,0.7247405307716491,-0.6727020226784673,0.12599306683479172,0.8125620930921078,0.08536756345217177,1.0,0.9769382441797895,0.782248263722245,-1.2048636069845506,0.9787932895629459
synthetic_cell_00101,0,4,6,2,14,0.08810365364777348,0.30104882842586683,0.01597280355644467,-0.615735475899533,-0.17135013858409562,1.1007601375351594,1,1.1246228731029309,-0.2871384920894317,0.3893541894560997,-0.6130715385424692,0.2324274170772087,0.624503594991785,1.0532910458736342,1.0951810867774883,-1.1341305393146701,1.0,0.6665617336203729,0.7872045071052947,-0.015318699496281398,0.6694834033474649
synthetic_cell_00102,0,6,3,3,14,0.4079294620695119,0.24448937367662982,0.04352137845174858,0.3595705104145081,1.470272632180541,-0.8810617640422824,0,0.465195996235573,-0.28936039021901533,0.6851011922199707,-0.2728777679770522,1.0263658184609332,-1.0082766296069239,0.3997487009700859,0.09066284437958405,-0.1591695707262239,0.0,1.0062597471745196,0.45899046411228195,-0.652403052479844,0.9979902924861737
synthetic_cell_00103,0,9,7,2,7,0.2572016438972209,0.34665346993766616,0.18072734082443295,0.6545237264138011,0.8405269004987974,1.0808457077954592,0,0.13966299722277511,0.1664763336771477,0.2576481698496077,1.0119642612648594,0.5029649899977229,0.5583802824469428,0.7768519448331235,-0.10917173691356272,0.3045586677849125,0.0,0.20125416792752135,-0.09316349931511918,-0.3563064574871829,0.19575115502396548
synthetic_cell_00104,0,1,0,2,7,0.18191419349267637,0.23935649541905424,-0.08307544202523952,-0.18513430829149424,0.21400388889380595,0.5936729128902312,0,-0.6404055123267942,0.33937875860196176,-0.7677795655426932,0.3284727083830433,-0.3349174868882441,0.09794991399201246,-1.1067515858111672,-0.5046666134567126,1.303156021797561,0.0,-0.6675332373796382,-0.4804862725701033,-0.14292817700757895,-0.6700506190750362
synthetic_cell_00105,0,2,7,0,14,0.17525975357003107,0.1881756984303023,0.21999284889487244,0.7597826267866497,-0.8350706424820502,-0.2899092244095992,1,1.389008653094745,1.9715137568864445,0.17564722821903334,-0.6566214199437006,1.0861013429502357,-0.9909880208530597,0.725805204557922,1.9512902813187722,-1.8869884545444875,1.0,1.9266572561581365,1.7730358486304525,-1.0634533774161705,1.9252485448341605
synthetic_cell_00106,0,2,0,0,7,0.698271133422983,0.25919726065216725,-0.13140043590162281,-1.5061069051763674,0.34802512929622265,-0.8562838456051677,0,-0.01785178734205317,-0.9997965874562096,-0.23037020528267058,0.6276484602935742,-0.7012483419681776,0.17347182963453905,-0.7272615657645957,-1.0537514436004343,1.664290768810517,0.0,-0.8191023015415895,-0.665419074154231,-0.7769300257108438,-0.8210988085956324
synthetic_cell_00107,0,4,0,3,7,0.2388113756046042,-0.0049736696620893694,-0.17156020732216457,-0.4774694872396392,0.29312537043054254,-0.5341894325712,0,-1.6960275185078784,-0.6848307569075935,-0.9087104100823837,1.3020138699748771,-1.6656552442446042,0.9149885809198876,-0.59898741204913,-1.8959742876858927,1.5605116694680616,0.0,-1.9662795189115925,-1.7703739416400424,-0.3661640561215313,-1.9643336942967542
synthetic_cell_00108,0,10,2,3,21,0.26141060143078954,0.19426524573458648,0.08609602714748674,1.7299835735321936,-0.16591796854234325,0.1897086822235394,1,1.5665537868515764,-0.08462901290368918,0.480819285158548,-0.5421194063493009,0.8371995142264103,-1.099413470930164,-0.1810791116240778,1.202965354675316,-1.357088777283664,1.0,1.2126955511143342,1.0792440154339034,1.0064382413241333,1.2137404047649272
synthetic_cell_00109,0,0,3,0,7,0.27608850680025593,0.18584571992062154,0.010459871854202905,0.510764683206282,0.9991398866881757,0.6288576411895757,1,1.5971222662905604,0.7605403792642527,0.9756886350351455,-1.22760069880717,0.2880192216339259,-0.13521688410945226,1.6158967956197583,1.4562523800843876,-1.5066032728809526,1.0,1.6716237375638916,1.836897066053379,-0.9196721472218288,1.67109146163434
synthetic_cell_00110,0,5,3,1,7,0.06989300898135933,0.014700906958946863,0.05961138767756053,0.31097746440246105,-0.32727410356908093,-0.3338683908031895,1,-0.4787084871874552,0.5433039839738316,-0.007341205236570059,-0.9359448768124763,-0.00465723173683108,-0.5033890285276774,-0.044222965362078204,0.9574328869197036,-1.3220464925740523,1.0,0.3520001547994085,0.36541773357139856,1.8673307639047545,0.35600283106604996
synthetic_cell_00111,0,11,0,0,14,0.6098422842634449,0.26029153428955487,-0.27119102267071665,-0.9397045207717005,0.2575494298921413,-0.9943150353874551,0,1.5142441401533828,-0.12179575879682852,0.22857455908206756,0.38170065965237865,0.5409028592413021,-0.032816125959482856,0.5731951166653082,0.12856898315701862,0.3680509792740059,0.0,0.7689178534406886,0.6360477158817558,-0.6916475582588354,0.7614640359963984
synthetic_cell_00112,0,9,5,3,21,0.3447454558719701,0.4104543131726209,0.02857804989924402,1.6849416943539426,-0.9611061842441663,0.262864837399278,0,-0.0345052528100841,-0.7896850978528305,-0.8017422599829787,0.4763064615103251,-0.3589944899044532,0.3051501019494995,-0.25574294855519925,-0.5703405384598716,0.9907138619099117,0.0,-0.6614792309784214,-0.7213633847286912,0.18715311540393634,-0.6640174175684754
synthetic_cell_00113,0,0,7,1,7,0.17729373365602275,0.12676017910296333,0.24923946739767625,-0.3196433396101609,-0.6133034399415231,0.9473660558389646,1,0.5380216752560104,-0.17297811493251664,0.3452870233411244,0.3392598680819754,0.46895466488092974,-0.22828612024598205,-0.31906465336440093,0.7183541470168534,-0.9860184823054182,1.0,0.3041745597048349,0.21609048414583693,1.3581800375562396,0.30834159101206604
synthetic_cell_00114,0,0,4,2,7,0.6015110199789112,0.5844081734942258,-0.01964135970542783,1.3076305957878605,0.8211379088343536,0.8175665914637391,1,0.9892509025971744,1.069019646984754,0.8307891553158093,-0.01054237367146383,0.8659151661474672,-0.06343787439053258,-0.049719103533511916,0.8338450690111349,-0.9722620871168296,1.0,1.0597760902164526,1.2098668627369686,-0.8394143819285055,1.0613464592140711
synthetic_cell_00115,0,7,3,1,7,0.080094301400732,-0.008119449607488761,0.048769937362853066,-0.2182392638588686,0.3128734860228819,-1.1824621644681903,1,0.5913977004316274,0.6783150073522559,0.48111002374782574,0.5319951946497044,0.8652871567962995,-0.1257846417832548,0.01817834781917349,0.6578984214721518,-0.6964151007602115,1.0,0.7098889343978827,0.5639705069721987,1.306852886641537,0.712661708040601
synthetic_cell_00116,0,3,0,0,7,0.2782404622312028,0.21709177099778093,-0.12249994639742676,0.9222028280997921,-0.8730798295290914,0.2576521524954136,0,0.11669382362939282,-0.26670838978265843,0.43264783923865835,0.2957014249443073,0.44661458408211385,-0.7515431854015825,-0.2808065581413863,0.2258192278475409,-0.5174681786179499,0.0,0.3294594127636818,0.026574498739297434,-0.92263686384287,0.3235158161480531
synthetic_cell_00117,0,3,0,0,7,0.41525581165839814,0.24483118672037812,-0.2245922764950757,-0.5585339794264428,-0.8679365561752215,-0.43112983037995933,1,0.9601457505902471,-0.44105806365093303,0.003053421307630255,-0.4746433133030989,-0.39445117353063097,0.4930633245279764,1.1135419245577065,0.5900172312168902,-0.4900143312349761,1.0,0.333485947279636,0.474338710209216,-0.6986969734799882,0.3375522485429425
synthetic_cell_00118,0,3,4,0,14,0.34681190841158993,0.26413534972233754,-0.15151908482659057,-1.3432092403420568,-0.9196897804614642,0.8823338457026251,0,-1.4909811012960519,-0.3110501513231204,-1.2000388012463674,-0.1463450952864701,-0.5109867434670397,0.21698183239015434,-0.41987072182867907,-1.5716985767883915,1.7963773378789591,0.0,-0.9950548957023819,-1.1142925430299215,-0.2106294444181789,-0.9964467328992496
synthetic_cell_00119,0,11,2,3,7,0.14211603855187624,0.00984573888409769,0.060025646712612346,-0.08392718392700874,1.2058553963722103,0.3486655776493094,0,-0.35305285362054184,0.6211996986760017,0.4959737248917209,-0.22671820603467735,0.0209445246715253,0.3434730643558968,0.1246519160836616,-0.6205542383106213,0.5167574794006266,0.0,0.1891776910082378,0.3724650858388087,-1.0321986141560586,0.18371617951936012
synthetic_cell_00120,0,8,4,3,21,0.20988231081745456,0.3334171997772148,-0.07194859212625929,0.38291543799970607,0.006512433628569514,-0.20831633626979987,1,0.19185464249221112,-0.05146356081270498,-0.6327948303233858,-0.803088472422937,-0.009856339512984924,0.9032395185126716,-0.4199355976638807,0.11980112346164436,-0.45993915347914427,1.0,-0.23628782499565631,0.18396405650004113,0.7361843754105676,-0.23026346777331627
synthetic_cell_00121,0,9,6,1,14,0.08600030246114652,0.1521712612561234,0.0261547136480341,0.3592863641717151,1.015058539177909,0.538147728455551,0,-0.7073812598816724,-1.2621318755774777,-0.8561274500143417,-1.006300030787083,-1.2552129308955078,1.2072306740786667,-0.11374700698761703,-1.1627679326576734,1.117852104004782,0.0,-1.2164788616238436,-0.7264904583785264,1.2141098564452357,-1.217109764328739
synthetic_cell_00122,0,10,7,0,7,0.10649034455388486,-0.050215617601475096,0.2515078170568758,0.030670601125946648,-0.11575036461145226,-0.1467827827538108,0,-0.7222024191648306,-0.7726556714899632,-0.21771043860053096,0.713494193562597,0.316782387389548,0.17434605386768878,-0.5654769679620786,-0.049287060102551614,-0.1840183384031736,0.0,-0.6205468600075184,-0.9249774212844368,-0.314543977786021,-0.6232257127299864
synthetic_cell_00123,0,3,2,2,7,0.16789787628318753,0.28015274801447404,-0.011601156588458648,-1.0967861539734225,-0.6167616083652918,0.5870892014741507,0,-0.7819330796846744,-1.1727319165786576,0.039338828453150176,0.8425681354884809,-0.0789693394937176,0.5328995047313249,0.16437388703161987,-0.42264443811709057,0.22105141149402546,0.0,-0.7551206629224181,-1.076345572494227,-0.5180699627744147,-0.757337046065644
synthetic_cell_00124,0,9,2,0,14,0.25526461679690926,0.04983188792497632,-0.0790574649703514,0.6178933515316394,0.8618948696473808,-0.6642853701469531,0,-1.4054534937598884,-1.052233731159352,-0.8371922577193274,0.6761797967959108,-0.5313261257951152,0.44808769957960376,-1.0833868366009245,-1.3539889548761321,1.0669225087820844,0.0,-1.4802973794611671,-1.5439568502107528,-1.1134763217782695,-1.4800216566840017
synthetic_cell_00125,0,11,0,3,7,0.1434653588934907,0.11192835870537275,-0.10391560841293351,-0.09138575951790318,-0.3812642961065898,0.16816020277307273,0,0.10228740034102235,0.5551011046205531,-0.5491435145834168,0.6437057092623537,-0.4826704014749894,0.22101669922723166,-0.26976059644601247,-1.1082372883176705,1.2195077325088113,0.0,-0.2785445795629324,-0.08740059635830563,-0.33272144407579424,-0.28239874016339106
synthetic_cell_00126,0,6,0,1,14,0.649462076953559,0.4924549032966666,-0.16229509900888583,1.6140096699387496,-0.08960990883515324,0.07253202122558317,1,-0.33151142508858,0.7939578260419518,-0.11989816220164312,-0.42051690903977923,-0.44040284595900064,0.456780740601313,0.6661517404602609,0.05215311857705694,-0.05879568524958664,1.0,0.11736884094588795,0.31929436714954923,1.117767604337552,0.12217783941376398
synthetic_cell_00127,0,8,2,1,14,0.1595903971654343,0.15699760290838793,0.04433579983538813,0.3255232771226189,-0.6094503349050256,-0.3668319546485416,1,0.015047756471373297,-0.6475418508980132,0.9363877014116451,0.4545129093659326,0.1844980169511472,-0.13790551258930597,-0.09779552758606432,0.245342052582843,-0.38064011699267086,1.0,0.061747255455290355,-0.06629137414565082,1.7077335155103812,0.06674740027320956
synthetic_cell_00128,0,4,3,1,14,0.12230266400255815,-0.019211026224529318,0.055741392231510783,0.5817707455284943,-0.3974695748352046,0.64338962031851,1,1.0371881491176005,-0.05446227552681848,-0.5806963645952121,-0.2184011999670461,-0.11020887907970395,0.42380674598622925,-0.3501175852676346,-0.01222248689491874,-0.11701194574462592,1.0,0.034433452859034736,0.38756810223980126,1.7018024651466885,0.03952746292056439
synthetic_cell_00129,0,10,5,1,14,0.4214538039283465,0.2627682674167557,-0.09352936563574761,0.0845262729898185,-0.823961670735021,-0.2164160291424898,0,-1.6668897724460834,-0.07960769762439046,-0.17421892787222198,1.25823513852947,-0.838053593347651,1.1352241738609186,0.1934283901558414,-0.8506779498082294,-0.15584664848755594,0.0,-1.2540504814060849,-1.2561670347781873,1.3015530430643079,-1.2545522673674852
synthetic_cell_00130,0,4,0,1,21,0.4093127786455892,0.541633448611107,-0.17024395268984754,0.06795792380454957,0.007406601141671465,-0.026738024434939403,1,1.1851113500803208,0.29743048012406315,0.4843336510141767,0.18742754286925714,0.1922699342030609,0.6202253378197949,1.2317966662755695,0.21707731523011237,0.041909687089136546,1.0,0.7384061699009543,0.8050716787552296,2.264543756490884,0.7410809426429135
synthetic_cell_00131,0,9,1,1,14,0.18853070746086714,0.192508946642537,0.03514166332974926,0.4753073643857053,0.14405374605007587,-0.06254817146096288,1,0.7005958207962886,-0.565742320417258,0.48394866713626083,0.0007124993900356064,0.0983644786004457,-0.357203774863873,-0.5255807821092825,0.13165098974935735,0.28383749855149387,1.0,0.20752081681463952,0.2948147736173942,1.348868370279583,0.2120200035253623
synthetic_cell_00132,0,6,3,0,21,0.5235672149899531,0.2975831211425947,0.035486966077686345,-0.18788220920415272,0.8455249388014439,0.6014612057758485,0,-0.18279859274667526,-0.19435200456437426,-0.1432074656555693,0.27554418230753097,-0.47896293218542607,-0.27791244103988455,-0.3729364344837968,-0.7250866822311279,0.6828458803284759,0.0,-0.29433349019931254,-0.2634418926370517,-0.32152099974057574,-0.29813339142164164
synthetic_cell_00133,0,2,0,2,21,0.1764291246005435,0.3683422554055246,-0.11797350191456044,0.4171076944055788,0.6353512869388321,-0.6091315912955035,1,0.3424281519353721,-0.2799430062600474,0.18650302882713674,-0.6159879150474703,-0.24655429743332766,-1.1462786756222305,0.1889457319920264,0.34342357303981225,-0.5761336954959186,1.0,0.5240649635335538,0.36284326982638654,-0.2853738105340442,0.5274763305113588
synthetic_cell_00134,0,11,4,3,7,0.21054819501115135,0.08527155773702913,-0.12453776812627035,1.1638882092296785,-1.859161961395379,0.40664574271849163,0,-0.8168236412607983,0.2685346242765691,0.5828537948806831,-0.7462223930834989,0.08112646225936537,0.43774970824640713,0.0495817327541955,0.19131223367873848,-0.09738946588054731,0.0,0.04818836879451922,0.22360301254006706,-0.6617818880105626,0.04321137413662558
synthetic_cell_00135,0,0,2,0,7,0.26241524112636616,0.17083801076130414,0.06901364140094189,0.09978846306094474,-0.8805311423744797,-0.5321613382407062,1,1.0426030691906056,1.0299069638396499,0.5038839580296669,-0.03757568176639681,1.8354070509851348,-1.3063324103483134,0.7855126018585128,1.917488305495466,-2.348830052822893,1.0,1.8718143374892184,1.1214864025313511,-0.8828349617240073,1.8705940965879537
synthetic_cell_00136,0,6,4,0,21,0.12291139375818289,0.3283537091551781,-0.09706604688946936,0.3184814351382538,0.35188007412694555,0.8841434129575719,0,0.2572647494185137,-0.6782981908504964,0.7172448661053143,1.0530224760619469,-0.7200171731139294,-0.1926973978816141,-0.40083709230108533,-0.5754589780874936,0.3761801138340875,0.0,-0.373448299733116,-0.24646928502634682,0.7066040394579407,-0.3769763189703603
synthetic_cell_00137,0,10,7,3,7,0.418169266604554,0.34072183759715086,0.2336825569987898,1.1651821881917819,0.16214363239047844,0.0676262132570705,0,-0.25484582688003277,0.9719752807271373,-0.9501952160024433,0.08193299163080003,0.5581777083153946,0.06427498208969176,-0.7226823509819728,-0.3441532247867421,0.31868905366982075,0.0,0.006552350538947608,-0.018529274998615557,-0.6382213526396135,0.0017184401324230553
synthetic_cell_00138,0,2,7,3,7,0.2730376237030828,0.286975322361757,0.24260067222481185,0.37300673105264603,-0.10628944500737492,0.6103056950976355,1,0.9427165795950267,0.3000590261021554,0.24672402569477792,0.049662595006704974,0.06948103108791323,0.2653825541058357,0.8859633694573352,0.3166664607484725,-0.20548601856016563,1.0,0.6202607262429904,0.6643929807400715,-0.17260021387153804,0.6233415116890151
synthetic_cell_00139,0,6,3,2,21,0.24304026286508346,0.5477118029472389,0.06582245149447565,0.06543749758545081,1.300362376458054,-0.17285655514321976,0,0.34474547370943837,0.32385775458134713,-0.21628882158815377,-0.4008402358155631,0.7001098813028721,-0.15055319043473336,0.2651453340614249,-0.6053171083264167,0.13804015446536722,0.0,0.6019767499406947,0.4030637989067583,-0.2113349241804058,0.5950966339169007
synthetic_cell_00140,0,11,5,3,7,0.5453225181998844,0.30085337065563206,-0.0734159555067006,0.34833766845834674,1.4020840697626207,-1.1396006775355172,0,1.2263979624300507,0.4787934508621059,0.13164273349742583,1.0152371058342466,0.10741712787624808,0.5306471898707055,0.6896248131383232,0.5795129673238617,-0.5833590596975984,0.0,0.43789092349058234,0.4946950841988461,-1.3924168731445092,0.4315746965854302
synthetic_cell_00141,0,7,1,1,7,0.3417201753176212,0.19646547711679752,0.09924317255014296,-0.8264919235544428,-0.4510052725622868,0.37910037076920156,1,2.061204091416025,2.135889489300254,2.042797665559948,-0.8473085391487869,1.3379517587916905,-0.1214338942963063,0.5218807634262195,1.3995332214515597,-1.2557711945107333,1.0,2.3450325234650906,2.8262957790177867,0.6143956609849075,2.3421860446882685
synthetic_cell_00142,0,2,7,1,21,0.14294656531580155,0.2826617621365325,0.17615732242931453,1.0870031592761853,-0.8387624850478568,0.8791923581871558,1,0.8895908023202318,1.448660615520184,1.3699044953284005,-0.7037681773764117,1.2653629283714236,-0.3299283089191091,1.097100175456817,1.8470782747533852,-2.0202522000272163,1.0,1.8491634704637916,1.7351514985412857,2.2493554214878206,1.848021070395704
synthetic_cell_00143,0,6,1,1,14,0.23425494330216914,0.010656969613072026,0.12259123853476711,-0.12403297000841484,0.9718499334313246,-0.4664123693595208,1,-0.4429729612304604,-0.7907083402264521,0.12450552931398845,0.6834053205697989,0.7078663153672662,0.013446160966578524,-0.07563448726916924,-0.38206115262824913,-0.08331653127982654,1.0,-0.17948853232379122,-0.6809658717825543,1.4958822330131603,-0.17365936870090543
synthetic_cell_00144,0,4,1,0,7,0.18058804636151873,0.06113869918658629,0.1880888744310264,0.1997787033202693,-0.48088620195317805,-0.20069586670262912,1,0.5448463575990117,0.03431444013214924,0.6358355573565933,-0.5135425325083802,0.6068976459743309,-0.9959865435282618,0.051526900134291065,1.28161820426932,-1.289479825322213,1.0,0.9236721446166921,0.6951347050935098,-1.0803147551880135,0.925710241605133
synthetic_cell_00145,0,5,2,1,21,0.4037849552197587,0.4363185477733569,0.03469866643386858,-0.9283917512482024,-0.18950394457016484,0.14848337606312872,1,0.02188590123414544,-0.056901885768648415,-0.28753159400852074,0.1084734290699562,0.20006563359238358,-0.16471346590034433,-0.32511742733027094,0.04084032884607863,0.2639394800875981,1.0,-0.0011892359563052777,-0.10170916859670254,1.9621531557555956,0.004027193250340748
synthetic_cell_00146,0,2,2,3,7,0.1976224227490042,0.1917350601144392,-0.012499860406684517,0.1693197349265455,-1.0130092869322658,-0.05867287252161814,1,1.131227650826709,1.5247075230684894,-0.7041218088894583,-1.3997542041838502,-0.33589254164082727,-0.08881650411344297,-0.26578012232707,0.9356060518429693,-0.49500291004708674,1.0,0.7534950365353189,1.4439338238472041,-0.37810637363673183,0.756117955635243
synthetic_cell_00147,0,6,7,3,14,0.21635864554592527,0.1585251348827302,0.27269124424042646,-0.16635365688701786,0.7338964094694771,0.07534467659004739,0,-0.25718455049787786,-0.11972649763385565,0.27556497183805895,-0.3368067780795817,-0.5909794148278316,-0.0648150318159737,-0.3232726077526254,0.16913281411513426,-0.8143566757538113,0.0,-0.18631121242084686,0.08218487270627456,-0.9938583728070628,-0.1904823375832809
synthetic_cell_00148,0,3,3,1,21,0.3648022909504503,0.3537708499226827,0.0992761672516638,-1.4719164839852432,0.45028300727629145,-0.7094631358770584,0,-0.33220922893057114,-0.35125007135929676,-0.16014785382551064,-0.2941098583840285,-0.7544948743555926,1.151662612806744,0.512326783982147,-0.8474062198161019,1.0382085888658241,0.0,-0.5387741697954428,-0.20358828569213985,1.7364269110266193,-0.5417340384423831
synthetic_cell_00149,0,2,5,0,7,0.35323623628190454,0.2595179105081716,-0.028363459748298542,0.021718129744819292,-0.12664280780734943,-0.554096817488525,0,0.2987582370336839,0.8028379481997101,-0.0369201765102099,0.949200379311652,0.09572209259930346,0.4685710974503414,-0.07366262735412155,0.4132164450829122,-0.13440861546389993,0.0,0.04750954185917816,0.16492019006802752,-0.9335187918254635,0.042534880023872325
synthetic_cell_00150,0,8,4,3,14,0.6597672446086971,0.3440746595879399,-0.03382998337344832,0.05210705848288835,1.1109998337288087,0.16066626509439516,1,0.3240758714946296,0.4943313973395925,0.13349726078686408,0.16029186973099013,-0.2155488178757241,-0.3710837874402869,-0.3431026020410741,0.6398606450972165,0.044955788236180745,1.0,0.2222119934797247,0.38148247110243344,-1.4323200159681917,0.22666069322980795
synthetic_cell_00151,0,5,5,1,14,0.4299642574682323,0.1723032041661331,0.00552500373812978,-0.5365610782442801,0.15955670466242283,-0.4861654205837208,1,0.1736935162425498,0.15020343410185702,0.3133726224267638,-0.12904687275018178,0.28501820586809223,-0.19596562602117668,-0.036990611920364624,0.11125996075075321,0.7710160358606374,1.0,0.36396397616411996,0.33138237957610933,0.9122943271422187,0.36792553816250995
synthetic_cell_00152,0,11,7,0,14,0.168740707407824,0.08444166977890154,0.08947217301698228,-1.300220170511996,-1.2213965983242352,0.6821388207680702,1,0.7376314604073155,-0.24887354932573344,-0.7323002258027167,0.9669418870570179,0.633478567081381,0.10037302100818365,0.14732463123024744,0.5859930794179126,-0.8439885528119143,1.0,0.09951827933652707,-0.2922390315318142,-0.9412854449520173,0.104388622148829
synthetic_cell_00153,0,7,4,0,14,0.379138204652401,0.16765062133753447,-0.14776938920487637,0.2574354737952692,0.4717910250320516,-1.1574227543588558,0,-0.7749859669122084,-0.810877767095969,-0.3335797036815903,1.6444141569553823,0.09803149132178679,1.1168008988349816,-0.41551354204969265,-0.9122989431702151,0.929621714227079,0.0,-1.1337503024594728,-1.326824219962137,-0.9145333231999287,-1.1346655059801238
synthetic_cell_00154,0,11,6,3,7,0.4077605531505945,0.1480923105524308,-0.008647528921909094,0.38533033629898217,-0.6400707595221126,-0.7935537266213175,0,-1.6548670768761577,-0.7987994030845914,-0.27212827222384195,0.9398654869605405,-1.2534330863417062,0.8361184937199146,-1.0529074706810126,-2.1241969120713753,1.9382570873190432,0.0,-1.7574771229780317,-1.463978426237823,-0.160158816877999,-1.7562488582009963
synthetic_cell_00155,0,7,6,1,14,0.23328017627076117,0.0032229556303063622,0.07114023871725113,-0.5965254463579435,0.04546123840788858,0.34346939297477547,0,-1.2394486502687303,-1.1442781246361966,-0.8756183900591676,1.6562416412503622,-1.8038445228459485,-0.711412784342319,0.6602005639872903,-1.447348718823027,1.7014258020479867,0.0,-1.2787920558502717,-1.8582345771559596,1.5185641090557906,-1.2792088161582746
synthetic_cell_00156,0,8,5,0,14,0.08128328116274051,-0.12131865982383397,0.027644974194220448,-0.666459861595477,-0.6536726250623955,0.7497564392829202,0,-0.7040400009731078,-0.2614600002911712,-1.0194505408412105,0.017585721926593356,0.9676901671871991,-0.5637051856416637,0.17466585015937366,-0.3337676241197773,0.22661367015463574,0.0,0.0886454238066845,-0.727970553809138,-0.14331104071826495,0.08352939646335296
synthetic_cell_00157,0,3,3,1,7,0.39694999775321704,0.24392167957640049,0.13626113870479029,-0.9036807889243754,-0.10940458175822673,-0.4559169771313211,0,-1.1934635646130838,-1.2380246607308056,-1.094307491537156,0.015379852879034317,-1.3199586265537817,-0.08301689083566544,-0.36677683098468294,-1.595270416894295,0.9843174315609697,0.0,-1.3117424803068953,-1.3751029508216148,1.0786547300381912,-1.3120460048394038
synthetic_cell_00158,0,11,3,3,21,0.2656064796839028,0.37275849214488943,0.14698179349604595,0.272417796348353,0.3991900852015962,-0.02021980056889966,0,-0.7537090751212041,0.4270723196882162,-0.04657627730803365,1.0320251130490972,-0.7693788614172761,0.6333872239827274,-0.20072615493292073,-0.932076385904472,1.3063012944764565,0.0,-0.7269624362171466,-0.5070697073173688,0.6086896724981355,-0.7292755865095095
synthetic_cell_00159,0,9,6,0,21,0.2092039157297823,0.4023704743619556,-0.015770023773108405,1.1347321621950888,0.13602152358005554,0.29658374182908104,0,0.7827771710871968,-0.7794123215415307,0.8114787484213423,-1.1180168585165597,-0.0011241073441273786,-0.08644025365556725,-0.6438065311960621,0.18554125953126605,-0.5088626361173588,0.0,0.30911097348317923,0.7423033848807126,-0.20715971928242416,0.30323730529305715
synthetic_cell_00160,0,1,7,2,14,0.21654290255643138,0.2632732158820299,0.17681430802070566,0.41560532605362965,-0.4993812002523822,-0.13538305791026434,0,-0.568847919156643,-1.5668746725342229,-1.4960523590466686,0.7879878475628923,-0.42636067402288463,0.4933786710655387,-0.3827404392326279,-1.2285281253115643,0.9355614311867237,0.0,-1.3143697720171628,-1.6195341348134364,-0.6300246386120243,-1.3146642677307965
synthetic_cell_00161,0,0,3,1,7,0.5121024577355271,0.3060713495492804,0.15877149806136853,-1.0688983906471055,-0.39028645456020933,-0.08943216505871923,1,0.11630831952521209,-0.545665981783315,-0.8023025632157079,0.002980306910077557,-0.09451095642178695,0.7687185203662201,0.11260027084619711,-0.40141311864910834,0.6943379355948762,1.0,-0.420328940116797,-0.3877629560940239,0.887270985547845,-0.4136721164319677
synthetic_cell_00162,0,3,4,0,21,0.21382691010066887,0.31945591423719344,-0.04575094254899968,1.3729917772716516,-0.8103129210276714,-0.19162780315735242,1,2.1170867463300143,1.3328740661197904,0.7725567646374891,-1.0583407123589756,0.04732453087916999,-0.39385856106109696,0.20463261837017926,1.670668748826788,-1.1266376676085141,1.0,1.540411700744279,2.1850795945327515,0.6725489146351845,1.5403303415172735
synthetic_cell_00163,0,1,2,0,7,0.10782267426892225,0.11043271763283338,-0.019335651713603425,-0.733040238790775,-0.5964165803690432,0.05935003379822573,0,1.1043881562997848,0.542716027014122,0.09094119524273482,0.33749935147432475,0.226477282106898,-0.2271366274984165,0.09560874112462336,0.044831619686789184,-0.5844814900502,0.0,0.6340775847717016,0.6868598848702923,0.043731546667167914,0.6270871526294949
synthetic_cell_00164,0,10,1,0,14,0.16633612596135638,-0.006538839589086395,0.1327744394254664,0.34731976787259927,-0.7036691557983396,0.6679275522804563,1,-0.04397386352080046,0.38169951622582066,1.5098466017717591,0.2502267013412919,1.4550695563166811,0.46838989680935394,0.031943975477676745,0.610277979575292,-0.5829267986368406,1.0,0.7192325528242786,0.5827938445596687,-0.22573247849441444,0.721973216656702
synthetic_cell_00165,0,5,4,2,14,0.5551765020215431,0.5718252598644965,-0.08390164829132776,0.5505081961070944,-0.1042809992488809,-0.5516824776564313,0,-0.8944410905186155,-0.7688587606725018,-0.297773963313102,1.757490534637145,-1.1722555745314074,0.2694648840646127,-0.281980373594574,-0.9502725360607741,0.9913875144791351,0.0,-1.3021630410407856,-1.392745555485622,-0.9187668016885612,-1.302499485793655
synthetic_cell_00166,0,11,1,3,21,0.35161839254688787,0.5002976741490933,0.11384230169689105,-1.1555817552061618,-0.5398788191585315,-1.3782889716813993,0,-0.295211017992547,-0.5228169669184062,-0.6422036580665039,0.10662481122370909,-0.4434586426400058,0.46570988169529093,-0.0624156722326733,-1.2818621817132032,1.4100316589006447,0.0,-0.5939179217489056,-0.5528870491010959,0.23900449307003002,-0.5966882861445625
synthetic_cell_00167,0,0,7,2,7,0.2691712560909823,0.2725409270626471,0.2003645411866049,1.1728409140880223,0.8718941741510625,0.42225824970561554,1,1.5497600209960678,1.2963614121232343,0.6718264408223574,0.38922222788536087,0.6579675226178197,0.943060704874401,0.3433217193428732,1.4413797190795248,-0.9426680396078035,1.0,0.9320240751312193,1.3707669706569041,-0.5767065684948076,0.9340334702942882
synthetic_cell_00168,0,6,0,0,14,0.2833529884671193,0.05684160922057878,-0.1508806894342132,-0.5036129710216986,-0.20528487785473204,0.32461092900697375,0,-0.710870063409506,-0.41172220061863735,-0.8506558444876267,0.3248558278882012,-0.10441461285782377,-0.06143742931142321,-0.34029135869784977,-0.6545512054784784,0.5060684117983947,0.0,-0.5845391289328195,-0.8441337333511343,-1.2155879471254096,-0.587341724017314
synthetic_cell_00169,0,2,6,1,14,0.10033171458807555,-0.013123785923114716,0.12289506969296767,0.23319444225329278,-1.4071823468101077,-0.4011496039045754,1,0.9008778643305777,0.49606818865108937,1.113589732565722,-0.41728014493789045,0.555074431462109,-0.41738999119681697,0.35339634766052375,0.8126487565405589,-1.0303050146167212,1.0,1.1191853809329315,1.1699135865049242,1.6792370082861057,1.120551586942765
synthetic_cell_00170,0,2,7,2,14,0.3334634064329524,0.3778471649066389,0.2200198272163006,0.8451472429954547,0.37432195357819464,0.7670504579836377,0,-0.6018559479874465,0.6917973588368719,0.8028707809684107,0.1718735197770022,-0.04060999175763904,-0.4355065711368855,0.03893811603508049,-0.08005800485406582,0.3658741316271781,0.0,0.2956828797619224,0.24726906035064264,-0.285188663848903,0.2898553578849667
synthetic_cell_00171,0,2,3,1,7,0.2976174246629718,0.18692633504147654,0.10045168112736921,-0.6842847012767337,-0.28605695880499515,-0.2529800494866336,0,-1.708646522839124,-2.174786118395062,-1.7170168202937808,1.338626026173975,-2.0163774350697468,1.109638018793838,-0.6247549234719902,-2.385595149137797,2.4025232678104205,0.0,-2.6843074432596974,-2.658074180716535,1.4816496712008689,-2.67989407990504
synthetic_cell_00172,0,0,2,1,14,0.4705324337666968,0.2308197404701027,-0.013006677442068865,0.36775338252997924,1.5834639417524767,-0.13785477079932246,1,0.04858189928158524,0.6207404672344523,1.0673353075768555,0.7574234570662279,0.517423533029918,0.36885821626018483,0.36417876302892904,0.22275809744298872,0.1347751222829084,1.0,0.44576430196654926,0.4019254614781141,0.6944387403819803,0.44944475306938375
synthetic_cell_00173,0,1,5,1,21,0.4237243103759869,0.48839935192785616,-0.07133145197520886,1.8392051030309506,-0.9900609840233024,0.35072102002198136,1,2.291495178204071,1.28178877134263,1.8201243780779364,-0.14935035415246822,1.5530725969766939,-1.284991300016339,-0.133336324868228,2.2655383657018295,-1.6962283651643988,1.0,2.2500141715792026,2.270204968007652,1.8294954792217764,2.247494228103198
synthetic_cell_00174,0,2,5,1,21,0.39265239559319276,0.4424222545843139,-0.037226793042589086,0.04694880609459873,-0.6481101131691698,0.7137336332942825,1,2.1260649115081556,1.6679747974354697,1.2426851821731182,-0.7095146608478816,1.1723166624130044,-0.7409708509619594,0.6928759035237831,1.6531139305056433,-1.89677781570592,1.0,2.2297293309634436,2.3572856080557383,1.9665380823366618,2.2272790973529655
synthetic_cell_00175,0,4,0,3,7,0.5176233674480957,0.30305829764280656,-0.24034592452824582,0.7699705153354776,0.7029814452196262,-0.42741245796747107,1,1.72197853852266,0.5215923043096273,1.2458534589080363,-0.22672976957495067,0.9611284336428045,-1.0651748979968199,-0.24814329284155612,1.1228386536835429,-0.9644170359890668,1.0,1.5147221992390492,1.537245529217889,-1.0603824139588875,1.5147291232640192
synthetic_cell_00176,0,0,0,2,7,0.1466183265547183,0.2596824449817626,-0.10785353680270562,-0.484165047647235,-0.18561037108349446,-0.11105480979663196,1,0.409015103228626,0.49555935412495605,-0.3750037940580104,-0.011574737927549206,0.5937832994749095,-1.4427345707739878,0.08503743917267145,0.5619716971372133,-0.24789638921521603,1.0,0.844418781612808,0.3153289679313957,-1.1971072533666203,0.8467292367322374
synthetic_cell_00177,0,5,2,0,7,0.3755506554347529,0.32531226417113673,-0.026888342260239246,0.6028075825801967,-0.3044150352953321,-0.3189693776437539,1,1.4739919905448227,1.6452734342508313,0.40764400347586727,-0.5776167989471033,0.3743073777459518,-0.15896040522217125,0.39031534648810656,1.6370118913903828,-1.1332319010087346,1.0,1.3566100101422145,1.7279399105987228,-0.6527035948232276,1.3571602945834083
synthetic_cell_00178,0,8,1,0,21,0.10401220722204721,0.32501225179801335,0.12577523957213269,-0.503853181156478,0.527926275391427,0.10700388583480307,1,0.958125652881067,1.1273101615254122,0.9363998310104913,-0.05840424314967174,1.2357116453660193,0.45671216769359635,0.0640304450760916,0.7284389536494962,-0.5727823413681924,1.0,1.0946793614865762,1.2702463683751257,1.009519508428882,1.0961297836533195
synthetic_cell_00179,0,4,1,3,21,0.3742946168444438,0.38338256789115127,0.05894321245892384,-0.42078207597271233,0.4953306082339791,-0.41724487034046054,0,-1.2993241874905284,-0.8211768618266277,0.5423946953178683,0.48350914652841437,0.19486465794176583,1.1080938711837014,0.3301910498433132,-0.5083694277497475,0.5147405422772321,0.0,-0.687502365239342,-0.8839795972789262,0.6605582519850269,-0.6899511220318313
synthetic_cell_00180,0,9,0,2,7,0.3211306515593123,0.33065147079158247,-0.22288028465654955,-0.11795988383074413,-0.9611166743056229,0.09236658343889695,1,0.7077776412372616,0.6113554333995165,0.690518408714622,0.012540076369404185,1.239345768354682,-1.1314268447299616,1.4493058946859085,1.4387893631631188,-0.8192011073472428,1.0,1.623855584131113,0.8397688282579724,-1.3591812553530263,1.623487465841018
synthetic_cell_00181,0,4,7,0,7,0.32592145813123585,0.18725608630361507,0.14195508190088638,0.38768919315899164,-0.4974591245543459,-0.7166818522592839,0,-0.5355079132707359,0.1507737306750232,-0.6974422369124682,1.1724618746452244,-0.45520219586788446,-0.017162976009096775,-0.6488623169427408,-0.3371085188783505,0.2992531625694475,0.0,-0.7167205443506025,-0.7794617763733599,-1.1309828940813957,-0.7190688914146963
synthetic_cell_00182,0,9,3,2,14,0.3857077175716127,0.36177986981450144,0.13072256011434188,1.2850059445092048,-0.35676997997132254,-0.43404707011938043,0,0.08832328465280714,-0.31617137169679854,0.8319714134210983,0.8328119509602598,-0.09590533137708858,-0.09701722858709683,0.03517096792511899,0.2189895619668796,-0.5150041039564848,0.0,0.012281972136024465,-0.06344127971852492,-0.7065566961767925,0.007428371599386758
synthetic_cell_00183,0,2,4,2,7,0.1455054126218674,0.22939739278342192,0.10105769512028315,-0.42619299814475065,-0.4327214500162366,0.6727877793722856,1,0.10273480653451167,-0.10052184884604598,0.8042089595089512,-0.050730369974605845,1.0068308103943013,-1.537467386665059,1.4013013108792742,0.6322627729557194,-0.6682141879066058,1.0,1.3246938334194132,0.3294183410186675,0.2130722593611769,1.3253537993922297
synthetic_cell_00184,0,0,7,2,21,0.41409999941493697,0.6207846167391134,0.2284529365749808,-0.14424472643442365,0.21863529983204832,0.03994668936567958,1,0.8661044954906293,1.123614457989136,0.44959173440159633,0.6893192806180461,0.4060498401916904,-0.8100257841615668,0.6941178475170164,1.1769266638835905,-0.8018977407176461,1.0,1.087204030701162,0.8070862751548032,-0.48298879090804775,1.088680142214629
synthetic_cell_00185,0,9,0,0,14,0.4187385283788294,0.3970986281985285,-0.10539740445568102,0.8022068559571095,-0.23604870378953033,-0.37467624243065134,0,0.3335675781713855,0.6920936627517239,-0.11955373221698878,-1.6470139870976621,-0.1772926758886568,0.5214882111764327,0.1861471221669704,0.2152643398830747,0.35616083236020657,0.0,0.45683827605847876,1.0129318866542327,-0.9345769822663148,0.4504569356321209
synthetic_cell_00186,0,8,1,3,21,0.4844818078356537,0.2865184221599878,0.10257704323560025,1.2522405148181945,0.6480841909831201,-0.08213472772327635,1,0.6058996704954904,0.5956447225369149,1.1176823764352595,-0.05533573921985829,0.8444528939834408,-0.1154828261525428,0.6738220956662077,1.850618935630451,-1.4813263151818317,1.0,1.0797781474604955,0.9491353128303821,0.28249014268090294,1.0812797783917352
synthetic_cell_00187,0,3,5,0,14,0.38885700051867095,0.24286853222632349,-0.06057117182845137,0.13816059100366146,0.10009519937043171,-0.14357377927591755,0,-0.04532951672612201,-0.4008962734608277,0.203667164652017,0.7731437802046257,-0.16866447989285932,-0.30274128661608585,-0.5466386191974605,-0.1569747110203024,0.5240614502904034,0.0,-0.27103397748697017,-0.3438613963105055,-0.4124293854603356,-0.2749139486457002
synthetic_cell_00188,0,0,4,2,14,0.10675525910088805,0.2063371727377279,-0.09993707791558713,0.28722479403597234,0.5239507491108595,0.5850266599430964,1,0.5883771613218782,0.16866630930482968,-0.11612720892042028,-0.3154948949354367,1.346036504914907,-0.5749046024839339,0.06625295695229669,0.66142895059327,-0.1346160157803086,1.0,0.9093303081892655,0.45574171541836894,-0.4273579822079845,0.9114176916132123
synthetic_cell_00189,0,3,2,3,7,0.35747761537116796,0.2739682644898126,0.08850810322045494,0.3044347689294209,-0.4602493711351232,-0.5557371738271764,0,0.6477821585991197,0.1069561598954214,-0.7545952015695596,-0.6873124873348064,0.5077955929297406,-0.321847478762726,0.5404578740730683,-0.1661806357134774,0.05694583490498175,0.0,0.6423276061786131,0.3794182620230774,-0.5251908937878977,0.6353088224267605
synthetic_cell_00190,0,8,6,2,21,0.0850551382878775,0.4562239777250325,-0.01092622069467314,0.7119632916794102,1.0737478731551666,0.6057540503229779,1,0.16556729108751278,1.3104222641175767,0.3862078783674961,-1.26596484713674,0.5079285462648448,-0.8562223797932631,0.20903426152508398,0.6348979080974115,-1.04311673924662,1.0,1.1986891953537477,1.21870585894192,1.170290482221369,1.1997821825438189
synthetic_cell_00191,0,11,7,0,14,0.5691992172507566,0.20716359071727392,0.28064185850377193,1.2566460742766306,-0.3296221880571046,-0.4346954218736211,0,0.5987322857382786,0.4099365895533832,0.04287508548921864,-0.4264144391524074,-0.24603612444899553,0.3751591161377673,0.7126669736935128,-0.1819309924369796,0.7875484136641171,0.0,0.42158915602836816,0.6490549218708348,-0.7483326381873711,0.4153289509593821
synthetic_cell_00192,0,6,6,0,14,0.6002159635638473,0.25615090198405005,0.0370666771437341,-0.058399608769117387,0.4276416884967309,-0.42907683683439307,0,0.47355960732342767,-0.6120520049651844,0.0705608914654807,0.22251756324919192,-0.039757777161596966,0.36561002089754513,0.42356190978264024,0.04332273310917989,-0.0413023898990642,0.0,0.00347728260626788,-0.0411411809978033,-0.9268771730505204,-0.0013460601760819553
synthetic_cell_00193,0,0,2,2,7,0.20253825539996778,0.3716202048837196,0.05757440418256675,-0.4181284701281776,0.8132114535764311,0.26326650776818067,0,0.3770932160627601,-0.7547480698215824,-0.2664928874555541,1.284598291246628,-0.22972057668584592,0.5241626284922567,-1.2317032173059483,-0.6302386011265252,0.5683177410640371,0.0,-0.8448783853596943,-0.6234593581608583,-0.45140847990668287,-0.8467863116173291
synthetic_cell_00194,0,6,0,3,14,0.22487097943281936,0.13043291449904137,-0.19362152383677136,-0.18158897215594327,-0.15105079031837165,0.6175762764108337,0,0.06849114019843955,-0.574587001687582,-0.7252341501989259,0.7613860222250797,-0.18880200481926745,0.6254190319440365,-0.43013646952984463,-0.5127435596524352,0.13266409956405498,0.0,-0.6938534202467489,-0.6605574884744657,-0.6159306318642669,-0.6962803513222456
synthetic_cell_00195,0,7,7,1,14,0.3503033554087167,0.1267755797470955,0.20316631251675324,0.03040071048821863,-0.3023367810101206,-0.3867880264521784,0,-0.6132810423412792,0.40620955235254086,-1.3471486126741512,0.998473705079068,-0.8629234630289163,1.451883102292331,-0.5624092027686172,-1.3458133904302816,1.6175333519973127,0.0,-1.2836319012283333,-0.8629433415024127,0.737349414300204,-1.2840320291665352
synthetic_cell_00196,0,10,1,2,7,0.49570429308616115,0.5897114476462524,0.15025304066775394,-0.25968978869539905,0.7808345993488426,-0.116416921434143,0,-0.9953207566082484,-1.7291526945532811,0.33993314653745454,0.6565125692518214,-0.06104556988946519,1.198734288322036,-0.05244000127196119,-0.9442917141668749,0.4245161774137969,0.0,-1.1036366690013346,-1.2384883912371079,-0.9987986919808588,-1.1046553595238626
synthetic_cell_00197,0,1,0,0,14,0.09846212658443591,-0.10327237729758298,-0.10168996113894868,0.8888105640424039,0.01997957055111728,-0.06186775136646533,0,-1.0893408476775877,1.4921979143287594,-0.9668629917040628,0.6215398038735338,-1.6696362374221656,1.3615481621832948,-0.7190513697928096,-0.8138647552469414,0.3976645888727172,0.0,-1.2725264593380206,-0.3867679659818642,-0.7746030985544433,-1.272964751680639
synthetic_cell_00198,0,10,2,2,14,0.23085313021123574,0.3261451095374584,-0.057338740475812,2.033023221375259,-0.5161833454020668,0.781638786209907,1,1.026759295509747,-0.20191279177209165,0.14826771760823093,0.022890829549552738,1.0152229429648494,-1.1483332384931717,0.1578697211631946,0.6325440637083657,-0.660835848381024,1.0,1.0112035161599493,0.4765122328816283,-1.2743790250258997,1.0129408072285806
synthetic_cell_00199,0,11,5,3,21,0.2912245627943817,0.3794464828415323,-0.07042071808965657,-0.09712721043502148,1.00202154654605,-0.2691562025758938,1,1.0956354978902567,0.9022323876407516,0.6332955013507796,0.24063218471182646,-0.3300558324322409,-0.4071326969126817,1.1754443615116714,0.769720700925412,-0.9867361025957593,1.0,0.9934771497134317,1.0394949686595163,0.4030569733943377,0.9952753583236235
synthetic_cell_00200,0,6,6,0,7,0.23711152070016092,0.20027796364056225,-0.07779568608188836,-0.11707758557398225,-0.3983655524274173,-0.2189897385219604,0,-0.8611751288663474,-1.1215714608040155,-0.6710627253273003,-0.09489343083997098,-1.0615562143376052,0.042849306255711817,0.15747689134809845,-0.939298081273889,1.6953536803619327,0.0,-0.9034962736451876,-0.9975227466756005,-0.8985524070336237,-0.9052027566089252
synthetic_cell_00201,0,9,3,2,21,0.368309157676526,0.6091542735014643,0.07969904710033855,-0.46049746148611614,-1.3103183474092057,-0.24378612476772726,0,-0.9481751223858956,0.24255297291425837,-0.8614475542249946,0.7775549106699993,-0.28545024551324094,0.5278216661082158,-1.2776026074767175,-1.0278552040727569,1.306315233748036,0.0,-1.0314474259872335,-0.8492216238523658,-0.4873031696574967,-1.0327141984404151
synthetic_cell_00202,0,8,6,2,7,0.2540738149752628,0.465030313264029,-0.10343467812898757,-0.01889023369411824,0.5427351494054108,-0.5789382754679034,0,-0.0739971066601674,0.19708868481039776,0.3437915557934873,-1.2878865717653893,-0.3299832947524024,-0.0364009247698123,0.24588554513205843,-0.4681131183046547,0.861640911515661,0.0,0.35544879529244305,0.6491153419529796,-0.24046493966596486,0.34941588486875885
synthetic_cell_00203,0,5,1,0,21,0.11775667679589139,0.2961231708047243,0.12809634248702295,0.18448340071363806,1.3458894195778541,0.15506160310289147,1,0.43690891653669645,-0.42907849989698643,-0.14863313649769266,0.005928551920872369,0.3394675850542779,-1.0440965972644733,0.42763090216534866,0.20675179731735271,-0.03635492004240663,1.0,0.5515256748698831,0.020180677481016814,0.37845437292331274,0.5548426717448721
synthetic_cell_00204,0,1,4,1,21,0.2898073571304467,0.311152172566192,-0.07039416696788121,0.16960560628535937,0.5800984940612368,0.02481162312395223,1,1.6985091909908725,0.6330642641785238,0.7263995077432276,-0.5892532527569638,0.24443020178224267,-0.17228214622517107,0.9390412554260716,0.9077885575545419,-0.696663485546197,1.0,1.3288049031876772,1.5285075494347815,2.0398226112935482,1.3294507412643892
synthetic_cell_00205,0,10,1,2,14,0.25939602107584014,0.2872430256370503,0.14909998636302357,0.41687310401692795,1.8308926746893823,-0.42411655142064475,0,0.4948268603872108,-0.5923489804282482,-0.15444157600501937,0.282737702058789,-0.2610892934558342,1.3351508926028226,-0.334290583225752,-0.5982087320834525,0.8738082387164878,0.0,-0.5717396244506435,-0.11762126831428298,-0.5391742765382809,-0.574586205670063
synthetic_cell_00206,0,5,7,3,14,0.3214369635541222,0.15705955319984105,0.22263654574697134,0.9489960651443965,-0.3105063479117101,0.24852321782782855,1,2.154134713929068,0.7866937284210661,0.2926158500822438,-0.8296637221151647,1.8148291722469772,-1.8433608037618336,1.4507596154341469,3.182132514099349,-3.183269637716797,1.0,2.554670970274922,1.7441460183127442,-0.9799645520590357,2.5511040585298024
synthetic_cell_00207,0,11,2,1,14,0.17231503437868972,0.0940244782987948,0.05370641103602225,0.45224227058490285,0.29611188126947063,-0.11364145999830416,1,0.5657560887606028,0.9497738386927189,1.4879574047551052,-0.1628243556253668,0.7484769856224045,-1.107568041264627,0.9508209219567224,1.8056173588407762,-1.373530669747075,1.0,1.56620511936259,1.2326328072585184,0.6240323076351226,1.5660351197672715
synthetic_cell_00208,0,1,2,0,14,0.38303918677701293,0.2225305933971671,-0.016295819398012692,-0.7482325409883941,-0.11630718040983683,-0.1048276942646057,0,-0.5965127578986292,-1.1725338356143316,-0.9960207446609419,0.40014199026668695,-0.6955404740611093,-0.3147448555348381,-0.6567621403352475,-1.249660702382568,1.7695210436377047,0.0,-0.9828722668768113,-1.1740013373850393,-1.054491090419929,-0.9843059702846724
synthetic_cell_00209,0,3,5,3,14,0.6203594263959652,0.3777382281610999,-0.06055219185269879,0.33534930845654254,0.8169091110882837,-0.6405613829566226,0,-0.04656161141914372,1.5739884942186841,-0.07884726914358431,0.7058371574593799,0.1422328204572105,0.4907204071150706,-0.7509721493798636,0.5757928512993511,-0.12190452621540993,0.0,0.016786403297913588,0.3894963504131286,-1.6510759260851984,0.01191732305914187
synthetic_cell_00210,0,6,3,0,21,0.3897319992408479,0.350587471319535,-0.0011360124054991122,0.6508861914127231,-0.4432718075146575,-0.3380356285560342,1,0.22748870714119948,0.5702144049709515,-0.44443090941477054,0.5602543290648607,1.3021254492906114,-0.018116324053901775,-0.6207869322849847,0.15078479645972775,-0.20675859739560504,1.0,0.3381363771071017,0.039907362551721136,0.14134019278583726,0.34218669693658516
synthetic_cell_00211,0,3,1,1,14,0.36469739948331964,0.23585000325812575,0.1405643096232524,-0.7328587556906747,0.7978598676492523,-1.399827077572613,1,1.1005798115468428,0.3668698139795898,0.3292651150903742,-0.46133276529293993,0.1260215970346018,-0.12359418149505609,0.5120948571439456,0.7754173603672845,-0.7658471672022711,1.0,0.8256754362472597,0.9694496764467203,1.6619734875611998,0.8280503038069787
synthetic_cell_00212,0,10,0,3,14,0.23109908632744466,0.18478121159395483,-0.205438158544966,-0.42175112549300603,0.6157160557009045,-0.6426193100576127,1,0.6614698595337672,0.6753273707597038,0.9924115044192658,-0.6379860846335056,0.6494549212900749,-0.2512770146236038,0.89301589125764,1.6979068800652426,-2.023437012015175,1.0,1.2318146650081307,1.1692440823799168,-0.9105208065664191,1.232793814871163
synthetic_cell_00213,0,10,1,2,14,0.38842929223124195,0.25006502121137447,0.10434375842771369,-0.13427395671500303,0.22982232964104762,0.2712109332079018,1,0.3814382280357393,0.9231176918155184,0.13025123935138486,1.054278865824511,-0.28233313812876376,0.05147651563952242,0.38213209045464536,0.39205170819684854,-0.5566132123380491,1.0,0.2280342404562333,0.2700136167488224,-0.7643896083496415,0.23246293176447166
synthetic_cell_00214,0,0,6,2,7,0.05846304069240471,0.3291671276161763,-0.0001816084088358226,0.2677375586641277,0.22285533075533767,0.5785486029230237,0,0.43748239452611215,-0.21927225435200173,-0.7576343507958687,0.4473583007749378,0.11680665426543174,0.6912507694022774,-0.3058335954581565,-0.18153650045840997,0.07560250674116524,0.0,-0.33308937004737205,-0.24654989632252572,-0.09481113004252331,-0.33675608475748064
synthetic_cell_00215,0,3,2,1,14,0.486503375532189,0.36144877387410346,0.08116129712831066,-1.1277914013795844,-0.04491036271094598,-0.7687691978841809,0,-0.23142639507382987,-0.7747903737238946,-0.4294906725750427,1.5720086292651376,-0.8527296341495634,-0.3588151586614561,-0.6694166971587501,-0.745223887437038,1.5212045439705701,0.0,-0.921157843307705,-1.0665582395042064,1.2254196061670277,-0.9228036314072591
synthetic_cell_00216,0,8,5,0,14,0.1802935809197522,0.04568068867177413,-0.03585552753926888,-0.5154401627483443,0.6198405722807688,-0.16128210884347402,1,0.2427378962262856,0.6284354592035916,0.2857188112333412,-0.2122132239822812,-0.058469923979624944,-0.2909924846035965,0.05388892215790786,0.5327339236884512,-0.9542803912702319,1.0,0.4579705985855642,0.5776457241277834,-0.5015788379307086,0.46160910214185374
synthetic_cell_00217,0,0,7,2,7,0.5690893259889135,0.4038547198030602,0.1987416876585537,-0.8919831770857263,-0.003296923182554007,0.18026693155323273,1,0.5194728103554049,0.4709539914315976,0.8554854251824545,-0.8574108996847496,0.5122875103802825,-0.2713475980190472,-0.8022814218499085,0.5869854818071858,-0.3165898719444578,1.0,0.6850958496621671,1.0521813027392617,-0.8351492084878761,0.6879538259759661
synthetic_cell_00218,0,11,7,1,21,0.37672545858269596,0.27350598617097366,0.2399838158963048,1.3550409926372353,0.2486252301418148,-0.005503247580138926,1,-0.7851724611591814,0.7849739759884394,-0.15485377454344162,0.6569980181391398,0.619570326938255,0.49331074154788424,-0.40909970933972417,0.0731684628169598,-0.20287676655029435,1.0,-0.17222024190618898,-0.2809263986336509,2.3003067067711975,-0.16641605612548666
synthetic_cell_00219,0,11,6,1,7,0.15664073016488955,0.09698001732719348,0.03697046740834597,0.6643066991934523,-0.017188751147716015,0.2724790752162224,1,0.8769493550194543,0.04052830569895688,0.185627705014886,-0.02499994290908522,0.5423094338208558,-0.27930921009731263,0.021145735435392,0.6063744402168398,-0.6911862997939934,1.0,0.6187257087492526,0.5345368726395734,1.6171657780028177,0.6218117693593811
synthetic_cell_00220,0,8,1,1,14,0.2743752701998644,0.08282496511679707,0.12336745128251286,-0.8288608154030479,-0.1866021061732474,0.4501163262557434,0,-1.2104323387058247,-0.30797345070033066,-0.2660838724243968,1.5781865995653808,-1.296327218377191,1.0833056134037455,-1.1319372068542446,-2.2594620348307726,2.1187148162209364,0.0,-1.719817809283407,-1.278982553141684,1.2760145884400194,-1.7187189626143662
synthetic_cell_00221,0,5,0,1,14,0.5280938207758691,0.42335837424215095,-0.22522154635681563,0.7941159170055944,0.20267303612687704,-0.8972013307738171,1,0.6006196225989522,0.9642057115091043,1.23761110984525,0.8412070069959261,0.7208228316030824,-0.12140347880508481,0.328147108001186,1.155209984790938,-1.016685521236572,1.0,0.9055280335953338,0.8234621018283339,0.9529919782186795,0.9076284837253819
synthetic_cell_00222,0,11,5,3,14,0.18831200231494585,0.19135077675886636,-0.01629673178687766,1.0827567468855623,0.1860667104358234,-0.22684186774978943,0,-0.6797982721074899,0.12250976913593614,-0.8871908283753902,0.005512716228604553,-0.621495467179067,-0.40864606970454065,-0.7078413430576214,-0.2983824496816807,0.42792347391912416,0.0,-0.5459282817954415,-0.5133657358389588,-0.14981389058609246,-0.5488635649800196
synthetic_cell_00223,0,10,7,3,14,0.17731415920542742,0.04721281215663113,0.169820533109676,-0.1893950559302658,-0.3153061138189827,0.023771996063858443,0,0.5280633569576849,0.21329684274392646,0.2637652146574465,0.8742046561941066,0.40203232625626584,-0.41072512647207904,-0.506881184550085,0.12061024888114001,-0.3094007590850822,0.0,0.26818581008203957,0.15564804637572338,-0.46747168542898093,0.262452783255159
synthetic_cell_00224,0,11,7,3,7,0.28416804665604967,0.1158607655844833,0.19578735318343604,1.3554689608788761,-0.36153007175706653,-0.6201496993703748,0,-1.1294109339759222,-0.8740617317912021,-0.6503883342340635,0.3205303281946672,-0.980438831254328,1.4854583354978463,-0.9148003538755993,-1.837319765634088,1.6203205571261543,0.0,-1.6405009088273328,-1.1590087013156343,-0.48790694093987175,-1.6396746386389007
synthetic_cell_00225,0,5,1,2,21,0.43512667743448497,0.6009514037754097,0.10694441119087844,1.1190975850048628,-0.7076677680066641,-0.18407382481204432,0,0.678087505095027,0.9232152303402004,-0.4538716269876926,0.8756604081610808,-0.01880083967143678,0.12851909540179113,-0.34712868193643326,-0.31666310096365635,0.22453747453077974,0.0,0.11342115546140116,0.27911375201459354,0.470932678744045,0.10821998508171643
synthetic_cell_00226,0,11,3,2,7,0.2960473560111063,0.5628320683955689,0.1893802102881762,-0.029463219772787708,0.37096970386271505,-0.5813263393784429,1,0.715477266144883,1.0180575156335296,0.4863846329644123,-0.833608306871779,0.8130130103962968,-0.025789828217360283,-0.14322596191120318,0.8960213471965338,-0.9504310091778693,1.0,1.0007447420484015,1.2366372247127686,-0.7392005975198701,1.0025179752154054
synthetic_cell_00227,0,9,2,1,21,0.3191860420994687,0.3389616718503644,0.039890242857077984,0.5514630398368225,0.08429008160483943,-0.43121609430306035,0,-1.2832600543610329,0.24655327595907917,-0.9145864970989023,0.6880967120760987,0.2680555157213015,0.8163097179987562,-0.2595737730424772,-1.1424453865922475,1.2273235233649804,0.0,-0.7713810256294964,-0.9889231784168857,2.351788849921425,-0.7735415292260603
synthetic_cell_00228,0,6,1,3,21,0.16874848403709722,0.20592454396095808,0.10847591844493626,-0.10819617707530774,-0.9565629624894945,-0.27554062415476355,0,-0.8267882509188772,-1.5863525476741285,-0.7808111210222517,0.9650418659096248,-1.435760274295122,1.2051870315418765,-1.858285747859155,-2.2437359809440793,1.9284824667645024,0.0,-2.1812756959033575,-1.575288527281175,0.6238922200468636,-2.178591026213487
synthetic_cell_00229,0,8,3,1,14,0.27013860645011234,0.31206374162168316,0.03923786259027975,0.13236781420777022,-0.4660407174712393,-0.167652806783938,0,-0.7642505590289299,-0.7625590757767713,-0.5845602729830657,1.0877678823979615,-0.5854892318717795,0.23722443461331755,-0.3021820036520638,-0.5388912225113248,0.21520844273749087,0.0,-1.0049371842752397,-1.1902653488958688,1.4834647673653383,-1.0062950604950134
synthetic_cell_00230,0,8,6,1,14,0.13044549732146074,0.017623766524022248,0.06474139331225269,0.298600559938152,0.30442654662904217,-0.3193663746843695,1,0.8916728687543465,0.9911538526918365,1.3744204075612843,-0.7687674256418981,1.156151319997133,-0.23820130352849134,1.1344235664896858,1.377429485386448,-1.2757943806739902,1.0,1.6949886196129809,1.5742802332057284,1.13037098150833,1.6943760491020454
synthetic_cell_00231,0,7,6,2,14,0.5027032141468576,0.3909200721324586,-0.019577204277028512,0.07732160906220067,0.1479855570123852,-0.35642458756994366,0,0.09920217115184038,0.8094158362048093,0.16327887806850222,0.20561841442277284,-1.091575787247305,0.07421914342966493,-0.7867766507554239,0.09596603865885676,0.25546734507983704,0.0,-0.2788766380850454,0.3993519976243618,-1.599725805809434,-0.28272965754984714
synthetic_cell_00232,0,9,1,3,7,0.09983147659558798,0.05113071646896365,0.10782513583741368,-0.32494871842133277,0.744200809459999,0.25288442966549635,0,-1.6899254009700608,-1.1603792068664118,-0.3582424729787407,0.332744503378005,-0.19412939213942143,0.8380508098012884,-0.34693136307615374,-1.2610868253081924,1.6379261915635108,0.0,-1.2529658000810837,-1.4438777914348746,-0.39417032248146316,-1.2534713136039046
synthetic_cell_00233,0,5,3,2,14,0.5096383310434456,0.543575287378551,0.09756257433499763,1.305315575441392,0.14439308577705154,-0.7043870899494731,0,0.37539853820827773,-0.07449295099974709,0.20173758497526126,-0.5243668573581105,-0.23982217379019627,0.15545880179380578,0.2773607571901403,-0.13425573828783716,0.005415609534346793,0.0,0.23341849226984387,0.4346767619240493,-0.52234340380247,0.22780494506300608
synthetic_cell_00234,0,10,1,0,21,0.5658834358491602,0.4373500855689915,0.1496737921400771,0.3341790559267974,1.3194211301358436,0.36797718420500525,1,0.808446001033879,0.3530641133371986,0.6766377824924119,0.505032975222782,0.702364399570289,-0.35611334357249846,0.9058234872477318,1.4823595406304908,-1.2285872542110028,1.0,0.9707853088064603,0.6054220233990614,-0.10006320219145173,0.9726614990586148
synthetic_cell_00235,0,11,6,2,7,0.06000662133104851,0.2665312679181411,0.12579117942752338,0.6020261248869846,-0.7346395283892837,0.27555136174322975,1,0.8077288726153475,0.7294664426185482,1.1609011331715433,-0.2896513051371741,1.154697647382311,-0.42268669512131485,0.22608301655093954,1.2603460175562267,-1.2424059434944597,1.0,1.2952210736529146,1.1926364458156677,-0.22841727951845836,1.2959823242332336
synthetic_cell_00236,0,3,1,1,14,0.24165303597718135,0.07073321664135093,0.234204996553426,0.9020392502737729,-0.42663055567374464,-0.8987150309392711,1,-0.47611946921356557,-0.1335743009840828,0.3561561750975751,-1.176756676279732,0.48790723935620134,-0.679396354962548,0.1824592547671368,0.7642127606689606,-0.8865985310997385,1.0,0.5554192392878098,0.29389068074753444,1.1356829637963526,0.5587228557346686
synthetic_cell_00237,0,10,2,1,14,0.5791769027863991,0.23771514917368414,-0.008370696184800856,0.9274379804519237,0.5048054419587296,-1.718228974211196,0,-0.6175087696427024,-1.3289387256966059,-0.4596413362520101,0.8621382772226129,-1.1605232199184878,0.10915938333103714,-1.2355968367572214,-1.3390577112512247,1.8501778483926448,0.0,-1.422774041768093,-1.2332235269581946,1.364472310852645,-1.4226960008071747
synthetic_cell_00238,0,2,5,0,7,0.20172857168927297,-0.14931519132687648,-0.019383886479296817,-1.5102019269700355,-0.9999688767253648,0.7730156841308763,1,1.6953205443150194,1.4339247538160478,1.3486481889554343,-0.39415150935931864,1.1630718138700593,-1.1827264103022257,-0.10351861857561162,1.7326020332955878,-1.5446143976269617,1.0,1.923891068771676,1.9874925821177842,-0.8071611378771364,1.9224918635884867
synthetic_cell_00239,0,2,7,0,7,0.32248895412894385,0.0653767266961521,0.16835775655199503,-0.562445716348976,-0.13362298583951457,-0.2650014598056652,0,-0.15810100583534786,-0.9030010509347569,0.058262774830743116,0.88986471981655,0.09809980097978342,-0.22887859559654788,0.19980398753219442,0.24397354310536423,-0.14170485226121576,0.0,-0.22974100596464378,-0.6881854062503726,-1.063072429725184,-0.23376288247755075
synthetic_cell_00240,0,10,2,2,7,0.48977611002596655,0.40346097433546024,-0.009387977131927343,0.3657625313530577,1.4496371017173462,-0.2691854575834251,1,0.7162830126098789,0.5726269995807268,0.8357774243376574,0.5374651883801195,0.45557318805984975,-0.20393295547578102,-0.1694923823782304,0.5559148358092382,0.3407953281945582,1.0,0.6318626501694181,0.6925855420631929,-0.28362236866549406,0.6349035650257706
synthetic_cell_00241,0,3,5,1,14,0.49750358634813663,0.3960233788546919,-0.04444009199280639,0.24809331012512606,0.8008588831879134,0.6857928678299293,1,0.4957811254368817,-0.02633439032041536,0.5529885234921551,-0.1039702313849728,0.30594523598372375,-0.15245651276324462,-0.20801291167873395,0.2709337687203422,0.18556139939477195,1.0,0.4062706406257154,0.47816533666106087,1.101656808903788,0.41008681366363237
synthetic_cell_00242,0,0,0,2,21,0.15104502406995501,0.3677437290153581,-0.15313125225828686,1.132617923604247,0.9413018322709019,-0.48532511875585455,1,0.2312891397012667,0.3672628107990792,-0.021286267069679177,-0.9301362634651981,0.07986932075467926,0.08070200538366816,-0.6356946039880597,0.3355745929839428,-0.7757033037771263,1.0,0.22645250029041333,0.6160304970185375,0.6082604081962123,0.23088662732754628
synthetic_cell_00243,0,11,0,2,14,0.34536330146414945,0.4728581316302787,-0.2358341572743885,0.5574250182575884,0.2716150671836705,1.6090485809836759,1,1.0192249871718875,0.46993755909205936,1.6934076544966135,0.12764206516776028,-0.2215694319663689,-0.5040544737510715,-0.8306521244842968,0.8524263677044637,-0.6368122072260053,1.0,0.6379052158746292,1.2134467954347312,-1.0914996863044584,0.6409253651528475
synthetic_cell_00244,0,8,7,1,21,0.5264949721294823,0.5142621683624344,0.17253699121039864,0.22318794516933016,-0.20683507706689602,0.6939690509746578,0,-0.20466337639924043,-0.7470271057106873,0.5121632325658404,0.5610253268637472,-0.4596469627414486,-0.7050982106594512,1.0595375005884466,-0.6399072336737323,1.03983262557858,0.0,0.11883120775307388,-0.3838626453636862,1.3833853379777403,0.11361144545911747
synthetic_cell_00245,0,6,6,1,21,0.3192422868607972,0.3607406489661022,0.06018146227368335,0.6773402434987135,0.11737702785302834,-0.17425496038850202,1,0.25418836720340804,0.3501917077761042,0.11410662488069631,-0.02121847603274446,0.934791805414442,0.07455654042188074,-0.45385199534346243,0.18949916180809137,-0.22830643280790716,1.0,0.40453830307909266,0.3474126605027172,3.052659908667368,0.4083604293813073
synthetic_cell_00246,0,3,5,2,21,0.19469897980380566,0.3889808738486197,-0.012615229940837039,0.37792638541699164,-0.13618356301668777,-0.6586092081252704,1,-0.17756007302386,0.14193478090632594,0.8809692794849221,-0.8252759210033878,1.0151429375287968,0.09590075163711735,0.16756548679674826,0.5603266147831951,-0.219648946226544,1.0,0.6957432428620202,0.5928609503033588,0.12447554751013346,0.6985646288785511
synthetic_cell_00247,0,7,7,0,14,0.19107261959257907,-0.03429043790280599,0.23576407683812034,-1.3606902327256905,0.4237214442142916,0.20893937990048617,1,0.08899328862387745,0.6905846520267274,0.31308994240108656,-0.957437300068257,1.1499030540903168,-0.5016220723897946,0.3608960299335159,1.2310841203076683,-1.4096942714014378,1.0,1.0884329716739711,0.8000886621637373,-1.1086659068346778,1.0899048598705499
synthetic_cell_00248,0,6,3,2,14,0.10224400860680805,0.22332031329987467,0.0632631273137069,-0.7281364839124359,-0.5248944387929145,-0.30399489846668426,0,-0.9869554982766952,-0.6091131645190175,-1.016165173512706,0.6680759094888993,-0.31864423800698904,0.1853572738852427,-0.8858800583317705,-1.3342873290033617,1.1081381502167003,0.0,-1.0859494846929334,-1.2256416088232134,-0.3945402277766561,-1.0870289581056518
synthetic_cell_00249,0,6,6,2,7,0.13284688452115279,0.3189182041626031,-0.023593921544042648,0.032305985098345535,-0.02850975218310292,1.1786648462445968,1,2.421475960655532,1.647195422123083,0.9557542635406521,-0.4941782358242195,0.7956537326270897,-1.2663882698389013,0.3036622389182917,2.614968471213298,-2.5681382987940644,1.0,2.146330571009329,2.3170849653492303,-0.48966402657776953,2.144166941393015
synthetic_cell_00250,0,1,5,2,7,0.4039341524566314,0.3412296370014608,-0.017630822799286423,-0.23935537486237074,-0.4865983840824495,0.10149345396484202,1,1.8509139292447148,0.6240575052980175,0.9720673450295573,0.3577951214086347,0.8821207583395685,-0.5011413887388187,0.05533248684889627,1.0103328688109614,0.06178785766627799,1.0,1.313204329174513,1.3458118530542964,-0.713128428297746,1.3139037794011648
synthetic_cell_00251,0,3,1,3,7,0.22480192791645373,0.15413030775833342,0.1571699325577069,-0.2902466989635554,1.1631332059649415,-0.8014746543516635,0,-0.48606411767099,-0.2510387671203947,0.7600869506057782,0.7313350623393637,0.39407389822096217,0.09942016859244529,-0.6188711972945107,-0.1224789992939375,0.3228124198923182,0.0,-0.20150820744167566,-0.2910228694179679,-0.012723017266387714,-0.20562710737348683
synthetic_cell_00252,0,8,5,2,7,0.2860540158258648,0.33640943455460287,0.015757236806487634,0.6152282714578319,0.1886052751726364,0.5487602045265519,0,-0.12812975401281762,-0.715214985824374,0.024309631797171757,-0.3399768889024255,-0.4149256882311306,-0.5055485562590204,-0.09330823184260603,-0.2286818024310259,0.3325193822566529,0.0,-0.11142704274383072,-0.18090347512670463,-0.38948038474238894,-0.11585551108667798
synthetic_cell_00253,0,7,5,2,14,0.2445010854178338,0.1534688420853734,-0.09158019740518697,-0.3337151263525179,0.6045046172989275,-1.007291818707292,0,-0.9236319815757589,-0.8282097268077997,-0.2998631034795209,0.20044943489556216,-0.4384338875178313,0.3813729663602705,-1.1083850512836309,-1.2152245739601701,0.8010961699957202,0.0,-1.0486439945794535,-0.8889935136252622,-0.7550488650257811,-1.0498516701677996
synthetic_cell_00254,0,8,0,3,14,0.27385667473882824,0.22697453085503552,-0.08052788044883388,-0.9809737134589993,-1.9568170109413114,0.38662359647236744,0,-0.5173876429070239,0.615708462955006,0.11421832804594091,0.8636157546655543,-0.24876399668752444,1.1031081161844054,0.3690624984529658,0.06791538819076447,-0.2732195637350119,0.0,-0.37000516628824576,-0.20992670782277675,-0.382083911579852,-0.37354501802513734
synthetic_cell_00255,0,5,0,0,14,0.021361364470151904,0.1414299704316399,-0.22373194225991,-0.4482369245370683,0.33685757639786007,0.5745904056851823,0,-0.5076345449484367,-0.7893635251995387,-0.4890449005609265,-0.5023080205039792,-0.37829201756249314,0.5427909973210004,-0.37541657986687244,-0.33587626366460605,0.3314927024470052,0.0,-0.663416372451793,-0.49763004638685715,-0.600900120368721,-0.6659479019586501
synthetic_cell_00256,0,9,5,1,14,0.22629019966196365,0.07610178865979765,-0.1539269949887661,0.843437556268755,-0.023684859700544538,0.11234541092596967,0,-1.0287634839978856,-0.5608467009677862,-0.9390369296722312,0.7513656991578935,-1.6684567615166688,1.4193137717533688,-0.6224956442090301,-1.1691455897297018,0.7685085205717331,0.0,-1.7897922334807392,-1.229228955264437,1.508274588146901,-1.7884529162162683
synthetic_cell_00257,0,0,1,2,7,0.5746262311488678,0.47880338143605944,0.12227405546667652,-0.15105994123574906,0.5776761663560925,-0.7166672005710863,0,-0.13546327006022918,-0.4024354084986499,-0.3374567067160278,1.2481983670790073,-0.8126674424277286,1.2811804414094827,-0.5456390980669763,-1.5875751254855759,1.9999732883351702,0.0,-1.1342613746576076,-0.7280553708022969,-1.7740337165276399,-1.135174821853184
synthetic_cell_00258,0,9,5,0,14,0.5783744729963197,0.2584433437155989,-0.03127281644426699,0.11219179701342732,-0.0033852725968497865,-0.5757292686046138,0,-1.4254958677728888,0.08817275141165903,0.6325047493402846,0.22920334405501697,-0.6170413919276915,1.2014942762390612,-1.1592861736350508,-1.7717149411139084,2.2434784588192676,0.0,-1.0869213410483385,-0.45490782146981146,-0.9267665981912073,-1.087997474628266
synthetic_cell_00259,0,6,7,3,7,0.5332327518604584,0.34833602624486426,0.15046373401361152,2.261298055329454,-0.3936336484880293,-0.40432576944664783,1,1.3346231679701892,0.957759857586462,0.5393964873927576,-0.9979539221275768,0.0768933057889507,-0.5304758713264613,-0.023094470405736145,1.2764802381389448,-1.0484569330448124,1.0,1.1476793533654768,1.5732965588551453,-0.6757793152392342,1.1489476384192518
synthetic_cell_00260,0,10,7,0,14,0.1272704562928196,0.020591935872468464,0.20621879639981808,0.9739428814564128,-1.27478050115421,0.886173203240715,1,0.5849731885377096,1.425426208284391,0.9098629074839336,-0.6206651024193514,1.2349915334677002,-0.278127881107718,0.6165129730890819,1.5867490781478648,-1.4870763746808622,1.0,1.504189858455135,1.4057284446932068,-1.0110731113311757,1.504232977394013
synthetic_cell_00261,0,10,3,0,21,0.4976172584951255,0.3485549566093311,0.08623102885504726,-0.47806798258144945,0.6730812211666848,0.9891781928197972,1,0.39145173710660447,-0.7679963905242848,0.6190692358359542,-0.3646930220075764,0.6647534369078477,-0.642980330272769,0.24185554769174178,0.5954824520792352,-0.7298265470980219,1.0,0.6103832329296954,0.24075590148929576,0.14595703184772563,0.6134979628736656
synthetic_cell_00262,0,9,0,2,14,0.6857432169771304,0.5173051026708786,-0.18254873410667402,0.6251338739804175,1.3918555205533458,0.1914161035516773,0,-0.505183649879051,0.17758401000018764,0.13187711562404425,0.9620214217986168,1.0043718950030494,0.011272214202173114,-1.0892167854185566,0.23124777664917734,-0.27252980891425854,0.0,-0.1625264153574929,-0.4108365861508848,-0.6893360220900288,-0.16677927816018076
synthetic_cell_00263,0,2,5,2,14,0.16358500134973833,0.2481377595955584,-0.08870521414257701,-0.5323587847799017,0.2130698599314204,-0.20345937478130333,1,1.724057833265877,1.124124072881275,0.9385369600768647,-0.039141581213379406,0.1546488038317293,-1.3940472580471295,0.17557265403335803,1.9751164009604283,-2.0310724880605036,1.0,1.5208964089660002,1.6175674990699356,-0.35871181226980664,1.5208821150115959
synthetic_cell_00264,0,4,3,2,14,0.1578389982629246,0.3476028691183683,0.011264979009205214,1.3314692510298385,-0.8438134776538206,0.0013657335280261168,0,-0.631418994734594,-0.7920103029475523,-0.12741541459885433,-0.4183786582320934,-0.12871569250328124,-0.459451824967271,-0.47622984256704737,-0.3098216666435616,0.19115583865551367,0.0,-0.31373739130768197,-0.4673160709173249,-1.0522242047421717,-0.3174706100569973
synthetic_cell_00265,0,7,1,3,14,0.14851048020778612,0.13594015442392485,0.10825333246883043,-0.21128726470474077,0.6630568579228573,0.3379510686652113,0,-0.8343193049067166,-0.6932427598967087,0.4025106321443392,1.0795156004124156,0.22247543446183093,1.0289473532108342,-0.0945163035439313,-0.6915460634156925,0.4446291482217728,0.0,-0.7309531536484472,-0.8697969499235556,-0.651033370601917,-0.7332525896415085
synthetic_cell_00266,0,9,3,1,14,0.4708668474046476,0.19737841354368885,0.08945742774570184,-0.3289205610197938,0.7221647301309534,0.13331978249548515,0,-0.4730036271637717,0.09485254831456502,0.23102856191135657,0.7406350063976197,-0.44099153704327687,1.5138717638089316,0.2089145418368893,-1.3922905386525048,1.0159152930705195,0.0,-0.6609275451293031,-0.3201552765408995,1.0046222782032612,-0.6634676276152669
synthetic_cell_00267,0,1,7,1,21,0.3460831043634579,0.37638734425933895,0.12282540903793764,-0.03847436927331943,1.5783830694276295,-1.1285103385863815,1,0.530047630426387,0.19396519145109775,0.38164631316174186,-0.185405484102606,-0.5324805245623033,0.33526012938374916,-0.7719765468229615,0.05463911116722632,0.1463449107933373,1.0,-0.08828824269944292,0.5560426087801723,2.5250787643543178,-0.08277249341616673
synthetic_cell_00268,0,0,4,3,14,0.18221262089143414,0.09930123956200654,0.005653067639358043,1.1026761208936016,0.4502900506764199,-0.9273414056879329,1,0.9005310864767577,0.2862563778442589,-0.43903387806525085,0.9334261633021762,0.20950048491283552,0.05250883612153817,0.34461334403739186,0.5724813944847169,-0.6274870430749026,1.0,0.2765399302009155,0.10796406219527815,-0.7354969570052452,0.2808019292894114
synthetic_cell_00269,0,10,7,1,7,0.019783828365049744,0.06103065052890801,0.26373834002043617,0.28300913690659457,0.9059364531278983,-0.9937986099256758,1,-0.28624577163567605,0.4607985749334026,0.787585861219948,-0.40205748809865255,0.3089726936775702,0.057491302805869726,0.2800072542430946,0.6306514165907442,-0.8314624572183238,1.0,0.46601112258424776,0.49433978584707494,1.65380220771407,0.4696219944791737
synthetic_cell_00270,0,5,4,0,7,0.43019248818477984,0.24336623605213742,-0.034031961600168324,-0.6142930486133567,1.0485086318594266,-0.6102294792568383,0,-1.1238757153955172,-0.8821017225465715,-1.4234233890436443,1.3005183186120646,-0.34340654804553117,1.1998855299736881,-0.08777325571774164,-1.5658129579252402,1.7480640597248551,0.0,-1.4798376251524035,-1.7529601593713187,-0.6058036946397101,-1.4795634823438286
synthetic_cell_00271,0,4,5,1,14,0.35729309233577794,0.17854594414385278,-0.043995499683368376,-0.8907021716066433,0.03564505169831582,0.2920734995557522,0,-1.0287381892604655,-0.29832111810667283,-0.15392186109450218,0.5260703832650813,-0.45233995250188236,0.0695157432277953,-0.33308076015273025,-0.670915140018354,0.9322299688336348,0.0,-0.6971546296058814,-0.7880770014013659,0.9022555911887113,-0.6995702159109232
synthetic_cell_00272,0,10,6,2,21,0.46943292542698206,0.6880329130565247,0.06100200934494211,-0.4872124615293735,-0.6651875647276964,0.5138904297836979,0,0.20280727646919056,-0.42719908055629585,0.039050784520655614,0.06187642329584536,-0.885174846335961,0.07840062702675497,0.4811376339991989,-0.23489385942913477,0.6097915469695951,0.0,-0.17721214617392703,-0.04572152919178876,-0.6329641543537364,-0.18141454073090563
synthetic_cell_00273,0,6,2,0,7,0.04673539246215497,-0.017540252522808154,0.018475479293465935,0.8335902217090039,0.531014619177439,0.9281160939242031,1,0.40213736978674447,0.9866877033598915,0.3375259568889718,0.28288193988502824,0.6127838449403427,-0.537354866320211,0.5327660053115097,1.5027835466996027,-1.8589606102628526,1.0,0.9169138653495604,0.6415763064738773,-0.607000717697134,0.9189751875014535
synthetic_cell_00274,0,4,2,2,7,0.2636902209838193,0.4574095843252222,0.04958300239586126,-0.44004989669049843,0.00926806058005708,0.3353696980191522,0,-0.9392088562326946,0.1436107979004499,-0.7232314099958297,0.16817304853306936,-0.8865285801635416,0.9552189017693722,0.8076654410570652,-0.9136784717425502,1.1645718010922927,0.0,-0.696323461671125,-0.6280611270073275,-0.7209546939580113,-0.69874190432619
synthetic_cell_00275,0,9,5,3,7,0.25483491376260653,0.20557138940127867,-0.026755946706113753,0.04079887528275131,0.7095424497624415,0.38012207851858065,1,0.8701926166688807,0.5839666040224749,0.0874774675793348,0.4750948078228808,1.1541985455776627,0.44527912667958736,0.3803138601985374,0.5603800284523242,-0.21351784183409694,1.0,0.7262502878888876,0.5461604797985892,-0.9755431853750216,0.7289668349250827
synthetic_cell_00276,0,3,7,2,14,0.10189554891267541,0.3523442149211773,0.22526918592757011,1.0159835816897536,0.03398056062629101,0.5310302897620559,0,0.031408752870173,0.3859831232942348,0.06321624037392218,-0.09230868004698489,-0.9218276030092913,0.2672755165999793,0.5510220835501626,-0.15847732892476,-0.1895305385656426,0.0,-0.033286977864536486,0.26696715610075233,-0.26904781033413283,-0.03798397843389387
synthetic_cell_00277,0,1,7,0,7,0.5564925495716929,0.13455085538229275,0.3505484735335329,0.9586149078926174,-0.07994532226668943,-0.7659648461377189,0,-0.5188237674520721,-0.4047282816349742,-1.889571080560021,1.9736724675819806,-1.0469102194821904,1.4635840630448351,-1.1744393090492546,-1.9335841762703851,2.2897909175830606,0.0,-1.9630623986378921,-1.6651662422490139,-1.3032946462559314,-1.9611276298171765
synthetic_cell_00278,0,0,4,1,14,0.10944904383581316,0.1580562004139873,-0.06619082490351025,-0.37047306106413014,0.5280469083919476,-1.7743650415396979,0,-1.2599989032962062,-0.6194181970496991,-1.4937575151082456,1.4573425027855347,0.08340939954656068,1.6995925743318572,0.33751845044312934,-0.8102163413762323,0.5800914599164484,0.0,-1.3925190425981184,-1.7867585457891222,1.5234230250361707,-1.3925449744493896
synthetic_cell_00279,0,0,0,0,7,0.13420353662648862,0.08628317432973835,-0.1515777939787823,-0.6546531667110403,-0.4552852679747785,0.0691300763409711,1,0.5221734346725605,-0.3370006180645909,1.4192744862467355,-0.8844824215978166,0.6436046890032195,-0.38107490265257427,-0.6490228798839809,0.6285530222713628,-0.7112131414169073,1.0,0.7030928384131696,0.9183345953081221,-0.556715735431658,0.7058889671783743
synthetic_cell_00280,0,9,1,2,14,0.21538393189587007,0.2993785740554022,0.11228764283966886,1.2989230715136786,0.3702765262145,-0.2854622401845393,0,-0.773798418019001,0.17747039015755917,-0.4530931485443651,-0.20849485471158224,-0.5929737432555285,1.5817997577049412,-1.3748527022750157,-1.342472939856218,1.5965491093119077,0.0,-1.1525487827575047,-0.31849468995993646,-1.024311049167426,-1.1533993843639234
synthetic_cell_00281,0,10,2,3,14,0.4149358297799836,0.14300449842169502,-0.04750798365169853,0.7633695916376763,-0.027341801337332633,0.7065330439325299,1,2.047512806475952,0.959405077811318,0.633903749640948,0.3033023733749928,1.403301262711787,-0.6493519929440048,0.8266328812649679,1.6922097852151639,-1.5996152048558439,1.0,1.803051197215701,1.481828483781912,-1.2003881445769713,1.8020672642723066
synthetic_cell_00282,0,2,7,3,21,0.3234703758730749,0.2967424960597476,0.24386191338913873,-0.27177898063011474,0.2695744711302839,-0.07491465410779866,1,-0.030305196103177737,-0.027594965618990525,-0.17643532164379197,-0.20612608084733303,-0.8253795541089708,0.8250600382374017,0.2804020002353955,0.027436377095066432,-0.17031329864152633,1.0,-0.37611780465885614,0.03178859962253833,0.6120329341218277,-0.36961291474397445
synthetic_cell_00283,0,5,5,1,21,0.08638094955971365,0.21984004217155215,-0.06298709855499171,1.100147635655452,0.08656318241312609,0.10776711669266581,1,-1.428984037856988,-0.40968455420021893,0.895706379945598,-1.0439363110739945,-0.2861278346234124,-0.855526716608001,-0.34130474693538093,-0.21369610224301744,-0.28036836111727303,1.0,-0.044603896144115356,-0.1298012898977215,2.1914760411691283,-0.03923827029447418
synthetic_cell_00284,0,1,4,1,7,0.5586857744294235,0.2648306295619726,-0.04945939346875954,0.25691328692903104,0.80776410585723,-0.034719607023990545,1,0.2870799265170294,0.4638469739647919,0.8806892933539696,0.12227171451995211,-0.44066811316200677,0.806301173657847,0.09242215542508853,-0.228341429590761,0.10651919188909441,1.0,0.0642999090452054,0.6088464180577825,1.1107058347573704,0.06929128154186957
synthetic_cell_00285,0,2,7,2,7,0.4388849887007867,0.33382481760850125,0.26426521012688736,0.07520264899359982,-0.6130757871183616,-0.40583720931577427,0,-0.6711867113213126,-0.1914035417473857,-0.4289838754919314,0.14766909511915194,0.4057177577570899,-0.5320103891883041,-0.27747387403987744,-0.258463090959983,-0.02241829811606068,0.0,-0.0949085286447406,-0.5370344431896676,-1.5582638310297543,-0.09939376368437162
synthetic_cell_00286,0,0,1,1,14,0.3522623180406939,0.30501471700171195,0.11369828333289314,-0.9055394474940395,-0.009122855827617488,-0.15381682213759057,1,0.4494511033905628,-0.7196065049713688,0.6434709171958423,0.4026685643690999,0.8397814663367716,0.8629884701269156,-0.012704544110145245,0.5976155229878488,-0.8364869664680169,1.0,0.07340912122311413,0.028082821262053147,1.6899027937319506,0.07836918945823636
synthetic_cell_00287,0,2,1,2,14,0.22360699544292126,0.42689340945073967,0.05797234564096325,-1.2555462774784079,0.5314952790416864,-0.06744510994483041,0,-0.08269830595688907,-0.28547419586496414,-0.46853737680610286,1.0310570620820325,-0.5903638601559151,0.28676095698096005,0.24410810984024728,-0.6112846514293899,0.4381422600791188,0.0,-0.5262842400903186,-0.6232380193679314,-0.7193865236589134,-0.5292870310030371
synthetic_cell_00288,0,1,4,2,7,0.08720924003836054,0.1859936290837492,-0.07029036352591021,0.6206966408698897,-0.13031598981474207,0.09317312859746427,0,0.37084647322911235,-0.5373855978572288,-0.06528689816237476,0.09812174634191594,0.3589039583908412,-0.3885174182201724,0.25420758208484195,0.07382220017815616,-0.24084751049956185,0.0,0.28250821124742703,-0.05934203783700699,-0.6126498922396378,0.276725964775287
synthetic_cell_00289,0,5,2,0,7,0.30819743040800307,0.2228310333658238,0.03766281552318729,-0.19048512392649414,-0.039530142432394874,-0.08987914910634663,0,0.2747433818825931,0.11949852541940273,0.39985615782032924,-0.11039066511314555,0.626997399910711,0.35081528426717595,0.5659161701090862,0.2073803027928151,-0.03280368025350327,0.0,0.5067673615460395,0.38739515246876766,-0.6267055066777654,0.500214437329544
synthetic_cell_00290,0,0,7,2,14,0.3115242190860385,0.3479691972228014,0.21407163392871428,-0.22114226270840065,0.36884905199194484,0.4068573073705909,0,0.1368931508948412,-0.3033648947897868,-0.02234376253793488,0.7144919348225276,-0.10554294349851645,-0.10303264178767368,-0.8082407742321516,-0.6596604904246733,0.8103113882949098,0.0,-0.3269526122659554,-0.27313360259465175,-0.44367495063007706,-0.3306404162499614
synthetic_cell_00291,0,11,3,3,14,0.23249404815064612,0.22811267383564515,0.08379451168974833,0.21061026059347443,-0.5210599269680268,-1.0183125106489426,1,0.3977417202683674,1.0576000650194441,-0.1035847943815682,-0.4804312247965061,1.4511708958319722,-1.067294255024859,0.5695083091795251,1.279800583122741,-0.9460852307076195,1.0,1.411316306281382,0.7902630359354942,-0.7228334091163077,1.4116785898099957
synthetic_cell_00292,0,6,3,3,14,0.11784511300159001,0.016193635669119653,0.06940240791986099,-0.7815825004013564,-1.1627942165154899,-1.1520610489778544,0,-0.25855863740592067,0.04366993053358298,0.17117426429128446,0.35150396883906865,-0.5869374873277096,-0.22836376563258792,-0.7212044131565128,-0.4944872836441547,0.16800021506640192,0.0,-0.3455178720161259,-0.12571391187425,-0.4640285402289401,-0.3491418755599332
synthetic_cell_00293,0,0,3,1,7,0.697126232416616,0.35790011692612617,0.06442265561510559,0.6979277287301797,1.057780259986305,-0.9222104405791742,0,-1.424775561101599,-1.106002861591087,-0.5791646364897497,1.0372474898608486,-0.42293881314778503,0.5981188488467234,-0.8079835036105029,-1.110070309208916,1.2418443865992679,0.0,-1.4548226248043759,-1.6163196484529303,0.6415433054436981,-1.454634447290941
synthetic_cell_00294,0,3,0,0,21,0.23984556846102456,0.12573762814713585,-0.13584235257952512,1.6602040258922564,0.057462329787230135,-0.9855545078761425,1,0.17530027012375765,0.19027656964888198,1.3050490782375537,0.2319826300551005,0.16345202496727917,0.018198147880246932,0.44937864609833894,0.07630461089602696,-0.20170994513466967,1.0,0.5233036303372671,0.5460913115310161,0.7008758245820701,0.5267176136745367
synthetic_cell_00295,0,1,1,1,14,0.1076650806097507,0.09681985823572616,0.22942669316664155,1.3348620331455068,1.6711481956270373,-0.5713812014233164,1,0.0603727961031672,-0.08817318186621795,-0.776025692557092,-0.05982682361220912,-0.8999753654949283,0.6085057729695407,0.8118235827424971,-0.59743254239392,0.6321457122850029,1.0,-0.3353189842961138,-0.1972958257845298,1.9937775474245842,-0.32895430156032673
synthetic_cell_00296,0,6,1,3,14,0.21520554943964879,0.20331025077190337,0.11851667078370536,0.09141289531233941,0.026746352132830054,-0.09270608613173559,0,-0.7837898579540569,-0.04352311959787036,0.5212365275430023,-0.2680943451126787,-0.1977564918614098,0.464236301809295,-0.6375258475584902,-1.0190901885581631,0.6379940816943371,0.0,-0.39100934698291595,-0.07447492617656017,-0.7523057925600892,-0.39447701680625685
synthetic_cell_00297,0,9,6,1,7,0.2784872364061009,0.04990402604182552,0.06909640815122402,0.12082073026874296,0.04872129589346958,0.032875699815791165,1,-0.1349893378417192,-0.2280927020393758,0.22194744260904126,0.4852143682861578,-0.12169370781878991,0.6002891947401646,0.2541017592824544,-0.2410961669056731,0.10768707818883375,1.0,-0.23138210521077263,-0.20894325105624842,1.227531764506448,-0.2253746067389149
synthetic_cell_00298,0,7,6,1,7,0.25264028149542483,0.12184101923499319,0.011168239685940148,0.8989538591130102,-0.35876657224507796,-0.4956237692052873,0,-1.0684053153111681,-1.7526407249057616,-1.4575472326810264,0.8984676202255242,-1.2417191007334922,0.8424643697877982,-2.1703378364000803,-1.6826236099635337,1.7325989134702373,0.0,-2.3291078549142843,-1.9522327575660878,1.0823651112459944,-2.3259151526438124
synthetic_cell_00299,0,1,3,1,14,0.4363084712320167,0.2720347846011618,0.1018051620596016,-0.3417681040962242,-0.14601366465232074,0.967634480456803,1,1.2877002208780237,1.3464018174308778,0.9436174505657311,-0.4886750214252572,0.12425700324277722,-0.339586820765814,0.3931318589750697,1.099830609613998,-1.442053890211869,1.0,1.2839235015982435,1.6640288814613544,0.3302916980010295,1.2847235768478622
synthetic_cell_00300,0,7,3,2,14,0.39284693650610575,0.33452155074319834,0.05964890634710978,-0.4722290980056941,0.6174829691907008,-0.5179794622838225,0,-0.42826986092543873,-0.5311041377318558,0.33980123371847726,0.4124993026207879,-0.3576116223348882,0.997442213928842,-0.06100838341625961,-0.6509925388451506,0.8305368139247998,0.0,-0.6244098332832616,-0.4041343186983264,-1.0541503532756114,-0.6270754107055838
synthetic_cell_00301,0,8,5,3,14,0.13169101583510398,0.05225122894386616,-0.06446605779743476,-0.24590610945533314,1.6339646597890627,0.3774432604103085,1,0.6012365043584653,0.5618661800281596,-0.009536269060360147,-0.1855534615151845,0.8552086327977441,0.5822821157489171,0.8723313408414967,0.5276428637662799,-0.7609571726832163,1.0,0.7364348725790731,0.611016589362059,-0.6162973776974511,0.7391164197825044
synthetic_cell_00302,0,9,1,0,14,0.5075825054509904,0.2396873366208484,0.09403331640416113,-0.9609110101584377,0.0985174530652542,-0.8244123078061134,1,0.6892656590262938,0.35811994179962575,0.0735438257240495,0.9688125555131875,0.5848720013827756,-0.8456596404268294,0.6579680969183902,0.9877367452165117,-1.4495650831207811,1.0,0.7727837651912581,0.19417776760951835,-0.5049620566003987,0.7753403976140401
synthetic_cell_00303,0,0,1,0,21,0.2406520183373171,0.4217596394101586,0.11486955264389485,0.38193027309850924,0.1859967998566699,1.2911361303467157,1,0.5840391684469767,-0.062198670683443646,0.47049664484633213,0.41560772929016376,0.7787380951620222,-0.8430069152191492,-0.22712694926285731,1.108434733500703,-1.750931765191487,1.0,0.6485762469752775,0.29666751083310794,0.14825496990154285,0.6515597247234038
synthetic_cell_00304,0,4,4,1,14,0.2823236408853735,0.19979004262229577,-0.0603078654041961,-0.2633907540697472,-0.07940048196609001,0.6331937525454367,1,2.3727850250418614,0.8165886419086462,2.0051900531998648,-1.1866573535039449,1.546197750694615,-1.055926913325219,1.5740538801670736,2.7697405811634184,-2.6694866882892483,1.0,2.747596229419336,2.5402541601386655,1.4771972782186045,2.7433663204081133
synthetic_cell_00305,0,9,7,0,14,0.2913355831977529,0.3062672776110748,0.21218590489444433,0.9038652546253321,0.3102892447227505,-0.6445176231422527,1,1.2667790366615743,0.9957396270483408,0.29651590251121407,-1.1668296863221421,1.1985996353016173,-0.4131682746851672,0.5346297148568767,1.4931994258648558,-1.1154150098941829,1.0,1.5838744406167038,1.5369138752607707,-0.8213981098889139,1.5836437195184712
synthetic_cell_00306,0,5,2,3,21,0.31407622624691434,0.3517484557258057,-0.05050011510520676,0.5063919984042391,-0.043535546966958466,-0.7766439273175387,0,-0.16443755133178511,-0.313759214750541,-0.6203078518984348,-0.047136708609147204,0.17711915352906354,0.11215108700781423,0.8974166477234639,-0.38536023434367583,0.11992009596843921,0.0,0.0679137732298037,-0.34670487678150813,-0.13350251120108972,0.06286899123669346
synthetic_cell_00307,0,5,5,1,7,0.18821617008685415,0.21017749630293675,-0.10715842475850157,0.4489157913752403,1.9837425417250847,-0.12586279110416065,1,1.234174316208481,-0.35943680433457237,-0.4674946643478742,0.8806567294633614,-0.988845766500405,0.36056732235255995,-0.2934692502132674,-0.03338007171293469,-0.0847038391706004,1.0,-0.4111934631534581,0.00911280643919794,1.903935131519276,-0.40456803399041463
synthetic_cell_00308,0,11,7,1,21,0.16840787119697237,0.24088147480148686,0.03323711246985456,0.28431011069742773,1.899629640318585,-1.6970388830336032,1,0.15100761805241525,-1.5555594731423603,-1.1139621243824533,0.5310137964181915,-0.2778031843422935,0.3255843144315874,0.6738954939211454,-0.35903252702066224,0.07045424315473134,1.0,-0.6174552661767913,-1.0675877285481272,2.09092554320988,-0.6101210080500732
synthetic_cell_00309,0,9,4,1,7,0.2764393990949696,0.0846098612431131,-0.06815312202727078,-0.06151256184894152,-0.09395062714878227,0.10649336612817525,1,0.5507628997396286,1.2822423970860795,1.3806603112808993,-0.26420369241703867,1.0162330122354026,-0.3782794686519594,0.8582202720861711,1.473973443866601,-0.9580419794188844,1.0,1.502261838747061,1.3611171748721733,1.4163274905772338,1.5023115834217349
synthetic_cell_00310,0,11,4,2,7,0.3638454309016159,0.3141808765199916,-0.10283722538649305,-1.6937800295130563,0.37392723429024927,-1.0849394878397758,0,-1.6493840133597533,-1.6778342886142634,-0.6777608422185881,0.42501655036166186,-1.048906615235712,0.7589627231647929,-1.2973249345812365,-1.3876575999818586,0.6114315192875687,0.0,-1.9395254001557258,-1.7717205587197553,-0.7141225235044638,-1.9376715174030925
synthetic_cell_00311,0,6,2,1,21,0.640458311039653,0.6055835299332373,0.020678615791158525,0.7336523238079562,0.039287514551514024,0.5138770406669043,1,0.5260722381447384,-0.13800431242207936,0.7932211035134953,-0.7219548665611051,-0.2275233568767167,0.44019509860617145,0.5296859053325471,0.3979345961469624,-0.6615875625883955,1.0,0.39965155670149055,0.7402871814177804,2.453954542113834,0.40349047655112796
synthetic_cell_00312,0,1,2,2,14,0.432271686688302,0.36225917240284067,0.06515659706957345,0.09801814238294719,1.4078646554100775,0.31748738810820265,0,0.309620192706039,-0.967103777647251,1.0634143456427356,-0.10182674047670515,1.0829549575031079,0.34983797637473113,-0.2995175901854479,-0.3478056353163833,0.4510159364402845,0.0,0.2896393742947949,0.17532667447502656,-1.0340906285061222,0.28383262122551195
synthetic_cell_00313,0,4,0,0,7,0.07390555186755389,-0.006009326426281381,-0.14001944657054657,-0.14629337272865212,0.19462709187780772,-0.31202386923329356,1,2.2578787982697115,2.07413087772397,1.6835130970461563,1.0066298711904795,0.2930799951049168,-0.5439855761243173,0.9010336550447757,2.3731461571296064,-2.1768902267289194,1.0,1.8614400719155486,2.1296683784636246,-0.8155247795682073,1.8602554826948552
synthetic_cell_00314,0,11,7,1,21,0.6077741537597192,0.48710084441300217,0.26218588013903366,0.34656111145536866,0.27978382765598614,0.14165541454876032,1,1.2812353508698466,0.3666134113698898,0.42150360191230457,-0.2685364346267289,0.24859654082236624,0.06639789740661585,0.8507915531380963,0.21698062308096017,0.27610077464306854,1.0,0.9323654024922211,1.0159457005377492,1.7800764122728816,0.9343736246668063
synthetic_cell_00315,0,3,2,1,14,0.3126026817809944,0.22695765074004565,-0.08699809834333626,-0.31164480996121735,0.24531544051692133,0.36598786565682984,1,-0.6782209836477082,0.235958000585165,0.7091420275475654,0.06514743719007837,0.008944425760014179,0.9321183969652539,-0.5749731706608237,0.020254701688971113,0.13336045930621238,1.0,-0.36340476618796536,0.03324557567303848,1.093541469405136,-0.35694356526325244
synthetic_cell_00316,0,11,2,0,14,0.26855127688561037,0.2293648360211648,0.011233583269142134,0.08429785017105637,-0.7098423196101276,-0.5021227148912925,0,0.09758061409366192,-0.06937815676632536,-1.0263301933627245,0.22676976213311237,-0.039321069737089376,0.5270923711738207,-0.6909014652733523,-0.12279651477425772,0.1634336203019521,0.0,-0.5066994874568537,-0.35382590960271976,-0.5053342548325017,-0.5097695823478634
synthetic_cell_00317,0,0,0,3,7,0.4073899655285002,0.2870597558403204,-0.14443929383436246,0.12510670478200908,0.7170933387874546,-0.7216735175345821,1,1.4852616686619136,0.8768107255403081,1.2316956058894166,-0.2917390328754675,0.0846339073357032,-0.9548810311742295,-0.25302154596844195,1.2227980766805207,-1.2647981950306708,1.0,1.2367698471141344,1.5900271924175258,-0.8876521824862476,1.2377319682469534
synthetic_cell_00318,0,4,7,1,14,0.20377442354118397,0.08447782015817025,0.2022958998618736,1.2117921216352008,-0.368553508326856,-0.7161086004727848,1,1.059877348507064,0.46156129339414076,0.9838764932029191,0.0750098415618379,0.17395825054442626,0.24268562322365606,-0.4846578531943493,0.77029735009782,-0.5765932960513437,1.0,0.5251391269021847,1.0158226021410117,1.3389660872513764,0.5285468024640501
synthetic_cell_00319,0,3,7,2,21,0.31054930406372294,0.47793803212024505,0.21576302392984711,0.8884323408679722,0.35868737533167233,-0.11323195948493348,0,-1.0543661132504383,0.2002020442666384,-0.4828566347312868,0.027303828538464414,-1.2682069769802897,-0.1521789763583934,0.08839970525161497,-0.4517100147471475,0.10892484511742624,0.0,-0.6369092316608506,-0.5309550858779111,0.3042200334866434,-0.63953185427783
synthetic_cell_00320,0,8,3,2,14,0.07094703117298397,0.19929561163405052,0.06712508686200182,-0.43414348737654224,0.09958897502381182,0.06990871096292885,1,0.5280149230386827,1.032030436977574,0.41733595988593153,0.30573794022621587,0.023606948820719453,-0.6429403122438897,-0.4939074857858156,0.5839682479212616,-0.5298686374563989,1.0,0.5606544624095882,0.7363527689014268,0.002805260986645539,0.5639400877513291
synthetic_cell_00321,0,10,4,1,14,0.2872941352387044,0.07988183710420924,-0.025633921242591992,-0.019020241261984094,-0.16089496287951793,-0.040557033146617294,0,-0.6559944114664317,-0.36946658077023065,-0.47436362163755347,0.3443992211250831,-0.16086778802170887,1.620338007620433,-0.36324127973987436,-1.3877125745183598,1.890462309582438,0.0,-0.9821879893623148,-0.6856548877094503,1.2727276094129685,-0.9836240443239505
synthetic_cell_00322,0,6,4,3,14,0.18333957263517725,0.02940381476095698,-0.09879562223045181,0.7436413632671568,0.347752595942011,-0.34658939622371865,1,1.770338174188265,0.9123651811106328,0.3806020485320439,-0.658838378839146,0.9879245959297621,-0.3771031905553431,0.6530461270352301,1.371873624687663,-1.6160058654234375,1.0,1.587092429375277,1.586742857205952,-0.3651475673193023,1.58685064949833
synthetic_cell_00323,0,11,1,1,21,0.07426564611178432,0.025631170936803366,0.13942207942064813,0.19727204900091067,-0.6736877577084883,-0.7114678641589742,1,-0.32145927552400244,-0.2381834806055282,-0.6720948525008349,0.7133881143306957,-0.7418916616507034,0.16367486692215774,-1.07073020212315,-0.4932045839560641,0.3534708728343489,1.0,-0.9112960449428636,-0.6703472609184064,2.318052735890078,-0.9029519883384579
synthetic_cell_00324,0,11,6,3,7,0.4515754350686076,0.2394861385205017,-0.015181997651738983,1.0188991002049816,0.12541778575544227,-0.5864209624578517,1,-0.7467123249835266,0.8983928261686647,0.4224467394214854,0.5312945799164066,0.1848469046270779,0.45124695122248737,0.7247778055284054,0.4381573897396666,-0.3823213422807195,1.0,0.16371292371654741,0.014985305008806564,-0.3217410027937702,0.16836265843475548
synthetic_cell_00325,0,9,3,2,21,0.19975595226904505,0.5821389102474736,0.16978841192308053,1.272117313344292,1.5115859337566375,-0.29415280611708916,1,0.951355066512088,0.8326818573697696,1.084794256436781,-1.2218865974661353,0.2586473142816146,-0.02880995323950375,-0.6335803799589941,1.627172995961273,-1.5710776579187133,1.0,0.911157662800426,1.6008153079869722,0.43200753540566017,0.9132387664291983
synthetic_cell_00326,0,4,6,1,21,0.18792299831903855,0.2827057157746714,0.005647138412433283,0.40663309989531704,0.003957753492828425,-0.131696250152129,1,-0.8577828299852124,0.9237480189943814,-0.24192394258963518,0.549010437617982,0.39444131262606597,-0.6037580237837641,-0.028469539078817087,-0.20314477902421818,0.2397081386003883,1.0,0.17678145434195894,-0.24894242112147938,1.827225093924314,0.18138627840349583
synthetic_cell_00327,0,11,1,2,21,0.22477294800569392,0.5001074202397177,0.10168045501094786,-0.3166917594240444,0.06962971743633181,-0.08803812380516955,0,-0.6340284082183837,-1.3274548205048902,-1.3451204768048974,1.1091116230634226,-0.32839372055923755,0.4327811328155179,-0.12674246779525694,-0.6170397922703725,0.4477953755620119,0.0,-1.1899714976756166,-1.6149893657106227,0.33000063400277263,-1.1906934942575254
synthetic_cell_00328,0,0,1,2,21,0.3005403734851917,0.37497330887049235,0.15863675949753844,-1.3341862263091997,-0.781608773697899,0.204559070314228,0,0.5947361792826648,0.2233245878538585,0.34496445097767214,-0.21660721680182093,-0.1525533130948315,0.8401780680701638,0.26455260481983633,-0.012340734116050753,0.026287259522181437,0.0,0.17813306386635155,0.5968266344999664,0.1789180543775683,0.1727095077889771
synthetic_cell_00329,0,9,4,2,21,0.4323633961402729,0.6604685125708561,-0.0626454820521093,0.374463215605419,0.09690353568361315,0.7511339512594666,1,-0.05285415553829942,0.6276131887069509,-0.4674511436447941,1.011823507236882,0.6421997618688193,0.12279070743172109,-0.34151968046741676,0.3332912771173826,0.16589504537545607,1.0,0.005887992220630422,-0.23127943293907946,0.41700046886407544,0.011080100180003253
synthetic_cell_00330,0,2,3,2,21,0.5621880478919079,0.6469236288475317,0.08386935756566334,-0.19556952538005012,0.29450420932499033,-1.6076432471219873,1,0.023840678032489793,-0.247826391251586,0.791407848169072,0.3610469069824974,0.9232367045975691,-0.4827709257379541,-0.07766731600757071,0.5164924641672891,-0.19658876948222584,1.0,0.4902401791143515,0.08549331120394354,-0.25722802786343063,0.49376778664922966
synthetic_cell_00331,0,0,7,2,7,0.11978823393795804,0.30943738310434604,0.18254498234989186,0.21386979886435348,1.7931529165982454,-0.20515032681010614,0,-1.3963425967239849,-0.1406252976804362,-1.1409200514145148,0.8328667538007885,-0.15566173023041818,1.5982283106919661,0.31793621370578184,-1.2004192504919624,0.7815563618505875,0.0,-1.179545817863168,-1.3228382839230561,-0.44222247365208256,-1.1803036428132414
synthetic_cell_00332,0,8,5,1,7,0.40496138096768675,0.29478123200252404,-0.06547339155899069,0.46988300044247444,-0.41901326773117714,-1.1630554287170252,1,0.8414257624987949,-0.527603411232713,0.825680968800136,0.13041185520620546,0.126355154299969,-0.2717229323203211,0.8354485391874036,0.20109280885328823,-0.019563336093983006,1.0,0.62988427356037,0.44179805800084726,0.8076225084414613,0.6329319872065178
synthetic_cell_00333,0,9,7,3,7,0.11440337029320564,0.03698818576183367,0.21279267208677285,-0.3928405482903409,-0.24471311202298596,-0.553194291822602,1,-0.4554427755225692,0.0008318893208674183,0.1403340027357745,-1.34850496976798,0.19300002400276423,0.3854039075509561,0.77454592791319,0.9134101803559386,-1.133683109442162,1.0,0.34576720974759917,0.3475052428306471,-0.8656869017849916,0.34979130584048546
synthetic_cell_00334,0,1,1,0,7,0.3820968171817316,0.1782603495863399,0.10693129795390469,0.6367761433746165,-0.03536752516607708,-0.6363160554688823,1,0.41594726467320425,1.2590368693746194,0.035048349320574324,0.06431452820841163,0.46620136114054567,0.11541712661588178,-0.4382313481344148,0.39212759369632105,-0.2606414434024601,1.0,0.49869646339719886,0.7361162421576295,-0.31917251328309354,0.5021950104897805
synthetic_cell_00335,0,2,1,3,7,0.2540346838924588,0.1254483272951828,0.21928816722657393,-0.8421417712681483,-1.2509623489207156,1.1969295312857096,0,-0.7445236555339975,-0.6702313436377718,-0.2971543936179102,1.5963294942166808,-0.927926568634684,0.5772228719868733,-0.13289334303343134,-0.7417586423608351,0.2593066808583813,0.0,-1.174099399489715,-1.2269418101416245,-0.4603302144339035,-1.1748759413279124
synthetic_cell_00336,0,7,0,0,14,0.3902054428994744,0.2974396325293392,-0.1141787337460409,0.39198188448765753,0.4712290558288299,0.4504594347818661,1,0.9302099642200198,1.6388377846251778,0.902206122279374,-1.138495263560836,1.2807139499145657,-1.6360202797092078,-0.2529862327312494,2.441399250663072,-2.73928564638951,1.0,1.9280169592495495,1.8300867953767874,-0.5773504785228696,1.926603575238149
synthetic_cell_00337,0,3,5,0,7,0.3576578790512858,0.17468705029882242,0.019638319690382183,-1.1018974243318036,0.008911547555763705,0.66375041080905,0,0.03431269441520719,-0.5655685264263892,-0.17860085776985846,0.4173881586053735,0.286027104664045,0.548629889217916,-0.4466565850301411,0.3016381601990741,-0.37900717451550536,0.0,-0.3665334742898154,-0.3747098155713684,-1.0240004742275854,-0.3700852566692466
synthetic_cell_00338,0,6,4,3,14,0.38149594359275857,0.1302170677368774,-0.16501628584105724,0.5366937500228346,-0.3095714368526848,-1.3112083715452283,0,1.627711825329303,1.35021753268837,0.3590907548145082,-0.1441906272647862,0.15784083862870815,0.8956879535073258,0.4727681921297438,0.4979826623502519,-0.6429216078407433,0.0,0.8954673440982275,1.5124716605333663,-1.1647643306206843,0.8875786330236021
synthetic_cell_00339,0,11,6,0,14,0.13705801691884126,-0.12376166254430016,0.07658773602442762,0.5663861985365992,0.4009385270135666,-0.2967045233698353,1,-0.7443819113668999,0.7755131909001399,-0.42027789733605386,-0.19612961197056417,0.39117398246439716,-0.6313038984464612,-0.19960854870637543,0.4789797704237133,-0.7137151931122379,1.0,0.23872783863626668,-0.05542689502357747,-0.29195545659750105,0.24311978086152022
synthetic_cell_00340,0,11,6,0,7,0.7103915491480022,0.49025985954261614,-0.036777767485681116,0.20559860618940312,0.08454438173757328,-0.4064191122004468,0,-0.18583184003670714,0.02660490349937239,-0.5424876158120787,0.421883380523708,0.033380912561551124,0.5701573596785322,-0.7478891431138964,-0.45118710002966256,0.4333443179617382,0.0,-0.5124420968718693,-0.3561912523895691,-1.170276211861115,-0.5154924569994823
synthetic_cell_00341,0,2,1,0,7,0.47756732321388257,0.24979315041468209,0.1514778557453031,-0.27549252802503704,0.8758810517332323,-0.5220245846903262,1,0.584073454770173,-0.7701926474173332,0.2714966240606945,-0.3972645283414722,-0.20487465538895966,0.07802155452600892,0.6606482490294764,0.5228517126590747,-0.7243198843837753,1.0,0.23659017599889437,0.22704911301610964,-1.2121095434849352,0.2409894644083164
synthetic_cell_00342,0,9,4,0,7,0.12069413809245252,-0.02869545154743973,-0.04510525099893049,-0.1685593419832678,-0.847554828472315,-1.418227979712174,1,0.3866927651264376,0.5630254374151269,-0.07270609393391891,-0.26567727252390466,0.2782166660446432,-0.8615867893462402,1.111221054298006,0.7302940245387264,-1.173823253962133,1.0,0.9578811059602601,0.5194501828305349,-1.0506101377471824,0.9598016421484843
synthetic_cell_00343,0,6,3,0,21,0.2054683355499487,0.3836552077172865,0.06579885269043045,0.23662472019075137,1.7403184199903472,1.5202469322099912,1,1.1976481814722941,1.294987981852163,1.8884083931898186,-1.0464507521294308,1.5676223286990356,-1.0337838390012186,0.9844352864913668,1.63625256645726,-1.6572251935118736,1.0,2.3265240954862607,2.103703567699277,0.6028288992450683,2.3237412218444238
synthetic_cell_00344,0,9,2,0,21,0.45109877328576703,0.39181199798228006,-0.012145141744114792,0.25169796080444784,-0.642988444317443,0.19760747898222125,0,-0.7404104084556397,-0.16211510903582804,-1.0159658948332382,0.283132049765469,-0.8021254285747533,0.9055439150532691,-0.1274493888639573,-0.977413873901278,0.8941448525361215,0.0,-0.9894298495433246,-0.7957461730044544,0.4450907132610121,-0.9908410174916018
synthetic_cell_00345,0,0,5,2,21,0.20904739135269493,0.2953037449828798,-0.01132395259651435,-0.8983571341992975,-0.8017497380460721,0.31098090698819736,1,0.38546594428709263,1.1621879161824995,0.15398943828706269,0.7478701518589447,0.4038588763921789,-0.6241090536175051,-1.0830629922874382,0.807983296072244,-0.8464382158084778,1.0,0.38543138074699335,0.48345368645602593,0.8364033907195612,0.38931916893985935
synthetic_cell_00346,0,10,5,2,14,0.2860661725772311,0.3250686310927147,-0.0673175351918121,-0.6303197385956377,0.49573860274139225,0.09125556382332295,0,-0.48439661480840873,-0.12534809940044633,-0.4735574751146405,0.6579631793080571,-1.5886493185635753,1.168193047258408,-0.9590901670898067,-1.7623122787250012,2.165136182072919,0.0,-1.4013060054662079,-0.6158940336090399,-1.705933085030649,-1.4013017404817474
synthetic_cell_00347,0,8,1,0,7,0.10049104475157496,-0.03665852977421701,0.14266482586803703,0.984958653451726,-0.32535395506572684,-1.0036145902569475,1,1.5238299310498855,1.7855928042835885,0.6009440094404029,-0.6549563417126789,0.7512486647892094,-0.21983186192412008,1.585387772670674,1.7957268154713502,-2.2313876306444818,1.0,1.8968012404962142,1.897999122973763,-0.8170886813756526,1.895495130857722
synthetic_cell_00348,0,10,2,3,7,0.33394767933928476,0.288340086674205,-0.06325244091406115,-0.7747843539682079,-0.204474167354091,0.7626430918028633,0,-0.3141641437149897,-0.5128160499647608,0.2215388047231462,-0.10483374775361726,0.49080372232948655,-0.4640694556447613,0.46111575392839055,-0.24368689157449536,0.4404090503828766,0.0,0.2941922954341034,-0.20232954406814732,-0.8237717130126625,0.2883698960244629
synthetic_cell_00349,0,11,7,3,7,0.3492709753672563,0.2604058503693014,0.2651633874277983,0.06825243158542305,0.6931988282544375,0.48655211004790827,1,1.1100626285666937,0.8414542757460369,0.7255868523603799,-0.6120797559106053,1.276806280020882,-0.5397563768101666,1.6467478287421877,1.6530245093914844,-1.221517071406951,1.0,1.8197347889119913,1.3484320983799811,-0.9476965500816268,1.8186935219744247
synthetic_cell_00350,0,4,2,3,7,0.18028928695322655,0.20990777275197153,-0.011908396106879122,0.34199486862405726,-0.632224996704432,-0.5590729938993214,0,-0.5099514642303368,0.17833825450565102,-0.22614134711568973,-0.1852867064809638,1.0628534779114438,-0.25944586688415705,-0.5151261195375354,0.1380399828240671,-0.2809330411239991,0.0,0.21831716977294954,-0.13005610599442002,-0.21572085721562795,0.21275551901333892
synthetic_cell_00351,0,4,5,0,14,0.13832822320424004,0.10407042813020465,-0.10646720993282642,0.5980866086445266,0.6025847280693547,1.3654195974035914,1,0.2452617543208614,0.718207076367209,0.9663737258617041,-0.46690510070135927,0.817649333958925,-0.4742835142235793,-1.0456203821495693,0.9806634550451309,-1.2053326895233634,1.0,0.7081118313895467,0.9259166093817651,-0.49853349934737684,0.7108907121353024
synthetic_cell_00352,0,3,2,2,21,0.1461897482044754,0.4437240912196276,0.021515335727121315,-0.03891906377878701,2.1682798175730116,0.4387275800573581,0,-0.5022852174949721,-0.7487850492276945,-0.6400596578449136,1.0514698841662666,-0.9254443955875662,0.7886417286381529,-0.8196352304026859,-1.0178488706707554,0.905940469720496,0.0,-1.3201941457990118,-1.068838454006862,1.0862217825452514,-1.3204686257619282
synthetic_cell_00353,0,4,7,1,7,0.278605673283999,0.14019836253787676,0.1543813814474283,0.4177905632048006,0.6361859002218954,1.3013405699968552,1,0.14884564529180233,0.518456607170828,1.1592432142261688,-1.3579584264037075,1.6070277001921578,0.18175766439185315,0.8334172271993525,1.8344073095260944,-1.7339371612869137,1.0,1.3709288916638365,1.1731982656849498,1.0503407111872856,1.3714299685552018
synthetic_cell_00354,0,9,4,1,7,0.744391808001215,0.39503101716868755,0.012966842072309658,-0.3658989958121528,-0.2005827093165387,-0.8846099377285929,1,0.8846986648688967,1.2281228328320917,0.9845778723698208,0.21982421650607087,0.6733934057000615,0.4792254209964103,0.28076060226744876,1.1211891248803276,-0.8399092252526597,1.0,0.9281384784667702,1.1960686885259333,0.4076771563474554,0.9301612266763873
synthetic_cell_00355,0,0,2,3,21,0.2845366189408398,0.2408829201726056,0.0028912497488240672,-0.274139320758661,0.3409009418048085,-0.6732215774680124,0,-0.932683480084333,-0.8827872848446481,0.06576021257894693,0.08927504877985509,0.096782087667527,-0.23628572939763104,-0.6624629235109716,-0.7139835756728365,0.23860723826718944,0.0,-0.520676816515503,-0.7574378305518547,0.2531036347114296,-0.5236988776187422
synthetic_cell_00356,0,5,6,3,21,0.2465206063523268,0.13720391451297456,0.04372802997121287,0.3255964910361739,0.6022295408432822,0.7470487662317766,1,0.8001918048988255,1.3374625998850245,1.3455906924057937,-1.0501344499041085,0.5563466483511557,-0.9644883234699586,0.8684358554729058,2.3547977588178846,-2.2469427294948483,1.0,1.7493420863892306,1.761223552686486,0.5322695589563136,1.7485427274814016
synthetic_cell_00357,0,2,0,0,7,0.34236455732943927,0.26287953292579075,-0.1574282787093805,-1.878185049486398,-0.29478110706457983,-0.28971965857901805,0,-1.8754448356420625,-0.949306788175161,-0.7395196977483531,0.3981099973663171,-0.8698200483923504,0.3272688545158134,0.09689390528934566,-1.0089685300018918,0.8146841941205357,0.0,-1.2968245104614764,-1.5910744322860806,-1.1824720813888534,-1.2971793013406894
synthetic_cell_00358,0,9,3,3,7,0.10945658970003631,0.037115483543217434,0.024838099992866243,-0.2777220005208554,-0.5547790900796404,0.7848997772179311,1,1.101388675766349,0.7008195865215556,-0.34945355896750613,-1.240611446111016,0.8010919533756153,-0.0638274807303354,0.3951390976098317,0.9799917402013639,-0.7933167560544427,1.0,1.091256391456372,1.1555264900543347,-0.21160970563303708,1.0927185768301835
synthetic_cell_00359,0,4,0,3,7,0.7055744794028111,0.37237602803243897,-0.2235284485178038,0.6974995222642303,0.9908707067130711,0.2626239095441104,1,-0.3549538892556756,0.3700294791947795,0.40289248011860973,0.5611753535846413,-0.3256137528133955,0.1154502367561423,0.3047520778921939,0.4990403505013471,-0.1464945198974072,1.0,-0.0386104124588459,-0.035143994685357435,-1.0545004415764772,-0.033265383514531635
synthetic_cell_00360,0,10,4,3,14,0.27488361220607654,0.16527074936010624,0.04408063735545994,-0.10991600787972353,-0.19092122927887428,0.4361395558568338,0,1.145892995005402,-0.30445527342105655,0.4389606876208184,0.1659796178438892,-0.10330101810552741,0.21787540363993052,-0.14672103211916276,0.10497594443521678,-0.010527329569408796,0.0,0.238380420632293,0.5349710276437306,-1.002760493125456,0.23274982151139534
synthetic_cell_00361,0,8,3,1,14,0.17698599739623144,0.010727556519429082,9.871793512644667e-05,-0.47898321221170315,-0.5005793926079647,-0.940814988710862,1,0.6090900260120949,0.3693616544038213,-0.028011533002436723,8.674954898973963e-05,0.39478642213084075,-0.008987248549092677,0.23875524304278006,-0.2057608891973403,0.09911494888401365,1.0,0.5113766813925464,0.4657630160605242,1.6215731973910839,0.514831652284159
synthetic_cell_00362,0,4,5,3,7,0.6224655779587539,0.2435721839787931,-0.07416507188051298,-0.020038674059201234,1.8335714127050176,-0.039750189881505804,1,2.1340872165207294,1.6795276405911277,1.5018104809039956,0.32073697295967624,1.8905227405951424,-0.4721736555290219,0.682946567101882,2.165847751300621,-1.6374067241540384,1.0,2.2437214854215313,2.091518574822097,-1.623974478813654,2.241223167075059
synthetic_cell_00363,0,9,4,1,14,0.40446160267697934,0.19904036954627685,-0.10267422783825114,-0.281407203262505,1.1320869050672944,-1.1415008079794693,0,-1.6641730802956047,-1.0939158320925764,0.9440581346033251,0.5313431685850318,-0.3085518851984584,-0.18279898589444338,-0.12993789791289953,-0.7162578455101004,0.5621728623795328,0.0,-0.7113624310643235,-1.0494264014625172,1.2372636606529435,-0.713729191551709
synthetic_cell_00364,0,7,6,3,14,0.3923854719136854,0.27071139876133926,0.10615457167751982,-0.26355554176229645,-0.27345423276456615,0.9240191063313212,0,-1.0546037408803461,0.3573299650338718,-1.2717436131543307,0.691477156473184,-0.8877314332419111,0.3994426362713099,-0.9663856822231836,-0.8073250505487671,0.3010905557111944,0.0,-1.1714826894461245,-0.9556740131061686,-1.186332119396981,-1.1722682237387716
synthetic_cell_00365,0,7,5,1,21,0.05781812927317667,0.10702338794124241,0.03814836348491822,1.4092477116162234,1.0610423071596335,-0.38142385142727675,1,0.9477413752544539,1.1606498754884305,0.8131515010974917,-0.4738630134413151,0.13562450275023646,0.0732913878464212,0.12183792923356168,1.1375647483637874,-1.2837501769806632,1.0,0.9280298220661373,1.3834372625363194,3.097574559031406,0.9300529436788894
synthetic_cell_00366,0,3,3,1,7,0.3136549235480169,0.19017099242612892,0.16557961905533233,2.0560089941187214,-0.27984255024609217,-0.2983721302117498,1,2.233710384282841,1.6665363153597759,1.863302097180205,-0.36880229327400793,0.9079535175514055,-1.5767109582891048,1.2047891141863645,2.614490102828638,-2.6089068397449617,1.0,2.5969372710578837,2.4902967891975276,0.6490046811903258,2.593225109064084
synthetic_cell_00367,0,6,1,1,14,0.1370158302940374,0.1733292898256325,0.22450081501928512,-0.0015037035931281528,-0.6580070763205927,0.7844183077318582,1,-0.021141629716536894,-0.14633024516378978,0.3934481168027619,-0.05670435898938606,-0.359937583900351,-0.2610750672776118,0.12499213716240662,0.18149982458921815,-0.21330889383395052,1.0,0.08857413811041819,0.12158469844030051,1.2961642925942438,0.09348209100936682
synthetic_cell_00368,0,0,2,1,7,0.18317117789789514,0.025151485481437544,-0.05435413376679474,-0.008549985004254468,-1.0010439342759898,-1.4253023597334311,1,1.2212039602671223,0.12131160176326117,0.9914166008713157,-0.09985806380098361,1.230475248428351,-0.9996032562013993,0.9245090026416616,2.05222367392406,-1.4573831201243512,1.0,1.5558685363845308,1.0155719832741308,0.7511524178317642,1.5557340589716664
synthetic_cell_00369,0,5,4,3,7,0.08111270767487563,0.03849624265313987,-0.07310045574587218,-0.35822119257055623,-0.06201914122287809,-0.6475539208514849,1,0.3926978996194812,0.7392303137775283,0.5524662648117289,0.11629155309645978,0.8699902558251542,0.9518243682046692,0.4818738387868394,0.852695293945958,-1.21628352219311,1.0,0.5750965640192578,0.6647210335575043,-0.878904554659405,0.578332558359198
synthetic_cell_00370,0,9,1,0,7,0.17809630388664535,0.1602561475843657,0.13310485595140364,-1.1521743219972733,-0.7321690679986615,-0.49638262851954784,0,-0.5829686169036385,-0.16207010555299287,0.7241478006060156,0.25650725648148215,-0.05793890073413019,-0.1255829038728831,0.21953702000205216,-0.07890927791776309,-0.40715197051218455,0.0,0.005835712698769565,-0.14614361316342608,-1.2724478061285396,0.0010042650538913164
synthetic_cell_00371,0,10,5,2,7,0.04191178638569032,0.2848649221240433,0.11261562522464419,1.9691916902699196,-0.008071098545359118,0.3668413555870882,1,0.7552743986777741,0.6437789315389167,0.5751888754607426,0.3008266239620799,-0.1057180627273378,0.7105603593692398,-0.4773491805816124,1.0337487219126698,-1.2067976609262792,1.0,0.14502646209938858,0.736965862032204,-0.019518953815542917,0.14974041377405042
synthetic_cell_00372,0,11,3,1,21,0.11333663695918267,0.17665601237638168,0.07477604839073496,-0.5986962004450727,0.3354056397930695,-1.097999413692201,0,-0.4970504457005539,-0.7995313503795223,-0.7981886218148118,1.5994047741195407,-1.3736815470286075,1.066809923478421,-1.063169805751321,-2.208822318840784,2.0404540112500857,0.0,-1.7434802775181555,-1.3293602544910357,1.7783222806118943,-1.7423001135979757
synthetic_cell_00373,0,1,7,2,7,0.2451940150186351,0.22292999328866842,0.21223504197861498,-0.050559593062940084,-0.45458228815497104,0.5842596636559799,1,0.48545452100562614,0.5022412887052137,0.6559166648787524,-0.5334260751193131,-0.3548068518759252,-0.2175541534457328,-0.0896594111096278,0.8034800460267386,-1.0029154453973432,1.0,0.4771861248190455,0.8712783204812627,-0.6022884955447381,0.480758593261965
synthetic_cell_00374,0,7,0,3,14,0.11461230897916566,0.031222266779962995,-0.11140205448266371,-0.5351922043136468,0.19097650381731932,0.8154508354675163,1,1.7029899986193822,0.2062885047637752,1.6394386640114726,-0.40832500865376464,0.44991083767634876,-0.4226815606932552,0.9846307382838703,1.5523780950541097,-1.6349163254835972,1.0,1.5088861443172992,1.5918720832769169,-0.4597310702775432,1.508913124235806
synthetic_cell_00375,0,6,3,1,21,0.3044016634627575,0.40515414968041574,0.07421266421275785,1.051664080856132,0.11415258263343522,-0.358341313647938,1,0.022773910729651736,0.874269953636867,0.4530103796361136,-0.4049798141451534,0.3617221497109765,0.30000591053003073,-0.0009064358514931509,0.4901627114602447,-0.6259355293345967,1.0,0.47712293811727285,0.6973738313990091,1.6755914768320825,0.4806956237044416
synthetic_cell_00376,0,1,1,1,21,0.373373732270106,0.1851193989746097,0.09881861799334464,0.40267024084851494,-0.3463272869333211,-0.5088462300350928,1,0.5967968583827374,0.36162241997512157,0.20991115807564936,-0.008533512184405595,1.027067855860527,-0.6578530372387982,0.34013545841236226,0.6258907942889028,-0.6383759968605859,1.0,0.959091202554543,0.5375093570473688,2.463660965023637,0.9610075801855245
synthetic_cell_00377,0,4,5,1,14,0.13638460437651767,0.08703839496612784,-0.006765097882181714,-0.2472875537611767,0.28913777857716794,-0.4118027362823668,1,0.34859161776548564,0.40502686071964483,-0.35954479768848463,0.7709273946067629,0.11302684570603456,0.923727590544718,-0.2210372389275585,0.20692698458825093,-0.45853794770254563,1.0,-0.2275167987837006,-0.016820638758891265,1.669889478673267,-0.22152258362997945
synthetic_cell_00378,0,11,1,1,21,0.060291201295260735,0.16313276047907035,0.02392596189086009,-1.407002105347212,-0.44728811098016574,0.8317675913380966,1,0.6904014227747255,0.7685303114867937,0.7228170518560835,0.5145804300343947,0.8666676897414924,0.2477061327721098,0.02581214522400198,0.03383209182876488,0.06345257642213216,1.0,0.7097981662745303,0.731352841123662,2.508227444885082,0.7125712518464273
synthetic_cell_00379,0,11,2,0,21,0.692855789318182,0.620777969863333,-0.03101199214468219,1.7329750575254175,-0.707894645761564,-1.6305531122260495,0,-0.5251261212352195,-0.18694607245486233,0.020531329790643635,0.745603213735909,0.09742571409798739,0.15231673579857358,-0.21239039808494506,-0.38530689644586863,0.754291295655942,0.0,-0.3464341952895741,-0.5291835325740061,-0.5101144810056384,-0.35005504984279373
synthetic_cell_00380,0,9,3,2,21,0.395447881152372,0.5829168077720687,0.09782605350162599,0.9593669675125779,0.09088316208849886,-1.0206575909857543,0,-2.062642719361733,-1.3278125946415869,-0.6776725156578678,1.8127972610036598,-2.1807319940502956,1.3251159157893229,-1.7087998806045608,-2.4467903638594097,2.2787671209884826,0.0,-2.846461345945253,-2.3039195806073693,0.7861876005878652,-2.841490732624234
synthetic_cell_00381,0,11,1,1,7,0.12055410313744917,0.140997972409022,0.18471454358507042,0.470002056504204,-0.691838079421346,1.0338320362258453,1,2.4098506223188476,1.391610648597144,2.7511253564967313,-1.5191737928049758,0.5512998311101849,-0.27107328670418895,-0.17322896808061383,2.3125327258932398,-2.2575637891746543,1.0,2.1349413980082605,3.1501105618572365,1.3095531047947684,2.1328169078524626
synthetic_cell_00382,0,2,5,3,14,0.24439627286112459,0.13021109410163131,-0.04771685491137729,1.1156115241197297,0.05274679415793286,-1.009535088565765,1,0.9225180106866568,0.43075558669144287,0.7080328777194829,-0.21119675255483508,-0.7100587292704797,0.0641252747082979,0.3285931351372132,0.3523665814539449,-0.6768452811777705,1.0,0.45367298234744113,0.9493981901063674,-1.2186521047864767,0.45732625487607403
synthetic_cell_00383,0,11,5,1,7,0.22391900681715463,0.015088686427044723,0.0009788173344112139,-0.08448436782694534,0.5162220011717891,0.3170390030084597,0,-0.6587428864000293,-0.5473739465253765,-0.5507683219307327,-0.9511135288754288,-0.6147251535536903,0.32834089984733883,-0.0572927875662175,-0.5001601382326397,0.4188902739373105,0.0,-0.509340942076106,-0.3331245907185392,0.8415258860412193,-0.5124019594766986
synthetic_cell_00384,0,0,3,0,14,0.2764040572899516,0.09502965887215285,0.10609036792229591,0.1641796936462248,0.48181289387898185,-0.2820983112823875,0,-1.1133343364232535,-0.10220893257969255,-0.8203823908613651,1.0490646992261794,-1.1989296007025434,0.5507840755444704,-0.4468381467470373,-1.812571265472767,2.0243979611326717,0.0,-1.294541016328371,-1.146938813105267,-0.7156966709490763,-1.294903654548954
synthetic_cell_00385,0,5,2,1,14,0.25090062550079556,-0.01597717541127419,-0.05448625064570195,0.6053012345511303,0.37700694572777554,0.37831888462237767,1,0.4491746424575405,-0.03283125688377602,-0.6099900635261847,0.5155338768230405,-0.38950727394312634,0.3421935568454856,-0.7551045110915615,0.32062560287200625,-0.4881247364111521,1.0,-0.4420240399852295,-0.1409549082630246,0.9962628711822654,-0.4352926600086819
synthetic_cell_00386,0,11,0,3,7,0.3508457433500084,0.13794150136216304,-0.21195974905317067,-0.3265883946499734,-0.6729082173285533,-0.900229021776229,1,0.2805280707076258,0.15425862097123139,0.9021217393447194,-0.27892790525998057,0.1463075583544317,0.07674174739169302,-1.0103292133911326,0.16465870418409817,-0.23731588300112977,1.0,0.17077427063718328,0.6266548916183973,-0.23781622740861244,0.17539973868484673
synthetic_cell_00387,0,6,3,2,7,0.49632233174456514,0.3510869291234949,0.11125760915933061,0.6403265628445828,-0.33210370479047574,1.2254633747016859,0,1.3191296242053618,0.46783562299404424,1.0733649218458279,-0.33934516541219467,0.9284374123515995,-0.22222027110189405,1.0780566378657308,0.4458565689349494,-0.07998232666153948,0.0,1.4598414765104744,1.311840387475888,-1.1814040924056304,1.4500132656082574
synthetic_cell_00388,0,11,0,2,21,0.1064467731243773,0.5432767803828202,-0.1492481069052115,-0.5810536580365748,0.8807943177049598,0.19291260029045926,0,-1.088866751794108,-0.8835454699952036,-0.3043099481132125,0.6948196586996224,-0.5531000872710642,0.6152977068488052,-0.8730156695330389,-1.4508800027326247,1.0817767412353692,0.0,-1.2453428993588378,-1.1615465910766851,1.0611554335195899,-1.2458746093598234
synthetic_cell_00389,0,3,3,2,21,0.4954231564796489,0.8032369715095122,0.008809642093617065,1.0729095777181021,-0.43576250948538425,-1.4552221138312884,0,-0.3770542197376674,-0.7843876413680965,-0.1390905100494101,0.48572383523749757,-0.30908129973336573,0.864057978956835,-0.26867083321559027,-1.1652938871887724,1.2740179710148758,0.0,-0.7794333563772575,-0.6650097311715231,0.47480274513524434,-0.7815661877379764
synthetic_cell_00390,0,11,2,0,7,0.7096033059709014,0.36810326807601973,-0.04817100715073028,0.0006989552673781069,1.2777652686915533,-0.49008871693098544,0,0.268545275784372,-0.07810186568196831,-0.7830964512822414,0.6327585191678645,-1.1214319381968307,0.36703262946090454,-1.2144807964918227,-0.5499252043432786,0.6412930822934075,0.0,-0.9155540791914635,-0.34024211974164814,-1.0514428103166487,-0.9172191249056266
synthetic_cell_00391,0,0,0,3,21,0.0848511872145062,0.2366144761129229,-0.17088067270314802,-0.3938907293820988,0.05153017104854901,0.29247205745244387,0,-0.5555394800193156,-1.1183665832513843,-0.7381461698195757,1.3537950282015265,-0.09275673847645804,-0.16219127507973402,-0.2943453988672206,-0.42477455332091135,0.544984193551296,0.0,-0.8440630662919593,-1.3809338159936644,0.28771162320909277,-0.845973794434196
synthetic_cell_00392,0,9,4,3,21,0.19477643644602943,0.40018100723039973,-0.14808608512165194,0.783768367854161,-0.29933867627879807,0.2188612327369752,0,-0.5830308878229402,-0.26816944315520763,1.0128489064173527,0.35590494297634223,0.9395745318103291,0.44878116051697137,0.34850494470484367,-0.2834721035216671,0.5330062859541581,0.0,0.20237153612173764,-0.12975674742307763,-0.10869995478513679,0.19686468332670629
synthetic_cell_00393,0,8,1,0,7,0.13676046547793563,0.2023913799989315,0.1394727334688085,-0.6661724800135626,0.11287510069891524,-0.06621275431205441,1,0.7568444546031063,0.3292545311726245,-0.15889984995059506,0.2676215022575509,-0.6450690294347105,0.5001337961862743,0.3268815864649573,0.5973515747960719,-0.7306321388324302,1.0,0.022723924454426857,0.38205289142274057,-0.9136201585262799,0.02785817489377972
synthetic_cell_00394,0,9,4,2,14,0.23311560950201343,0.5183974716777934,0.04548658359459864,-0.7859135639999241,0.016110982129255408,-0.4211364082091611,0,-0.03430234445966501,0.7440908546090275,0.6244419303629948,0.9495936076927738,-0.9856488266580765,0.5445901169150379,-0.732320786077016,-0.6774429456303455,0.6763485450348163,0.0,-0.46777426555115154,0.2023595537539906,0.012697188277282334,-0.47097812890680085
synthetic_cell_00395,0,7,1,1,21,0.4781071349550233,0.4715784960842817,0.10013939630904034,-0.5603301033926353,-0.6968473813762308,-0.5257933576334507,1,-0.9082398331774881,-0.8332749012771257,-0.9044071891384569,0.9960381889279619,-0.48910288274593233,0.8135906245113105,-0.08652071141071488,-0.6666141356158399,0.5670507031075551,1.0,-1.1858870731912636,-1.3580334411904422,2.0648849393690045,-1.176599370835998
synthetic_cell_00396,0,7,3,3,21,0.24907278359212268,0.36686712441233993,0.053466914007016864,-0.030365606491939784,0.3591967279595269,0.15303398346015207,0,-1.0844341314471024,-0.9862461289794796,-0.3122438266964821,1.0855958610871028,-1.365084273536947,0.7346966543918704,-1.3265980685736745,-0.9045175096201024,1.1046209735376704,0.0,-1.7478839465569984,-1.3398654357082547,0.8049568487231191,-1.7466886492087412
synthetic_cell_00397,0,2,4,3,14,0.34683586274026157,0.20647013618448895,-0.04364185297102626,0.9292636529821615,0.8122923432082696,1.4782989963595132,1,1.6576214998851753,0.6232657500974973,0.3121108042452263,0.34617519639460903,0.6263018958522448,-0.7191507755644633,0.88382195726842,1.8205352929528544,-1.2860283876767271,1.0,1.3215508894732901,1.0448414181148034,-0.8817036123587029,1.3222216563295839
synthetic_cell_00398,0,0,7,3,7,0.5056977264735883,0.19519981445350537,0.3031287501177704,-1.0487867804132278,0.10489676546792444,-0.364958159109674,0,-0.3495107795787953,-0.6331518677011883,-1.3521193011901298,0.4869603026280329,-0.3078588124027013,0.20102982973505557,-1.2765932502905188,-1.100096068671186,1.0887646528361985,0.0,-1.0350213758473088,-0.9867703447209266,-0.5227785329225311,-1.036275866243714
synthetic_cell_00399,0,6,6,0,14,0.24034104925184988,0.12897938656263125,0.017027274696567958,-0.736536598322147,-0.4968031637966962,-1.2459185612530692,0,-0.5227527150595344,0.179355399159454,-0.1442963854996262,0.19611934443324838,0.15871033536259996,0.21682427270745802,-0.03505550661907633,0.14835996763241577,0.13848327669911314,0.0,-0.136205563079456,-0.24166453576601,-0.09659900681718529,-0.14054887880250916
synthetic_cell_00400,0,4,2,1,14,0.24765593140303224,0.17611278194124114,0.014141769321931496,0.1597151650329519,0.10479981457105354,0.04868317730701849,0,-0.38447374039873333,-1.0509138521233967,-0.8515183316693544,1.4920910175691515,1.202563370161487,-0.022259021070313356,-1.1440347559096116,-0.3263785287081051,0.12302445721756129,0.0,-0.6694613754985596,-1.3594321224298898,1.1953092488206463,-0.6719721310512369
synthetic_cell_00401,0,2,1,3,14,0.31382282193774214,0.2514771253784236,0.09415338145457988,-0.39169544914455756,-1.18137664107959,-0.0632283580732968,0,-0.3183711387978181,-0.1918235834624688,-0.40687205409615107,0.7032930164573948,-0.49440961636399183,1.057151483120523,-0.24937160398123687,-0.8334152263047625,0.6126215196873065,0.0,-0.8093963485676522,-0.560077285994503,-0.627044154527832,-0.8114262106127169
synthetic_cell_00402,0,2,3,2,14,0.3378482800582856,0.3187778314517154,0.016811896049295602,0.9667405397240897,0.7431600927737372,0.030497837600875863,0,0.6698815080411276,-0.33842202512807595,-0.5009303741772129,0.9589452137020282,-1.0651511317844529,-0.20597919963709832,1.1949274573320898,0.2847593139908976,-0.42256576292898934,0.0,-0.08219729268391805,-0.28177128485173536,-1.4813822804609864,-0.08672621051930217
synthetic_cell_00403,0,5,3,2,14,0.43115589700943363,0.4634690545077768,0.0329287903560707,0.287566631562086,1.1670300511059892,-0.07688337169201584,1,0.5443123226485407,0.6142778828379322,0.5177675812542016,-0.22789509616399134,-0.119539520139613,-1.0498713577181347,0.6876342962836176,0.40783874337514747,-0.023057048827730527,1.0,0.9437247759007206,0.792646760622165,-0.27042737995695937,0.9456939610225741
synthetic_cell_00404,0,8,5,1,14,0.16501270599308995,0.08898391946731679,-0.0475601367058294,0.6440281585119163,0.33403806338255876,0.09782084965291,1,2.054441596332163,0.5191965671953085,0.8123357454105266,-0.22971133888298162,0.7640529312815716,-1.1954716401336007,0.5200561779656853,1.623160239183553,-1.6867370359145937,1.0,1.6983000702105564,1.5498773416203764,1.3222031457953944,1.6976761197346397
synthetic_cell_00405,0,2,7,0,14,0.3966722034022099,0.3630317640704998,0.23532351824243347,0.49632154904940706,-0.2931031264324902,0.34464161839937335,1,0.24519657824661426,-0.6154650073152502,-0.4520495605123548,-0.752646629338287,0.23797633662361894,0.23849095433283948,-0.3971850374536767,0.43508137514764084,-0.5307850697942655,1.0,-0.07000320227554492,0.02082066128161569,-0.3324162720185663,-0.06455029044478995
synthetic_cell_00406,0,8,5,2,7,0.3319562135064876,0.35253491616855953,-0.0693654562120932,-0.1946455177645683,0.7481603754293313,-0.07586620849478316,0,-0.5194535828566582,-0.17850029272968396,-0.2711294153770447,0.8674519552490476,-1.316730279704959,0.8199866409146103,-0.13302275494306387,-0.31787770499814505,0.1834908274604579,0.0,-1.0330096463553906,-0.6606505372027949,-1.0649340634345994,-1.034271050160435
synthetic_cell_00407,0,10,0,0,7,0.36481235975316134,0.21252353214709935,-0.1492235383772003,0.20486623771400422,-1.490920499414911,-0.7989787504988446,0,-0.9402565925406867,-1.1531585854296016,-0.2196256724121402,0.5280916605083682,-1.4317122001932558,0.8136752041338349,-0.3526767862392816,-0.8636855918831292,0.71994258449342,0.0,-1.4241383290136802,-1.1166557864814037,0.0984305766727759,-1.424055599611663
synthetic_cell_00408,0,6,0,1,7,0.21793028119991983,0.20385401860646551,-0.160692381710188,-1.057169576498621,0.07497180665506216,0.4104727591474404,1,0.17556527081557094,-1.431514981028552,0.11820315258455279,0.7197334061654075,0.01399281473746387,-0.8492229371608511,0.3727540826840951,0.4573958905115907,-0.8861703920019721,1.0,-0.033229737550895616,-0.6697183201942689,1.6219089391065764,-0.02790319956401006
synthetic_cell_00409,0,0,7,1,7,0.052377648536695784,0.06002354500267716,0.30201590388157373,0.40631384700203976,1.1427416024373245,-0.45063357231321427,1,0.5575694676996094,0.7566627886018824,0.40279511224214537,-1.6743119695539326,-0.43679272661289803,-0.6059052064736237,-0.10508810395365178,0.7398222743013655,-0.5926109105299382,1.0,0.8038877077440845,1.32271821666453,1.9978350679238461,0.8063374499184406
synthetic_cell_00410,0,1,5,1,7,0.18302193537402403,0.04427870540597254,-0.06201403573157427,-1.2952444158170833,0.7549778763079801,-0.5473333676882587,1,-0.15482956571726803,-0.3832371359381893,-0.7491491760661484,-0.060808073402725135,0.8605747752485478,1.5039302475249963,-0.4875836954878844,-0.013733270632750597,-0.2086357177109177,1.0,-0.4929801662935729,-0.4077464101336173,1.2788399889089421,-0.48607367304993176
synthetic_cell_00411,0,1,1,0,21,0.38850812122144707,0.4469631036746025,0.05663393993550028,0.09726012463957823,-0.9976405793253112,-0.4894319253881387,1,0.16919551281773626,0.7186055001909615,-0.17002611256975864,0.26622271114954976,0.12035460017608585,0.14794794607051404,0.5238706391705743,0.41527030074757026,-0.08815033249670005,1.0,0.33658547507657993,0.26506868439797493,0.2421498679444252,0.3406411246581694
synthetic_cell_00412,0,4,4,3,14,0.33536363736253166,0.06857097876173635,-0.022780405375954736,-0.7240914641241828,-0.3786793723489948,0.19340423186566325,0,-0.2529174504347071,0.19921480454959528,-0.17689722404546895,1.1656032791286868,-0.6893770350649341,0.052283398482566745,-0.06568194802354874,-0.6111505878983723,0.7519331014136941,0.0,-0.4655053796890214,-0.4568076740811635,-0.30318109306114877,-0.4687170401839897
synthetic_cell_00413,0,10,1,1,7,0.3764265969650618,0.13271937763336372,0.15379006608895382,-1.1749028163183972,1.0856536329542397,-0.5384867950753731,0,-1.4731147266485074,-0.43482436344311126,-1.0591180276963557,0.7280768366141502,0.5035916716346936,0.7056294385088713,0.29539727472661753,-0.769603060701934,0.7512771808849087,0.0,-0.7911572227907144,-1.4147941560315274,1.269592034334616,-0.7932497645003284
synthetic_cell_00414,0,6,4,0,14,0.11717932552150322,0.1824679190027622,-0.12011135689469107,0.7683142788549919,0.06970797996493643,0.16195521586837255,0,0.11355927582033064,0.10165924306262641,-0.7434777244062613,0.21124109716714695,0.0989787720764794,-0.6174078010225311,0.812492714735605,0.013466342469860058,0.06731114945226223,0.0,0.3425461072371759,-0.17927671729271769,-0.35552805149751315,0.336557537543907
synthetic_cell_00415,0,7,7,0,21,0.1126345374370649,0.2762878483536034,0.24044225914349077,0.6310313945221372,-0.5568465256119441,-0.22226113912398138,1,0.8286707614374211,0.5095053860356953,0.2539351522814879,-0.41230531085022915,0.6812361483758496,0.012369204191668162,0.0996227758859853,0.43569795578024517,-0.6174668897031631,1.0,0.7911219116071908,0.8598930168983497,0.4344468742248361,0.7936155240760636
synthetic_cell_00416,0,6,2,0,21,0.44918897540881336,0.5231617959376904,-0.03085878656625027,0.5498784932625951,-1.25094572482763,0.6617613888394179,0,-1.522594385025042,-1.2415161518784388,-0.1957247965794432,1.2801826340608438,-1.1024494630721968,1.2833839557066655,-0.6373246251390352,-0.9751635400790769,0.6430404240370584,0.0,-1.8518862047397888,-1.6762267594329212,0.0969535973051791,-1.8503334984490762
synthetic_cell_00417,0,3,4,3,14,0.19051081380302318,0.3252573892766385,-0.05224974894019798,0.5718569718780865,-1.266842146173056,0.01626683933334591,0,0.5391545834442696,-0.037552524340413104,0.867757945094687,0.08741073756912499,0.17128232772564178,0.26004055182241514,-0.007989005532713062,-0.15842588863093304,-0.17977799491861707,0.0,0.3342934940656859,0.5297010967206838,0.22298939820384658,0.32833328488879093
synthetic_cell_00418,0,1,0,3,21,0.1700409153823474,0.26865657417819744,-0.16003978221276563,0.06880693587806298,-0.14844466218296626,-0.3086424221977964,0,0.5627170898189655,-0.8975135181783851,0.2421006202182257,-0.29220153306041946,-0.053976501828253975,0.3505951624290323,0.07409665606304944,-0.5321515917898311,0.7259061419012244,0.0,-0.004285454110222765,0.11925406392837143,0.25213477736185835,-0.009082119861045799
synthetic_cell_00419,0,8,5,3,14,0.2790760430223768,0.1370499520741097,-0.1332695361385739,-0.7796117695006739,-0.46314912160973576,-0.32290634880079966,1,1.1393559933129613,1.4979255807187313,1.4060047949129897,-0.6100713910366004,-0.019424402668892782,-0.6765378259129059,1.247445108946674,1.3311168894584187,-1.60148945725357,1.0,1.6549930560388906,1.8499662425948127,-0.9162436018803474,1.6545179322750707
synthetic_cell_00420,0,2,7,2,21,0.7663902626186085,0.8952231169684506,0.1585883232272438,-0.829608062726334,0.45825937671935874,-0.7994788872064603,1,0.15878540381754228,0.48216508135091823,2.046271916738989,-0.15141416095263194,-0.021758195577295525,0.6028040462955842,0.12480023886961127,0.27855615558584257,-0.33731920398429016,1.0,0.5020916051878532,1.032247790911704,0.011995460001761703,0.5055784847064986
synthetic_cell_00421,0,0,5,2,21,0.3219677151777167,0.43126099375210114,-0.015806343092087106,0.25413209583643925,0.43907700781841946,0.057222543150189265,0,-0.7757955510152075,-1.6666331669210752,-0.24255943716695483,1.188613397410061,-0.9674882284676151,0.5707806415851737,-0.18590570627989828,-1.7497808630081442,1.7189912720441836,0.0,-1.376738816182859,-1.4866262636348575,-0.16608311978095763,-1.3768189775685014
synthetic_cell_00422,0,1,0,3,21,0.08934502896945404,0.16674683385798217,-0.07795092831451421,-0.32331764985913836,0.2235005322414249,0.15124795989454576,1,0.9704495172647076,1.3609177437011217,1.3897840917704205,-1.156734751550055,-0.2169181658733932,-0.3885551644078938,0.5688068017394099,1.1024950253604868,-1.2166303588690732,1.0,1.3533028640900144,1.9011076403270541,0.6141682927290948,1.3538645137034047
synthetic_cell_00423,0,9,6,1,7,0.14387269749884457,0.07286184744722561,0.08423965853580034,0.36272671895783987,-0.9304168088848601,0.06091749531206993,1,-0.07149158944095702,-0.14466301519590513,-0.10828604232499732,0.3795812166105253,0.6153635561748381,0.6741762252568341,0.04628567183116869,-0.09261440789765757,0.025611832085626784,1.0,-0.07609808927360276,-0.21654498761135246,1.5160978317553162,-0.07062423205998378
synthetic_cell_00424,0,7,0,1,21,0.38669952438879507,0.402865157786514,-0.12119396080787885,0.39802223614349974,1.3786978280979583,-0.6926962577893342,1,0.8545281217067692,-0.6866240985092438,0.058308576088903066,-0.14905611352127024,-0.3150947349654298,0.8954725331253107,-0.1837071212794742,0.18764786959394772,-0.20182311627628335,1.0,-0.225574719876884,0.23030420894686648,2.1001945862587403,-0.21958717877409575
synthetic_cell_00425,0,11,0,1,7,0.3701018132084539,0.13985753667013667,-0.12465907992624171,-0.9854046766901611,1.3278052498303097,-0.4093478727875717,0,-0.9141663472814624,-0.628739445470992,-0.19712112584861918,-0.032542971981302626,-0.9256013398698417,0.41907913288877136,-0.5107218758997042,-1.7049997283884106,1.743851550233543,0.0,-0.9449931625004913,-0.6889271325547729,0.9341341889673443,-0.9465570393379763
synthetic_cell_00426,0,0,7,1,7,0.36041314633822624,0.2735574945373581,0.33167598594273356,-1.1743205682003652,0.3296321551581659,0.9229140968490435,1,1.1628561252054852,-0.11953557072827337,-0.21042735817477104,-0.005448392720984643,0.4486738520364657,-1.1311888547201594,-0.2690113997972354,0.6878795604101194,-0.5121314333000259,1.0,0.7174677702597462,0.4659060184208559,1.162882620820466,0.720214498855388
synthetic_cell_00427,0,2,3,2,7,0.413205773112297,0.40916930191827316,-0.0014261722037115232,0.49157038590831226,-0.45527522595043424,0.3505023818683779,1,0.7183919494862075,0.9512656873395108,0.1771950693079899,-0.48067652542713474,1.1336924595318842,-0.9371449810058364,0.7562915507464705,1.1751938808223048,-1.1029435111618877,1.0,1.443433920131744,0.9871505153883564,-1.2105326072295106,1.443685829880009
synthetic_cell_00428,0,3,1,1,7,0.13474596657902022,0.03312553253124276,0.09491011619254436,0.18168817322325034,-0.7959867746417671,-0.7270132725555143,0,-1.4002229535578214,-0.4463493764891007,-0.7176888116027943,0.17516898939039072,-0.6693938643911086,0.25884776982829477,-0.21684400886573663,-1.5793771863897639,1.4921438464345047,0.0,-0.9798807125070852,-1.0819055680235374,1.2916150171021061,-0.9813246965406006
synthetic_cell_00429,0,9,3,2,7,0.7293738928349931,0.5123649696696231,0.0812566338551882,0.2521526961521992,0.8483828978458737,-0.09137674137152152,0,-1.6435383765270284,-0.6356957084004846,-1.1150084019052067,1.1121423313347816,-1.0834231449787375,1.2963568410515383,-1.340674237729015,-1.462171306404181,1.4465642488983517,0.0,-2.0535157032529616,-1.72727046947033,-1.418896520573192,-2.0512700871438416
synthetic_cell_00430,0,4,4,2,14,0.25583245711146096,0.35137668237659664,-0.10574431172843443,1.4157390361526545,-0.6764000202642296,0.3757568189667614,0,-0.8307768718027512,-0.5985698581265995,-1.2116836803690418,-0.051838021831637104,-0.9804509315262343,0.6754314183302496,-0.9487963915973464,-1.5221676898582241,1.3931839681463127,0.0,-1.3033964416094568,-0.9621698716318469,-0.6625395757844598,-1.3037286477198142
synthetic_cell_00431,0,1,6,1,21,0.6077226210405989,0.4851160507758839,0.06775831833873064,0.12997845699001243,-0.5716770344021774,0.010299442762963323,1,-0.14744868209929474,-0.25397024079106756,0.7950214538852854,-0.43131618923581716,0.2651234986526896,-0.4608810015773913,-0.5082619738148875,1.1659894685039214,-0.9468421894936299,1.0,0.2623013795442992,0.28072199384356716,1.169424243938698,0.26661231012160314
synthetic_cell_00432,0,3,7,0,7,0.33751031682053645,0.28970107996965905,0.2730166308159473,-1.9446704524399823,-0.04897640407822745,0.1430437083528756,1,0.5664259119616905,-0.2595505534100495,0.16757138939942434,0.9781743762933333,0.027073873673798265,0.6016806980047171,-0.722789399845279,0.5951434068895513,-1.1928654805438885,1.0,-0.3345769627473713,-0.08632468705055049,-0.5543786849113166,-0.32821483000560986
synthetic_cell_00433,0,11,3,0,21,0.4355729695821061,0.3428722621654499,0.13594013282869594,-0.39363167685375405,0.2602347334675113,-1.088776257817932,1,1.413480808772262,0.6347390479748307,1.0526984083817357,0.08962887653411769,0.3733618802376118,0.1791416698394672,1.1187227201822987,0.6442530740440137,-0.8785142050307138,1.0,1.1706543906916833,1.267274179155897,0.4196001977041833,1.1718437208848898
synthetic_cell_00434,0,4,5,3,7,0.7814903375746128,0.5104596413667755,-0.06358876274472948,0.25165050341160733,1.2148326764937207,-0.7193353698355239,0,-1.0545128010289824,-1.0757625597673932,0.2635050921743711,0.6361092903836445,-1.2248801769754898,0.6409881253851408,0.49810528488490813,-1.9128525678588901,1.8579051567192328,0.0,-1.0365550588351398,-1.018166539203356,-1.1189448816359884,-1.037804278653537
synthetic_cell_00435,0,10,1,1,14,0.12547345786512873,-0.05663337126160521,0.16597998201146616,-0.3559380950144063,-0.5168834979004749,1.1460747134432632,0,-1.3248380346758695,-0.017101074799843352,-0.569463165389527,0.5751374355338156,-0.20540348012982707,0.370629447555295,0.0852533339988421,-0.8148536664431715,0.4632655310786811,0.0,-0.7016108389366527,-0.9634620148838401,2.017912093563219,-0.7040111112562859
synthetic_cell_00436,0,1,2,1,14,0.45253607612912555,0.28460162843399545,-0.006110325184558049,0.30802362020429913,-0.17360346621645883,1.909658587183179,1,1.116438009386076,0.8470914719074119,0.030424521516670855,-0.44443842259360655,0.9057297134775432,0.15564750921848913,1.1357031071055235,1.5705090930445207,-2.061495414695043,1.0,1.2184135572406283,1.068632172022474,1.0435329144817385,1.2194387606782524
synthetic_cell_00437,0,5,7,2,21,0.3943691950168977,0.4473777506792694,0.1430498348487234,-1.1272835547492919,-0.43097224590166644,-0.04411783454714215,0,0.39290196068204414,0.7356725128509849,0.4592045698748089,0.4909933604381137,-0.08925859783008283,-0.30455321030655597,0.702915944624648,0.022764980873567386,0.5015635340862077,0.0,0.5917618326284966,0.5025096080200937,-0.3894701402670676,0.5849168206770334
synthetic_cell_00438,0,4,4,1,7,0.1651743995063707,0.05398849856642224,-0.08728754885382092,-0.5645044485925823,-0.5723497411764209,-0.014180966338873696,0,-0.030332115905798374,-0.25382245818603627,-0.397279492886228,-0.16488042119121094,-0.63169214430404,-0.5050324345891202,-0.3602730223268108,-0.6690883424698854,0.8533638287341553,0.0,-0.21367043113647044,-0.14653828152833576,1.434298740872047,-0.21774753498053684
synthetic_cell_00439,0,7,4,1,7,0.4793500159275589,0.23453549412254449,-0.08703305283467402,0.8785323375580617,-0.2978126276565727,-0.18678590770117934,1,0.032872212785388155,0.8489326342108887,-0.00281042465728526,0.17900245339194726,0.048122213364623134,-0.4870416859936379,-0.5735998392110465,0.530233005929193,-0.7984965481295976,1.0,0.2546048380671856,0.339808851123212,0.7722574086746651,0.2589422181927778
synthetic_cell_00440,0,10,6,0,7,0.16644131898728046,0.13666263902491652,0.07424285185423449,0.04920542481182059,0.3670338797602467,-0.7777827643793168,0,0.4991294417733319,-0.1531814486278808,-0.8127254218976981,0.31122745255764844,0.009777471623313251,0.5915970023053766,-0.15418775855655065,-0.017143526509371995,-0.21963318201529244,0.0,-0.25100745231977345,-0.16171875815852,-0.9914274552537649,-0.2549562456301195
synthetic_cell_00441,0,3,3,0,14,0.3462054285655636,0.21764478960847503,0.10505354474507045,-0.43823863042044114,-0.06802723206764029,0.4323276219654838,1,1.1352359024703687,-0.3800946836346399,-0.25624959638674605,-0.027129235953318356,0.8835350199237293,0.08669650065868328,0.9641209110171252,0.9854312428984648,-1.416586194107309,1.0,0.746989869956785,0.33982946409739034,-0.8446953245823382,0.7496351443857948
synthetic_cell_00442,0,7,4,1,21,0.1450191052604188,0.12047519937229827,-0.10700454981316876,0.26763334572469843,-0.3543598157690329,-0.39449668873484034,1,-0.04470315072663067,-0.2647314607210455,-0.8167747183845735,0.2642291748875882,-0.8281915362546617,0.5491886864944069,-0.42806709813597166,-0.5395610379061502,0.673766695873578,1.0,-0.7536351471373339,-0.44380604326494405,1.6527050556310876,-0.7458329000641425
synthetic_cell_00443,0,1,0,0,7,0.24720297852096393,0.1709496901082566,-0.14210093184441525,0.5641847974614553,0.524629594645237,0.07340473922881019,0,-0.7038419863926968,-0.38197718606424286,-1.7724112270760104,-0.7887356581378584,-1.1827184227530942,0.34291287149027283,-0.1864293659017552,-1.0513542344950817,0.9091081858400479,0.0,-0.9602379153864433,-0.7416721744947555,-1.2953718004691424,-0.9617494028710224
synthetic_cell_00444,0,0,7,3,7,0.41955754387105704,0.20405946525824958,0.1743639821182252,-0.15102179810097993,0.9145567895565023,0.10986622139678098,0,-1.1404588324939577,-0.10124070175582711,-0.22279132345370095,0.6502900516508079,-1.139351170461433,0.5358849339659479,0.23655510211744202,-0.56070881605468,0.282787468421934,0.0,-0.9183382320864625,-0.8254104470375508,-0.748740686862795,-0.9199937099204736
synthetic_cell_00445,0,4,5,2,21,0.524834064374705,0.5800214110959773,0.006133512309709328,0.7452912073372111,0.8654595111669583,0.025221633742251726,1,2.3650526465428197,2.1552597015726804,1.7204890355994888,-1.072163637126179,1.7785942283502414,-1.1745884533326143,0.7865985773073705,2.2922928011978616,-2.3188459627173312,1.0,2.919172302239418,2.94803161620699,-0.718778800968264,2.91435276350468
synthetic_cell_00446,0,7,6,3,7,0.2840724251216909,0.14550330282092627,-0.03919099952139479,-0.6482905188578143,0.2828024730068319,0.5191437028632404,1,1.2878902187596992,0.9782800737233204,0.8124297190315679,0.9109626827414916,0.09484687882284837,-0.7446497391008737,0.11937777428354457,1.5072550760297874,-1.2491645567792578,1.0,0.941338430545111,0.9844583559676957,-0.28950638050895766,0.9433158164616856
synthetic_cell_00447,0,11,5,2,7,0.21738047261513893,0.33383824860099115,-0.009509439426646674,-0.60837022106329,-0.4334364256491777,0.19138438609058556,1,1.3918223284377707,0.24223177210452485,1.1536210169885206,0.10793731318163913,0.39903512500530436,-0.18161041156366256,-0.3193160929011391,1.3328818453710793,-1.2105812478145992,1.0,0.8246641634491464,1.1242614053032018,-0.8173703046134976,0.8270425062982256
synthetic_cell_00448,0,4,2,0,7,0.2677573487107894,-0.0031359225801875223,0.053661223343140954,0.5728287114324269,0.19047239455682397,-0.2734234844650949,0,0.05275882209079452,-0.5122063244896122,0.14262458349272186,0.5092777953583105,-1.0631258436524689,0.46289370653206385,-0.4307827959284847,0.031101900140506927,-0.1986546950237159,0.0,-0.7000402744252592,-0.27172688628943914,-0.6953382674028893,-0.7024459440680938
synthetic_cell_00449,0,11,5,0,7,0.01703652102152162,0.05016069784609385,-0.0795012913431403,0.9567822600430259,-0.3593492560875472,-0.5261119057305543,1,2.0812644139638845,1.6087359476988774,0.5544013865186911,-1.4870548089269957,0.47065635234727266,-1.1862343268172952,0.05183690474163827,1.2366040477556302,-1.2600359508369874,1.0,1.9535716781567898,2.358724120257819,-0.7548202876384111,1.9520704740805275
synthetic_cell_00450,0,5,3,1,14,0.1516485764238653,0.17408542980265573,0.009458926476601445,0.6896130351276641,0.0067360987529359595,-0.8849252572592787,1,-0.6809041216009057,-0.33847641512530113,0.7802755189614256,0.48885105361948195,-0.5140294869387338,-0.07406133575457952,0.5944025168586985,-0.3305416724677284,0.7356516649053632,1.0,-0.16347035351199687,-0.3257675264483485,1.0604920741947128,-0.15769623715874945
synthetic_cell_00451,0,9,2,0,7,0.31460789603925204,0.1854158423986915,-0.0016761015628242622,0.28430284504890285,1.1001635744167,-0.2945646264284085,0,-0.21295360490599108,-0.8353176040219934,0.03905843957731625,0.6501293795469227,-0.03489584313770173,0.6005695707934532,0.5100654900539732,0.03593692211796946,-0.19490061204779024,0.0,-0.38310332673595743,-0.6088751514463528,-1.0512124986304623,-0.3865981659918171
synthetic_cell_00452,0,5,5,2,7,0.43278223916511277,0.33290096330671315,-0.0066203422138890675,0.011008031078686677,-0.18662994813389228,-0.7660568721260332,0,-0.6593007074537085,-0.7159100961534702,0.27500725136576254,0.15210514093724142,-0.0925666559986473,0.47509722580260816,-0.15733624438631197,-0.6564810316904146,0.9744822704145585,0.0,-0.4992720007729788,-0.5166830491777662,-1.0055276944976026,-0.5023676205920734
synthetic_cell_00453,0,3,4,3,21,0.5736030343851933,0.5925813465538137,-0.13082225247039464,-0.35992598858261327,1.342503598508436,-0.6430952315512565,0,-1.0485259598865309,-0.7105840537091541,-1.4636338663642503,0.9632654313350696,-0.775687853045534,1.243915382112975,-0.8777869157529593,-1.4998766845342675,1.470191287782914,0.0,-1.7078132071729475,-1.5440667490572253,0.014860340398950119,-1.7067556149172227
synthetic_cell_00454,0,2,7,0,14,0.2285542284341095,0.10242312601686271,0.3063038572605816,-0.2744976289683314,0.17504684103100332,0.43215171740359964,1,0.9899660795534282,1.2166196631213846,0.3616818088726774,-0.7882321022743904,0.5902868566704581,-0.2325914028492285,0.11341578996032939,0.4128427993351294,-0.036700466427540046,1.0,1.1527316138800043,1.3879626401149425,-0.6393409493367339,1.153982536588778
synthetic_cell_00455,0,0,1,2,14,0.09013315929840186,0.2789605784693524,0.07724537926417008,-0.6359672802458722,0.31121918103371954,-0.34958276577541963,1,0.01770703113913158,0.4216772720713382,0.19251213172733445,0.8379305574985698,0.8306165620078303,0.1445775117367415,0.9270876253611882,0.5319589217838624,-1.1047041840740797,1.0,0.5069843671675947,-0.006563359141583145,-0.16978225205488448,0.5104544324659008
synthetic_cell_00456,0,10,2,2,7,0.38719285837874207,0.31183528048082787,-0.03002654514134893,-0.07620186221223119,0.07621569440731746,-1.384517959201772,0,-0.9685944595770691,-1.411841350829886,-0.8364171984442673,0.6306666853553102,-1.3859261803459721,0.8021031579560214,-0.7283691673194259,-2.3941416534978637,2.288228471457703,0.0,-1.7132595652582867,-1.4717434097055946,-0.2597018180981887,-1.7121832563216215
synthetic_cell_00457,0,11,6,1,21,0.5491260938967214,0.4375015672470707,0.08496842484436379,-0.09350812866578878,-0.7272553755266012,-1.2554581607070563,1,0.3063833911853687,0.36781917979338685,-0.013444385982601753,0.03411938354246834,0.909076475944024,0.635232282331242,-0.06514749134117753,0.03463851881531433,-0.21925681454026424,1.0,0.3235197965847256,0.31788543509625666,1.9956009904696193,0.3276203470214872
synthetic_cell_00458,0,6,3,1,14,0.6236633975864202,0.3227990809128107,0.11471748094732304,-0.848020600662565,1.7209646204305509,0.3601812254720254,1,-0.11540697908943959,-0.308327932292562,0.6078296220217828,0.20977077839425048,-0.051195671704025725,-0.4606150761400928,-0.36343120724952616,0.2645798382032524,0.15290691581273783,1.0,0.040736853683300385,-0.010762883794661787,-0.027240432623179846,0.04580920179381246
synthetic_cell_00459,0,5,2,2,14,0.053954908354276125,0.11062435939995505,-0.03688878486137169,-1.1664357755077661,-0.2370032147997274,-1.4376811003873717,0,-0.5090313981391783,-0.8903504577982688,-0.08389188538740273,0.29270130522194276,-0.15909222056531408,0.1308850457947816,-0.553594957711159,-0.0611712416519539,0.2148121409687422,0.0,-0.6194488638524505,-0.6839812921171364,-0.30291002552886154,-0.6221314898934162
synthetic_cell_00460,0,11,2,2,21,0.4453303552341308,0.5923206816773259,0.09704334350864983,-1.0073206121456446,1.2750713938130582,-0.41378215552001274,0,-1.3823654637184055,-1.1327983670153217,-0.947428347925833,0.882082585000243,-0.5302766148243,0.8184557970352032,-0.16461588755793322,-1.830943378099446,1.6828435783464208,0.0,-1.4236993854703088,-1.6736388315512065,0.10666409142162253,-1.42361816451965
synthetic_cell_00461,0,1,6,0,7,0.07964267601734844,0.025291944747320647,0.044841210376282935,0.16786422905758136,-0.848122120637355,-0.7296818179889978,0,-1.016957310108041,-0.6869809063035306,-1.5922874578555628,0.4286385656342476,-0.9264659795087088,0.8700826303762124,-0.872007170285282,-1.0015491386779882,0.609938505337085,0.0,-1.560313406631557,-1.3756840684269163,-0.03073842285135422,-1.5597627047899927
synthetic_cell_00462,0,2,0,3,14,0.5951665592179448,0.2521416511035224,-0.11995053723498904,1.39798354469044,0.16401271922687258,-0.9432524698499756,0,-0.30756171156774303,-0.7943129084460961,-0.3662827912944792,0.7944971911316824,0.02090338409509851,0.7984943524181267,-0.11531962478505531,-1.2962681937785603,1.7010388078672274,0.0,-0.7007985701676575,-0.8184485216574618,-0.9241770503828451,-0.703201633889389
synthetic_cell_00463,0,2,6,1,21,0.03165501095504645,0.14171061664459053,-0.006245977825948422,0.054382850669173255,0.948822003768657,-0.4794212593713461,1,1.564195652485588,-0.05674069603755305,0.42054906088371513,-1.2885014925473148,1.3148402672558577,-0.29948298179277305,0.3190072728802741,1.6026642857582432,-1.9649560685066627,1.0,1.3988442620701758,1.329679433943363,2.5457824250210233,1.3992494064001766
synthetic_cell_00464,0,1,1,3,14,0.11049580238211223,0.08316871385310129,0.12665028104890869,-0.21925033736862476,-0.6770827786119522,-0.8653606810015502,0,0.05030938550554381,-0.5576413254418613,-0.16834622722856796,0.08327155103190326,-0.08849659761799897,0.5918116519936623,-0.29939345625728814,-0.3912195203154367,0.12905033935447577,0.0,-0.3890900628997469,-0.24441816814991355,-0.21853500289152314,-0.3925643284384735
synthetic_cell_00465,0,10,0,0,14,0.16475837621702671,0.1069128482440279,-0.1859872747976189,0.026382550396222365,-0.720766944872747,0.37037697544958315,1,0.7729542893489784,1.0412892398287652,0.21360053961005165,0.09861382297426347,0.29867043887280986,0.06547246268772527,-0.20855084721173656,1.03422989902674,-1.5219359260449126,1.0,0.5954725241580924,0.8591960631047966,-0.708468942285355,0.5986384954957249
synthetic_cell_00466,0,11,2,1,7,0.22614255464769692,-0.06583506733972286,-0.0020747748588699835,-0.7167750478942649,-0.9605878705215475,-0.47060959891041465,0,-0.2881112554950068,-0.9275043643615573,-0.9401353196031456,1.4590565908851514,-0.8828900245504834,0.4785401821710213,-0.000955630076641012,-1.0774839771494036,0.5093942813889675,0.0,-1.1281577221397048,-1.282057014060173,0.7304593181049075,-1.129092144841291
synthetic_cell_00467,0,1,3,2,7,0.4100896941903425,0.38827274314355714,0.07990005589645494,-0.2085569669600358,-1.7750837124248318,-0.5788730263168042,0,-0.20119631129536852,-0.4864839170366665,0.6496329716019751,-0.4250804585460729,0.3682986971562292,-0.39451388541994153,-0.32987553687649634,0.4932474332579486,-0.3496381943744556,0.0,0.21708086652419054,0.11176086402084044,-1.3625300613048001,0.21152346438229666
synthetic_cell_00468,0,5,0,1,14,0.10801126186052465,-0.005383862418145341,-0.08252389642801213,0.8057064389356015,0.7484383393012164,1.1223584910120912,1,1.3772864082241763,1.1829759504223376,-0.1770158314094874,-1.243154205340571,1.7767112303297998,-0.24717465289001062,0.7141611854990485,2.0632498857081134,-2.08077970283271,1.0,1.7689345299994608,1.536335362930247,1.141040920403583,1.7680678406829153
synthetic_cell_00469,0,8,5,0,7,0.40410077155821406,0.3514979419214662,-0.06473914372617404,-0.11384290387035512,0.9258310108439592,0.7072926387432583,0,-0.3075457960234268,-1.0106482849342104,-0.09376057749631131,0.7294328667238129,0.4811869876950163,-0.19028161231595364,0.014068225100931406,-0.05161168957641498,0.29013031544750434,0.0,-0.2379963213222805,-0.794846520372082,-1.0807755804066406,-0.24198982803261623
synthetic_cell_00470,0,7,7,2,14,0.03116975984636793,0.2610194711833368,0.21998790114993388,0.8975211792989102,0.5320748872110057,0.9310994230186063,1,1.0949128811545275,1.8644330011262902,0.45678111263053744,-0.9923448042458735,1.0577359551032353,-0.32379657954985086,1.2199024770187605,0.8778444117784355,-1.1358469160712785,1.0,1.8581082487125038,1.8019027484799428,-0.6345667342910286,1.8569351094682653
synthetic_cell_00471,0,11,6,0,7,0.5334157189628221,0.3721265871065808,0.03926852356122118,1.2130931503023046,-1.0646628642227398,-0.25705080191531704,1,-0.06001229608750325,0.6207666897205871,0.582380415619097,0.27721542953858264,0.727746132037321,-0.27887007843083583,0.037313798451820646,0.7204746123644941,-0.3739044041598697,1.0,0.5736465971531358,0.36070214927537164,-1.2635852830506071,0.5768875743764602
synthetic_cell_00472,0,10,7,0,21,0.04157496842911983,0.24324532047005548,0.2906040949392319,0.3827923848916935,-0.08610043670121723,0.027580105313969344,0,-0.12260422170298038,-1.0447793599709267,-0.36869431344668024,-0.7956876929339424,-0.7996417190507207,0.09643363803309862,-0.30813637827073204,-0.7163415963779756,0.7271280683121545,0.0,-0.5292185295827114,-0.2817844011706558,1.1489358072891085,-0.5322112366633799
synthetic_cell_00473,0,8,7,0,14,0.10107772618290084,0.1355671924930193,0.19091863361775205,1.7390532724957302,0.5527727129414081,1.1108560393811924,1,1.2006880989751814,0.696527094198119,0.5465889785892843,-0.6530121763159737,0.07745222052094264,-0.4087134363377672,0.3453638682131892,0.9878627909086221,-1.461365478078986,1.0,1.0386177136852128,1.2873734911007109,-0.2064284874413347,1.0402607944980575
synthetic_cell_00474,0,4,7,3,21,0.2741703795229271,0.42974847467683425,0.2369524368160014,-0.927905901789904,0.28612414353114546,-0.5429079863066573,0,-0.43295143866732283,-0.8683399514710783,0.16517452666304722,1.0756091603870934,-0.10874702238275918,0.4815723067498107,-1.3541339719083623,-1.021972864462812,0.9091638310985307,0.0,-0.9725401337032378,-0.8311571709872351,0.060579326720253054,-0.9740093440015779
synthetic_cell_00475,0,8,4,0,7,0.3018923976764984,0.11946734882796314,-0.09001684055996079,-0.17172290328456097,-0.558406905305071,0.05675142496245758,0,-0.5889007626497295,-0.1585678421401512,-0.30804068902303045,0.5049432913690834,-0.04069045391959042,0.2828796534145121,0.720719164227178,-0.6678362226179646,0.31143991504653434,0.0,-0.2204473757892945,-0.5705356799632078,0.06865913910496334,-0.2245011903253808
synthetic_cell_00476,0,8,6,1,21,0.028906877323689475,0.21069384619137577,-0.025176136206781323,2.1391219074003995,-0.28804873663251357,1.2056275356949033,1,0.09021984841158759,0.8711816618892659,0.34501982723639757,-0.23598504264986114,0.8378154904804572,-0.06405353532609104,0.6575288249658058,1.2097795396755906,-1.574472140400815,1.0,0.8627478248569497,0.633298296045928,2.010928576797902,0.8649952913059735
synthetic_cell_00477,0,1,1,1,14,0.1451794914579687,0.14239462250581003,0.16846994450798602,-0.6473345599740287,-0.23527983020825477,1.0049050582312882,1,-0.030177108613839626,0.3012329508272553,0.08922474739249364,0.07943810074237143,0.21075320688082363,-0.05625232825203462,0.022658046304625572,0.2390036518593093,-0.6691390565290095,1.0,0.21377244863590578,0.1526982742789862,0.859891525144039,0.2182501513023693
synthetic_cell_00478,0,10,2,0,14,0.33752321473737895,0.22498958714427614,-0.010460212494113875,0.3313758688682231,0.4016996670082824,-0.8355792568371356,0,-0.4856618545071332,-0.17601025380935206,-0.3495346358866665,0.3639919364746574,0.07644666019683055,-0.7259717807146101,-0.048036077364945584,-0.21527644198544998,0.3235326540071965,0.0,-0.05242128203474714,-0.49428457880178456,-0.7338564736226854,-0.05705252661440211
synthetic_cell_00479,0,8,6,2,14,0.485726555075859,0.5521277727678698,-0.011447363711532049,-0.12725762953886247,0.07172940030328151,-0.09005968672772843,0,0.18707609347917115,-0.3682514495901835,0.22440057872067767,-0.18989462427416576,0.022875629465094416,0.6095671199815689,0.38943686216787726,-0.39107847340623036,-0.14666768071693,0.0,0.029818154605273414,0.11904307129894078,-0.849971089536624,0.024904290103789636
synthetic_cell_00480,0,4,1,1,21,0.627297405155257,0.6232012156416693,0.04463676493721447,0.22549676389355996,-0.4485416259173002,-1.5077220106176548,0,-1.6353945649432264,-2.0555534751437645,-2.359298201017612,1.5943145316606335,-1.2929754552129633,0.8177163033306245,-1.2790893410372328,-2.68554135829754,2.707771915968223,0.0,-2.658563569394261,-2.874152990051309,1.832292842634543,-2.6542386761449044
synthetic_cell_00481,0,10,0,2,7,0.20983114836400446,0.27055104646177275,-0.24521748433143264,-1.2971090954527353,0.9632799952294542,-0.11363939237269181,0,0.14939367667369563,-0.9372046401026143,0.42261203935197034,0.36807043210584134,-0.4322791296603272,1.0222896981514964,-0.4815021180712269,-0.943322818084469,0.7227156552899899,0.0,-0.6707794787244026,-0.2592510417157904,-0.7284636357533204,-0.6732857045496661
synthetic_cell_00482,0,11,1,1,7,0.26783223512278537,0.07096254606189234,0.012771283978705153,-1.074271132514947,-1.476506129752533,-0.4136832211544407,0,-0.41446825569165935,-0.1978315552329299,-1.4413010739597654,1.1261067721288294,-0.9632271888011013,-0.529845684459097,-0.19703926104357533,-1.4917437032319496,1.2515284392184822,0.0,-0.8068881407927627,-1.0915192620791874,1.69146605890326,-0.8089266224188244
synthetic_cell_00483,0,0,0,3,14,0.09606339225601467,-0.05077715651830476,-0.1327374059134942,0.5657853552554215,0.652894176584343,-0.1991407084697651,0,-0.9610572897795949,-2.0087793009738775,-1.7869891070386559,0.9550524182626605,-0.6318462664800588,2.1243352322252895,-0.6518123242777272,-2.089112271722042,2.179002719744028,0.0,-2.2179178765554597,-2.133753424990014,-0.4963282338375595,-2.2151072841859767
synthetic_cell_00484,0,5,3,3,14,0.36097755597897324,0.19760488818606872,0.02384934427074918,-0.29034585948763303,0.8911322804278632,-0.04033389650664032,0,-0.8475455204490434,-0.9135083679273852,-0.32066208881873404,1.241275835334954,-1.3239985378577335,0.7260960553646205,-0.5279655229695575,-1.0918257856443672,0.9970162262324793,0.0,-1.472212927682799,-1.257568458237523,-0.9709806801888908,-1.471964987527001
synthetic_cell_00485,0,1,0,2,14,0.24924080221520986,0.20044626417195333,-0.15074783608433812,-0.20395659234223992,0.4698291028998125,-0.30021843010808097,0,-0.19749294695074543,-1.7247582296353838,-1.0746856448177362,0.40933443562857674,-1.2885658438722047,0.3102601390298719,-0.184055391263934,-1.2573870615461629,1.1482924342388772,0.0,-1.2650168447362302,-1.242538539809077,-0.35779527267519545,-1.265480944243616
synthetic_cell_00486,0,8,0,1,14,0.3550020985908803,0.21747278771868775,-0.15859268793024064,-0.30723406207558607,-0.07677641235813072,0.35123863700447755,1,-0.2080390826909665,0.008498863107242127,-0.18754091840511042,-0.7596875151667108,0.22503469395540107,-0.7931547888852166,-0.7106746752247346,-0.21925699209692304,-0.08087442557555781,1.0,0.21259917489211422,0.1532631400107897,1.1218436943308419,0.21708090957226
synthetic_cell_00487,0,3,2,1,14,0.3290102548015616,0.17057920162898593,0.10357631763649945,0.21400994654989702,-0.50093473223124,-0.12846500917821585,1,0.2702987423303844,0.968885078822558,0.6151112398552758,-0.1336753612241291,0.21482565243269208,0.0034676570845904586,-0.5187518794446628,-0.20013734428742685,0.1766144300352605,1.0,0.4608542666183307,0.8088362249498393,0.5962024202241373,0.46448286030573865
synthetic_cell_00488,0,10,6,3,21,0.2431543506329845,0.304382032152219,-0.10312216557034995,0.668600724749423,1.177812814662802,-0.34506751493946525,1,-0.05678219090240777,0.1287779960093743,0.22775947912460673,0.4600514516440064,0.07100496894853753,-0.5611263420444691,0.4399769475905438,0.2986422940918198,-0.5166748366938435,1.0,0.32080336980431373,-0.01704113940642645,-0.2252569317259288,0.32491325537705995
synthetic_cell_00489,0,6,6,3,14,0.7588167719090169,0.4148793427083412,0.0037671617682557305,0.47395698479301257,0.3495485240982149,-0.05129706540470719,1,-0.12183241738217321,0.9837548332855075,1.1436888903721352,-0.7495098039950717,-0.15360716867165058,-0.08659319527950343,0.23723703169751229,0.5960172131743183,-0.07380472704520813,1.0,0.6641874044725362,1.0200802601701897,-1.370408645019367,0.6671172337000525
synthetic_cell_00490,0,8,0,2,14,0.2039708494125964,0.5062696478449293,-0.17484135972498824,-0.6568779957255196,-1.310728701960539,0.6754622264049412,0,-0.9436128894885178,-0.7944865375466956,-0.6110122329612871,0.9263725228801307,-0.2037841879384199,0.0006808041630984585,-0.443745006420889,-1.2508651208221808,0.5268042659196802,0.0,-0.8908210041293615,-1.238722717344756,-0.9659250671926559,-0.8925710462883718
synthetic_cell_00491,0,2,2,2,14,0.2913681696184339,0.3655589282066869,0.10299986642850303,1.3920605605995486,0.06901379099372879,-0.012064217247094278,0,-0.9898492422510945,-1.1728243290301115,-0.6003286739511197,1.3873803425487956,-0.7645362766285134,-0.9107464090672441,-0.9665758499388909,-1.0447371446777578,0.9054066988201376,0.0,-1.138708553110645,-1.5709034115117653,-0.5039619988350938,-1.139606717355874
synthetic_cell_00492,0,11,3,0,21,0.10825036367175184,0.27104820245837186,0.047061920528079684,1.8680301687347003,1.1027613347565124,0.23465944244121545,1,1.191774630640159,1.025072944286615,0.8706824570349179,0.08359654078054296,0.30001427207866893,-0.3608814225116081,-0.6101654679273132,1.0514621546339153,-0.9785176750625989,1.0,0.8614072866885203,1.266009364014271,0.09804606678921042,0.8636593599637561
synthetic_cell_00493,0,8,0,2,21,0.44491846817246833,0.6036570177361504,-0.19385434300292528,-0.0641317116307577,0.18846777015031646,-0.46737524071554404,1,0.3486773547019989,0.19713159270076547,0.3166748858315641,-0.25655847823534267,0.48799942700940047,-0.29982520257758966,0.17609501306711364,0.21041875667087534,-0.2103644486068123,1.0,0.5986086184888604,0.47694060833130203,0.5582254013408338,0.6017638124820603
synthetic_cell_00494,0,4,7,2,21,0.34730699228780804,0.5907921950188882,0.23167897723892497,0.9577451850921835,0.30117976755084885,-0.045013404827589254,1,0.9459529388576288,-0.1519484500897208,1.1917785802774805,0.03498379658603151,0.9676870357319763,-1.0291716313796797,-0.2864925545085024,0.8686352546224035,-0.4213970472269807,1.0,1.0372700821434964,0.7954652868536907,0.4402031619700791,1.038917794159284
synthetic_cell_00495,0,3,1,2,14,0.266928477052088,0.42848029595908155,0.13263497576779604,-0.03326455217387553,1.831029815518229,-0.039073995604701525,0,0.09339725311260226,-0.6787732253437664,-0.15751701634422866,0.7704436642202933,-0.40615395482586014,-0.13532204927900257,-0.9203239472501742,-0.31922395242233415,-0.237758105213237,0.0,-0.5861436378257311,-0.5093996158527179,-0.741687881404484,-0.5889407189354658
synthetic_cell_00496,0,5,3,3,14,0.2016920105625565,0.2018771955634669,0.04699424949879602,0.37038238716923993,1.587952213906849,0.4054510101898747,0,-0.10353184115802724,-0.14873952268383012,-0.011520501259361743,0.08019479455761158,-0.3050067159441021,0.4797974946940626,0.03557721465907823,-0.39276284626247754,0.6527868233549537,0.0,-0.25139248545060017,-0.09725416504838125,-1.0033595038853644,-0.25533995557540673
synthetic_cell_00497,0,7,2,3,14,0.47582239171873414,0.1612337011356808,-0.051786320313982254,-1.1401029886309313,0.4502467958761476,0.24270833994052032,0,-0.6741892298970074,0.0379731424051325,-1.1654190482388418,0.7578828744661933,0.15389896852992835,0.5332110073075689,-0.4806662615273621,-0.8046626758275222,0.8130719437438323,0.0,-0.7189571550854538,-0.8977815563995208,-1.1305802767590194,-0.7212978159253118
synthetic_cell_00498,0,11,1,0,7,0.45449471486191884,0.3823407387529308,0.17749158583637925,-0.20917973409629778,-0.05089344599883666,-0.33739479252429183,0,-0.11846232784735389,-0.7333349102699969,-0.7596189741139854,0.8895101876278926,-0.571835920791967,0.1696445676711416,0.8632164068356514,-0.9185737075825808,1.3952903221090571,0.0,-0.48589475956351486,-0.867451359700835,-1.160113364735551,-0.4890363509385852
synthetic_cell_00499,0,1,7,1,14,0.32763035619080816,0.24846033682365087,0.16833212008097923,0.8206643035235858,1.099835697943714,-0.7673217688176784,1,0.3250290891074079,0.22264281221987525,0.04812631144539517,-0.10987641623806947,-0.37324386541142823,0.4722999215749335,-0.017477018855422494,0.1911744747411459,0.565375865859442,1.0,-0.016379915041370697,0.3377247111611318,0.8678075935750583,-0.011111282309129769
synthetic_cell_00500,0,1,4,1,7,0.13778506103604804,0.14887382803302815,-0.06694643497637373,1.0141916679398828,0.9473643670777894,-0.2122953619392928,1,-0.43372500389059954,0.23597368443433991,-0.14283470718783042,0.0196638903160673,-0.6628913002285242,-0.11439901704942579,-0.09243157234533657,-0.5283721636289218,0.39190296299007227,1.0,-0.24366033288894548,-0.11552647623502786,1.5713968845581663,-0.23761063967587384
synthetic_cell_00501,0,4,0,2,14,0.25020246663056056,0.3111875392074438,-0.1932931160995252,-0.48142654440702703,-0.48095182608772147,0.1145861584766591,0,-0.02993294334942348,-0.9362601434104684,-0.1295630688307072,-0.2824873840099922,-0.36143532130003037,0.4923120056929469,-0.9180963544740334,-0.5549247618636682,0.5482809901408626,0.0,-0.6496393719118847,-0.2954637274909428,-0.7915624777921344,-0.6522182467675757
synthetic_cell_00502,0,8,0,0,7,0.5705523175613147,0.3348723901256918,-0.14273285328636331,-1.6506515386168357,-0.5295917218843027,-0.6822580801671052,0,-0.7838216845481348,-0.28576431130249924,-0.4101445192127214,-0.20264100454021583,0.23962558719329563,1.1885806324606043,-0.1405357621818938,-0.8022110470737853,1.01165987786793,0.0,-0.5822299191659137,-0.4994332508969302,-1.087382225263976,-0.5850404499648352
synthetic_cell_00503,0,7,5,1,14,0.13342856124267907,0.03743574615284417,-0.04571934187642941,0.10950725955732596,0.5328525430657051,-0.8249924256532524,1,-1.0595648333499457,-0.8456629093477102,-0.13329221302186312,0.16078683734966387,0.3486431274908538,0.23922190636666504,-0.8459481643790803,-0.48022308855160434,0.17655009049712012,1.0,-0.699772392599305,-0.8908994373193452,1.6338661700221988,-0.6921552475659495
synthetic_cell_00504,0,6,7,2,7,0.3973463629195118,0.4693239543725377,0.2103576842607034,0.5610235001215164,0.5622584179616787,-0.197839261494765,0,-0.048676669456508476,-0.43757172265161404,0.37560739553738004,-0.2832418848876937,-0.39301882294591184,0.24080502674154344,0.17636782922057664,-0.2053533677934316,0.11434468385818745,0.0,-0.09329850231281983,0.06352112036256291,-0.862376281209231,-0.09778927028816468
synthetic_cell_00505,0,7,3,3,14,0.3576495047470204,0.2722260476703057,0.15748114270907376,-0.7718975420614944,-0.06146852890277241,0.27967435491172477,0,-0.6096947318927572,-0.3394175890038475,-1.0321214540540538,-0.18368652724324164,-0.222232749208142,1.207825832461142,0.0943505680910049,-0.21334490368225237,0.1594030711239492,0.0,-0.7588316255879928,-0.6500325072937025,-0.7912176402557921,-0.7610352558231093
synthetic_cell_00506,0,3,1,1,14,0.24066353620716865,0.099975087779111,0.07114257985740025,0.4665114097827373,-0.1668027138705151,-0.36606964305162093,1,-0.15994169559257249,-0.7284155925824072,-0.8499413101600753,-0.03697409449566855,-0.23949569926118552,-0.01695866532613304,-0.3377296387415238,0.45072696749075636,-0.1984444663438441,1.0,-0.4906276501829345,-0.5915624258677555,1.4917452602670542,-0.48372924147812846
synthetic_cell_00507,0,6,2,3,14,0.2537737203447837,0.16883576757225097,0.02962759397869834,1.1549847853941646,0.4240604738337185,1.1116979318499018,1,1.4055805913565687,1.1167869335732135,0.6943162774751321,-0.895148212998037,1.6640822286399424,-0.35398075913290816,0.700718253446545,1.553636255216983,-1.772077630557495,1.0,1.8542151975470276,1.685506089840021,-0.593324050064464,1.8530554369671015
synthetic_cell_00508,0,5,4,2,14,0.6408303814332597,0.4522046125070391,-0.12525739744344733,-0.19920654738275045,0.3754035393345676,0.6725608791255916,0,-0.9064497663174664,-1.2985216192655464,-0.9573540369221611,2.1149393826855034,0.710568290369308,-0.18998781407317777,-1.2505807774371835,-0.9177291607555025,0.48990887713699227,0.0,-1.1569840418404203,-1.9530871988233633,-1.7118238532448562,-1.157819401458001
synthetic_cell_00509,0,5,1,0,14,0.36075177976461176,0.23283636600088164,0.10429086336817492,-0.8892239208132928,-0.41254979410131143,-0.8858651681688684,0,0.4534678645700081,-0.587191305371698,0.7108556599663914,-0.16900691621913938,-0.8647543234405491,0.5660334828737559,0.21170369310123496,-0.05065465446475275,-0.06821665127428828,0.0,-0.17079684493979597,0.3047543782366561,-1.1270427334688864,-0.17502128599912642
synthetic_cell_00510,0,2,2,0,21,0.32662795353552176,0.3817280810745802,0.04035073810808294,0.3312446291241445,-0.03717844479341814,-0.8337175498612852,1,0.8136324559225351,0.15724018637459491,1.6512763269752597,0.05258854405104521,0.14283509950859957,-0.548180239956974,-0.3544413059696897,0.7678010871507965,-0.8889420504414356,1.0,0.7507298466064352,1.003564459371918,-0.009469449809644318,0.7533622684193334
synthetic_cell_00511,0,2,7,1,7,0.2016445469244524,0.09783820766741035,0.24192477646962213,-1.832189401380928,-0.050158790313316354,-0.8888504617614793,1,-0.30371030172115526,-0.5625405851392105,0.08938386957395292,-0.6408301579549815,-0.020210516886247348,-0.036693329115300884,0.15343277496235258,0.17246837969835943,-0.6648202724922723,1.0,-0.0003056610981614726,-0.07418923847990652,1.061686629651605,0.004907731659457895
synthetic_cell_00512,0,3,4,3,14,0.30334725299508847,0.10654432054083503,-0.10296531591240238,0.6226372274184541,-0.015875289322854008,-0.1021841676435534,1,1.1236162120409299,0.8275821380096398,1.0676311135221654,-0.4108264660873922,1.6891333562374435,0.04919173093366075,0.5572760325615147,1.2376554039141276,-1.0495146474109995,1.0,1.5384344519476216,1.3905395649527872,-1.1093619764602376,1.5383598876346278
synthetic_cell_00513,0,0,5,1,21,0.259336313584819,0.3694333011800125,-0.09511394156921921,0.08976255272671804,0.08463369437103531,-0.03956350377503508,1,-0.011909949501804018,-0.19117362722667483,0.3217245386356974,-0.0824467794926079,0.5282082665647705,0.26775072576957953,0.5411550014683862,0.03539187537407464,0.1719748304631107,1.0,0.3084108576658464,0.09320823270166395,2.9223191622918354,0.31256333072404885
synthetic_cell_00514,0,11,4,3,14,0.28299082035886325,0.27477641340329245,-0.19012737780789124,0.4331638035888653,0.20836759712350256,0.44050556891485376,0,-0.5517435033250553,-1.154791868653037,-1.1715234143441096,0.9598318300675983,-0.9306566241798373,1.150449560665212,-0.3244249705803147,-1.4347396020173953,0.8105712578930677,0.0,-1.5009869951612267,-1.3981418496206524,-0.6381999712901717,-1.5006401714887887
synthetic_cell_00515,0,7,6,2,21,0.3475843971992286,0.4672608806221928,-0.031245902067119503,1.078060845133634,-1.0637466300656215,-0.2962571431903809,0,-0.15556851886202128,-0.5033218102790381,0.09048378611681154,0.5374885832136381,-0.3941039167018643,0.7237359845328633,0.3127468829676572,-0.15869109549447746,0.7121623777260022,0.0,-0.44818024282312796,-0.3913947978253327,-0.19766979293836834,-0.45145144201421045
synthetic_cell_00516,0,6,7,3,7,0.5821250872344811,0.3391202636099965,0.14592034658341912,-0.061238271253438836,-0.8957763541183088,-0.14373041340889844,0,-0.12746678032582745,-0.46880301871442553,-0.7235715679308042,0.801338484308161,0.10270905883348586,0.36036620447911644,-0.8426643073545081,-0.800388164661851,0.70327900365238,0.0,-0.6701555133479657,-0.7216606143148524,-1.1177522095158066,-0.6726638834613362
synthetic_cell_00517,0,1,3,1,21,0.2489615086093102,0.4310408345799105,0.09907148729466214,-0.17643168232681766,-0.19413991796863794,-0.34744196653034665,0,-1.476450783281293,-0.9793409922982588,-0.2829557224654461,1.306668826338395,-0.8691667460841134,1.0727616471674422,-0.5114374819782289,-1.3008546565237558,1.6618286987387905,0.0,-1.628611553549683,-1.5859763164554614,2.1821474373328673,-1.627826141723084
synthetic_cell_00518,0,6,3,0,14,0.5028267326670692,0.30711939145341016,0.08020375857067666,1.2250179948155682,-0.6955579025932213,-0.44747919913240647,0,0.7846952993745842,0.6326684935113911,0.5263436351502768,0.1312081440369008,-0.05964557121118077,0.22190044346848178,-0.19046905746148513,-0.16145143767083886,0.05645695534204189,0.0,0.39632241317800165,0.789195825966297,-1.2857436220043592,0.39014903852980864
synthetic_cell_00519,0,3,4,0,21,0.38478878243674575,0.2671275883369905,-0.06510496755716438,0.5409030164586319,-0.16474310789140148,-1.6031891224682056,0,-1.259211477712265,-1.8676113109861288,-0.9136072167017617,1.428929906294344,-1.1079313256895842,1.6273750988251903,-1.0966434945878916,-2.27957770553599,1.751801711141472,0.0,-2.3134627879675267,-2.0946077368535283,0.21480518169689447,-2.3103238507491777
synthetic_cell_00520,0,2,3,0,14,0.2683553505058246,0.10037661989079932,0.11157296720093322,0.08103400860513765,-0.6930371347274145,-0.25503969399153736,1,-0.09523040693915072,-0.5566720611127366,-0.034304212175290075,-0.21338330633917124,-0.17076608053838924,-0.6844907470145593,-0.5260661759495743,0.2668104720380104,-0.7317721869220177,1.0,-0.0783443100921307,-0.16442254447923108,-1.0690409504392173,-0.07286273362874446
synthetic_cell_00521,0,1,7,1,7,0.5330123492952324,0.2099038663494609,0.17120773583593257,0.7596302106140442,-0.44336629676063055,1.251452895675785,1,0.8151998714151263,-0.39821178155109493,0.09347319184272329,0.4036824831833567,-0.1401760653797527,-0.9019410946101888,0.6666222618586384,0.39128399920616713,-0.06736317052402034,1.0,0.5137569920651199,0.1483454880966788,1.1544811428090331,0.5172037829005003
synthetic_cell_00522,0,11,7,3,14,0.11716568773224595,0.14995879057675507,0.2079283531800918,-0.7121657705484419,0.9995865582052128,0.4589297061359423,0,0.07686861662392952,-0.1847426087591898,0.3494925937917873,1.0654300387549016,0.06994680351527233,0.20620640225429332,0.07754787798440393,-0.2969722516368781,0.40555898212785835,0.0,-0.11450153677316442,-0.25364194465021234,-0.3365357964635515,-0.1189194394640844
synthetic_cell_00523,0,10,1,3,7,0.591284152636687,0.4999140193092396,0.16138238635315563,-0.14120566130540613,-0.19379762054836697,0.1994101428409474,1,1.2484036938659655,1.7672468683657274,1.823865363405037,-0.6185582750435877,1.2233148640456843,-0.918196171464144,1.183797118937847,2.581413293703228,-1.7806866127030954,1.0,2.280776055216397,2.149122271955552,-1.6447910220058168,2.2781503969944747
synthetic_cell_00524,0,5,3,1,7,0.03307242019635166,-0.06821954761630586,0.1353892246352405,0.17862090168606112,0.08763481362582315,-0.13423730851953491,1,-0.8323005152508985,0.18082736201274557,-0.2875452339889503,0.9435637502893104,-0.6238798029775292,0.3450696211988055,-0.4906492427404677,0.059992998908834666,-0.35818694476522617,1.0,-0.790062516461904,-0.6913131986723923,1.565648416088595,-0.7821350849189307
synthetic_cell_00525,0,7,6,2,7,0.4485513948764375,0.36122868218120263,0.0611309956372509,0.652990397230387,0.993644564720996,0.42694439286725705,0,0.580680349875219,-0.7859843578137846,0.4159496129531203,0.8354694199630062,0.8118311906540061,-0.8247696933102742,0.9761578761273884,0.20568638370145212,-0.45096856878879915,0.0,0.6845147112838265,-0.16300136297341697,-0.5094897731227078,0.6773509494431865
synthetic_cell_00526,0,11,4,1,7,0.3787945114282261,0.17440359310929557,-0.026039432311831135,-1.48343608212697,-1.3243122926658712,1.0998972528109385,1,0.14597509686325028,0.2338653792491328,0.3996428504773983,-0.2680458059893881,1.0711250192790285,-0.1740317267969407,-0.19342681252792493,0.9395039557741106,-1.1158430563395279,1.0,0.6213792516636707,0.42907248369905193,1.3430251173438013,0.6244561932413535
synthetic_cell_00527,0,5,2,2,14,0.31127136634101826,0.43885833840963534,0.030719149012009457,0.46686887368307917,-0.15352159471100196,1.2116590791550679,0,-0.5700318583658676,-1.2757253302363556,-0.3998159858757472,-0.06182335361567254,-0.3351742450280605,0.20143668108040785,0.22588455740534952,-0.9533719460694396,0.7125069768306411,0.0,-0.6091871646252501,-0.848438425723123,-0.3048693619221841,-0.6119050555069286
synthetic_cell_00528,0,8,1,2,7,0.2292088559446572,0.4871330734454824,0.19046982955708378,-0.5233819899947466,-0.17817545061406725,-0.2993226483312302,1,0.46275652028103176,1.2703936479669085,-0.2652904116910252,-0.36604141578311744,0.5330951446177397,0.33748239151103837,-0.07895936953228183,0.7347778498839312,-0.47063990168591213,1.0,0.5871212455759127,0.8142937950475897,-0.8734432529515359,0.5903159164985193
synthetic_cell_00529,0,5,0,0,7,0.2520998672021129,0.09959839105392526,-0.2781236272358426,0.6463444726958326,0.4199073420796304,-0.6211301243782754,0,0.07622582943695017,0.3920023109061561,-0.325209795108548,0.002724204453200176,-0.14260878040987543,0.1033607595007821,0.442969029683264,-0.012244583983007267,-0.2736930369440621,0.0,0.15349675795575157,0.13042007649345574,-0.2227101142437353,0.14815786577121337
synthetic_cell_00530,0,4,3,0,7,0.40036536227890773,0.21964569525853345,-0.007994485821810421,0.1924114997427725,1.697592978370452,-0.477864421993796,0,-0.4382659241453768,-0.31705973342787663,-0.6504089564210637,0.8294782954547324,-0.6376561378256421,0.18194178643079914,-0.14269179288129943,-0.6106944393652954,0.2722949029512253,0.0,-0.7205031317382228,-0.7898292215510848,-1.3570599608117089,-0.7228384797522809
synthetic_cell_00531,0,0,3,2,21,0.4700997291845235,0.6909632740519949,0.056760665021269904,0.8245313104058757,0.5054699670396355,-1.6254883123290784,0,0.48363166912366906,-0.09143100415688765,-0.022280671034872523,0.21056768450020777,-0.6581681408454093,-0.13807794111433908,-0.7889566188198074,-0.034671780001194204,0.4405033780391787,0.0,-0.2371296272168185,0.1489955990400361,0.15698038507956213,-0.24112611236463316
synthetic_cell_00532,0,2,1,1,14,0.36237704224462536,0.22291955671444183,0.02513438094455689,0.3723971289809931,-0.8713361855376817,-0.6701651933362702,1,0.9214279014057885,-0.3999733567318211,0.22348387904248374,-0.7489932731745126,1.6682268364391868,-1.3708300347534024,-0.0628742495292216,0.9782057348197565,-0.5801111971974902,1.0,1.2981556365373546,0.640500615988815,1.1491856975041788,1.298906802346098
synthetic_cell_00533,0,10,2,2,21,0.0457905682876609,0.31399241295211144,0.041383603855966816,-0.1752027350735076,0.21360840673246606,-0.21403333221924947,1,-0.18181495631277034,0.16678633344934413,0.6051852890344884,-0.8198515441849497,0.16409044308339044,-0.8913093789392784,0.5980341353818239,0.8875778320512552,-0.9924557306662,1.0,0.7633500247039317,0.5091742885828408,0.9186614829732541,0.7659390766459613
synthetic_cell_00534,0,9,7,1,7,0.26603748984192777,0.08928778290801179,0.23826641539320587,-0.5591022290761206,0.11128553801445873,-0.9666882033942455,0,-0.4421413972255278,-0.04115712442034347,-0.8125065400687881,0.9220177920216484,-1.4737188289876828,0.4133295993106659,-0.32147421082822286,-1.177701324058263,1.2447712802840736,0.0,-1.0725532882518762,-0.7645670328537848,1.7413887476030347,-1.073678798361168
synthetic_cell_00535,0,4,4,0,7,0.4950508383734893,0.41931752833604297,-0.02948768586345855,-0.43766361010503163,0.28376054242497883,-0.5686505395673878,0,-0.05960217228746008,0.18091141003334194,-0.49694997659422274,0.8160169257506973,-0.030645222920919542,-0.24975569387485724,0.22309126481791391,-0.26123888751553914,0.7605689483265907,0.0,-0.04509329606370566,-0.3573999462392897,-0.7567617204484365,-0.04974972363228799
synthetic_cell_00536,0,1,3,3,21,0.5929202848959386,0.5033425889005513,0.13198419425096836,-0.7015301774075141,1.3734363952177875,0.3275487632054074,1,0.6631315872351483,0.6282798208800716,0.3728538718439848,-0.1724040772786127,0.244269255913856,0.6416278520736745,0.8514922434649863,0.6131323948165986,-0.7376856447702294,1.0,0.6281761135215882,0.7867779908402351,0.4167466741523174,0.6312296973448231
synthetic_cell_00537,0,11,5,2,7,0.17246782323180507,0.29794533909985677,-0.009662685252479014,0.1700798116592978,1.0113516282296273,0.385763463330528,1,0.38247664810792814,0.10376637483700613,-0.06936433657444085,0.321433901376172,0.811067267010478,-0.5548924522268921,-0.5747827689974192,0.4175395497074002,-0.06779258350887349,1.0,0.38717850355667993,0.12754156578903855,-0.2138970694093849,0.39106028767495504
synthetic_cell_00538,0,10,0,3,14,0.1318933684505573,0.03538241620645172,-0.17188631253901285,-0.12344061909603576,1.2601534907027714,1.153621718519088,0,-0.9076667968455583,-0.10628245592131658,-0.5112829392749036,0.43749108325119035,-0.0338978708282023,-0.29994820022028407,-0.1079405284339989,-0.257496424788606,0.2213972917929486,0.0,-0.3724875543590001,-0.7396651036259456,-1.0803077792072544,-0.37601887524559446
synthetic_cell_00539,0,1,5,3,7,0.18603007856765646,0.14050402655620198,0.01970207155381807,-1.0955378425131823,-1.2781805890774836,0.38277623506362685,1,0.83591762602899,0.6347047562460357,1.052304042182157,-0.36903436997076416,0.5126693385023717,-0.5234946398232381,0.10206994481589932,1.0126023302263076,-0.8867300464119067,1.0,1.067504134042699,1.1594003311668704,-0.8569345167198356,1.0690479452326367
synthetic_cell_00540,0,6,0,0,7,0.05362330108705667,0.08292442493331376,-0.13200423310015583,-0.5476766307257643,-0.516841343579958,0.42501463814436946,1,1.631127915888901,0.9602528136362438,0.9290228591585522,-1.7796231331606913,0.5540351400962984,0.7594823800752103,0.028372337617548052,0.6218745836903655,-0.8795940220545186,1.0,1.2576961413026155,2.1107720443124287,0.03356746724726576,1.2585863481827433
synthetic_cell_00541,0,7,3,2,7,0.31593519502833894,0.3795798395724599,0.07438978866720165,0.4269323319943963,-0.22126630997102875,0.056301445245972914,0,-0.9186320932444895,-0.7235691351650845,-0.4336080581921784,0.1161151425828989,-0.6727742090261465,0.7240544495252317,-0.232929484961641,-1.0216401080071997,1.2058450092202544,0.0,-0.9784579077517396,-0.8584028897635512,-0.6136932924484839,-0.9799067813246919
synthetic_cell_00542,0,1,5,2,14,0.21137868723213005,0.307596585094314,-0.009667636658904702,0.013080676107185274,-0.4587653733741253,0.3451944666754594,1,0.3816205072989447,0.2643604793972929,0.21999702621340103,-1.0657551636947744,0.5550450297624892,0.018028755850458364,0.46731136144508517,0.4586453579769902,-0.5202230704592233,1.0,0.7621549881778993,0.7697054320869726,-0.9079654151716279,0.7647481469224967
synthetic_cell_00543,0,5,6,2,21,0.26752227175097126,0.5916993669627474,0.028141375107102906,1.0209756097410225,1.2765834769524367,-0.14083973494231203,0,-0.7956937344273499,-0.4466936303821376,-1.0409917609618975,-0.4810883961064343,-0.32750400411119496,0.17492189712390493,0.24571390731392362,-1.3665947375437963,1.1774295964303692,0.0,-0.4944991732705512,-0.6791028048155072,0.7282133883440423,-0.4976111951491778
synthetic_cell_00544,0,9,2,3,21,0.27350808234588714,0.304262233797194,0.052633160925277506,-0.2740368012439189,-0.4654883815137362,-0.22128990915779573,1,0.2562104503843564,1.0599668461546021,0.6617001619877002,-0.6591628932500346,1.119832909173737,-0.7412231019150999,0.43341141971960556,0.9230324007524736,-0.9162147151566844,1.0,1.3199143400836078,1.0374656738476518,0.4708541857081826,1.3205907310234246
synthetic_cell_00545,0,4,2,0,7,0.4028709719023686,0.2500322883159707,0.020679047237501975,0.04575992217553533,1.7224152630396734,0.026951746510759628,0,0.5680437224108343,-0.632403393410309,0.00015502086449131758,-0.3105704609836789,0.20992345280377736,0.2575831697988886,0.37285230502942096,-0.610025580713736,0.8662694057430582,0.0,0.20686824466509574,0.15696535421662774,0.46498839709312656,0.20134593870709375
synthetic_cell_00546,0,0,7,3,14,0.15603742415038385,0.015921722070137964,0.18911583295514856,0.16803793835720815,-0.26236131370911187,-0.2430548650345956,0,-0.5879466343455737,-0.9766815788618266,0.4516215341162442,0.029315595449898812,-1.4207260859280282,-0.06756543277416632,-0.24778288654605635,-0.3528708907516038,0.43075384290740243,0.0,-0.7784269275286144,-0.4892883665222204,-0.2515586914138712,-0.7805632175322199
synthetic_cell_00547,0,5,1,1,21,0.3667409626511632,0.3289320232181633,0.22444078423606745,0.1315840733843989,0.4206462847531541,0.7712127053007141,1,1.3710240108571279,0.4780038688333994,0.3658538645034186,0.6480995180730559,0.14129806249247978,1.3460716414548735,-0.0024356388323374667,0.5173125084611806,-0.3203424912249481,1.0,0.20070991363383986,0.7655234257241738,2.075068725763254,0.2052325063527162
synthetic_cell_00548,0,3,5,2,14,0.3576226864627741,0.2893893831317348,-0.14464291445482336,0.2393240358788976,0.23973814142631197,-0.18097934277948138,1,1.2446647137520555,1.2572059576725234,0.5550486088549182,-0.427818715264913,-0.5605927259708222,0.3090318032919573,-0.20717737694238886,0.8155711708301902,-0.9865882142432107,1.0,0.6138017182147646,1.459961272226926,-0.5285351550303584,0.6169047003637168
synthetic_cell_00549,0,3,2,2,14,0.22090631242173503,0.2908850164466271,0.0829517003419773,-0.00970757223473509,1.4800765005583396,0.44181620741129757,1,0.9244536018398981,1.0343263397667188,0.48435419767662374,-0.5203829363810446,0.9627092972836065,0.2587529199552896,0.5912177277515921,1.2218043471552538,-1.2425451236908525,1.0,1.1620698756229138,1.2302961242307984,-0.5728592753835545,1.1632887069299023
synthetic_cell_00550,0,2,6,2,21,0.3309567829402306,0.6422663331453092,0.0957580923954067,-0.4809101157185115,0.19752631894345496,0.2018953506966025,0,0.5226100972245451,-0.14391392399826464,0.3298022574292646,0.9257553832593928,-0.37564047528311273,-0.21883551836718385,0.6055484239634545,-0.6857617421049869,1.0158774446537187,0.0,0.1612458423366422,0.011534666459304383,0.4362750755101013,0.15588032003750873
synthetic_cell_00551,0,0,4,2,14,0.3839738528683321,0.508970388105018,-0.02664618048814339,1.3442232298293268,0.21719231182117904,-1.2532075466503574,0,0.34592949863633615,0.4400426137321403,-0.3485495466739027,-0.681038809221425,0.07347920320226352,0.5973708144929528,0.6081681542861562,-0.09573971824725343,-0.031784382916287046,0.0,0.33880272328286665,0.5052517631630417,-1.2612646353528534,0.3328270179150815
synthetic_cell_00552,0,3,4,2,14,0.35877300311834626,0.4957060235304992,-0.057317134527397146,-1.0691378935173064,0.9180023137567543,0.49487087252828144,1,1.7173891230641847,0.2919648618428647,0.572081273483861,-0.9258765572980847,0.6602289442657876,-0.5896792347763491,1.1679592529168301,0.6934711058191341,-0.42526374587611937,1.0,1.585074347404117,1.4654936012036197,-1.167012711914311,1.5848395027664204
synthetic_cell_00553,0,8,7,3,14,0.29946008305018484,0.1986811327645627,0.26514844791815506,0.2203474571989385,0.021328361928690753,-1.5109981923830347,0,0.34762035315544026,-0.619218860781465,0.8411494548211547,-0.21040954217063354,0.1535962877455468,0.38995220760849497,0.4436746195250617,0.4100524614668927,-0.41407568901823133,0.0,0.25123781408173324,0.29963116430061004,-0.6200998653117047,0.24556302988759016
synthetic_cell_00554,0,0,6,2,7,0.3454583482725348,0.5331223099708783,0.07602242096648885,0.7119618586910667,0.0021365880415088467,-0.5226619708804807,0,-0.10914431432115074,-0.4423977636048161,-0.7815277634717466,0.08881667756551927,0.2067091761760459,-0.29485642657097777,-0.21571580815420985,0.4321845464479653,-0.7820065046732124,0.0,-0.16342261252543305,-0.47328643341094445,-0.4017352913540385,-0.1676723955018977
synthetic_cell_00555,0,9,6,2,14,0.4486863943816421,0.46698311988119784,0.01769622259443486,0.033696134520049006,0.7831177462678235,-0.20541894094446222,0,-0.24803015363524267,-0.7576504352554355,0.5130052257603751,0.6930801586302503,-1.0134314592855653,-0.07437909837002615,0.1746325510623572,-0.2669154935886676,0.1734618371354997,0.0,-0.495471214094589,-0.45395796804616984,-0.41264778507100763,-0.49857989550648907
synthetic_cell_00556,0,3,4,2,14,0.08911997848451207,0.3021163608967122,-0.061149101186833754,0.29469925014861914,0.9387200909296272,0.7878372809532137,1,0.4404885319908629,-0.002315304202841484,-0.38710358531403255,0.5999297974756578,0.021662590659784764,-0.7707413980312059,-0.004669910844045659,0.3818199681768659,-0.08141471533231902,1.0,0.2206954316605828,-0.0892768713246703,-0.003564302706580721,0.22514934315092458
synthetic_cell_00557,0,0,1,2,14,0.6323945117112751,0.6745699358042732,0.10557828768895346,-0.7240836017175438,0.6126569567071247,-0.9002929795992006,0,-0.2921996949933864,-0.35715742051915755,-0.7406096117113741,-0.42561104427358876,-0.3386157983257865,0.4105926835133984,0.8919830991478959,-0.9939778418441866,1.719882749612967,0.0,-0.18145930717623956,-0.3309619853886589,-0.9749724615294855,-0.18564710615280677
synthetic_cell_00558,0,0,3,0,7,0.0409795503299533,0.21279954643070234,0.13546786544981704,-0.6077563716281461,-0.6511631962988321,-0.8874172444349426,1,-0.002128343701211899,0.5225877839003317,0.6151733148514095,-0.4965884602591375,-0.3251961027874488,0.33864336299042674,0.012538565247627087,0.4311421042055246,-0.30239562538749265,1.0,0.20389358918927597,0.6276870480140072,0.5813052232554716,0.2084052410484703
synthetic_cell_00559,0,4,6,1,21,0.45395163342489336,0.4770198585073103,-0.08034605792305809,-0.6274792619644356,0.2802223693108456,0.6872141624911903,1,-0.1713693551372425,-0.5377535728752958,0.3488385597833666,1.5698397285872918,-0.18398015086222624,0.3674785246820629,-1.5460981384738433,-0.09367618468404924,-0.07161775226811089,1.0,-0.907101232278106,-0.6878628262263754,1.585987987903996,-0.8987715913564412
synthetic_cell_00560,0,1,5,1,7,0.07399579165090678,-0.04485718999410136,0.018583008755847355,0.9065938630595055,-0.2937711908921729,-0.7948825858754694,1,-0.41628912283658415,0.4422960725218527,-0.1874951639283136,0.34962130441161793,0.674945790679143,-0.42697039053419744,-0.10412360517233593,-0.03781703339686841,-0.003955034683179282,1.0,0.2508807452911537,-0.15303621430544034,1.4691138933405115,0.25523092344713433
synthetic_cell_00561,0,0,7,0,14,0.19153865295875236,0.18454110049312658,0.1924760311358299,-0.7987542685851371,-0.7254116305049827,0.8027117531304018,1,0.7832088316076682,-0.6611665331173274,0.2246843219039234,-0.08033891646216926,-0.542798283226218,-0.11591971388944403,0.06491408400849788,0.5079041057688058,-0.5316013055893996,1.0,0.052709521043935725,0.2379586697779937,-0.3320515591179811,0.05774072448649055
synthetic_cell_00562,0,4,1,3,21,0.7379322852092592,0.5433638658695625,0.16874648832291697,-0.6161201035597447,-0.08451830683333184,-1.1259042116972942,0,0.8026245906457281,0.2934147671933729,0.28543197692366995,0.03210867742669027,0.3124975093606441,0.6665870128586275,0.3106025566020151,-0.19333922216349314,0.8030022357351567,0.0,0.4068367346855649,0.6155635287844367,-0.14372287429673206,0.400627227047605
synthetic_cell_00563,0,8,1,0,7,0.413420593136024,0.25265669042108096,0.24542826382859684,-0.11499048372059967,1.629192596587931,0.017580428687944682,1,0.8484181698844705,0.8549392467311655,1.9626727463723723,-0.17712055864212514,0.2632375116890022,0.004603462417933968,0.47627737670169235,1.146699571140028,-1.1828794671870184,1.0,1.1353678989992038,1.4847360735558148,-0.9840279364224004,1.136678492979362
synthetic_cell_00564,0,2,1,3,7,0.3967504870701988,0.09976893612599988,0.11976264187934027,-0.10595375999387256,-2.163913320770741,-0.15453402020745338,0,-0.6326736885360562,-0.1078866517013777,0.06264838635202341,-0.17931438452879095,-0.8530518265146081,-0.3250709962226771,-0.659984447134697,0.11885208449793351,-0.07525363986794936,0.0,-0.45901303701300905,-0.21111187328356829,-0.8452144742393304,-0.46224700876708297
synthetic_cell_00565,0,4,7,3,14,0.06585942166472868,0.07937181124554529,0.23380521438901425,-0.3056852827989083,0.5750979920858138,-1.1284858306969148,0,-0.19055491114279327,-0.34111907434035915,-0.9335607041101001,0.45335242693509203,-0.43959015869002166,0.23635773024961348,-0.2806981670012587,-0.6959330225945891,0.2562972628886906,0.0,-0.6262989357920993,-0.6463034125030359,-0.5105363136075391,-0.62895802121952
synthetic_cell_00566,0,9,5,0,14,0.33845729064821795,0.0345190416459728,0.006074342303762081,-0.5059067313538288,-0.783825418922892,-0.12733099112213764,1,-0.2010272166113226,0.8579302165496305,1.0104029870751052,0.6778692328685147,0.2503634797013802,-0.4487643315064364,0.12688223663721412,0.9702977936671893,-1.0507176562980187,1.0,0.5206356773171837,0.39188535694806176,-0.3360554901853261,0.5240588292079452
synthetic_cell_00567,0,9,2,3,7,0.3097203700218618,0.13585209325796554,-0.031067024654633697,-1.2478887921440824,0.9931958672983994,-0.2605822738588254,0,-0.23587546215234195,-0.1201307520585583,0.23490826269644038,-0.40888436924215404,-0.2690374307537764,-0.3557729235261112,0.18286938004257772,-0.33458626047536416,-0.20980576666413672,0.0,0.13617313342712464,0.10372237961363483,-0.6685971980362179,0.13089377474147826
synthetic_cell_00568,0,1,7,1,7,0.10634384455066621,0.05825182471138718,0.2597727823753932,-0.03239646896890026,-0.290243489894651,0.26113789176092683,1,0.31189033272485045,0.2863190702037809,-1.096566542098118,0.36254638094561387,0.4564137096828502,-0.12372410354525351,-0.6651171641411542,0.4078659944998733,-0.4522922195717692,1.0,-0.04648803910720831,-0.1802131019654243,1.212948218088472,-0.041115938306391646
synthetic_cell_00569,0,0,1,2,7,0.1364709332726439,0.27759080232462735,0.10750796321694722,0.7159067744056538,0.6904840791918703,0.4823282851386182,1,0.7442357469704579,0.5967742495030806,0.14292214152474847,-0.5562709946609818,-0.3008621594649906,0.3478347933629072,0.09631202054921625,1.0326935997243218,-1.0912882881617574,1.0,0.3897476528620453,0.8701879448481913,-0.04113801027111056,0.3936206079707173
synthetic_cell_00570,0,11,4,1,7,0.20181887758204858,0.030042642697631905,-0.06955271797783119,0.5433608736345708,-0.5583507418208811,1.1163788104335384,1,0.5849767710819368,1.7048019526918339,1.1271035803202354,-1.0313525727277013,0.5821908823032815,-0.09009669944650223,0.7577334893615564,1.724195796722946,-2.1601642933584047,1.0,1.470473528643537,1.7330874121279285,1.5861669760148784,1.4706325154298252
synthetic_cell_00571,0,2,7,3,14,0.24478606451264173,0.11506950020712152,0.18058288148265392,0.9888746913446674,-0.5085999270312311,0.33856570715406714,1,1.3831174566938205,-0.020296497796479795,0.26537831949786944,-0.7354124089615764,1.287227356983253,-0.10269359671894765,0.7508712197430927,1.1030644448860878,-2.040123391799974,1.0,1.268777953577649,1.0175006534347473,-0.3183618638205647,1.2696300772577107
synthetic_cell_00572,0,0,2,2,14,0.5432222602148622,0.581608718122388,-0.05917470255338396,0.6637509036478144,1.2447091114967592,-0.2972528610760388,0,-0.45019921425890247,-0.646789633385427,0.882159559326507,-0.2892424158426229,0.897987743751954,-0.22142648793871272,-0.3867228897530292,-0.0015578518189032693,0.3551138807092907,0.0,0.22641568727096575,-0.0401453971463133,-0.8519706498829843,0.22082620555244142
synthetic_cell_00573,0,1,3,0,7,0.18081115325793495,0.2344503401289033,0.1295018575543962,1.050542492607663,0.6237334842096669,-0.4952442913273785,1,0.2873727535505032,1.1475320150683976,1.5623462253452565,-0.25945253242567246,0.3908124707946359,-1.127449129667209,0.22330190952970425,0.17728364023856824,0.1631564394121584,1.0,1.2754425224562278,1.2420103910739175,-0.381534402089535,1.2762717430132569
synthetic_cell_00574,0,11,7,1,14,0.19671174273208838,0.09614850986578868,0.24573349735858896,1.1867648863624183,0.665843670656616,1.323139512497605,1,0.020661789815310444,0.23410298544784308,0.05169734418936728,0.3440743193999946,-0.9808032908947726,0.47606736903923663,-0.6887657666667574,-0.427210608240534,0.027789372624280526,1.0,-0.548607399353753,0.04458641143200137,1.5018953596931324,-0.5415097403519143
synthetic_cell_00575,0,5,5,3,21,0.19781415474890976,0.25743902379503714,0.03415858505755795,1.1382250394096602,0.5642165083520069,-0.7141581732162067,1,0.3865921550277199,-0.5360777295145334,0.9534024476575056,-0.0027479533262073225,0.4057633055551587,-0.9398548058194629,0.5302246849637314,0.2013864988163834,-0.021680351527913994,1.0,0.7399593434239118,0.31577288144842824,0.3877397195181855,0.742628778607668
synthetic_cell_00576,0,2,3,0,7,0.17188187972687008,0.05059468941838181,0.08280008468526208,1.4393120642125006,1.0495263605499354,-1.250935476031889,1,0.6187957608118748,0.9207275382082594,0.367579331542298,-0.8444644363844473,0.6761987349888523,-0.6946536707905071,-0.24564302791330658,0.7463177722644635,-1.0687112081146086,1.0,1.0442710657577083,1.117356875689446,-0.49337455281614545,1.0458947185444616
synthetic_cell_00577,0,3,2,0,21,0.33816268950535944,0.36556303553778086,-0.02014358432729781,-0.6366351851472906,-1.036575881075183,-0.2838317208101133,1,1.615589144734838,0.22355197190577492,0.6908868564247046,-0.9395862274707322,0.5199339318148681,0.2332316439289447,0.2430006050183805,1.534249852654358,-0.8179970917508801,1.0,1.0547439459933938,1.4340697651554333,-0.5872044233553406,1.0563316082053757
synthetic_cell_00578,0,10,5,1,21,0.6079354295191504,0.3868608302327768,-0.0346389584641457,1.165798855648311,1.5137250513035734,0.29819255361960684,1,-0.4449946961930065,0.4245732127579059,0.4127489654098462,0.9419645331883992,-0.7683107620607903,-0.2026926137180589,-0.1868640294000495,-0.21541282888843524,-0.1406080096582676,1.0,-0.2946016745293741,-0.18401968956811293,1.3752714323638369,-0.288376918857457
synthetic_cell_00579,0,9,5,0,14,0.18685618196213796,0.07938381093258762,-0.09830291497061902,-1.0365403365720058,1.3666021059302524,0.43941145459492065,1,0.749412025436338,0.7028878342868192,0.687404470211508,-0.7766547384086913,0.9007058391300689,-0.8192087249915958,1.4286696133953685,1.2352794743183175,-1.0743725072195573,1.0,1.60521584317887,1.1699809875907723,-1.0437250244966427,1.604911781287336
synthetic_cell_00580,0,8,1,0,21,0.5931653430144052,0.5448716584588924,0.20591023500103686,-0.78678261680913,-0.2732331415544944,-0.5944096101688852,0,-0.14509461801374623,-0.20428788042682886,-0.4325976118462489,-0.43587478187051737,0.1635609533546088,0.23469614013512194,-1.2429870087402266,-0.14264739514157362,0.752742929997957,0.0,-0.3710223224827239,-0.0967140158515356,0.260925238118153,-0.3745586787116704
synthetic_cell_00581,0,4,3,0,21,0.18707448371736488,0.2679422246040381,0.058167470825686254,0.14234072943217857,0.5659004838791146,0.2672664693708629,1,1.6833650700992442,0.8220995310576391,1.539572093596743,-1.2341658502651518,1.375389792617371,-1.134421580887071,0.3277635641619234,1.8416396475623418,-1.3891323253436836,1.0,2.117794789171593,2.0880036377339692,0.31307930144389334,2.1157292241914414
synthetic_cell_00582,0,3,4,0,14,0.18807088096597746,0.1828662897648784,-0.09864494368084245,-0.35324229499424026,0.5415503263008435,-1.0389318247036554,0,-2.048317787043046,-1.0171448086097796,-0.36434082214395946,1.5598001322285477,-0.24466149730177789,0.8457883031443445,0.4818249323232745,-1.4359555821992358,0.9739976251242315,0.0,-1.3575659755546499,-1.980777253568882,-0.7418878631785203,-1.3577120253624526
synthetic_cell_00583,0,1,4,3,7,0.49535501487939004,0.3265570078552626,-0.09739189254523896,0.08082716188322522,0.8418754269072699,-0.5721638775181257,0,-0.030943239283434287,-0.5812834827018284,-0.6188829160495268,-0.006083458484967441,0.03550253176780366,0.8299246153312541,0.7518136421248571,0.3885019947166476,-0.6401364196886561,0.0,-0.2503520734316694,-0.4074502631503636,-0.8829789543693468,-0.2543031189842205
synthetic_cell_00584,0,3,0,3,14,0.2748669308120931,0.20894774321182263,-0.17090468774629217,-0.017435021055828365,0.019829548663194342,-1.1911269544215748,1,1.115570032375263,0.8365886980787883,-0.1806325471074105,0.19130320438135306,0.42156592283365935,-1.1083630607245076,0.6023782033224849,0.9371028850730185,-0.3660246948289073,1.0,1.1232350397084656,0.7738122873411099,-0.7283845829257171,1.124587328864131
synthetic_cell_00585,0,5,6,0,7,0.1610907891473051,0.12756772692036056,0.06242593759699416,-0.5804963075596197,0.06560425808982726,-0.36429681723233054,0,-0.524458244030207,-0.4289902710655535,0.43137652745839095,0.40392098205203336,0.19887758819309362,-0.2858061452354791,-0.3098137733416051,0.27762233757656907,-0.22988444700318994,0.0,-0.13679156429609332,-0.37432144091836417,-0.9224882996064201,-0.1411328661967663
synthetic_cell_00586,0,0,5,0,7,0.25853179049826236,0.0668281949047624,0.029677092311878636,0.47678101472313106,-0.489862880976735,-1.3517135028830185,0,-1.3528471866856961,-0.8209062223370678,-1.4228144415989805,2.016233389750997,-1.6730755356946574,0.45200475040200516,-1.0701850434786235,-1.802238263568396,1.542144713143667,0.0,-2.1223600130432625,-2.083073980438909,-0.06334699122073982,-2.1198778100331834
synthetic_cell_00587,0,10,1,0,21,0.6207034421482743,0.4667906961424905,0.16935026917379659,-0.2846234747778186,0.029294508885746334,0.672327724471141,0,0.0935308843953635,-0.7444767581219712,-0.10505362001786735,0.4610273243597787,-0.5184094081218524,0.16970773414680018,0.036464373149732096,0.07353343845772876,0.9676273909559575,0.0,-0.41422631598161325,-0.4112126782930077,-0.5366556853931104,-0.4176141995341382
synthetic_cell_00588,0,3,4,3,21,0.1957892223955246,0.4246949886173911,-0.05764780288276569,0.13675507953813668,0.501749237386167,0.48360779686494326,0,1.0566182424979207,-0.33706217147128076,-0.645251191401862,0.7591819857529063,0.22344999446620203,-0.13119793383954131,-0.3659904334221405,-0.3490608336097548,0.27718239407272705,0.0,0.03150108136835639,-0.07967488833733767,0.4614379578452341,0.02658143340519463
synthetic_cell_00589,0,4,1,3,14,0.3223325799373382,0.1854293229753989,0.0926197462453751,-0.004637741962925608,0.9204880921647721,-0.04765111770736638,0,-0.7376780887853838,0.16018249228167508,-0.7735108565854931,0.727887373335592,-0.5176264930661304,0.49163752286246254,-1.0172355068110004,-0.9152068833994378,1.0690138895941992,0.0,-0.96160035976086,-0.7392724316318645,-0.7732397690778074,-0.9631071651374588
synthetic_cell_00590,0,8,2,3,21,0.42641294046890393,0.3064852712579892,-0.0789326980764775,0.9600186551019381,0.043819177186740596,-0.5875996261962355,0,-1.1155640109427463,-1.0953639243302091,0.06386786464268035,0.5695304220982986,-0.5215853148688612,0.4896788352089576,0.38968949387033436,-0.9656888279282388,1.0905868979051014,0.0,-0.8491190841643067,-1.0963186814103447,-0.02993171126991176,-0.8510124370491945
synthetic_cell_00591,0,5,2,0,14,0.34890533390590567,0.26042317977127605,-0.00810307212773748,0.6367860269328647,0.3991279419721588,-0.06120321389500266,0,0.1152249886002456,-0.17476865578486905,0.6551286538370271,-0.14760985252751235,0.02024370921998131,0.5751897586245956,-0.3851923462012563,-0.5667670767579571,0.48153907529270845,0.0,-0.054379307879174235,0.2901416985575143,-1.3074745772959198,-0.05900382360545059
synthetic_cell_00592,0,8,4,1,14,0.46338550160266223,0.1394334939107184,0.043476760109633215,-0.6949127595940667,0.17712898692864076,-0.2767188185971936,1,-0.059767878990779705,0.01616879635279135,0.06055982392358991,-0.44538503163551135,-0.12123438751628673,0.6201591093219669,-0.17599375797884537,0.08232170458216141,-0.4053941972436534,1.0,-0.12047333329924666,0.1965092673426725,1.0655115583828274,-0.11484697834840996
synthetic_cell_00593,0,2,1,0,21,0.2681146866040619,0.3766064034563781,0.06624336182579205,-0.2259482296567583,0.7508937353495899,0.9810864548215903,0,0.7327725908491843,-0.20859332881641296,-0.40570192544977424,0.9126661630753241,-0.8254391487951428,0.4667894862227691,0.667788272491532,-0.26636479317312334,0.6731110617362062,0.0,-0.24937768311038572,-0.1527248367176682,-0.11769852685355733,-0.2533320772038277
synthetic_cell_00594,0,6,6,2,21,0.5136659744999642,0.5855632072513769,0.008152243594099877,1.2985755978630387,0.7415921134057496,-0.7396833127547485,0,0.7155663000006589,0.1587621726020441,1.0879084150935856,-0.30623590843190596,-0.7307571124892782,-0.844069592185748,0.08959274937828783,-0.17744959191463205,0.6505154820300895,0.0,0.5999668693252896,0.8999958503688057,0.0742148451649469,0.5930936603563786
synthetic_cell_00595,0,7,3,1,14,0.18411555457730228,0.1619945678512948,0.09492226904156335,0.822066912502783,-0.9756022009360032,-1.3873965778678903,0,-1.2953842929116983,-0.9607948210928835,-1.4334794147694672,0.15190757303316194,-1.9150625419257818,1.0773157193569929,-1.0600407983566515,-1.884544502984141,1.2340094339264969,0.0,-2.048082045675688,-1.4677509964685727,1.3915152336920367,-2.04585510260158
synthetic_cell_00596,0,1,3,0,7,0.35902891503582407,0.24725085626361581,0.009399732123453436,0.5966898637349072,0.4513139613690462,-1.2828577965893624,1,1.816310006667127,0.7650631865925348,0.1424315580308501,-0.44254509328596936,0.08952888333399536,0.670051648293218,-0.888066524034991,0.4204947539406193,0.053393913330033724,1.0,0.5118424358287799,1.3951986369181835,-1.1144727103794239,0.5152958061320647
synthetic_cell_00597,0,11,7,3,7,0.27480348738407967,0.018895595198006848,0.2132152668300999,0.2537531602905934,0.31864185109638965,0.2828663437567159,1,0.7144385808748874,-0.021283218176185614,0.30367960240283864,-0.25677819716256656,1.1041288545165082,-0.443094649101507,0.55622969549909,0.9258140161201954,-0.7201705662008531,1.0,0.9785578775934495,0.553359745747884,-1.1472018812040543,0.9804073570256769
synthetic_cell_00598,0,4,1,3,14,0.06388702231133865,0.008874134909668027,0.15222974670912126,0.2133552829994385,-0.49090299360946393,0.46592278096140427,1,2.0444767308207776,0.0881402898686614,0.33950276693100023,-0.8067385927435083,0.9220843900696145,-1.3748713532545194,0.24739271216982697,1.5100566662753694,-1.3104934901294467,1.0,1.6316183806354638,1.4167811548688847,-0.4634504779344894,1.631223585108378
synthetic_cell_00599,0,4,5,0,7,0.316172860616113,0.04792309802254224,0.009344127486969861,0.2884408784782981,0.7113396024701396,-0.7783673062466363,0,0.23664050293428207,-0.11837564161155081,0.32009795041535843,0.3943924904137674,0.4673711642203877,0.6848726414576413,-0.07213966443737246,-0.09845579510751507,0.2621394123144114,0.0,0.021301392053211812,0.07133507126469645,-1.155433437406835,0.016416795830610273
synthetic_cell_00600,0,7,1,1,7,0.17679478635707055,0.03731492837159306,0.06978519306348815,0.4203791710509492,0.974291925102684,-1.3887632050576653,1,-0.19069557872535944,0.061095495477949596,-0.8029939936886104,0.3717908764696128,-0.362422079584341,0.540122272749469,-0.9189399257941695,-0.37929944085230977,0.3652424285136612,1.0,-0.7054256377863632,-0.41193293278267284,1.0946470169789155,-0.6977890650942332
synthetic_cell_00601,0,9,2,3,21,0.2542098012533419,0.33962209379000624,-0.1429279478561615,0.7051829612211962,0.6810197485299037,0.49090982104280656,0,-0.3352939384697348,-0.8141795460120385,-0.8357957666734646,0.7420466557597124,-0.7532262947440448,0.4000095675752917,0.4932648779732248,-0.6604001508069451,0.4867762435161768,0.0,-0.7730945217254115,-0.974202128282778,0.3014080966403834,-0.775249136807262
synthetic_cell_00602,0,8,1,2,7,0.14475142670099392,0.22259085137274467,0.169340558134797,0.9497503682967752,-0.8219259405628416,0.7733591872252441,1,-0.4168677070643732,-0.18040772980515846,-0.5675955147480335,0.06816328523403514,0.14978731459548517,0.2711974142638349,0.3424404223673969,0.3353611484664781,-0.8195473544336721,1.0,-0.1770472689954856,-0.4323359006611133,-0.4110551002665486,-0.17122649489567046
synthetic_cell_00603,0,4,1,3,14,0.10490342781005144,0.037611029052596195,0.1669596340903124,-1.2433598095340501,-1.41731436615401,0.3437559415012803,0,0.2014719109271349,-0.6493170486681177,0.5933955487786218,0.2623767804357996,-0.6625592372682563,0.01607281118577844,0.1966238855656809,-0.4749443623142618,-0.10983342410337729,0.0,-0.14953290731500996,-0.025651930900295824,-0.38206953279330363,-0.15383042295552454
synthetic_cell_00604,0,11,6,3,14,0.2600469222878781,0.20404078305556791,0.051633039087194216,1.2749076594424549,-0.28438737389329904,0.6966484453691625,1,0.6688412590461716,0.3594839133815297,1.6331084482112477,-0.09089082722338887,0.7605734562858197,-0.9637909091851915,0.6332398915672387,1.1577041548456457,-0.7960812010106414,1.0,1.3434535891204156,1.0627476894549972,-0.7137212154409647,1.3440490862580072
synthetic_cell_00605,0,9,4,2,7,0.31917757232561433,0.4185299434887447,0.003116063077310216,-0.23004236497804487,1.2420193359469625,-0.4570636453917033,1,-0.7878031022474745,-0.06433789815781774,-0.16088847094476771,-0.7465252258122533,-0.744674602483667,-0.6487151270246069,-0.08770624620059292,0.590801294009125,-0.8958882024993928,1.0,-0.16260769591889523,-0.14065982599796392,-0.3703352970022558,-0.15683654413145087
synthetic_cell_00606,0,6,0,3,21,0.3564938734634011,0.5213984572104311,-0.096802728315252,1.3225227648450408,1.8654689536424012,-1.0576769998636868,0,0.5704503946780609,0.3032115622065508,-0.6757703512114087,-0.14741594139356873,-1.0878996533444938,-1.02653569778799,-0.3378096355089926,-0.593341972028605,0.7763340766314959,0.0,0.056922120082480515,0.2611178717427375,-0.35886347965233756,0.05191511145310164
synthetic_cell_00607,0,0,3,3,7,0.6260774953138376,0.23463949913367205,0.06750559357139568,0.011121342408279722,0.2866354999322267,-0.3061473441038386,1,0.05479765074137438,1.0085806245460762,0.08331123695712056,-0.1325786075717892,0.502675269298107,-0.39339881778149044,-0.5787340513258908,0.6102361368503507,-0.2084078970299358,1.0,0.49164402789218803,0.5514001353867892,-1.1382792767580034,0.49516681103079035
synthetic_cell_00608,0,0,3,0,14,0.06709587218178599,0.050948438310765475,0.10198506401464441,-0.16879142187574833,0.14937728255921312,0.7153609370074417,0,-0.9798739495044179,0.17939642316148763,-0.6129946233586603,-0.13714833688142702,0.02028634184040723,0.5914559715140445,-0.5233480062652262,-0.7608419912365755,0.03293234212093935,0.0,-0.5712996551738295,-0.49010416620470065,-0.223006433758055,-0.5741477483695915
synthetic_cell_00609,0,10,5,3,7,0.1776248285294147,0.047870503141892076,-0.08072385737878313,-0.44753516057172815,-0.026036070200668393,-0.09993836359724637,0,0.4086703280924845,0.3926111096485655,0.10444774236579596,0.24052703618247867,0.6127417549022899,0.6406210135898757,0.5571651824960168,0.006581290499180332,-0.2187972000149336,0.0,0.407219728645922,0.34190343875334395,-0.325440874031478,0.4010089048301336
synthetic_cell_00610,0,7,5,2,7,0.5985606736509328,0.7083133920542626,0.03310077220191693,0.5579326268894217,-0.5247867558352292,-0.34947565416481274,1,0.8909129131028121,1.832240786271868,0.4599085145468148,0.22315695144809689,-0.10487495661190283,-0.03183428020611928,0.7838185344877536,1.0906720469136701,-0.7697350800899393,1.0,1.0080547529249462,1.2722217671424574,-1.2080957589911216,1.0098028648753308
synthetic_cell_00611,0,4,3,0,21,0.2870948062419186,0.3803295725643727,0.12374170445833636,0.9277115685431468,0.19795557185364085,0.3944237614139981,1,1.7508041751421506,0.9642042263139136,1.7563624373141824,0.25830105260283553,1.209114483138102,-1.012199096355635,1.2340499602213626,1.5523481008621505,-0.8445187282129627,1.0,2.0835072963702097,1.7280837667133346,0.9437209370366487,2.0815595620675427
synthetic_cell_00612,0,2,7,0,14,0.5193855765806847,0.3307490496382468,0.15120214862713016,0.2623193944326642,1.2589896649243335,0.682504277064092,0,0.9368581905552487,1.0505489399809351,-0.45463350230663546,-0.5328086644512395,1.9585737211987946,-0.18790239729881603,-0.45567788979362966,0.4395747311899357,-0.6992135252972053,0.0,1.1657382074196092,0.9407713825548802,-1.5239347860585404,1.1569206970561603
synthetic_cell_00613,0,2,6,2,14,0.20350968094798785,0.40198437408740606,0.021613805950563416,-0.017209012116670086,0.14584145023389145,0.2984369306083562,0,-1.4185516166829804,-1.4819419437586725,-1.702867911542056,0.33242647395424213,-1.2402035259590956,0.8239075991500644,-1.0082978219773788,-1.6511896232903764,1.2918782561853477,0.0,-2.0060875841876635,-1.8872669833785984,-0.20966667522665955,-2.004004957172953
synthetic_cell_00614,0,5,1,1,7,0.15053524001588883,0.2599622691334955,0.09956873355997138,1.1335128859257049,2.393736681963195,1.3659261579804292,1,-0.3133020103365852,0.27445321207389217,0.17631835246328753,-0.5624345192099638,0.7679308103011205,-0.4311175551151134,0.9098883818073751,1.2093580156458976,-1.1209228337147803,1.0,0.7632188333345886,0.26259005190519,1.2288180882927673,0.765808336122296
synthetic_cell_00615,0,5,1,3,21,0.4487549117627861,0.4487440470992781,0.06053732111924845,0.25603783138272435,-0.2882394961078368,-0.3609598822279835,0,0.028618230482199497,-0.39793068084879274,-0.9818347854531455,0.6730555115309339,-0.5007730996149286,0.44356998505344264,-0.8161900011203029,-0.3793165680500579,0.6066558844780258,0.0,-0.8386069042429216,-0.660144543635899,0.3698229590731784,-0.8405363827579087
synthetic_cell_00616,0,11,5,3,7,0.403141996190968,0.3565106854500728,-0.07947618502312531,0.9094069327534424,0.18610828731693188,1.2787558524573004,1,1.682807961107617,0.6176409168104747,0.7441331829631896,-0.5627628433121978,0.41301993267457093,0.44629638332299765,0.17490717949165302,0.50839625287004,-0.3088708289926146,1.0,1.005750970197747,1.511529897912797,-0.22667333938129058,1.007506999212266
synthetic_cell_00617,0,3,0,0,21,0.027642101471077873,0.14906040087519143,-0.061366244465998365,0.6873334163478741,0.008625342350880957,0.3245523289143986,0,-0.7116245604032689,-0.9208627456893784,-0.2116000623286676,1.5793451172304107,-0.041354649969760904,-0.1851480995166837,-0.8804780268966208,-0.6220367951273618,0.13515884126739935,0.0,-0.9059137714820434,-1.2797587688480643,1.078751462518461,-0.907611946594006
synthetic_cell_00618,0,10,0,1,14,0.10416409610119193,-0.09018459360920139,-0.10673798040205307,-0.7811188654799335,-0.3025425787593934,1.4494127536528576,1,1.164993426150614,0.9699454267082172,1.3679869565108322,-0.17190364993920593,-0.178355338636507,-0.9840588149567526,0.10849608901537927,1.5182435326971362,-1.3429959547847414,1.0,1.1869619619673057,1.4823172908611653,1.7831317831100226,1.1880952503792521
synthetic_cell_00619,0,5,6,0,7,0.46632308568942515,0.2956447296121333,-0.034876302001031624,0.3963319241603646,0.2793010880004888,-1.0308364416680822,0,-1.5202587128954015,-0.9226516686434305,-0.17499529873207395,0.8405750336996538,-0.7555804286916168,0.7408467413061124,0.44774830255291154,-1.1330139172459217,1.7035063034981586,0.0,-1.14920239155028,-1.3857497866840776,-0.8957971837853003,-1.1500644931968258
synthetic_cell_00620,0,2,7,2,14,0.49394910979667983,0.3955483067885517,0.2483619315515953,0.7328226654270558,-0.8299748362678097,-0.04093058360034095,1,0.6309543033843759,0.30602658366343016,0.12139547299132511,-0.466907072904202,-0.8048423665578046,0.4999976036067325,0.13260314890912625,0.764368294787365,-1.2054097126758834,1.0,0.06922427255288537,0.6614445063904761,-0.9409876741942337,0.07419872222898491
synthetic_cell_00621,0,2,4,3,21,0.14358379812165334,0.09158940788320052,-0.07456377442856384,0.557392944814628,-0.743934390957789,0.8180227613203329,1,0.04755045393130285,-0.7389420516308398,0.646906272547874,-0.47297386108682643,0.1739280226719781,0.21013140535434294,0.5380946249891692,0.40853789603167906,-0.9873386385404014,1.0,0.22375934382241994,0.14011242117015765,-0.07510080058130864,0.22820272602594935
synthetic_cell_00622,0,10,7,1,14,0.5033120045717462,0.3357944733351,0.13972110564245116,-0.07631690778070538,0.6404958804326649,0.41555953187402483,1,0.6872585371458053,0.6974055909856132,1.1069115729379826,-0.4347111167920645,1.260985790521254,-0.5760103968530306,1.088882141311325,1.2728388085185087,-1.4618967398627434,1.0,1.5625583672035117,1.1567251667015612,0.8041374755964754,1.5624008998536978
synthetic_cell_00623,0,5,1,0,7,0.5470743388532541,0.26828839374071733,0.09570805498364478,1.2584414225999305,-0.04918506591428998,-0.2194647720046285,0,0.6946655510822445,-0.0401065220625008,-0.015603607230600086,0.12486574998873103,0.5760415932427527,0.5077079155145887,0.2098314545834231,0.19078438486070926,-0.2677846554779682,0.0,0.31678465953907414,0.29957646450551,-0.1406137996889164,0.3108846203444577
synthetic_cell_00624,0,3,2,1,14,0.6486956545214279,0.42737685115524165,-0.10672673749100658,-0.8996325157478406,-0.22083351479521726,0.22270547807299718,1,-0.11040978877591334,-0.15843965205734897,1.213472963015857,-0.3013032521764467,-0.02902877459657284,0.06187343904754847,0.04727054806493752,0.08194723650589945,0.37374936409881526,1.0,0.2558811288558285,0.4278825187742319,0.6147357394352637,0.26021412294453067
synthetic_cell_00625,0,3,0,1,7,0.2561731617924734,0.1823208752963849,-0.15273429407919234,0.3139386296120069,-0.39490091657037507,0.1587085397426142,1,0.7533708376621351,0.5106960261630736,0.9488134407831863,-0.4609898823392704,-0.0919026748046779,-0.4102491742037405,1.4719455077403318,0.6186528654967507,-0.9090623362134346,1.0,1.1331009814764983,1.0690495948541372,1.5816770400509992,1.134419365831679
synthetic_cell_00626,0,9,5,1,21,0.45552298458766227,0.41698090728930326,-0.083956646515734,-0.17939542189490165,-0.5354335347274761,-1.654619222475708,0,-1.8686199332865407,-1.9768453657283767,-1.8173491757021933,1.6713009169112043,-1.3887032344758503,1.623055417460744,0.230859021978276,-2.5450206166362577,2.6717842636355975,0.0,-2.4903376651313187,-2.80023018225796,2.1184114248340147,-2.486590888584299
synthetic_cell_00627,0,4,3,0,7,0.4028677631935878,0.16959342324984703,0.018825967215251316,0.7952927640570571,1.526086353325503,0.7573756253459176,1,1.3577896472079907,0.6371486920970738,0.1052385351123386,0.5317507479776619,0.5376832226883057,-0.47964108935453226,0.2757359263983551,0.9148422831295551,-0.8360828355717784,1.0,0.9141040638046647,0.7795982502263642,-0.9380117228131971,0.9161750419795731
synthetic_cell_00628,0,8,4,0,7,0.2742817672238544,0.16759050168895295,-0.044270521275495224,0.5846344655998931,-0.4761151176666076,-0.42425910265420563,1,0.6754591808554966,-0.041236379874450335,-0.16448444467783108,-0.11870176087062055,1.4740307978948974,-0.3623373068588058,-0.37418411749804653,0.5038566965575046,-0.13486644296575187,1.0,0.705293295764544,0.3264731931290284,-0.5221804916064786,0.7080818625484167
synthetic_cell_00629,0,4,5,2,14,0.31981354637230247,0.4152397567957843,-0.02449540857881748,0.43653032947495163,0.11862014473029171,-1.4358268792945093,1,1.3892633887725656,0.9479063354502802,1.4311875034500734,0.06724890077967893,0.9320940365328715,0.33149038196933234,0.6507033216993185,1.6506467238796347,-1.3457696890533082,1.0,1.3354164547420133,1.5145467025278425,0.07111248452767308,1.3360395718923694
synthetic_cell_00630,0,5,3,3,21,0.34120839597493485,0.3906332727134488,0.11031380799643853,0.9121107948339826,-1.6140725318557811,-0.4336778590190751,0,-0.9868889609032533,-1.3268430585883282,-0.9646963678222964,0.18786932700299275,-0.5734576058459647,0.34901035238473427,-0.34977493895989337,-1.0344111692173548,1.1096268151467819,0.0,-1.161521017306576,-1.3333430028882511,-0.2936580743338124,-1.1623407853818997
synthetic_cell_00631,0,1,7,0,7,0.4403603598226624,0.31992861788460164,0.2987828165036094,-0.840876684368583,-0.6405521074776475,-0.5017839444309677,0,-2.2445437785196813,-1.6922792169192633,-1.7483421923560893,1.729891007269958,-2.709065095029834,0.6714295930970279,-0.40745547290896034,-2.4340984893003363,2.1672960794042218,0.0,-2.837959987355992,-2.8565265298780984,-1.04603411172949,-2.83301858937737
synthetic_cell_00632,0,2,1,3,14,0.14373618920762576,0.1435395572932038,0.2001533739178718,-0.3775474521704909,0.36831366332776017,1.0648592183287895,0,-1.5781552763817015,-0.3699069641577584,-1.0939470692021578,1.266791435873585,0.12989560259055505,1.2009297101287937,-0.36814410409527254,-0.7313861591659575,0.6478816249591017,0.0,-1.335480139283925,-1.6359501495534279,-0.5205425054296087,-1.3357020881685622
synthetic_cell_00633,0,9,2,3,14,0.0531197538973869,0.07498334843418286,-0.002189717593789803,-0.5475894837832791,-0.6856280746355334,0.27731123810690467,0,-0.8605948767722864,-1.3790664972158395,-0.5975793007428777,1.7020887266399771,-0.7079450290815945,1.082457899151459,0.27716159235651905,-1.763875251158086,1.1730355625853683,0.0,-1.4347067243359206,-1.7035446970634984,-0.16399531514388863,-1.434587676116778
synthetic_cell_00634,0,0,5,3,14,0.018659323526640813,-0.08583291296332794,-0.0031146804901063738,0.4994063215330734,0.4878096752960774,-0.8946917923676403,0,0.47220974424028705,0.15224420061598784,1.0083592370988868,0.2369492562203548,0.36266535136072076,-0.07900717513553415,0.830749973825612,-0.0349547657664539,-0.4519989253418751,0.0,0.7297970628255332,0.5696287063939218,-0.2350864045527413,0.7224776859274974
synthetic_cell_00635,0,3,3,2,21,0.3016628905196673,0.31392568380970753,0.11070638168250774,0.8586796931014661,1.1235821869265052,1.108862808483261,0,-0.5752530263400254,0.2741814982541096,0.2974312583033763,-0.15003471792971368,0.13017400733486906,0.13480366604000923,-0.548463652334104,-0.5252353157527239,0.19095847953688577,0.0,-0.09500770516623479,0.03711629541015184,0.10299670026090293,-0.09949259938080794
synthetic_cell_00636,0,4,2,0,14,0.6450265590966714,0.33704922837112167,0.06143023729363847,-0.5502298767246208,-0.03413710933275832,-0.31264603225697496,1,0.8126441024613957,0.3997397133930404,1.831750959990453,0.08949697480764059,0.20315374541906572,-0.684366010233656,0.2651800833796279,1.1384839812232048,-0.9280367802369596,1.0,1.0541502588275946,1.1476620249403462,-0.9891010445802603,1.0557399612751042
synthetic_cell_00637,0,9,2,1,21,0.7692226343503255,0.5759103375188908,0.06460104973777235,0.9520598650218021,-0.3003862519642845,-1.2903445387503927,1,0.7472849058021823,0.34295896921636065,0.4815031162134007,0.0497240682191553,0.7880545928058733,-0.03241869874371992,0.4021604070691006,0.7366425818488037,-0.8468103986377908,1.0,0.8057721304030238,0.6678794020807294,0.47898841128370284,0.8082153966650156
synthetic_cell_00638,0,9,2,3,21,0.47334809724841237,0.386877790193921,0.021716996970103434,0.8259684439070814,0.21014263776562564,0.08978190120396559,1,-0.6892909860733986,-0.06604512256741311,0.35337843631001253,0.8470150188985135,0.8510641774434821,0.7105597649303242,-0.5073562206891069,0.13565919749051067,-0.33031612074631994,1.0,-0.31179301628794026,-0.48282598067629967,0.21509078570333853,-0.305509181713462
synthetic_cell_00639,0,9,2,1,7,0.27796836819946874,0.18075508303125318,-0.00238320098931679,0.07123833179142545,1.3840237699048379,0.6146887643007495,1,0.41602042300372344,0.057427206069457865,-0.6817890679384349,0.5337851787465984,-0.5337547539349587,-0.037665817420227676,0.48703217567572643,-0.011095776256258032,0.24701803807753817,1.0,-0.07083710017061333,-0.14938942705436073,1.7992831613449984,-0.06538132260819061
synthetic_cell_00640,0,2,7,0,14,0.15787913305236484,0.18736782973233007,0.2280775467938212,1.3328190133428444,0.8758223899597022,1.0358685173385904,0,0.5161653293952455,-0.2335112623102291,0.1816236439057507,-0.6320166826065023,-0.12301879499379288,1.142801665767187,0.2172443377359577,-0.02343902345177126,0.47830386127899027,0.0,-0.0038626355305991225,0.46614292901394894,-0.41696180018526074,-0.008660754318539179
synthetic_cell_00641,0,1,3,3,14,0.4668750289913426,0.23018482523475786,0.08739945349324181,0.7803166592408521,-0.4905533782925973,-0.009016232581837733,1,0.4987669339115665,0.381006516398574,-0.2629225168095217,-1.2152778378816924,0.5000602992866926,-0.10612449388471713,-0.9834860339626402,0.839673032352816,-0.6731937782966735,1.0,0.4116235790409038,0.7659340501940026,-0.9350800939354862,0.4154213564392315
synthetic_cell_00642,0,7,0,1,14,0.43265388118973713,0.19047259447331302,-0.21567624462105192,0.6601831141306493,-0.43976918393786213,0.11262037385157914,0,-0.46270564655596275,-0.1449979544784643,0.04880634147797519,1.4534545165013297,0.20456480650859749,0.9374088693749699,-0.34559942781968267,-0.36341146194290547,0.5587543665302173,0.0,-0.6614434480984677,-0.7204466816660221,1.4293291454713637,-0.6639817576581716
synthetic_cell_00643,0,1,1,0,14,0.45168897976769024,0.09361969695319844,0.19850569484784047,-1.088913670558327,-0.0770908131934625,0.11549773303682834,1,1.1880726118810463,1.3814046893773582,0.2621628096934393,-0.18858892019228646,1.6508280146922973,-1.0123750685998387,-0.4186767955098319,1.1157958453045145,-1.1921604466868718,1.0,1.5410671502469406,1.3054447500388908,-0.9628796480857539,1.5409835385350594
synthetic_cell_00644,0,3,1,0,21,0.47060621573259054,0.2342231892891391,0.1415263956137797,-0.4802439783206266,0.8363856963708783,0.1537580394703166,1,-0.0005133093268446798,-0.6565118084482618,-0.22681675499493137,-0.23035494729506562,1.230260749013719,0.4149298698564413,0.4509255328432701,0.3917022047645682,-0.6957842038575209,1.0,0.2721357265721439,-0.21801123180982873,0.5227249533058955,0.27641286092586215
synthetic_cell_00645,0,2,3,0,21,0.3894229658656377,0.387063950345813,0.1686128103275233,0.39800450322449155,0.13033387201233,-0.050827359535722524,1,0.5021375309753899,0.45990276463960433,0.6054692508903565,-0.8140806615152139,0.30362061659452855,-0.5667040610863988,-0.10689417664774706,0.38261275687051793,0.10515234068301102,1.0,0.8139530215473266,0.9430529268349072,0.9206691985059916,0.8163681737692648
synthetic_cell_00646,0,4,2,1,7,0.15392674151051958,0.13467636784515588,0.07279443182894575,-0.14702216737330798,0.6258816458663367,0.2824729069029629,1,-0.22654455039404656,-0.4529317889884118,0.18170213294645843,-0.4028988126032981,0.5654719607995122,0.04228094381131561,0.3850428547077833,0.46403950198017313,-0.0835492279043133,1.0,0.24552222585734387,-0.04664548265704659,1.351498223977656,0.2498908188323624
synthetic_cell_00647,0,10,1,1,14,0.2043290922208478,0.18249029679808837,0.13856466761524108,-0.558309858259556,0.6471005520502621,0.49583296685603684,1,0.13032530339990922,0.06162901110554947,0.524743916655038,0.6275224486065063,-0.4951939619030595,0.1488169775694009,-0.43536251625565614,-0.3103099952487408,0.6789608240407781,1.0,-0.21334693416980105,0.08083687157904827,1.5596147629240449,-0.20740141446187965
synthetic_cell_00648,0,3,6,1,14,0.04961056126689328,0.00682088598163845,0.058231639798658655,0.15538711234936667,1.0566186714381192,-0.15909666745446535,1,-0.05689913167650853,0.6032126806467702,-0.9651836127564039,0.600865523911307,-0.29098484706671807,0.6324153097525463,-0.6967270287605156,0.06019174900629803,-0.45953693663715695,1.0,-0.5475857513271639,-0.26229929152139175,1.8580082459708853,-0.5404916032696752
synthetic_cell_00649,0,7,7,1,21,0.16903116419904332,0.2628184021940012,0.24683961538309912,0.5308906776346326,0.6496448484329461,-0.16103947331222127,1,-1.1078779560799605,-0.12382777319982952,-0.132307590771144,-0.6645774201895526,-0.8612426234051307,0.21023421192385056,-0.8430765594826679,-0.24071177722812823,0.1646432552618244,1.0,-0.7496100451260156,-0.33224104191780574,2.0896942798987257,-0.7418216305164482
synthetic_cell_00650,0,10,2,3,7,0.22949443452951016,0.17815126446926532,0.011161973934866183,0.3703922496723123,-0.33223939795680973,0.36608170879172147,1,0.05923161915851549,0.45744784850825904,1.1640828305475637,-0.591949494974049,0.4205434161427351,-0.10171465610289729,-0.2773652523637343,1.0096221061054897,-1.4627729755595378,1.0,0.6127505961058277,0.8418114889469523,-0.6163917526575783,0.6158571904882825
synthetic_cell_00651,0,8,0,1,7,0.46850241969231154,0.2685624982689459,-0.17659004510965112,0.4148989392775856,0.9449476390279398,-0.6121595986965668,0,-1.3797990795724013,-1.0151990382953537,-1.356427276789221,0.4375092292622968,-0.6516315612042058,0.6882611274090928,-0.06874867255277323,-1.462073656531308,1.6005154023566328,0.0,-1.3670000319510618,-1.6032497601400064,1.4746629780622442,-1.3671136611539794
synthetic_cell_00652,0,10,1,3,14,0.4597645109049448,0.27596413939499587,0.0553766348751749,0.5224240025027903,0.3510383536327929,-0.8658536867545353,1,-0.05469445527641503,0.1781465324815733,1.1560867728802786,0.03584536504451342,0.7889549870816025,-0.3569527958779958,0.16632984718015265,0.6789375579461489,-0.33202158124531955,1.0,0.6901923677689635,0.4543838187340281,-0.4248894045756767,0.6930328296443399
synthetic_cell_00653,0,1,2,0,7,0.6223505848341051,0.2805450680736333,0.0323917433216246,0.9384183052307904,-0.31177275202368393,-0.7595968303406956,0,-0.8756333807902702,-1.041409421015236,-1.293270858593735,0.3337415380801594,-1.0544595871847262,0.7937943345500147,0.2665082931957725,-1.632461855302046,1.749293963111899,0.0,-1.2653609252381954,-1.3237542327242269,-1.3124616603922776,-1.2658238422957913
synthetic_cell_00654,0,8,3,3,7,0.29517661978110615,0.2847758061467246,0.14145233731688328,-0.6752006833319731,-1.2865637129874838,0.041339592107054124,0,-0.32305801331171013,-0.8841490528514511,-0.38826350871254467,-0.13298198493670943,-0.8311726773778667,-0.07643320650503116,-1.2757644419458534,-0.751047329831074,0.20438182575804217,0.0,-0.8796722769081213,-0.5464079913089083,0.10715616307771927,-0.8814606322237447
synthetic_cell_00655,0,3,3,0,21,0.7015475109552548,0.6089225134044036,0.12452762659982385,1.5609598954975807,0.4950411310791386,0.28852322941379493,0,0.6231956506634758,0.3431974386255918,-0.27435097346451254,0.12868146363373875,0.1402162473856261,-0.503651937302809,0.5849202133395371,0.11645100729941216,-0.1142697870711694,0.0,0.5834278671672349,0.33656447708850135,-0.466464224380586,0.5766114953033431
synthetic_cell_00656,0,4,2,1,21,0.3927546219905023,0.46263187332385614,0.014101318392709991,0.35723504120646826,-0.44713094932180714,-0.6725254053071271,1,1.1998809740368686,0.3969204888032113,0.7862931444486221,-0.40776513229119227,1.8458765400758304,-0.7585145499781595,0.8485674098295279,1.2904058012406705,-0.825648425139356,1.0,1.7449048064021824,1.158018474561011,2.1487559272877026,1.7441206964281288
synthetic_cell_00657,0,4,0,1,7,0.4023415671095369,0.2697799778211354,-0.1465011570200665,-0.018512002364722016,1.2505252851377393,-1.6507397153000423,1,-0.0998997945175419,0.29379231512083465,-0.24970700311544508,-0.5621752202604329,-0.3870741237587846,0.4032746133752079,0.3653597843837352,-0.003994647957170803,0.1308476572610316,1.0,0.014541229993928663,0.23024507296693,0.9493038452098737,0.01970360067052121
synthetic_cell_00658,0,7,7,1,7,0.1913859865404379,0.1710290702549706,0.2871596198725256,-0.9242173419862633,-0.7514788386946021,0.37038519568612605,1,-0.10330909609975258,-0.07946071021429879,-0.2379403917118198,-1.2168596143421824,0.16265208550856824,-0.3836706056089935,-0.3537639083620809,1.5764135728950825,-2.39733848472463,1.0,0.251885466898668,0.3087309405210597,1.163229318725612,0.25623219227878125
synthetic_cell_00659,0,0,0,2,7,0.23421702534187538,0.1391929748926736,-0.062196542768042595,-0.1433584312350497,-0.3748819874025537,0.5247674623387157,1,1.9087675123099284,1.7368290656622578,1.200477352491933,-1.1575249462361232,0.19173277178433246,-0.11972481494138365,1.24612821979779,1.4151154777219652,-1.4174988702632283,1.0,1.915220732268449,2.4268680357989303,-0.9899997634771546,1.9138513231286773
synthetic_cell_00660,0,6,4,0,14,0.3010116277242325,-0.041055833970469024,-0.015841505448976896,-0.5238812906195589,0.6790780581835042,-0.27350338202869423,0,-1.0677645751777798,-0.05361103165890557,-0.2920902652632868,0.5502615288575692,-0.11355932370665184,-0.3596846505748613,0.5656936732993195,-1.1257892931535367,1.1909078597060005,0.0,-0.22290065052519192,-0.7601689419624441,-0.8878085733984391,-0.22694603426040688
synthetic_cell_00661,0,4,3,3,14,0.08140544196568748,0.17660690215154468,-0.051143130759568375,-0.8446013599315831,0.8457727185026982,0.5912480437447278,1,1.521156105841754,2.0856016434282436,2.2974416792065018,-1.2476076265264286,0.8234908669852482,-1.3352235647453599,1.0210010368594546,2.2233221980691487,-2.1226157686281657,1.0,2.5985721791378324,2.7782121885097615,-0.5472577340735645,2.594854398700952
synthetic_cell_00662,0,0,5,2,7,0.423919870328537,0.5030539753939742,0.027709097906482474,0.7727455242748936,-0.39740629241170033,-0.36949231289594353,0,0.1853840218554627,-0.5966118653190552,0.5111593072356914,0.9951002296538811,-0.02561672164066975,0.20698632656332888,-0.061246501259740294,-0.2068193944624425,-0.029232809591189145,0.0,-0.2093810531383778,-0.2935872463521837,-1.0595642497780748,-0.21347289764366517
synthetic_cell_00663,0,8,7,0,21,0.2645927606874448,0.19691732101469217,0.22951722213065212,0.37033594235212397,-0.6528256177922022,0.4574463822159085,1,0.7554106990510665,0.47118299425799837,-0.2414846811784035,-0.4108412193922169,0.5860257520601604,0.234870933698905,-0.06741746658742909,0.21804838513529232,-0.41963558446717436,1.0,0.5300411224392665,0.648341799303585,0.28393070605901977,0.5334319520492128
synthetic_cell_00664,0,11,0,3,7,0.4645975509565679,0.2818208052850841,-0.14225925445346724,-0.5271113768336321,0.1671110914888283,0.6054412328911118,0,0.2858484945458564,0.9953074184678281,0.6556157688200711,1.0143338534715831,0.3912482143608778,0.6041984684338632,-0.49361157093300634,-0.23263800215226405,0.42055060649799014,0.0,0.16269873389882297,0.44031301301217945,-0.8216070813622264,0.1573282186654416
synthetic_cell_00665,0,9,3,3,7,0.41877063456707697,0.13928600626881976,0.09171963383050968,-0.09472430472563084,-0.2969799557862568,0.6721252865401586,1,0.6300322739428056,1.0828203627443767,0.2878408244580156,-0.43558080331800436,0.1760504129065656,-0.4824646969165838,-0.022985079277730983,0.7033322051362859,-1.4906051889847152,1.0,0.837913643267234,1.0200856073252678,-0.7307808946008375,0.8402464536187252
synthetic_cell_00666,0,7,1,2,14,0.38186755323867017,0.23870309238153367,0.15753393606904795,-0.9770223621388687,0.10824702143316939,-0.308478756879488,0,-0.8374249560815378,-0.15165711127273923,-0.39353681249641503,-0.8149570329988387,-0.7762270243281999,1.214940712587698,-0.732234392644794,-0.20347410758793685,0.331531288238747,0.0,-0.9250340901259775,-0.251160860307609,-0.8613351426714644,-0.9266665573101954
synthetic_cell_00667,0,2,0,1,14,0.4402159288765065,0.3595159099261508,-0.1258116192862116,0.09746689791301802,0.41841267518204217,1.1508213774485243,1,0.263860658182351,-0.2262140898938132,0.8288469895494821,-0.6774861003095116,0.630941105353199,0.028245148153031252,0.7135778354722868,0.30144677827390287,-0.005817111919438172,1.0,0.730526247930869,0.5791696503730368,1.1288386498680851,0.733228100417318
synthetic_cell_00668,0,3,2,1,7,0.11450605690906573,0.11447217169749906,-0.02112266912387491,1.0943715557430027,0.4541956537694338,0.7246021761289412,1,-0.5737557434879866,-0.25216326423247004,-0.06620270527392852,0.6480867863276871,0.5667366093372919,-0.47394353689459023,-0.4342217377946215,-0.5947564268144163,0.643727888195493,1.0,-0.10949402978733357,-0.5725370370194459,1.272641328537359,-0.1039054057600908
synthetic_cell_00669,0,2,1,2,14,0.2887442889678808,0.3805198538580024,0.14461951951760094,0.18599954891423529,-0.4553818680299675,0.5889217110017724,1,-0.04653676908207638,-0.43573886966735875,0.6285482741116948,0.11537796021266475,0.35051960782771696,-0.29244094494444567,0.2629441021989291,0.7992947255766936,-0.6405981414968789,1.0,0.28800980677639754,0.008960412103897518,-0.5234756199107554,0.2922323890625223
synthetic_cell_00670,0,8,3,0,14,0.08192763018244134,-0.08802886765597837,0.05885416100796835,0.18700241206304188,-0.03925772480219556,-1.2418034489698513,0,-0.5334005803433468,0.0006971716425575591,-0.808247297011689,0.6718149032342058,-1.1993757479592866,0.16810265437316543,0.23322505033171564,-0.46680709561156586,0.2505772423055553,0.0,-0.7465092961786668,-0.7013150325577668,-0.5824315445738524,-0.7487552727127936
synthetic_cell_00671,0,6,4,2,14,0.24915692807382964,0.30417533734384106,-0.056135368762288154,1.2271067894758312,0.40059541537518495,1.0660872480160444,1,0.43923012126821126,1.452923365156045,0.6359954589720354,-0.9743497621372441,0.9355435871855997,-0.28841617209074394,1.5232405325054477,1.1775256746038307,-1.0956353281531677,1.0,1.6188919235561265,1.3832536878287403,-0.23614650177221122,1.6185408631329263
synthetic_cell_00672,0,8,1,0,14,0.5429838967752877,0.2665600310237566,0.14480488111015616,-0.024135790302569682,-0.45533293725440044,0.9130549907799468,0,1.2316476486783103,0.6887204222049049,-0.9651912729892959,-0.5626453031561883,-0.40275282848157623,0.7624492987557301,-0.5823605725489603,-0.04919566407293605,-0.05406451952468055,0.0,0.026071180570462343,0.7741101874940125,-1.5406638985714645,0.021170192731952905
synthetic_cell_00673,0,7,1,1,14,0.6660002295379311,0.4479301959184792,0.11220918341771487,0.48248344424995726,-1.2755992817695556,0.37963231419175114,0,-0.4903503809645116,-0.3043575375981226,0.12901636073993467,1.4696394937975745,-0.4940113864664487,0.07852862838070296,-0.3359665314629511,-1.138803712803319,0.9955301686803624,0.0,-0.6758844275313298,-0.7774915607074746,1.1408400848613887,-0.6783731099456496
synthetic_cell_00674,0,5,7,1,14,0.16241181464097823,-0.09660274971983462,0.19436512719907073,-0.0059176075727496655,1.394781128166281,-0.017206168003917575,1,-0.303775505865139,0.38265230782001325,-0.6266518688999649,-0.4648239072192896,-0.2605827306088611,-0.6548572584881986,0.3991909935961979,0.35062182652463675,-1.1070031772102207,1.0,0.230823657082514,0.015157920548616225,2.074672240063615,0.2352427624215255
synthetic_cell_00675,0,6,5,0,21,0.5272807047824939,0.48458423894626135,-0.053473435338730224,1.180156445654383,0.9607346307080292,0.9138198820497953,0,0.6136245249738332,0.20591309627230583,-0.03324194733135609,0.6770109667616462,-0.32579301785374915,0.24036706649941958,-0.3845139487195115,-0.08200826514591619,0.14801582967020271,0.0,-0.1093018995802778,0.16406434174793127,-1.0852360014403397,-0.11373767108349794
synthetic_cell_00676,0,6,0,1,7,0.027098299439096266,0.05630016953630797,-0.1397232602988497,0.1041927155726998,0.6102026630945723,1.081158542409433,0,0.04629886453981846,-0.6910454887311188,-0.4474444364768008,-0.16094559760049493,-0.3080621781050126,0.6032021182314685,-0.09078914140169286,-0.8427622898589892,1.040263655826649,0.0,-0.4525019635683571,-0.3064791702596102,1.5843430292373315,-0.4557583109507565
synthetic_cell_00677,0,10,0,3,21,0.06670788407901213,0.20775512751723188,-0.07683423196480961,-0.2504215202175478,0.47997541893043905,-0.4246216880912509,1,-0.3375511770687139,-0.253327811376728,0.29665317507381933,0.29010751582876354,0.593203331085026,-0.0777774479516038,-0.042890014599097914,0.28015152556464523,0.10910752346650122,1.0,0.09216415299192621,-0.22070003724516776,1.2069584094560204,0.09705976862585175
synthetic_cell_00678,0,2,0,0,7,0.12211232833874945,0.08787208647603356,-0.17839918385479483,-0.2587448829710727,0.11009941514633186,-0.6202454763343478,0,0.04494564517663119,-0.020397906465759105,-0.437433523332857,1.4201465254059618,0.16452884142102653,-0.36191406046446684,-0.32519670598145645,-0.10120799853832396,0.34860453385661344,0.0,-0.21159660467431357,-0.581724166774176,-0.15260481029092543,-0.21568083532635152
synthetic_cell_00679,0,7,0,2,14,0.29797056373787534,0.4521329032312352,-0.1462294627123763,0.5429725977886212,0.1574081637593791,-1.1413629562386114,0,-0.7995410982290196,-0.7684977915338009,-0.7869905271426492,-0.055529348979980964,-0.35285990624725794,-0.36671623290052047,-1.0865030753026788,-0.47928245097217986,-0.17380122232451037,0.0,-0.8016173805439178,-0.8769987791230435,-0.9704351947689955,-0.8036739754002055
synthetic_cell_00680,0,7,4,2,7,0.4061825003391632,0.3978206131322908,-0.08231332452171375,0.49767974921490044,1.6120509103025293,-0.5994755972707652,0,-1.5187764703669506,-1.2944909727742477,-0.519928516044285,0.05342807050103815,-0.9399271889750764,-0.06168355933860692,-0.6709098883979601,-0.5987077566751886,0.27855777200420545,0.0,-1.2821749100469044,-1.3746223644403992,0.032635063751863806,-1.2825800450079003
synthetic_cell_00681,0,11,4,1,14,0.120673074781648,0.20870114530197564,-0.08664655371062335,0.5580140861666018,-0.11692994032286422,-0.3280163253243952,1,1.4322309118431988,0.535462715907717,-0.017385658502153456,-0.2494505453659342,0.8459802694062561,-0.09896312792428391,0.04841954819361538,0.9468453705428566,-0.9767447976476673,1.0,0.9637901006574607,1.0047204518361343,1.291195891276522,0.9656903302909755
synthetic_cell_00682,0,3,2,2,21,0.10609686125698026,0.4433820866478149,-0.1232471612926558,0.7568998259842553,0.0021874144929387995,0.05624929339113341,1,2.2404238429934136,0.9954914531441674,1.5824043362622613,-1.221081311663545,1.4522801368999123,-0.498209350859548,1.3788861876011356,1.6001317609480383,-1.974753062969258,1.0,2.4448844999732513,2.4258011589477433,0.2190819692008242,2.4416948749037486
synthetic_cell_00683,0,4,7,3,21,0.27337177497202464,0.309459562394465,0.20077693912934083,-0.5533676084083371,1.1372966588791324,0.16547145041599498,0,0.3896253450802991,0.1810828417395891,-0.716812188242412,0.8715574040026017,0.0038827295001970796,0.7478791570768096,-0.49334746076360747,-0.9513364585311579,0.7455048434020898,0.0,-0.41396802878245975,-0.24036775925681483,0.7764841469076809,-0.41735679995181446
synthetic_cell_00684,0,1,3,1,7,0.07702478092168699,0.018740577297119726,-0.0030688886317261077,0.10432889662149855,0.7229038456225619,0.3938869995372316,1,0.8150083408903859,-0.3302127524304268,-0.4722703934078273,0.773885862097908,-0.5882114396790217,-0.2542622275519589,0.40982074164913057,0.467612609498372,-0.270324020284401,1.0,-0.03262874492559184,-0.13746923903676175,1.3399576504194473,-0.02730427227980932
synthetic_cell_00685,0,10,3,3,21,0.298918119205623,0.15309034093995205,0.017123871502418286,0.9944402633558113,0.17899224958465274,-0.20565808371741473,1,0.6200591985794576,0.18625957732801982,-0.1647658544072796,0.9195680812361541,0.3151276389239586,-0.5285680293915247,1.3095952413282674,0.6067951583881491,-0.8243540240638347,1.0,0.6631681792697972,0.031724514567317896,0.46833611561896543,0.6661015111155086
synthetic_cell_00686,0,2,3,1,14,0.19577607886831289,0.018836289437950626,0.06391856657556906,0.04938552425666026,-0.14468535919416714,0.06744549437243116,1,0.4302460389996695,0.6882552407684225,0.6916181975912891,-0.4568700659189964,0.8164736196625594,-1.3502734326172656,0.7024621197796274,1.2539715655758386,-0.6501747263920791,1.0,1.3871631418276336,0.906304739855127,1.2461406482333748,1.387608428909393
synthetic_cell_00687,0,2,0,2,14,0.1259341108998565,0.23160963937379137,-0.21899493335150205,0.2545889026799255,-0.42444976018345615,0.6148360359593436,0,-0.6686376605466775,0.24506425430979006,-0.1779711910165872,0.57050539161472,-0.3904691968831042,-0.6692813709175619,-0.6259636955515724,-0.5051320855278479,0.6272421987880707,0.0,-0.3130816557792725,-0.4238238967997172,-1.1090332747365228,-0.3168171279964051
synthetic_cell_00688,0,1,7,2,14,0.4102747029607454,0.4661922796613908,0.2282283414820556,-1.8508512547339566,-0.15165637309025282,-0.5901766093018916,0,-0.569416957549073,-0.696368169471038,0.20181668687548582,1.3002942997971623,-0.8332891415649385,0.5921400387560851,-0.10324127220209173,-0.9994033279240714,1.1569070562483008,0.0,-0.9457708147969615,-0.8907226155479778,-0.613678841209771,-0.9473320191935809
synthetic_cell_00689,0,4,1,2,21,0.5120968223283145,0.7261049556401434,0.12679696396599513,-1.2363508905170233,0.13966900559481632,-0.6146035818420662,0,-0.41549051690140304,-1.8161671546270943,0.5129198888679165,0.9531768035806442,-1.2656419918662307,1.0065774700847432,-1.1609254555802988,-1.6036094437889075,1.5618169338344086,0.0,-1.5829546490125708,-1.0522648993907266,0.3869077574217706,-1.5823261394133994
synthetic_cell_00690,0,1,2,2,14,0.18416617223126575,0.34850048278539614,0.04977013595834767,-0.4315181983051952,0.5150050779700056,-0.3728649168969152,1,0.241673397584045,-0.6639576298199455,-0.11187327670744107,0.037910543102801564,0.10115611176015771,0.857650178022599,0.010581927115535156,0.28004256638537595,-0.12842952786334394,1.0,-0.2766636125725383,-0.16481846730119995,-0.9547874319783677,-0.27050050194435116
synthetic_cell_00691,0,0,5,0,7,0.06304985213698323,0.08559817158485075,-0.003104980291253237,-0.4053031272317874,-0.18503083495169487,0.45088289732968134,1,0.6792082292861046,0.943314282844046,0.5844038806517209,-0.12253690342109812,0.6241767821612214,-0.31340425639326425,0.16480447554654049,0.8575064890576778,-1.1754744186786694,1.0,0.9574781763019901,0.9738774157840793,-0.3287252346041507,0.9594000971780621
synthetic_cell_00692,0,8,2,0,7,0.13678980418332234,0.14533923444442404,0.035421122314846336,-1.5500023987045206,0.36680051393452806,-0.03370310550295366,0,-0.6955729361769022,-0.4908093294659356,0.3162452985367663,1.1911969973921068,-0.3373221591610732,0.055423033776933917,0.10001998412819979,-0.8058168241993139,0.4748435089858793,0.0,-0.5307246173967277,-0.7902964760701083,0.17903393687796307,-0.5337121487315781
synthetic_cell_00693,0,3,6,3,14,0.19074208176687618,0.027762951810045414,0.03486356912907988,0.14723763779832702,0.710222756307627,0.31367200562653086,0,0.8937666873242751,0.44080654449426326,0.15541408050531644,0.9679895443260129,-0.7137812144384728,0.16918087985674207,-0.22280196478256614,-0.29940545872586943,-0.011344379085375366,0.0,-0.04550082007445081,0.34944923654453547,-0.8001771429931155,-0.050155847166464165
synthetic_cell_00694,0,7,0,1,7,0.1637964174876096,0.05014255494137897,-0.11702839742587565,0.5187400645640624,0.8736447455541732,-0.21493175760817523,1,0.8359540991580698,1.121919755352891,1.6635645772878553,0.26046858733299905,1.069765973347039,-0.9430072541049224,0.8177343781108374,2.1174831202689695,-2.304624629700657,1.0,1.6672443485594375,1.33759313016195,1.3103728751776322,1.6667271226184153
synthetic_cell_00695,0,8,2,0,14,0.6241125010404512,0.42811398408261736,0.024692147114388018,0.4857172021833284,0.06394453317426796,-0.22629715801942846,1,1.8742424569552294,1.3443388207740103,1.8504174243899159,-0.07704843703290781,0.8543651641467145,-0.12710195033196442,0.4980531935892705,2.0599672472768567,-1.5655482975361203,1.0,1.7517407926195854,2.0871456220427893,-0.9812876619340302,1.7509331904382732
synthetic_cell_00696,0,4,2,0,14,0.544973287162917,0.19762392175272392,0.05566972455002851,0.7144802010626985,-0.08507044376034868,-2.0874346129186754,0,-0.9330871515899768,-1.6717315398849455,-1.498569499121269,2.1710372155928632,-1.7992614638941695,0.6852781959729366,-1.0209263939196234,-1.6394367833354302,1.1830542419177597,0.0,-2.3517124648932675,-2.3131082241429204,-0.8846109285546578,-2.348442080754263
synthetic_cell_00697,0,8,1,2,21,0.3094290515384125,0.526400038973563,0.04651467577987381,0.7917999142825292,0.45760058642862544,-0.3272172935421888,0,-0.6168797623852031,-0.25272882677492503,-1.215457112759708,0.36857230657470313,-0.24857042129338738,0.014790783404909247,-0.31483850830376675,-0.82373445486407,1.1778796214399232,0.0,-0.6544172175834457,-0.8701740455420672,0.01163122356796672,-0.6569796731344166
synthetic_cell_00698,0,8,4,3,14,0.4055875038408979,0.20797558301725794,-0.15499679567236668,0.5495190632498481,-0.6535562342933737,-0.3450457221504209,0,0.8377694198118542,0.4438000331452194,1.0194551962861613,0.21432424751637047,0.7008369388744549,0.0380556538289438,0.40083812656871803,0.39147241128778293,-0.24438332046794176,0.0,0.8835716375998535,0.8688691587256697,-1.3543859925335215,0.8757238067133474
synthetic_cell_00699,0,8,0,0,21,0.10053378452877158,0.22926588797023428,-0.12958995542081786,-0.265483207926414,-0.11345290348887346,0.8222038147185341,1,0.7114035224602832,0.5925303084007312,0.7959159166639014,-0.5129296994839347,0.9965349557747141,-0.3134652067332253,0.44116174525490665,0.9478724686052691,-0.7207087693665979,1.0,1.1770303484995903,1.0511025566616459,0.34748848117552616,1.1781977673960897
synthetic_cell_00700,0,5,2,1,7,0.5339415690553114,0.14415510091372016,0.0029489868436094573,-0.9114462583244999,-1.0530112609297206,1.129581050447652,1,-0.4782130675605648,-1.1736581319830617,0.13011674250898558,-0.38678816537905325,-0.3727638333954961,-0.06533094650951549,0.15606285496255826,-0.15395050107045422,0.3097254159257515,1.0,-0.3495573487436813,-0.478509979490692,0.9339522385520163,-0.34314373515900287
synthetic_cell_00701,0,2,4,1,14,0.5849748342536202,0.41006039679768574,-0.0319057702698356,1.4806724499571604,-0.07775375696088205,-0.10852736351993708,0,-1.3058503338718928,-1.1836627767774104,-0.7655623408276419,0.1386012677900954,-0.6866429330096275,1.2715786988012572,-1.2221035143643206,-1.5446233752046326,1.2778109746036501,0.0,-1.6857732946806245,-1.3407449662185067,0.8140046971179351,-1.6847914436823817
synthetic_cell_00702,0,11,4,3,7,0.3838972154150616,0.35225424572094743,-0.03513809741026966,0.059820997426224376,-0.35515943714436726,-0.5791102361975675,0,-0.24149365301378395,-0.17723662939480492,-0.6980061322365156,0.19035467496093325,-0.999574694055577,-0.4543333437334995,-0.8584657766383819,-0.7960900410990893,0.739481415963784,0.0,-0.6356571946637436,-0.4349136228541883,-1.0642386400089352,-0.6382841199682499
synthetic_cell_00703,0,9,7,0,7,0.5160193562193791,0.28364366477599073,0.16895155279597465,0.2588097598954995,0.2663490298738999,-1.0454579238758492,0,0.8791123597311542,-0.10556397015000074,0.4431988643552372,-0.14622977697186268,0.9176733815840481,0.5689710618631633,0.017735387630713195,0.07826974571637685,0.11286674423488884,0.0,0.5342900305598522,0.6023589216239318,-1.271460660676747,0.5276425233198951
synthetic_cell_00704,0,7,6,1,7,0.34510145597953873,0.2943359482530165,0.143348606482835,0.7413399098849827,-0.03626198416423829,0.6961347680598596,1,2.2468500923782178,1.467971678040335,1.6250209220724585,-1.4646138141373635,1.4307516687138346,-0.6534078246234345,0.8604533026290688,2.2273656197479768,-1.68878758097557,1.0,2.5260186944007756,2.719478736038151,0.9691558726869487,2.522550247629379
synthetic_cell_00705,0,5,1,3,7,0.4993695393802722,0.2914880233943935,0.14497317264075385,-0.12020921555704428,0.2802909743442967,-0.9411047321180779,1,0.4245766317238258,0.6837674424256657,-0.06515229228217251,0.7734946415386404,0.3751154989513323,0.09299526409265502,-0.39324559633877415,0.4422756151311509,0.08326467815691792,1.0,0.19314649106008705,0.22674643699857977,-0.5341726596304955,0.19769507585750726
synthetic_cell_00706,0,0,7,0,7,0.41845475250165204,0.22699884438791226,0.28750570416540183,1.5371332901076449,0.34343640611469206,-1.477536605441129,0,0.1820990586170752,1.0955588239872576,1.0522780720523388,-0.37425969581139884,0.06832400268370092,0.49031214381779764,-0.4751109369044717,0.38476808085805064,-0.4982899916588603,0.0,0.42432531890655933,1.0457912751000544,-0.9240173739266729,0.41805571087750526
synthetic_cell_00707,0,3,0,2,14,0.22496459618067993,0.25488965699215566,-0.16429798872183296,-0.03326439920050181,0.5887465944125209,0.032276850096923465,0,-0.36638330093333554,-0.6925200338597687,-0.8090466070183664,-0.48416263336773846,0.5137878720769313,0.5832797893456225,-0.981833203612118,-0.4308605805463876,0.15920695871955437,0.0,-0.5453181076848761,-0.5035364740270635,-0.7792951559207983,-0.5482554877631889
synthetic_cell_00708,0,1,5,1,7,0.20683892359209682,0.10321967411073149,-0.05821315027472414,-0.4633040861805603,0.7094826826262701,-1.8059736568809441,1,0.6579893971564739,0.6811910799004242,-0.30106873738745177,0.27138207969745975,-0.5606044520707121,0.5328047074467903,-0.5508371208207803,-0.017493971543216056,0.01573398710424698,1.0,-0.14900822847817163,0.4316468432578898,1.2862443126746543,-0.14328381193821974
synthetic_cell_00709,0,6,1,1,14,0.12425428064242035,-0.03670794121793543,0.15218486076164825,0.22105241202146805,0.09194410376234464,0.4923808729447037,1,0.04875480110705216,-0.4450190841716526,-0.24576018187575235,0.11298141801580894,-0.23590682986837977,0.6773593757030604,0.07337242055537126,-0.3807156307678838,0.6355775393094548,1.0,-0.3570469625414454,-0.23495331013035042,1.4230105892868947,-0.35060761052575956
synthetic_cell_00710,0,7,2,2,21,0.066254520374412,0.3757909277996584,0.09356922468120989,-0.6214636194463403,-1.1085689058440462,-0.2312064856612389,0,-0.1668901689105461,0.5774574480123242,0.5642321343038784,0.2772872381509768,0.6559016356627848,0.6463305154447084,-0.32157551899276227,-0.9748887921724647,0.8558507942462185,0.0,0.15573533839395087,0.2876736158108566,-0.04734840779326418,0.1503887532161931
synthetic_cell_00711,0,5,5,2,7,0.3961913442809928,0.45315039877978147,0.06718983000856163,-0.6942252232371908,0.8275908304881519,0.13545117364381157,0,-0.221367543886546,-0.5527051968879724,-0.4848603367772123,-0.29803951759707675,0.5012281873916438,-0.10875494664993401,-1.1536851636838743,-0.5489167857098908,0.6507555863322582,0.0,-0.29314032977800214,-0.3386576040597195,-1.0449052306903577,-0.2969443313555717
synthetic_cell_00712,0,10,2,0,21,0.38932844736322014,0.36000682102626386,0.0683954534839936,0.09184001252466871,-0.46578561023869347,-0.28788630254776126,0,-0.25390127768987353,-0.11478201331388094,-0.0717655919703693,0.6703927819290085,0.47447509858865355,0.3047893295524726,-1.361345926788114,-0.3930946316267803,0.3776619089132405,0.0,-0.4663762938835896,-0.3781910428608791,-0.35777608384573845,-0.46958496143853246
synthetic_cell_00713,0,0,1,2,14,0.3830167474277621,0.2643087477972771,0.10132564155828021,0.7534899917180979,-0.3572848923307128,0.1531352979347458,1,-0.23737516152221327,-0.08410322211481125,0.7586491309782583,-0.29088555529065974,-0.7032086551661343,-0.1731752573368362,1.2889386004413388,0.5255110087872579,-0.6762532875031668,1.0,0.31576148299961093,0.2473723621162231,-0.8122159894625275,0.31988869526758795
synthetic_cell_00714,0,7,3,2,14,0.45714923734838064,0.3538900462369506,-0.07504980773733812,-1.1338420347647518,1.309895932575221,-0.8205803259905109,0,-0.27449178471009833,-0.9408644856789228,-0.17919896943979263,1.2829857193870664,-1.6420212328334578,0.39615419225110926,-0.5444520674888886,-0.942730480690884,0.8740603172152559,0.0,-1.3030466393917328,-0.9717558114374512,-0.8806536157712849,-1.3033800476148414
synthetic_cell_00715,0,8,5,1,14,0.3654624988078238,0.10273947553120562,-0.08665203249638383,2.0741115190576735,-0.0915671515786818,-0.02131504705043727,1,0.7320360524565438,1.0704004704808932,0.3600461274679329,-0.5762581134450141,1.0699981094108704,-0.6826320701251313,0.27517640406423866,1.3760019624112274,-1.4258270731895388,1.0,1.3176865604825758,1.1347859400495173,1.2480169705066861,1.3183706072979973
synthetic_cell_00716,0,8,4,0,7,0.44217458161568896,0.27504674357158204,-0.06619151127580084,0.9658333610268479,-0.06814272806686278,0.08527635286832277,1,0.6052043232027353,1.0337834127996162,0.7124899751987123,0.25673087999668054,-0.5812550225668885,-0.7723864598270752,-0.14217294161979616,0.6649234307344235,-0.1912718669552554,1.0,0.5840226473948442,0.8861095389232704,-0.6043190708813578,0.5872279668044965
synthetic_cell_00717,0,2,5,0,21,0.5078580057315676,0.5129979113303758,0.04228983905229436,-0.09966640013930986,0.010422308787203322,-0.7884954213846405,0,-0.6877386767701973,-0.5814247809795462,-0.3782862207241792,0.7892334953294501,-0.4388730224104889,0.8994585940275411,-0.6179535396678834,-0.8176778199830276,0.8508610434610526,0.0,-1.0601114461827434,-0.9100308673883536,0.14316664061129203,-1.0612797133022562
synthetic_cell_00718,0,8,5,1,14,0.11980581807265638,-0.03002475951691644,-0.08831895588387555,1.0801247257999322,-0.6121270193891807,1.0921264819219618,1,0.8995701544969563,-0.0022529996949751108,0.9445012854765764,0.5792358483889057,-0.7837624670347211,0.7085506652370159,0.423870380568989,0.029899829031045,-0.4286853686341219,1.0,0.05679493833076065,0.564719266059137,1.370228543697055,0.06181210203324169
synthetic_cell_00719,0,1,1,1,14,0.30800227884588705,0.10192138074795169,0.041483626290232875,0.22463347958210922,0.03526036295937454,-0.5664218460762354,1,-0.9127904775597305,0.6089299753119259,-0.1409508653510287,0.2472715771972214,0.08214240494146335,-0.03339159496903821,0.8535003724124771,0.42122239824905633,-0.4915468805223207,1.0,0.12051871950549513,-0.2643838894296193,1.0763254434029177,0.12531689325874934
synthetic_cell_00720,0,9,4,2,7,0.3877983539652015,0.3890868978794275,-0.013928444415227316,1.054623225823612,0.8754347563260909,-1.51091804991448,0,1.126073281454376,0.2072604165651757,0.21698250636673927,0.5125528147207516,0.3383603548777747,-0.21083710959683555,-0.6345185876225049,0.3792843462851266,-0.5749837964656989,0.0,0.3924760568482649,0.5407230747349682,-0.8761424715485117,0.3863159003952548
synthetic_cell_00721,0,3,1,3,21,0.5356194853452969,0.3742304432173611,0.131268543471474,0.3193220955378763,0.41371673374771223,-0.4979829706207966,1,0.008728757070197046,0.18461243553990553,0.623630606121029,0.07055487303099389,-0.19769081840955613,-0.5300857663704623,0.13435586616423473,0.3031482971052957,-0.20289795061454294,1.0,0.3313555605307361,0.30066829050969357,-0.42605242179718006,0.3354291829742579
synthetic_cell_00722,0,4,0,2,14,0.32950950500338855,0.29061140534085816,-0.18323108569072244,-1.0209359140071288,-1.2533102800849034,-0.5205534915991588,0,-0.5504914384930086,-1.3228363340505707,-0.9783463945582784,1.0418471220033807,-0.3844270076802522,1.5087829381379398,-0.7685395856442048,-1.0326282529511492,0.6553440366176555,0.0,-1.5619894210136498,-1.431418922997693,-0.7896734145785289,-1.5614329594651493
synthetic_cell_00723,0,4,3,3,14,0.14924907852188837,0.1773895963913652,0.07021981741326286,0.9891075182995659,0.08302942777826106,1.1507885385565442,1,-0.06172658074254736,-0.3620528536331743,0.5692598523050661,-0.7073631315515679,-0.2462099854167763,0.15192516129496564,0.5224939655232709,0.4502068908698302,-0.30598558293395245,1.0,0.19613325766090392,0.29897140564734875,-0.6089763565933017,0.20067157828607624
synthetic_cell_00724,0,4,0,3,14,0.635256274674382,0.3567336549260344,-0.11230616051854347,0.8105337160174506,-0.39427892521262725,0.398016218527098,0,-0.15250556074855726,-1.2487738122963798,-0.46899569533947405,0.597098575772611,0.35468635724919806,-0.14724206060237643,0.14151419588507297,-0.7826570798400653,0.46914822739039336,0.0,-0.32038416560943134,-0.8961269439856714,-1.4072502227351498,-0.3240945423876641
synthetic_cell_00725,0,8,5,2,14,0.22710899382368893,0.20169417921061375,-0.009679544162329776,0.43185909077941803,-0.11674015362221846,-1.04596575257658,0,-2.573868399490552,-1.4151480731717143,-1.9741627654889655,0.7396238536980001,-1.8770571157460192,2.300624738636616,-0.736675225223518,-2.6572935874288968,2.1302598063780684,0.0,-3.0010555263337984,-2.625257122307809,-0.7934574266317799,-2.9955536424087765
synthetic_cell_00726,0,5,1,1,14,0.41332466358081815,0.35554762293759834,0.0962621913520752,0.2816245358152552,0.2419906741526393,-0.34154944068772314,0,-0.21006161655731465,-0.4631978953909953,-0.7264882607274672,1.3112671505552973,0.03984348580539082,-0.09647583634507989,-0.6102101843620654,-0.6807676569856405,0.33268524022999413,0.0,-0.6209998332157447,-0.9361019612706071,1.4796870935179987,-0.623677129273212
synthetic_cell_00727,0,1,3,2,7,0.30291028741512344,0.34260199802786717,0.004012834070905552,0.1768804360292404,1.036380759229038,1.5246210898725814,0,0.4135627070756116,-0.2164689514119624,0.9547864617290907,-0.7625107865697525,0.4339194728715502,0.05737178390906091,0.6345767447473871,0.157522953162403,-0.41879446342106985,0.0,0.7267549904840452,0.7231091505966261,-0.033913453828054184,0.719446067819191
synthetic_cell_00728,0,5,6,1,7,0.13902647332197982,0.028302366145195178,-0.008090297627539858,0.7353311971691316,0.6009620935254183,-0.2961734972230756,1,1.4242862702955392,0.355240761972214,0.9094917785638493,-0.0048852483168309035,0.8708211393037509,-0.5210531973209164,0.43196129654347526,1.4547610591646332,-0.798584921220402,1.0,1.2707590841631196,1.144892461128679,1.4503835016846127,1.2716043995892086
synthetic_cell_00729,0,1,1,3,7,0.13029522024882828,0.014960977332493408,0.08550895027367042,-0.14119045082587103,0.467545464068304,0.871057697363423,1,-0.048800760583143976,0.5675078406093099,0.03026391643610521,-0.33232380762820923,0.5707000807088446,0.2470926163999264,0.07757038931511775,0.9407384641541056,-0.8265841991222853,1.0,0.38359904811682655,0.3764182134445881,-0.6930870904552902,0.38749313321207735
synthetic_cell_00730,0,10,4,0,14,0.19717050929350632,0.12624131142329223,-0.12251500960629821,0.9097882001713593,0.8315064233786943,0.7080554357508426,0,-0.849163024541344,-1.2086827885737979,-1.0930192278417934,1.1128794140141767,-0.22939220393436233,0.008420756727131051,0.40220277996923903,-1.3850626629185725,1.3350769802135747,0.0,-0.8918167446896059,-1.5854318421065179,-0.40836712062680014,-0.8935633649365653
synthetic_cell_00731,0,7,4,2,21,0.3571652127483985,0.5806114430987046,-0.11936517535818325,0.19760590386672183,-0.14612949164557243,-0.2892996024875015,0,0.05152056145823311,0.22547414454097134,0.41246801016297585,0.7994218071232536,-0.26415789848861243,0.4227169728621041,-0.06074533297237786,-0.6105902530392824,0.9787387123935082,0.0,-0.15670921579137678,0.014482868140322682,0.022823614580305053,-0.1609820696902322
synthetic_cell_00732,0,9,5,1,21,0.175370178399351,0.3160439499324145,0.019981327569197772,-0.4150703583324163,-0.6743252620901796,0.16902177056444187,1,0.4158823285498549,0.4896243624245935,0.544279322347983,0.21898163299323412,0.1803465910583414,0.05174002491970113,-0.5452646593743325,-0.3441763343461365,0.6244850635704964,1.0,0.27157384662170553,0.5355920455356633,2.5107044264063068,0.2758529119038707
synthetic_cell_00733,0,2,7,0,7,0.29145210606285904,0.21305775288335263,0.23175766806127698,1.5209720599588283,0.2963491149309342,-1.0745568861218098,1,0.6811646122349597,1.0026198981585392,0.7292699112693577,-0.5061227763263354,-0.12442191499678468,-0.04675312841122854,-0.009148628155666139,0.5679047419043026,-0.9758164036098783,1.0,0.7172483909100954,1.1796659143442612,-0.6465915606141556,0.7199958734138034
synthetic_cell_00734,0,7,4,2,7,0.32214468644421723,0.4736513614167982,-0.016241321530098857,-0.7492389534973117,0.284149163997157,-0.9244827282150502,0,-1.6491668055276154,-1.1404602129216308,-0.8451690992698765,-0.1957392586519261,-0.5975117708603297,0.26564027255154943,-0.5738716863096107,-1.857713127362322,1.8379205464305846,0.0,-1.2565923883497934,-1.3917025373012726,-0.8657636907904852,-1.2570854389213235
synthetic_cell_00735,0,2,0,2,14,0.26164928228251616,0.34286631645564086,-0.042504787636774455,0.34533525582898517,0.5232679476042679,0.013553308919231982,1,0.6131289472550824,0.09928447310910629,-0.33732031030207255,-0.258878711804453,0.4413223213045672,-0.039856239027729036,-0.23098382354189864,0.24169978691062965,-0.4547916352075755,1.0,0.33626878982895636,0.34716656250530487,-0.27130307323457953,0.34032552771517904
synthetic_cell_00736,0,9,1,3,7,0.1221082493187341,-0.04103623339385458,0.10899198716834313,0.7578358381444006,-0.6353932367209778,0.33842196061927876,0,-0.7129260766142749,-0.05469249622253802,-0.4426710539873495,1.188577027205877,-0.17993227510248183,0.9840867675018187,-1.9401949965119671,-0.6700135095483886,0.8797627532798531,0.0,-1.295395952710804,-0.8676442586861869,-1.046443129751517,-1.2957556528999092
synthetic_cell_00737,0,6,2,0,7,0.1866770152568871,0.07017286520380075,0.028312861644105358,0.27945207360318136,0.37276091623631397,1.0990439124642766,0,-1.0538988952266737,-0.6129829496193634,-0.5843830189351868,-0.09658591782742915,0.026789227834028928,-0.34812548558775924,-0.9172959660978433,-0.7483307614863391,1.0224329154933967,0.0,-0.633145079483986,-0.8512025910006565,-0.6725404790912269,-0.635780637797481
synthetic_cell_00738,0,6,1,0,14,0.43237491876623413,0.2530457833761426,0.0666362912558526,1.3778015855659194,0.3320272441194474,-0.37772222594605515,0,0.2951787985710088,-0.7980332651992605,-0.5945820726896679,1.2075481648358846,0.4100008095053418,0.12332979339196454,-0.4317579667945084,0.3736463428184621,-0.6589203572601497,0.0,-0.4128000744256003,-0.7591369494477521,-0.7325160231296824,-0.416192859328299
synthetic_cell_00739,0,9,0,2,7,0.7687058421856585,0.6057292210373185,-0.10028002421424562,-0.33363015249047706,1.45608424765851,-1.1478828894438526,0,0.47981363191538684,-0.009410062847429845,0.9299864192094487,-0.03937983300804554,-0.5861247185611017,0.42857966401393166,-0.70351124291689,-0.06732908397371407,0.21251143169052322,0.0,-0.10253662163651682,0.5780963691865841,-1.3149917155083806,-0.10699564235449004
synthetic_cell_00740,0,7,4,3,21,0.3590062516614337,0.4444057407607704,-0.06837046743338208,0.12355462533726723,0.1077849524030902,0.8008530920161943,0,-0.6793282369803171,-0.5472145858273694,0.10511256053216289,1.1165589631779302,-0.47078122593526034,0.32161419666400204,0.04643438703520181,-1.2728791185094026,1.33598176421992,0.0,-0.6970456556655582,-0.8485610854992279,-0.20649164510541762,-0.699461616464976
synthetic_cell_00741,0,2,7,3,7,0.24672820728127604,0.20115551563942624,0.23407507510314188,-0.925527734108443,0.5650823734976681,-0.13455916116566158,0,-0.07667847299009234,-1.389833363502019,-0.2547038980843469,1.7707682823042854,-0.07920530815599047,0.21129844442493817,0.003354865415813868,-1.122982198675265,0.6621505895866872,0.0,-0.7810794760421448,-1.2570732379840057,-0.37253501062324124,-0.7832066504306128
synthetic_cell_00742,0,3,2,2,7,0.1164537723268832,0.28065219242793793,0.09828922310512261,-0.10312400732171685,0.31617593635900054,-0.11907586617402044,0,-0.5770227852303833,-1.604322711729635,-0.4385331365093091,0.19620755885170832,-1.183458232587462,0.31183393264173515,-0.8219675006757767,-1.4234213105664826,1.3201499455864945,0.0,-1.3136791461393662,-1.087677538120619,0.09481820562589448,-1.3139760152232416
synthetic_cell_00743,0,6,1,0,7,0.36971117832414174,0.2838696249095835,0.13237385041116828,0.35204082009581306,0.8682724609329346,-1.05124954689196,0,-1.0476922397042496,-0.7304384512086705,-1.4529818725104997,0.9900923908323757,-1.651730868013945,1.0657317935600683,-0.49831838543679685,-1.562018213117371,1.5431486634048024,0.0,-1.845850106294961,-1.5576159605065067,-0.12084411095386917,-1.84431814335732
synthetic_cell_00744,0,9,1,3,7,0.12251868624107815,0.14626186889573412,0.11886064619629091,-0.3599705963967572,0.5553606051575111,-0.15849782965379797,0,-0.6520704354449176,-1.124811713588079,-0.04198850661577913,1.1079408573398146,-0.49949643831779866,-0.11027977756679802,0.6746073494756888,-0.5088749412436702,0.6601817963449587,0.0,-0.5928471847946701,-1.1156504718451816,-1.4326313018479018,-0.5956212288312228
synthetic_cell_00745,0,11,4,2,14,0.1235412685908231,0.4202567948249383,-0.1091305955597596,0.8961677664415069,0.13681440348693644,-0.73283363503566,0,0.641344821832371,-0.5868716337358334,0.31956723474711,0.05080765673873695,-0.624228375310373,0.22399772720596753,-0.4214497608127309,-0.06035596859173418,-0.02318723394181224,0.0,-0.21977263861174132,0.18775243488330456,-0.8658907069763967,-0.22382877191575898
synthetic_cell_00746,0,3,7,3,7,0.27862367427249185,0.13280838757689875,0.22208764411302107,-1.3561761013550209,-0.6455509707896949,-0.9282518364772386,0,0.6156782211538826,0.09209148469357337,0.019253172479612918,-0.08204398608368485,-0.5042157353461688,0.17222854106509805,-0.07505714211359926,-0.7216555449665488,0.26843912582687307,0.0,0.05320908919134138,0.4001323644460496,-0.37011838869325236,0.0482148405776323
synthetic_cell_00747,0,8,0,0,7,0.38531570532188814,0.23137824086965442,-0.17322331382043898,0.9051896818376541,-0.22064409804556048,-0.1975674175797664,0,-0.24178885681075477,0.10095154471141607,0.44281767653428555,-0.2141623120067582,-0.08141959461824214,-0.09066552584214632,0.18664496057260654,0.13973566514592728,0.16888546647940683,0.0,0.18104136034408103,0.19084003786239362,-1.3984679181989568,0.17560780976094667
synthetic_cell_00748,0,2,3,1,7,0.2351299546554202,0.2143176009353659,0.036246730604267474,0.33844214928841976,-1.1440561334148887,0.3152068563266625,0,-0.45571993094528085,-0.2839004100024712,0.07970260599341095,0.4594627263801883,-0.12386558727325975,0.5394964356487217,-0.8570763741731146,-0.5844549617018608,0.6324085305998983,0.0,-0.6277401609505184,-0.4175402134171584,1.107752177565678,-0.6303942935358691
synthetic_cell_00749,0,7,4,0,14,0.22482527111257392,0.04216372241265057,-0.0730735709380283,-0.3831654560478623,1.0898467683857769,-0.11012745644261797,0,-0.6834427456781526,-0.4412806958605013,-0.6401863416025884,0.9725277014960882,0.3309368532969016,0.7703750916558603,0.5305323045304606,-0.995090122799944,0.3887414319686321,0.0,-0.5376119917276233,-1.00029860255969,-0.2446397906436843,-0.5405758542574025
synthetic_cell_00750,0,8,3,3,14,0.3435292944017074,0.07957655723783719,0.10316179195251644,0.9514886470578616,-0.2915390857894233,-0.4649052313538081,0,-1.1908224765177025,-0.8002555932348271,-0.2600527021959659,1.368937598363569,0.2010845519038572,0.15213521874464608,-0.42071018036766505,-0.9807081100671904,0.8791353523799053,0.0,-0.8883035703715276,-1.3951583178181184,0.13727568450533334,-0.8900622638170851
synthetic_cell_00751,0,11,4,2,7,0.06236960519539395,0.1397819095316451,-0.12387827690015665,1.0819675910033295,-0.7210772311141787,-0.023099525776818935,0,0.018330544158341844,-0.1392172769952203,0.09004079590210017,0.00364851344886577,0.04905521085178663,-0.5260552120589197,0.17112732376437348,0.06974509151821695,-0.3724015536211823,0.0,0.24731269782533008,0.022804069684724648,-0.2415933355197156,0.24165140248878228
synthetic_cell_00752,0,8,0,1,14,0.434529986040307,0.20670679862347968,-0.0963754752767782,0.2751106499773032,0.03315580721826828,-0.8990673250000715,1,0.8073760045897334,0.341027732763685,-0.2602281546463025,0.15001375558458413,0.9271759824474091,0.1943453582348221,-0.09398829655651883,0.40544208530299874,0.43518879729090415,1.0,0.517260652804251,0.4181364123300878,0.7359737881741034,0.5206954031349216
synthetic_cell_00753,0,10,6,3,21,0.4798220706542533,0.49964836151965775,-0.013410631041928673,0.5785614148068309,1.8910776523876254,0.29479900420561034,1,0.24738156075712703,0.7885342429991185,0.8137596367438976,0.5958918988717368,0.2910593555957924,-0.6733691945522262,0.5901085371964332,1.018510411460704,-0.8496209001130036,1.0,0.8053157406768722,0.5357121902916042,0.5134230468175077,0.8077605753448989
synthetic_cell_00754,0,9,7,3,21,0.35786200033559357,0.458310556646466,0.1893742772627701,1.5142529328621168,1.5538790785060996,-0.5182291927389368,0,-0.8202251874047977,0.15358759781882292,-0.6610201237169699,0.5067784507962452,-0.027583062243081935,-0.09218163900587661,-0.011014880641278299,-0.3291839645655612,0.4499096327362435,0.0,-0.3531800527048167,-0.6665135872235227,0.1751821073055386,-0.3567777247828972
synthetic_cell_00755,0,11,5,1,14,0.37820350332932684,0.15088253304881774,0.026047326534045692,1.3106046690149074,-0.3095779299742762,-1.1781504450960114,1,0.05772602925229309,1.510257287453746,-0.6240312645432402,-0.35815625431626563,0.22017732933220602,0.22697794256853246,0.4547308555430237,0.11918152832798669,-0.25266890678152554,1.0,0.5261164944664762,0.6045250102273318,0.8248196493990347,0.5295208112560068
synthetic_cell_00756,0,10,2,3,7,0.39106763430688884,0.34361539589383316,-0.012800634907699674,-0.35170839650769475,0.06532947246715085,-0.30175563231107383,1,0.9388827133860846,0.5803631275337116,0.6199804503298638,-1.166280599750259,0.39029691918274584,-0.15603694680290386,-0.3549472889779034,0.8871605323097261,-0.8830197088649643,1.0,0.8911082762809599,1.3215688582506229,-0.42137101573190666,0.8932582806255245
synthetic_cell_00757,0,10,3,1,14,0.2245257513922936,0.22024196195339785,0.07295758814050894,0.027223157417930743,0.14814217986991055,0.44780874094849893,1,-0.21513978978384296,0.49859730117998496,0.2326466469829517,-0.1548586316282275,0.41312305307963404,-0.5438890720970776,-0.495706322348849,0.5036669309524094,-0.6499277823077632,1.0,0.3491129886992029,0.27560789381847994,1.831595309536121,0.353125586856009
synthetic_cell_00758,0,3,1,2,21,0.24716780082148057,0.5076425280063368,0.1809377999575179,-1.3425276502768333,0.17990866956489238,0.20066402009392148,0,-2.297848726232738,-2.2076174592280764,-1.563784203487264,1.75023295658116,-1.811219879324437,2.1995648385410123,-0.9415563802214395,-3.4435139331344935,3.17284274305994,0.0,-3.232781665508893,-3.037547620637905,0.56177952376096,-3.226483443160178
synthetic_cell_00759,0,6,0,3,7,0.5842615844710711,0.30008994881938517,-0.20867143985319042,-0.2835923908722292,-0.3277038616094432,-0.13110318801967893,0,0.2092351804424865,-0.4937520720317483,-1.020191950439778,0.2539756534392497,1.2027982351312616,-0.26931978352246566,0.6307641066949113,0.3593911106827413,-0.8223751988006486,0.0,0.3622132537345035,-0.4820710438113757,-1.421190993164235,0.35615709691232467
synthetic_cell_00760,0,11,3,0,14,0.47618045369262324,0.39330236099485283,0.12938200652418275,-0.2877498831602367,-0.8807009378393045,0.2425175668126915,1,0.09216796330118382,1.3902180018436505,0.3823829523469633,0.08394999918716746,-0.12738712764358467,-0.7683114506431321,-0.15616581016614625,0.8593683553029445,-0.8702226455013896,1.0,0.6308121633433252,0.7459443884472292,-0.4402360193267433,0.6338566882499991
synthetic_cell_00761,0,3,0,0,14,0.271747021980804,0.06395198443498931,-0.13557460417084627,-0.12437798949004217,-0.15326222070809586,-0.30024368178447924,0,-0.09523317969707042,-0.5991528272067785,0.8731282312173965,-0.465534613211395,-0.18057259143006602,-0.49980410571468203,-0.8791499487150052,-0.28491048342515857,0.046739452925266815,0.0,-0.012807111466900509,0.20199302622306786,-1.0565396544391095,-0.017574492117601346
synthetic_cell_00762,0,1,7,2,21,0.5470147100893823,0.672603894771461,0.19131738623067665,0.716841721140042,0.3244497220237441,0.45478156181587925,0,0.1646871023277574,0.35375345738904507,0.505700519476393,-0.05259177919506142,0.00731331218054207,0.4865667880444612,-1.237460601851084,-0.4702307723802776,0.5192270884190066,0.0,-0.1457846727044785,0.4460353393365072,-0.021504070860923357,-0.1500950693399987
synthetic_cell_00763,0,9,4,2,14,0.18293191283202895,0.3779928268940618,-0.05127359789736062,-0.09287596802879507,0.08769580926238432,-0.06992457804260258,0,-0.6469553890395927,-0.577637660669134,-0.04230761936086935,0.6685496499741984,-0.6708085563121365,-0.6209267847074653,0.3021833467255253,-0.7364731207963809,0.34506275500225714,0.0,-0.3761420593297216,-0.7380375788627294,-0.020025662284075492,-0.3796608213278879
synthetic_cell_00764,0,5,6,2,21,0.35532418578535935,0.5974915486438521,0.08304420036409364,0.15576113188774526,0.7317030218505158,0.14856099923023902,0,-0.03150961952943515,-0.7685583596300485,-0.6462082705479161,0.01730616601254026,-0.7791747278774099,-0.16946536804615206,-0.6929964567527724,-0.3224488330970273,-0.0419551413582584,0.0,-0.6513898721388448,-0.5008766373962761,0.14985853716805084,-0.6539627313132822
synthetic_cell_00765,0,8,6,3,21,0.2141789953255518,0.2983478718592214,0.02311390728295646,-0.31935767015501737,-0.3635048370790821,0.9792005529852117,1,0.3298595101322239,0.02927118606344825,0.16643940080756248,-0.24782696271450544,-0.5666063477759631,-0.000615673864450883,0.04152313729251817,0.21559021864492897,-0.340650774700529,1.0,0.06971230453315894,0.34797843274409573,0.6119464434071262,0.07468507706304067
synthetic_cell_00766,0,3,5,1,14,0.5271615482871632,0.28719950550804246,-0.018690873101125213,-1.5415726682887545,0.5277153513332642,0.2414775620305899,0,0.38786615792958984,-0.6943106032202694,-0.07530204231135017,0.6016389780433,-0.15288784183548987,0.7706837147105272,-0.3844025213737614,-0.20431192184749158,0.09229395411367018,0.0,-0.493917508839956,-0.293798995871452,0.6901615316263439,-0.4970315296373814
synthetic_cell_00767,0,1,0,1,7,0.44882316881357276,0.236550921891523,-0.12318370106413028,-0.30269387914983925,0.34184121308554416,-0.8768936322886418,0,-1.0698886294693453,-0.8770671875939219,-0.5196912585692688,-0.6396401922551458,-0.24747975192034466,0.7864164316997927,-1.2425489345869982,-1.1586169890359428,0.7922870624740298,0.0,-1.0785272350679076,-0.7557788878543136,1.2270563663952527,-1.0796322154112972
synthetic_cell_00768,0,1,7,3,14,0.3949987456956065,0.2037874662773828,0.2371499507313873,0.07381302842097742,-0.4887539392727747,0.5534785372842175,0,-0.4691281357540081,-0.4324113134233088,-0.060073999290738735,-0.031069202376177635,0.9262464677481571,0.3935290924452723,-0.499265337672904,0.14242745039995894,0.1705925404329019,0.0,-0.14382732651242114,-0.3589093932263859,-0.8979185848886547,-0.14814444966566073
synthetic_cell_00769,0,5,2,2,14,0.4111758965582099,0.36097824676776685,0.06830489861793083,0.5404980661764935,1.081493154591175,-0.15724871303741295,0,-0.08766220269465536,-0.8732339809147629,0.03656026114159083,0.9443685409195106,0.09145446281931985,0.27169164363299325,-0.7151122617700771,-0.9007649220510823,0.6447938655900247,0.0,-0.5889951349896736,-0.6695264468649387,-1.433161328733997,-0.5917824167873206
synthetic_cell_00770,0,3,7,2,21,0.27506552018430985,0.44209303432191227,0.2668398498855362,0.5851440788102052,0.47673389682709,-0.34268908912022045,0,-0.3566690486946973,-0.5058296642129527,-0.30551141114252617,1.119571212148832,-0.5887015296124967,0.09647875649745269,-1.3565943574967378,0.011297249944955887,-0.3548013473932421,0.0,-1.0000100583614566,-0.8172968720672722,-0.28900639156562136,-1.0013848668949412
synthetic_cell_00771,0,10,6,2,14,0.24105826038736622,0.3222351953494702,0.06391043836482085,-0.12807098375172798,0.44158838648368737,-0.24082262334366283,1,0.6496344973314125,-0.3813539898497469,1.041019315819367,0.3676581961381121,0.6756416192968344,-0.378326897096354,-0.28754575412701405,1.3947846880056132,-1.6342034409308717,1.0,0.5269572229146255,0.4000595382943542,-0.4707740426042912,0.5303586504989524
synthetic_cell_00772,0,0,5,2,14,0.19943058318953882,0.24607638117449215,0.04640653788313445,-1.7594121409999048,0.48400916966325863,-0.743908222782763,0,-0.03667624605794151,-0.5282881127754935,-0.5857836859964851,0.6487793321273692,-0.7656083861169788,0.7153449154493311,-0.9946713575406876,-1.2022723406408107,1.334349748325901,0.0,-1.0153357482066805,-0.605758049387482,-0.971662421183944,-1.0166578892433653
synthetic_cell_00773,0,5,4,2,14,0.4706960535447718,0.5920936576872551,-0.11452229623273455,0.5661587103552495,-0.11282427184072519,-0.09290461570217737,0,0.5187129269337153,0.16854651691902142,0.5692697257612833,1.167265416543586,-0.2412818089025325,-0.19312770136577279,0.11437507381040943,-0.1495477175724315,0.02251896649362225,0.0,0.1522987212107287,0.1307248105187591,-1.1398097385631416,0.1469639461391604
synthetic_cell_00774,0,2,3,0,14,0.39878482054619596,0.3979007892499703,0.08466610646995718,-0.6325478585085742,0.8479756183549839,-0.2221897390709953,1,0.32857233615844406,0.7598770489128446,0.9019782201497668,-0.33977502654947095,-0.10633205371376095,-0.5759257622193524,0.7832729992934891,0.3919909269762301,-0.4216056106596152,1.0,0.9076578592244864,0.9161670908644355,-1.022023424687354,0.9097509901026352
synthetic_cell_00775,0,4,3,2,7,0.05628819681484224,0.24285742444236674,0.00788004370218029,-1.7481761263449194,-0.43042014071500717,-0.7818445351692114,0,-0.14831183496149852,-0.8715049561756252,0.37460204809078024,-0.7885511401364773,0.3863266975594217,0.18418587476968012,-0.00043339500346001314,-0.47553969679067853,0.4819328571526101,0.0,0.0758907038313475,0.016625062651425816,-0.28314066715737424,0.07081850871875164
synthetic_cell_00776,0,7,1,2,21,0.4444068556817467,0.6891417525934814,0.1588833188765238,0.6354895662378355,-0.9755231918605436,-0.46673411826748634,1,0.26661278061753485,0.5167968032714859,0.22129602203084175,1.2103072261684633,0.2607883000635104,-0.5729116724442621,0.44785651868296544,0.4336298128509564,0.14709894134129262,1.0,0.44108669702431463,0.02708375777167722,0.13782924202151417,0.44478322294960815
synthetic_cell_00777,0,10,7,2,21,0.07617300179624788,0.3700831258062355,0.2904886608039965,0.004733071400975591,1.5666317492883974,-1.2475012388733089,0,-0.09401159895443395,-0.17641462288698306,0.22612896030945773,-0.2199706839811046,-0.1688761962985776,0.959883642481342,0.5128679369289599,-0.41208483923024714,0.554123902005885,0.0,-0.12513873026970182,0.07789925424192048,1.0995311125439318,-0.12952007771514232
synthetic_cell_00778,0,10,2,2,14,0.516026103364655,0.45515150215822864,0.011110406357108023,0.36059772284429215,-0.19590687495869294,-0.8561385383610124,0,0.32450550422726543,-0.6920400490485784,-0.5588043903470048,1.0778949283237784,-0.24046876357780475,0.20617128785985864,0.011812009260355194,-0.5521408467767805,0.500350776415186,0.0,-0.4621571030674248,-0.6456776653215637,-0.8046972327944998,-0.46538027008184063
synthetic_cell_00779,0,0,5,2,14,0.1765709568711549,0.19950013485306303,-0.006083927445590588,-0.07933956578479409,-0.39042721008124737,-0.37674287394715145,0,0.19838292445224734,0.10123823959220266,1.2650978895159,0.3828528441967718,-0.12429319252313659,0.35551685443088915,0.5881572531847192,-0.03783943261056683,0.15051013966067558,0.0,0.3221287586267174,0.45504075252855425,0.1630471571095567,0.3162103541693012
synthetic_cell_00780,0,7,0,1,7,0.5681421914601279,0.3008592550156552,-0.18375684440419066,0.1350334951053597,-1.37671711457523,0.3604849992489128,1,0.6351532325544293,0.22180160048234282,1.0016270188375118,0.9285605893732997,0.920526736916369,-1.0686704071995963,0.4839094224071616,0.7912990389086767,-0.9103987894941747,1.0,1.0313087816480915,0.43036687380368205,0.8109213566450073,1.0329769799700703
synthetic_cell_00781,0,8,0,1,7,0.025859512223669036,-0.022133363284246848,-0.11523448341362115,-0.035681620388137214,-0.25457096843609517,0.9797198299959029,1,-0.2527355717076817,0.1422481646245866,0.300648953026532,0.7204743109775571,-0.5941484624359313,-0.572361873697932,-0.03996903823993425,-0.013470268324320795,-0.15775622147154453,1.0,-0.0955243199843457,-0.1691886414765483,2.1362659292639923,-0.08998370356092167
synthetic_cell_00782,0,0,3,1,21,0.4451379076296482,0.36780575020325273,0.010107669753256068,0.8706321745066041,0.08979234527045211,-0.7732461661534046,1,0.7714477861043327,0.6850456483111983,0.19182557380265924,-0.6124233236380057,0.08297065284505645,-0.9142874202708722,0.7124762863700885,0.6274004909272846,-0.756755330331919,1.0,1.0694201027572614,0.9541571676365866,1.8698782354281804,1.0709573296252428
synthetic_cell_00783,0,1,7,0,21,0.19351126128436727,0.23608130771829933,0.2029584183530011,1.2128838077296338,-0.39378378378974677,0.4695888096691448,1,-0.8650368891014362,-1.0079250333398941,0.67187936465403,0.33707480533741213,0.17863102923762483,0.2792527630240029,0.7930329831244691,0.29335799855953104,-0.35139536551019146,1.0,-0.21193038702308184,-0.6655998391459136,-0.003850726273027468,-0.20598973535001366
synthetic_cell_00784,0,10,1,3,14,0.34241995969800426,0.17569581677335358,0.05695304403813119,0.10651382758400285,0.39435898367496075,-0.15968208418740887,0,-2.0169486436539015,-1.1673482770143668,-0.5234067586927696,0.9592711245659501,-0.847874671829274,0.5081427165742642,-0.9619340666646892,-1.6947029068396442,1.3728791962985263,0.0,-1.767875238650733,-1.8700979092678103,-1.1904990026574518,-1.7666112402310723
synthetic_cell_00785,0,5,0,2,14,0.5298299563931155,0.43757777184563085,-0.17992241719803398,1.206772986420197,0.7169283924737573,-0.6093062932188892,1,-0.010362593461670344,1.8803661487595174,0.3655972627530028,-0.03856020854900124,-0.17172831421375334,0.3805331972011044,0.7250453626657196,0.5482175337988883,-0.260513988185369,1.0,0.6336088829907497,0.9348528121291608,-0.8066694067080882,0.6366437968310006
synthetic_cell_00786,0,8,5,0,7,0.1162356609518596,-0.004092014209179984,-0.0019346975048865414,-2.1634444660020873,0.047506570281023786,0.09511964356317537,0,-0.9770245201021877,-0.4429117231900804,-1.3815270244818982,0.11479202463304483,-0.7812410167754933,0.5699093110631539,-0.9098642393316023,-1.3262256208638232,1.247142490961121,0.0,-1.2678640860677346,-1.0800143684281123,-0.8237082546622051,-1.2683184008884127
synthetic_cell_00787,0,3,0,0,21,0.29408826252675807,0.32758502283197305,-0.12310747774853466,-0.12119265517379135,0.16152992327939675,-0.7050745240857124,0,0.3457834161890917,0.0022941292076302175,-0.7901311471635539,0.21639823248582948,0.37118237193184,-0.0904426656967893,-0.777066669278411,-0.2892095986599847,0.7008740712206015,0.0,-0.0879682681695084,-0.12914888257001003,-0.0464409622394244,-0.09247735376008091
synthetic_cell_00788,0,11,2,3,14,0.4414456706386792,0.2784496036297046,0.02678426842658026,-0.750466201094461,0.06954577200159194,-0.2821003153513778,1,1.7230061483765582,0.9419387023230643,1.3589870515779319,-0.2391292528021699,0.7283741321684956,-0.24366830710919943,-0.44757352494670943,0.9262160117571949,-0.6066636352508341,1.0,1.2933198428014256,1.7497631631954533,-1.1080070648694222,1.2940876270562998
synthetic_cell_00789,0,11,3,0,7,0.22916241285608063,0.17341589536750313,0.11534485969950059,-1.0882646334827966,1.046259365326101,0.40490807387674516,1,0.5957693816659961,-0.37384658883178656,-0.25741983757094644,1.074010902219176,0.7024938673072206,-0.25535658425698105,0.8607733610089499,1.049860467673503,-1.4176719548404257,1.0,0.3986934979166316,-0.29113672609242575,-0.2534322625016321,0.4025357101830212
synthetic_cell_00790,0,7,4,3,14,0.22175230041203922,0.2801198202511155,-0.12488209763942293,0.2817003552951036,-0.15536034824419231,1.1391196441521636,0,-0.5394146658754366,0.005398314847429114,-0.3642612418383372,0.3342213888203486,0.20306666060403594,0.4087986477070945,-0.29140529200534493,-0.32979093688181566,0.28316925486504674,0.0,-0.35774782502283,-0.43988296689136186,-0.8601475072667345,-0.3613297997237373
synthetic_cell_00791,0,0,6,3,14,0.15129321501072887,0.26467521284058476,0.03350602160994103,1.0709093315857954,-0.06612247317385933,-0.9837065052375912,1,0.2142132079139133,0.3161654981291008,-0.32212405747677975,-0.15287864573828894,0.5967180453405228,0.45737439163567767,0.22985377273678514,0.3154218867767092,-0.15163135329977243,1.0,0.2842736748477658,0.21866483061996977,0.050807374338208366,0.2885090965374268
synthetic_cell_00792,0,8,6,0,7,0.11341078242147568,0.0731462358532334,0.04864315720540159,-0.5967854582928382,-0.4274778765762999,0.1377555081290059,0,0.27947230318469063,-1.118203138283041,0.15844845272722818,0.26643636787046476,-0.5269732199570089,0.22106102458851667,-0.5781945624094292,-0.757870217530048,0.3957861831947457,0.0,-0.5412445184606319,-0.3233410484164434,-0.17654037568313466,-0.5441958976312922
synthetic_cell_00793,0,0,6,1,7,0.1639257130339032,0.16561383335772456,0.028935814281312373,0.6272222820260442,-0.1012531060498298,-0.46061428382750913,1,1.0211185486702075,0.725213700365837,0.9258801612777248,-0.4589310036106049,0.07240062111107204,-0.8922725570578576,0.3547954457293427,1.175437392155356,-1.128671959576661,1.0,1.1657789532665261,1.2720041769709771,1.0378957299151663,1.166985038143377
synthetic_cell_00794,0,7,0,2,14,0.3904420170074971,0.42185282937893054,-0.1852133260617781,-0.8402941862591208,-0.026731692687793712,-0.004397192895705976,1,0.32833138175057164,0.6544773164041277,0.9138251624805835,0.06272391910957645,0.8077719261924814,0.2254921251873755,0.41931715391565966,0.8943230860352379,-0.6943213502737834,1.0,0.7809470699852565,0.7369564554036039,-0.9208739433790016,0.7834756488043538
synthetic_cell_00795,0,3,3,1,14,0.2989699043797891,0.10066654812609874,0.026217067502408042,-0.3236274732733959,-0.010601589379735231,-0.595358572041088,1,0.360145632796141,-0.386018342665127,-0.34232426294955814,1.1145612706523282,0.05205836082688492,-0.17615955767618646,-0.23112979726317862,-0.3089257017367902,0.6392183901324622,1.0,-0.20114644719806624,-0.4469799103698977,1.3655607768418911,-0.1952428550715474
synthetic_cell_00796,0,10,6,3,14,0.049586270941268475,0.038975512413094805,-0.010250091377674546,-0.9584233526190004,-1.3633034272063886,0.4786790142561952,1,1.0436370060205986,0.9613183429093024,0.912708776761827,0.018307731935155447,0.7637010369511156,-0.5827849845719257,0.8622925134569868,1.2958123630597775,-1.3375347287604606,1.0,1.4022929205219021,1.2079449356276837,-0.7518226590146412,1.4026862133652942
synthetic_cell_00797,0,10,4,0,7,0.0700891101373088,0.1722897913004164,-0.017077929397017695,0.5901099743553136,0.5173365456824361,-1.1482020630087086,0,0.04275989676663358,0.12475922766337996,0.16756645771709439,-0.12524819050135214,0.12922517670817377,-0.5548214182984486,1.5749074545667756,-0.02316744213180456,0.3121149927854855,0.0,0.7492747108246443,0.2115522413996875,-0.5566936823760059,0.74188839801873
synthetic_cell_00798,0,8,4,0,21,0.5476534555282283,0.43193049638664455,-0.08028712101887861,1.512545103651791,-0.6323049023548012,0.4491048090755,1,1.1702089783709808,1.948675763465038,1.0183959391521875,0.46174294050352227,0.4088897875892602,-0.17853246646025955,0.2080936040563544,1.4309633579184322,-1.3154216061117008,1.0,1.2404981769915984,1.547907230531847,0.177881708865388,1.2414474855330186
synthetic_cell_00799,0,7,1,2,14,0.2061969889298551,0.41433174591406274,0.18266611580293354,0.5880871159292115,-0.03248100775365714,0.27014741932655145,0,-0.39981104704877285,-0.8419447126686559,0.11504833739289184,-0.15168630638370767,0.10255584188225793,0.017198537486782156,0.43909871065226624,0.24116066776424733,-0.3589285173160977,0.0,-0.089371181955731,-0.3941594244082766,-0.4072542937653647,-0.09387544636317297
synthetic_cell_00800,0,8,0,1,14,0.6630463822375436,0.3876949958610893,-0.12667943224999023,1.2866031846121655,0.9049303288359629,0.8432350080201083,1,0.9825941542837409,0.746373763134388,0.6546088136988533,-1.0923369616296534,1.2982568626063222,-0.7243710556612517,-0.00566874452828936,1.640430499927739,-1.5297191448089333,1.0,1.4727480682430463,1.394824949563576,0.688161452181925,1.4728992384606654
synthetic_cell_00801,0,5,1,0,21,0.3447170371099411,0.38800051420179715,0.15291052324932505,0.41939591071531246,-0.17433024953509688,-0.26649736423567294,0,-0.975263907667151,-0.13018041784960604,-0.013328541892659723,0.06810091447723304,-0.8022620403846914,0.9328040674408634,0.4169756361681015,-0.5519315630157472,0.49122435333550263,0.0,-0.6885267777100449,-0.4897010969275636,-0.2577096642351157,-0.6909720140580342
synthetic_cell_00802,0,7,3,3,14,0.26856087263652767,0.11108741843642195,0.08709849279531905,0.48161468668001256,-0.3418512299641162,-1.2114424855631358,0,-0.8358956557955405,-0.45084852746579374,-0.8526592289013706,0.5037556807225292,-0.23100823120635372,-0.06416869517514767,-0.832676199234213,-1.018435226539481,1.0345393482765366,0.0,-0.8285288428159696,-0.980857423778138,-0.6844323391511594,-0.8304929550912187
synthetic_cell_00803,0,9,6,2,21,0.23010008944812751,0.5483015145858982,-0.07669890338938685,0.7357513843079821,0.6140990426645119,-0.3922522755265255,1,-0.04660507962136079,-0.22713733336679542,0.13688461478159522,-0.20559177298098874,-0.0578095748579992,-0.6927691474260914,0.5762649427348431,0.27346872729735267,-0.5663783110946083,1.0,0.36861355228896603,0.04512715357551338,0.6712665492690025,0.37255913578732447
synthetic_cell_00804,0,0,5,0,14,0.36447435363761677,0.24645582561883567,-0.03938769527539094,0.4280163623809742,0.5924644497989848,1.2936908436482508,0,-0.17534108253062342,-0.6531596104378123,-1.115995143633185,-0.33016235078577233,-0.21838569826738793,0.7473350431986534,-0.5766885611346325,-0.44148749947726285,0.6232035523630796,0.0,-0.7401500921888077,-0.5527918711281278,-1.2617621438355868,-0.7424179224443113
synthetic_cell_00805,0,8,5,2,7,0.39397607223091746,0.4509238969057741,-0.048604676411950744,1.4219744076953338,-0.5860179274771246,-0.4734814661851158,1,1.0302107395592017,-0.04299236387473748,-0.19752630204870114,-0.11509511804591688,0.3699130317625563,-0.3833087521136602,-0.02251887479175002,0.7613151542669877,-0.48844741889974336,1.0,0.5493469782512275,0.4779789038326922,-0.39467299526891286,0.5526714623257064
synthetic_cell_00806,0,2,5,3,21,0.4736473942469616,0.5021231299015737,-0.0988797677482848,-0.1667927131562025,0.7347515144432711,-0.6188021218959734,0,-0.01831990420005508,-0.7589589974790336,-0.9093099998197194,0.782390621228125,-1.0499140949984112,0.11414897245606437,-0.09653942288833023,-1.076339375720701,1.075765277297783,0.0,-0.8499893496023162,-0.8430184165441997,-0.023889285674849967,-0.8518797117766628
synthetic_cell_00807,0,11,0,3,14,0.2630838966130634,0.015709788863545182,-0.23837505838821813,1.1046201430174876,-0.31050844427411195,0.5730021456942036,1,1.08241117034228,-0.051915864633897524,0.4028973905634362,0.30292881799123084,0.820407914814405,0.24870434873617986,0.2350426317473698,1.2206143226657473,-0.8793871970913267,1.0,0.6312694161060648,0.548777157740926,-0.7134406735672517,0.6343123696408355
synthetic_cell_00808,0,0,2,1,7,0.3448558811033805,0.1940052517311516,-0.006340618542623945,0.09880704621627133,0.5688232661723758,-0.553238346543202,0,0.023125804121207766,0.006746778218332361,-0.2874276446654628,0.3245295154748618,0.4264423572624657,-0.1540797807698372,-0.1343772002560383,-0.4821755794040308,0.5626471947314041,0.0,0.09233292717866927,-0.15045150261093526,1.1865063056874339,0.08720422754625949
synthetic_cell_00809,0,10,0,2,7,0.1700871082755553,0.1515872831673142,-0.06729105613274776,-0.2581154464026881,-0.019187793614321005,0.6329713550289024,0,-1.3382185900195602,0.2989170124373197,-0.29665302887354206,1.4003133574019828,-0.5813049116515197,0.2888335570217839,0.04204991924089649,-0.2565117623607526,0.2133579816157521,0.0,-0.8309958843359175,-1.0395422799011718,-0.2752725490985031,-0.8329515185000559
synthetic_cell_00810,0,0,0,3,7,0.17357474546119236,0.23125239247271623,-0.2024222136987348,-1.5280511587225942,0.7572541345697978,-0.8224290026697546,0,-0.11414467105243092,-0.3680443501464252,-0.24142858952495574,1.4176211229426472,-0.968883139975385,1.0246770601100217,-0.8136479468013511,-0.40632827405368804,0.7587415537695187,0.0,-1.177427131262946,-0.7318778608342495,-0.644734457643326,-1.1781922371850908
synthetic_cell_00811,0,1,0,2,14,0.6225646502532121,0.6007290493384051,-0.162816455041414,-0.027933086755468434,-0.5475185724897094,-0.673656606390664,0,-0.2610899022375301,-1.179474309762588,-0.28797322177394324,0.18651127686386815,-0.2849162639856772,0.5957636255034648,-0.33221252419002467,-1.0708650966073467,1.0652018509474805,0.0,-0.7532832915976619,-0.716266692458706,-1.05717467989129,-0.7555059889589977
synthetic_cell_00812,0,8,4,2,21,0.3316115558812834,0.5650130224824815,-0.06412688361250214,-0.3260218285752009,0.020907677804749003,0.6355898739775623,0,-0.523750656640477,0.2388894667651008,0.1615385516725249,0.6601318569005552,-0.7323884263622404,-0.597190026436389,-0.6865717986154585,-0.7324775137274658,1.3660201506599463,0.0,-0.36658280667413623,-0.2797455900315491,0.11743387517034748,-0.3701344195203706
synthetic_cell_00813,0,11,6,3,14,0.6103169698613695,0.395285215127094,0.039098373033327936,0.147787580920011,-0.4167350154920166,0.29820254834502724,0,-1.6471729820232168,-0.9583437694038676,-0.5560914865064503,1.5873821785625053,-0.08514529656857528,1.4138677926597452,-1.2371600031361347,-1.4575351961965846,1.4290533440500572,0.0,-1.809504637417067,-1.8432792976767594,-1.1664859191703691,-1.8080975774942418
synthetic_cell_00814,0,11,6,2,7,0.6111336995897259,0.5972241954418827,0.01001300225857972,-1.9045981043409066,0.8331876268096648,0.9012671606735868,0,-0.04039195833315003,-1.0542223960356945,0.6702018887185917,0.7717004925778852,-0.47059264767662057,0.19672159796308442,-0.9917916459839327,-0.5421457184896337,0.6886473371635288,0.0,-0.6942977145037309,-0.45446450309386854,-1.2578706935867083,-0.6967231187398752
synthetic_cell_00815,0,10,6,2,7,0.3401345177317233,0.40769530518906083,-0.026892399725521057,0.03439944635841764,0.8397835548930292,-0.9329244299737611,0,0.7467324094833753,0.11699016959736741,-0.061108706214644815,0.4016645578845492,-0.3761033712090894,0.6867779266510576,0.014941790595427745,-0.46938299233177344,0.5994854907813082,0.0,-0.08680754021557277,0.2763261025843155,-1.0510386965494962,-0.09132061470559558
synthetic_cell_00816,0,4,5,1,21,0.1390836279548053,0.16523714709819873,-0.06047019103268937,1.9076091002931368,0.3403566255835083,0.8888491185246563,1,0.22911544660347982,1.3193604249560182,0.042395904411434926,-0.7726274775995937,0.5478511223612557,-0.7820253282567915,-0.11944062516018544,0.852900807287255,-0.5295455891512779,1.0,0.9716353913357517,0.9678993271302969,2.9471562105453644,0.9735086602369364
synthetic_cell_00817,0,2,5,3,14,0.12933078525204214,0.24441834062130838,-0.10260272921319691,0.040426485162477724,1.1830753869587098,0.7280953884698822,0,0.09856520519609346,-0.49159896859820146,-0.19971233613725953,-0.6134170084031172,-0.7583119640768735,0.6036759391431633,-0.2888449134678994,-1.219996597415647,0.8135709461249115,0.0,-0.44737608341766805,0.03708248645779295,-0.4452967176260603,-0.4506500461426169
synthetic_cell_00818,0,2,5,1,7,0.31294911716492657,0.3068474317154487,-0.07693842215692029,-0.43703097130896196,0.22311820754344908,-0.31475721384404454,0,-0.935036156823921,-0.2492209234405806,-0.217041373951941,0.07498428168492,-1.0655472214093367,-0.20359681382189476,-0.5803048740234363,-0.8761731279361434,0.514273418165759,0.0,-0.7655398596451849,-0.5882788092783197,1.9101522553419144,-0.7677204366997068
synthetic_cell_00819,0,5,2,3,14,0.32790364590653703,0.27909591326880695,0.027747452190580613,-0.087873169669657,-1.0202346854626714,0.41223101756285685,0,-0.3049532252363496,-0.678782443401138,-0.318038246131008,0.6092851350174393,-0.13577573728440168,0.09721425952103699,-0.6704600934587706,-0.7042322388516241,0.9397394628397601,0.0,-0.6211833403189004,-0.6900761487412838,-1.198187126148573,-0.623860005745064
synthetic_cell_00820,0,7,7,1,7,0.1324148470341495,0.11592075769417964,0.2672624962190516,0.002911405608554518,-0.6479729398040496,-0.866643134087567,1,0.17021055709932595,-0.23387068130760738,-0.3036705820470945,0.40007900005807584,0.3407043179231882,1.1711470568510358,0.20688643829935394,0.4382736163927899,-0.4300525040946353,1.0,-0.2535543809939451,-0.21173998589958648,1.6289172731818804,-0.24747068639156136
synthetic_cell_00821,0,11,7,0,14,0.31685286198780144,-0.047249059538795934,0.1914783450661923,-0.7873281855926464,-0.013553330316504773,0.6541585460794043,1,0.09885186511652755,0.29120809882048393,0.8247962316420018,-0.46622540824106207,-0.3742792209580795,-0.34253013970829954,-0.6194269395459612,0.8135810617065455,-0.7673998827618799,1.0,0.22384786829381131,0.6381886358442057,-0.6022134293054482,0.22829094627858382
synthetic_cell_00822,0,11,5,0,14,0.040340796166139566,0.12549391523985215,-0.030961896870477096,-0.6769287557502587,0.5758162244994897,-0.10376063356041726,0,0.37970740698626915,0.29021128454030426,-0.028562342450926634,-0.5786366728502085,0.9587674149359044,0.273207337961645,-0.32062625978655823,-0.26062843744140457,0.13166334052189804,0.0,0.4873604775334873,0.5286891836078592,-0.30741395668042937,0.48087424604090456
synthetic_cell_00823,0,5,5,1,14,0.4312624447487507,0.34643370272492907,-0.042703674466244936,-0.9066600864130155,-0.7570011636761682,0.01782117825891838,1,1.1785113446310633,0.8315409960131783,1.7116057556831046,-1.3100696141923793,1.4761653843584652,-1.0212474910309441,0.33772507569187804,1.8247090876948098,-1.6011317914923104,1.0,2.020969243994046,1.9406166822784485,1.7151665020670246,2.019236424824507
synthetic_cell_00824,0,1,2,1,7,0.5435057967902003,0.18195217602419703,0.05204036269498019,0.09159713136525038,0.6704053672292478,0.7590721596582801,1,0.865628526864095,1.5781861575417886,0.8636833599643987,-0.21553727703053355,0.023418311201155673,-1.3649983009663873,0.88965564204239,1.9664070476150475,-1.6452983116684563,1.0,1.5333096818137433,1.441655135637447,1.0485473253116666,1.5332527290286708
synthetic_cell_00825,0,1,2,0,14,0.4464324853440406,0.2715746830078829,0.04532251138610735,-0.43834082450538914,-0.031118007854888635,0.32936226780468864,1,1.791837211419978,1.0118692484910639,0.9815580616011917,-1.0362682033828072,1.3977739681824362,-0.21550690272729112,0.053762339892577615,1.4743589595789017,-1.0795133191463866,1.0,1.7360092246659402,1.964496324239769,-1.117631313754535,1.7352556848017713
synthetic_cell_00826,0,10,7,3,21,0.5685820096234356,0.36570287825407405,0.23916512597747674,0.9833755444803373,-0.18729895077109693,-0.8534535325932118,0,-0.5108609263362877,-0.732721737003734,-0.5490369799751399,1.1558970062342309,-0.794073451911395,1.1067493168170355,-1.167023684201884,-1.1293461733367867,1.8511642296408441,0.0,-1.455746932391845,-1.0729551390580463,-0.2566129934172724,-1.4555555784493295
synthetic_cell_00827,0,8,4,3,7,0.432156718894671,0.22200594167900328,-0.07019772899596619,-0.8422673171535651,1.635868396350821,0.3611084296219422,1,0.5938486026483549,-0.9247645586308688,0.5974746014509039,1.1875971720596763,0.8816777928039145,-0.3230716766520518,-0.013709856615731958,0.7205592660658917,-0.8717384111572046,1.0,0.25420661043781906,-0.27670458326057795,-0.6096371987135221,0.25854535909250237
synthetic_cell_00828,0,3,5,2,14,0.33436361104287543,0.4576428746097159,-0.04476808892192403,1.2116173538899089,-0.055637961623605764,-0.3321885215320701,0,-1.420503754520769,-1.8522482516162735,-0.953082616785343,-0.26582208634758353,-1.1627482907038675,0.388194499588014,-0.4480646972923676,-1.4212423139299273,1.45560979013752,0.0,-1.5595540442777351,-1.5859018491709806,-1.1237672619262304,-1.559005952022737
synthetic_cell_00829,0,1,2,0,14,0.25010275020218836,0.17304632861701044,0.0832653529791144,-0.2052274718364486,0.739446406482724,0.33332874078024216,0,-0.23901947594915385,-0.9707087117230162,-0.13641137887418858,0.30997393117118266,-0.21316402561386508,-0.21751583458487095,-0.5518221962392491,0.08577454378428538,-0.12146090790842558,0.0,-0.49293921506132043,-0.6147638635064552,-0.6999671619426843,-0.4960565978140624
synthetic_cell_00830,0,6,1,2,7,0.16799722217524599,0.27671755709327917,0.04016697750343273,-1.1155386327109846,-0.38443798608991475,0.0596395347408758,0,0.5742735267918285,-0.40342215314307933,-0.06764151248303325,0.34900836500004984,-0.21186269343298464,-0.6320265582907965,0.2840600552704261,0.2514636743110814,-0.36916217183344074,0.0,0.2257617029921997,0.0011771382708689582,-0.6831009685938411,0.22017446872323596
synthetic_cell_00831,0,3,1,1,14,0.182522559042633,0.21424642228599589,0.057073812971545915,0.6027626423958308,0.2759160764329758,-0.8520422112095138,1,0.3915376396228384,0.17722663731582075,-0.10595949776292568,-0.1545872945491441,0.8399594876592476,-0.328581104784859,0.5520576333814134,0.6449588938068911,-1.0312873641126548,1.0,0.720457285130368,0.31538139489415173,1.343705472986572,0.7231937401091958
synthetic_cell_00832,0,2,5,1,21,0.3701676398799558,0.36322277472931835,-0.04758709882145138,0.3276029968164975,-0.9286182295729266,-0.1813447394164428,0,-0.6728986807137858,-0.5097523975490482,-0.5989961046063805,0.1320240379555735,-0.5801745361406891,0.3899501008804418,-0.7943782419936389,-0.8374690406455335,0.8961155274709176,0.0,-0.9055621735055055,-0.7171994559004778,1.9099122843403238,-0.9072615569014337
synthetic_cell_00833,0,3,4,1,7,0.3886308367123839,0.3491663527816754,-0.05725075427757325,-0.1688897212897505,0.1306062973529586,-0.19158195482288431,1,0.707375482369083,0.2781988570515674,-0.3761503572711908,1.1863482691663332,0.37689834566605807,0.3359865983880344,-0.33698377233262006,0.11682895020687208,-0.5286492134962717,1.0,-0.01594036480690744,-0.05228865062945785,0.6171190757584218,-0.010673242610949093
synthetic_cell_00834,0,11,4,1,14,0.08999375254176847,0.06646993693750237,-0.036225427274375374,-0.9619526544412369,0.5885933925530473,0.2667330999901831,1,-0.5989992510549452,0.3083832933200371,-0.22336552549114203,0.4928183401356941,-1.1653821104607969,0.3944244108428801,0.08785269656892017,0.07494498136954235,-0.44655852166201526,1.0,-0.6313004862006925,-0.35360399555805944,1.834410934848651,-0.6239186482854845
synthetic_cell_00835,0,1,5,0,7,0.4392539718163818,0.15011350268822057,-0.03395660543865973,-0.8044932690644226,-0.021156636435630954,-0.6498134667767884,0,-0.5360774735192517,-0.8487553396630272,0.3655210438493762,0.34011693248791736,0.021177872153495425,-0.3561222244514216,0.315869329702522,0.05358347718158188,-0.060520866789118354,0.0,-0.12648265585893084,-0.5495606113507732,-1.079694694022771,-0.13085938483711904
synthetic_cell_00836,0,5,1,0,21,0.35402747509474636,0.1804573469750359,0.19788933304414544,-0.7400854892166143,0.3013927836190368,-1.3307967655431001,1,1.9035060010903453,1.7451447750773168,1.307852585590853,-0.40759281526870683,0.8584362172968435,-1.0529189943427995,0.6145121091412598,1.5223677369170783,-0.8261305304487506,1.0,2.10904783494615,2.2017427046662044,0.45659014996367275,2.1070123293100362
synthetic_cell_00837,0,3,5,3,14,0.6654742187548651,0.4841675332418517,-0.06764480990855644,0.46227253108616156,0.4132928517956028,0.1451774764026058,0,0.6197471835039718,-1.0025527989285146,-0.31967510499697593,0.5078058834017879,-0.43442769429156036,0.3737923503270927,-0.5783684656112611,-1.1971374188446173,1.57593027391442,0.0,-0.560963828753826,-0.3587306711055443,-0.9782967065169741,-0.5638474415320924
synthetic_cell_00838,0,2,7,3,7,0.19869457043558209,0.09102790053798045,0.12806857157216672,1.1265584770769665,-0.05888111002899041,-0.7299324599352434,1,0.6177833683177347,0.23798518684250664,0.8398819439293873,-0.6426950926911172,0.48086006500634265,0.37282616227143184,1.0245790894714297,1.4534344234611989,-1.6485113723149196,1.0,0.8845696928656862,0.9231780004335072,-0.7362855041900996,0.8867421673779611
synthetic_cell_00839,0,6,2,0,7,0.3477860057955683,0.3172131054294476,0.0984825331992606,0.5749187255279655,0.7307448464319946,-0.09908217081123166,0,-0.5690508793883259,-0.785870968584822,-0.5191870013454464,0.3857176270305018,-0.7070511623078781,1.1925307466731914,-0.7932379771256682,-0.9118182720109311,1.0810776243258569,0.0,-1.2408078348809919,-0.8436330797099737,-1.3429995607667875,-1.2413551298570282
synthetic_cell_00840,0,11,7,2,14,0.23560981964612907,0.14406488223026245,0.14786438690015946,-0.22992804775510817,1.2051840748469642,-1.1623984235903153,0,-0.7407950096243678,0.29681153502890434,-1.417432695383224,0.013452934130831706,-1.179729290538618,0.5131420041666039,0.1712922689552876,-1.235947781816148,1.1626174456206797,0.0,-0.8332541878689675,-0.6464352715035376,-0.43867737656250666,-0.8352020612604881
synthetic_cell_00841,0,0,6,3,7,0.10724323009533658,0.09926773576492565,-0.04251393462167577,-1.6177237238801194,0.23273011445194952,0.12404179665696541,0,-0.9481041798553447,-0.8631771042260213,0.114392720897593,-0.4067423807133068,-1.1090271113066126,0.48819336932932916,-1.389327421907553,-0.9998900374278329,0.6561340213792208,0.0,-1.1858083166571798,-0.5680656379726289,-0.19675875857642258,-1.1865446202181007
synthetic_cell_00842,0,2,3,0,7,0.016163363249779746,-0.040125487063630304,0.03135988494560099,-0.4030330056972702,-0.1404878494494553,1.4047648624580757,1,0.6533183791654615,1.2258618486132418,0.6213911006803166,0.09285885297234274,0.4094960463749323,-0.4944213042983777,1.2870958580725933,0.4893352017868311,-0.7923660862041391,1.0,1.2564846019351903,1.0137942802177475,-0.6411281592904939,1.2573789723307227
synthetic_cell_00843,0,9,5,1,7,0.25593216966886445,0.16925509821610435,-0.0008960693557389376,0.3239832354538259,-0.15772355217268058,0.9850589599570022,1,-0.2790633428552609,-0.2955591089100741,-0.22421019958186877,0.8651686423230251,0.21555621725095153,-0.0040830641167196174,-0.3529059203559915,-0.06951916228918005,-0.25145898807404465,1.0,-0.32526829018186393,-0.5808300832903999,1.3927614570174582,-0.3189381471572051
synthetic_cell_00844,0,9,3,2,21,0.4360549591081667,0.5286322576135826,0.10392716701197469,0.8285547957524508,0.3899153725563283,0.08458783362928612,1,1.3077900858412113,1.1211827322093444,0.8016825721473766,-0.7114309472084303,0.1351548915829084,-0.459343464049988,0.5906880612949699,1.8655740080772074,-1.7327222678000558,1.0,1.3329329598090358,1.6130665048643467,-0.03347121787306075,1.3335646116134765
synthetic_cell_00845,0,10,4,1,21,0.37641365002727045,0.46364935548667596,-0.04574454497358969,-0.4173255878409498,0.19428064632992426,0.4268234906747759,1,0.2895272160629238,0.20556908366235832,-0.9183592312407757,-0.24985997831604917,-0.7058022894361405,0.3737511773486755,0.6647345095657574,0.18117527444396386,-0.1882945272622008,1.0,-0.09535242277081232,0.04792884088966569,2.2040410706538878,-0.08981239708072788
synthetic_cell_00846,0,6,0,0,14,0.41412021065855725,0.30201146393227546,-0.1315196371222527,0.2221800560543954,-0.10080828256582255,-0.5360725222186996,0,-0.054148699279569015,-0.378930177030943,-0.3545265363753089,1.205394816066042,-0.7075415080119793,-0.4620255474238893,-0.22674485742905234,0.11585126698609144,-0.4661130238971492,0.0,-0.4990650096659572,-0.6715185369526616,-1.0336068074018328,-0.5021613408203051
synthetic_cell_00847,0,6,6,0,14,0.3810760598661281,0.17810452462203585,0.009416605491873897,0.1741291036321861,0.7491042339718417,-0.17129301223651455,0,-0.09134980093759698,0.5565631761471308,0.18809820159801252,-0.6563728845834864,-0.1330384718533048,0.11607252036519863,-0.41098622880760416,0.39954342849255997,-0.4545481534896985,0.0,0.14933642792904406,0.5165516752529328,-1.427487896898132,0.144011832925943
synthetic_cell_00848,0,7,7,2,21,0.2071089293218662,0.38957670854122034,0.24063751364755087,1.1633014491141234,0.9376308805603701,0.3990004090902275,1,1.5107287283504993,0.1273341179874925,0.8557238902762718,-1.2235033572500442,1.2994811773970887,-0.1479760339697085,0.7424808687386578,1.5528969121170766,-1.8241234144458869,1.0,1.5616705981828995,1.4990089356977774,0.47413446933753733,1.5615161816955605
synthetic_cell_00849,0,9,4,3,14,0.7434293038430894,0.421647373028573,-0.11359667015342628,0.5928184338962763,0.9428985367799266,0.4289807675546464,0,-0.1407062786104991,-1.1028824167772993,-0.2837337649508633,1.1408871024746756,0.19751358320034196,1.5792464497629108,-0.6435528870719118,-0.12880127549622075,0.09110689751815688,0.0,-1.074561557894713,-0.9602761442991403,-1.4646664183084166,-1.0756801664853095
synthetic_cell_00850,0,10,3,1,7,0.3491655828752009,0.13672413758416319,0.08333471276249077,0.6175952460853131,-1.668149610190457,0.6787995277190879,1,0.22254249602390194,0.04332542998956834,0.403080769503204,-0.06999547996198363,0.8671800957175432,-0.20621227517203172,0.15779662900037936,0.8608203979875289,-1.0141446662062716,1.0,0.592993861200813,0.3192567704641058,1.337328130700379,0.5961683505872047
synthetic_cell_00851,0,2,1,1,21,0.2751392547115813,0.27765834285669516,0.07883636267208591,-0.03651033143100102,0.08359531010988251,-0.38602491724721993,1,0.7136787070516515,0.260568107906368,-0.09673560501752496,0.2401634954413879,0.4593384423549432,0.5042654641279991,-0.2091775292490143,0.4624426142321432,-0.6713991924654218,1.0,0.22064020990830346,0.36398206713510106,1.9290067794789898,0.22509431117094855
synthetic_cell_00852,0,10,7,3,7,0.17876505084787114,0.02547576100794416,0.17235463697441394,-0.07086999445666581,0.4464776620980791,0.6657781675159029,1,0.1387819917856935,-0.1436171039283335,0.4757540754592935,-1.626070645191653,0.8554581297857371,-1.2563301103189906,0.45768043910336864,0.9676351986657304,-1.028223210888126,1.0,1.1864991555879714,0.7699307123284357,-0.1160557885464065,1.1876340344571013
synthetic_cell_00853,0,7,5,2,21,0.17331876752189077,0.37695011390085226,-0.01640474427809695,0.3600552632362146,-0.8603246787508725,0.262346970713716,1,-0.0834352143665309,0.3959191540585944,0.5766298087402968,0.123195876691033,0.19861525951702186,-0.6312179572857468,0.904092761164769,0.37050994506811513,-0.20136521003300092,1.0,0.687496671361886,0.31022173967801014,0.8192599597866247,0.6903463971322862
synthetic_cell_00854,0,6,7,1,14,0.7492497111053009,0.33553341940471526,0.2569727502750519,0.11843520457359036,0.1344372727778934,0.16267429198366,1,0.5562496614599928,1.1491520660591705,0.06876666415476985,0.4994177173317617,0.09890968193626284,0.38623898651787003,-0.3619735052991546,0.10332601999274445,0.25471336547584494,1.0,0.2661910272363307,0.615935130140944,0.31734705630536747,0.2704885908455281
synthetic_cell_00855,0,9,6,3,7,0.26835423160582916,0.214951270783531,0.07781260314039033,0.5147762319560736,-0.7242132619603224,-0.6425253871602304,0,-0.0029800029869485045,-0.4453997337205583,-0.0380285976229925,0.1937894147313498,-0.3873369911034068,-0.008180068264075246,0.46736147948793155,-0.2777422506454363,0.10113754762691268,0.0,-0.10404678330553908,-0.21945615942505428,-0.9197833056944871,-0.10850061427768858
synthetic_cell_00856,0,9,3,3,21,0.6607310510546776,0.508668065570339,0.03169908343706446,-0.5472964513859264,0.7174124322973858,-0.3200080254533637,0,-0.3874390693646445,-0.06111314789448696,-0.5566316995099161,-0.2001176326662062,-0.7829860639658074,0.16252499274646093,-0.7586488543490109,-1.3066194005561393,1.3434061572597784,0.0,-0.6286616715315554,-0.2732529715757478,0.055550199507299676,-0.6313126372998774
synthetic_cell_00857,0,3,3,2,14,0.12327751048774493,0.4118574944559543,0.15224457817785442,0.12955929245923814,-0.6040527647303825,-1.6424232211303855,0,-0.6932143382815905,-0.8884805712799315,-0.1726422238500154,0.5423904974921407,-0.6309984878945969,0.5704120031125971,-0.5328516285351483,-0.8820183347262649,0.43389655279323885,0.0,-1.002512155626562,-0.884364618512942,-0.9008487934767619,-1.0038783655781207
synthetic_cell_00858,0,1,5,3,14,0.3380151829055927,0.21328259061888613,-0.08143514411853353,1.251045123622434,0.005597421075571887,-0.19144582674804167,0,-1.2186165489628737,-0.5652172422513174,-0.9781774192098185,1.2593507493771883,-1.318491810243819,1.2503279457583258,-1.1000177910337143,-2.2669019655795566,2.2113745481861407,0.0,-1.9113749769081174,-1.5085201890085231,-0.7996094087225136,-1.90961783448765
synthetic_cell_00859,0,0,3,3,21,0.3206537447740374,0.4278919507895271,0.17961267974308193,0.578129464331242,-1.3064810645759428,-0.25486459952304735,1,-0.22869070337694214,-0.43348829266711614,-0.05866714526792913,-0.5692123742086164,-0.37568254752457897,-0.03920369790049966,0.06912630967649011,-0.11415331717686827,-0.09232352540530066,1.0,-0.11941822774859535,-0.06021661732691899,0.8900804025390314,-0.11379549872055712
synthetic_cell_00860,0,6,1,3,7,0.1134918807066591,0.16547858889779798,0.14674490619331726,0.16078896013797733,0.4558657624067458,-0.36865220307304936,1,0.6581040324885039,0.2833966146985801,0.31521194154207116,0.3466531289907992,0.7546414287989445,-0.38054148425386763,0.26240846381077965,1.170348957953072,-0.6818502162228857,1.0,0.7289466466389289,0.4447841987395124,-0.36298101539680466,0.7316539275039258
synthetic_cell_00861,0,1,3,1,14,0.16808834254807292,0.11322078285008277,0.007748716853486409,0.02020889716227106,-0.4811149510372723,0.49611182806375853,0,-1.3696676263506298,-0.729075625746234,-1.4463949757110404,0.5352210972982064,-0.2511662134711984,0.2501492392300661,-0.6239152805857239,-1.206388449611374,1.2504868762185426,0.0,-1.21803795045553,-1.5456289756205204,1.4145169502127584,-1.2186634952739694
synthetic_cell_00862,0,8,0,0,7,0.48519949788604105,0.19123282215249698,-0.17748470803178626,0.3856742764935894,-0.5324102544574729,-0.5222694668607819,0,-1.988279779986335,-1.640406214307883,-1.2206571421094456,1.6771252810378636,-1.4304373067048939,1.5851807671289784,-1.0850916196967773,-1.9602032496293675,2.0135785751286672,0.0,-2.661887706263824,-2.526356367840605,-0.5828837420914692,-2.6575513894524803
synthetic_cell_00863,0,7,7,2,14,0.30374151255346904,0.3166929732616716,0.1679233688712263,0.37708334586162573,-0.4156971541539256,-0.6290258776029877,1,1.0313153324339028,0.7448050904147734,1.1913699015735182,-0.6585006891161873,0.801835056259455,-0.5459311479533226,-0.04491536351781905,0.7115370388216201,-0.5162898034858556,1.0,1.2934866515783454,1.440737261432341,-1.1886258793119795,1.2942538625865458
synthetic_cell_00864,0,0,4,3,14,0.21089348040287,0.14888188329701926,-0.06878743864046585,0.21803000511660725,-0.4186836010434783,-0.938753915806883,1,-0.16803500432650675,0.7663955157383944,0.6435753649115723,0.3272034686209866,0.9738941803426029,-0.3781212804384355,0.14974371992966423,0.8131828217941045,-0.2682146117432879,1.0,0.715317899180863,0.3724249752160082,-0.5945805143596365,0.7180720159155909
synthetic_cell_00865,0,8,2,0,21,0.5265978757737627,0.481110167721361,0.021823857490277848,0.327196316905826,0.1788793293965993,0.30237225653182914,1,-0.08703168034848219,0.07591153247058244,0.5238336479870674,-0.657810994558706,-0.06867169707655385,-0.07117383271453234,0.440823427120848,0.29005177795081505,0.05352449890278107,1.0,0.3804534701833014,0.43318583031207164,0.2943352504989826,0.38435836521385813
synthetic_cell_00866,0,8,5,0,7,0.18470427606099502,0.0810852155823715,-0.028346442812392604,0.953169215350416,1.1286496449481107,0.4436269987185869,1,0.775462531159776,1.0373087325837052,0.13132757798170114,0.3506655721783229,1.274330612909578,-0.6636036718276763,0.5717123746558421,1.159883705530397,-1.2079284581469771,1.0,1.2415531497368144,0.7441623996770624,-0.4883975736820387,1.2424988328118287
synthetic_cell_00867,0,10,4,0,14,0.29788125703768525,0.15513719777735302,-0.060402791386843395,-0.17013649918539056,-1.53501945265399,1.0431794474979668,1,0.9630999874762893,1.0063346613805868,1.0745259522421464,-0.6615995480229757,1.3674901476562464,-0.9866720458176057,0.18756362057822454,1.2826582500619725,-0.9272115020709121,1.0,1.6786304645023176,1.478420829396977,-0.3061996911940377,1.6780741096065117
synthetic_cell_00868,0,6,1,1,14,0.5915662257783324,0.2131494095643887,0.05179102867318146,0.5102629149526741,-0.6664098369073818,-0.20805470816897148,1,-0.6112348238469572,0.21972364655302604,0.6580034077571236,-0.042789706678171946,0.7884952659838977,0.04326985870105983,-0.08044389015258839,0.5838841814289873,-0.4044299596172303,1.0,0.28132743429093354,0.07856413907328068,1.225618890095907,0.285572980883073
synthetic_cell_00869,0,2,5,1,21,0.09938245720509988,0.13643862000414497,-0.08564921918380028,-0.06815143543271417,-0.7845492301616069,-0.3237916268410714,0,-1.2700003549672667,-1.0191119086252258,-0.34375765476468084,-0.1235788588162271,-0.3392173186419126,0.9250738423486793,-0.33600250972780643,-1.3123133026468514,1.6261600333475816,0.0,-1.0733963043023498,-1.0284523289309069,1.7352884294500734,-1.0745189173449785
synthetic_cell_00870,0,5,1,0,21,0.48161684054788506,0.46106715327830594,0.12339259390473359,0.06079434661726063,0.19268451980921822,-0.16767785482631636,0,-0.3285274756310665,-0.1657963103644312,-0.07027271854449546,0.6662709948822627,-1.0382931477502813,1.4535291936020287,-0.6300050996344584,-0.6788581319303028,0.604775063047212,0.0,-1.112813667420504,-0.4315539533057694,0.44478954626358663,-1.1138008207306942
synthetic_cell_00871,0,4,3,2,7,0.485798908627527,0.40541268777261774,0.016734134544483435,0.7128913027110733,0.6606256980583665,-0.7245490557788808,1,0.42678753202485364,0.2709493540792493,-0.10003741081869111,-1.0976600707348836,0.6968547823042404,-0.6519505925571986,-0.6834063382040885,0.7297726032004179,-0.762180429548514,1.0,0.6621850001207138,0.7000454084330568,-1.1454862170171831,0.6651217107105607
synthetic_cell_00872,0,7,0,1,21,0.39708682261797273,0.38893195255872165,-0.06533001640873137,0.3979393014136545,1.4865785267447647,-0.4727406244564195,1,0.9140527759443704,0.1024277003510326,-0.3707732190616134,0.4746345395534745,-0.0048544518195062225,-0.23062834864304493,-0.561486049119982,0.7585949578580922,-0.29916789469097416,1.0,0.11326343812443593,0.22149689063362327,1.4368933059360591,0.11808654501367132
synthetic_cell_00873,0,5,3,1,14,0.135658069782762,0.11907568884690954,0.07583059251527138,0.30026558107669676,-0.2721084449802009,0.9378656588793557,1,0.1437825044856248,-1.1803586440889808,-0.09129547749061409,0.04734802275830477,-0.5080557186552478,1.0722164823087048,0.6469624200528056,0.03974126294821561,0.25334520368970637,1.0,-0.5262797974471034,-0.41658939921545624,1.7931353245587909,-0.5192588683617536
synthetic_cell_00874,0,6,3,2,21,0.1344485168364036,0.26327466756298656,0.13724492211402603,0.15371534343178161,-0.2977854249831894,-0.7334919727531637,1,1.4770766357184997,-0.12425793060141843,0.6552598998385569,-0.5646251567535243,0.678146376718566,-1.2895857904776007,-0.0937251502902009,1.3260308315766882,-1.8003267151622833,1.0,1.2388417661613085,1.0864276672821347,0.23102439022375562,1.2397967670410825
synthetic_cell_00875,0,1,7,1,14,0.16282628723488296,0.10271861953047282,0.1431204028371249,-0.08908660920186659,-0.5468084736003883,0.45458324454924603,1,-0.15600083754417537,0.34978592268892594,-0.4003373906433585,0.4234650104436424,0.2026635575072469,0.24941646229904554,-0.012977854331476999,-0.010507311705488716,-0.13164318812336118,1.0,-0.0650759787800373,-0.1652325687127741,1.2752753446662028,-0.05963999959833765
synthetic_cell_00876,0,4,7,3,14,0.10399482750823724,0.08314026154337005,0.15957032513046943,0.2780022418144946,1.1410843416107381,-0.45459230413990825,0,-0.9468834998030977,-0.07330780735589693,-0.6356112391617823,0.003940646834053874,0.12862461326890962,0.09610730481344149,-0.4477744567349381,-0.9607010686464019,1.3862027082822743,0.0,-0.46496280662856293,-0.6340256493167304,-0.044386986962959354,-0.4681763317028887
synthetic_cell_00877,0,8,2,1,21,0.26300664178254096,0.1504677140726154,-0.03878343707794667,-0.9691072218036831,-0.5455435074572658,-0.22494952214849612,1,-0.18588256569197315,-0.7777571106467039,-0.2642893126310349,0.946751588910316,-0.7305555339954309,0.467323970452696,0.1456255753944246,0.08231743867342528,-0.5952071849633214,1.0,-0.7474927809391315,-0.7751305350959165,1.7379867928447854,-0.7397116424134412
synthetic_cell_00878,0,0,6,1,14,0.3957213754967517,0.1564863853778692,0.05053179874933518,-0.45319012202168735,0.9269144995848735,-1.5956703099946123,1,-0.7682852736818544,0.25984885222475695,0.8390536120746384,1.359082643797493,-0.24388386901381603,-0.04742137938876062,0.107831437745045,-0.28410762312164894,-0.1644231693318289,1.0,-0.23067721463448843,-0.4068543435562782,0.6574064057176032,-0.22467213855421928
synthetic_cell_00879,0,8,1,3,7,0.04242691639674931,-0.07256966065939033,0.1373551072293162,1.795546485797595,0.20020544289684664,0.2010316213487161,0,-0.49372753591196705,0.6693494212732187,0.8708005992144965,-0.9477533299691581,-0.5257458060524159,-0.3492334209643434,0.4640923098955641,-0.15058120799128855,0.25465237004654073,0.0,0.4717426952883065,0.7001477238338295,-0.11170821295736201,0.46531013508261
synthetic_cell_00880,0,7,7,0,7,0.379678806153166,0.25995981452782935,0.19957702997096533,0.2813114185416696,0.9345812755515334,0.4408006879755797,1,1.2971752518718898,0.9105081084265965,0.6079207477550146,-0.7386634081113667,1.1301949177734207,0.2072912050396214,-0.3438075873139654,1.4169899088552578,-1.197007966491023,1.0,1.1347105447112595,1.4688294246707514,-0.9298636247497363,1.136023397722183
synthetic_cell_00881,0,8,2,2,21,0.08157749884641782,0.5656127397557704,-0.0033933631939469487,0.8682723597446638,-0.5508276569229836,0.09946684047142627,1,0.9160594503496129,-0.5090033652746546,-0.3671157931915786,-1.022178907011612,-1.3925916947315107,0.07552845545285636,-0.673082505725733,0.030558321240838637,0.33702115930485704,1.0,-0.31721685670371574,0.49622694955148433,0.7350869028563167,-0.3109143828313903
synthetic_cell_00882,0,10,3,2,7,0.2533751392844961,0.37611034915207386,0.2148251305927087,-0.7727084292642435,1.2787017653135393,-0.052748171780411635,0,-0.7408396569234175,0.07691441076666461,-0.41625502591121,0.1165083515502275,0.10300097498527247,-0.3802824982731029,-0.48520841541288995,-0.21006202998101892,1.172984858007038,0.0,-0.22897923519555174,-0.44523674424702575,-0.7920315184953775,-0.2330037295716641
synthetic_cell_00883,0,9,4,3,21,0.6035703581502652,0.5243563534349986,-0.009713647185882981,0.44119658869192546,1.1038047803611115,0.9837567162498311,1,1.4563650640936643,1.0549936355290694,0.7191928485307759,-0.11653017922127615,0.4794913163274674,0.14846414348619558,0.4824763158165674,1.188648219985183,-0.8413079839893838,1.0,1.145826229887153,1.42094866907426,-0.1255095794658095,1.1471008832920986
synthetic_cell_00884,0,6,4,0,7,0.1610635805009374,0.20088754129170316,-0.043476112079166386,1.0808294863506975,0.13359223291399025,-0.2251331166537952,1,1.3203781318631613,0.5504882840308797,0.9960194942726067,-0.5193783346925679,0.7661328349849366,-0.5789631616967708,0.3474188685102498,1.9554753669007008,-2.3213937495179273,1.0,1.3632154977554063,1.3834655082890213,-0.8109407507210173,1.36374308210928
synthetic_cell_00885,0,10,7,0,21,0.5138622730689089,0.3266557231275634,0.20723670777654657,0.9585511994536466,-1.1886558932670899,-1.6187212881166118,0,0.2464774716048439,-1.315369978421588,-0.016014906431690457,1.149501226016819,-0.14724096790385116,1.0570331516810023,-0.1565463288084401,-0.9460435198909644,0.6282574530577417,0.0,-0.8045683953030682,-0.7830690866144115,0.9776581648638154,-0.8066148488500933
synthetic_cell_00886,0,1,3,3,14,0.07287083103077092,0.008643160019107685,0.07179470804047648,-0.07964465764274903,-0.13975148448640268,0.43435995050996234,0,-0.8486632423559517,-0.5298834675694775,0.48314034482623824,0.024468417727586733,0.14793042413493396,-0.15083296588142497,-0.8070006994907367,-1.0450531551393125,1.175863967283444,0.0,-0.3579750619253638,-0.4164499000017403,0.45343751440496016,-0.36155625571533284
synthetic_cell_00887,0,11,3,0,14,0.4458277504786782,0.1619389762319829,0.025651733356143805,-0.8861539346275739,0.12659736284858153,-0.23238320607698162,0,0.5835506691322875,-0.3434917701671769,-0.009124872208462143,1.0994261317604916,0.12431424696551069,0.5347717565975223,-0.5342397312277193,-0.8181046013386909,1.0667030750668158,0.0,-0.3101630676815762,-0.21234092545114905,-0.7837312481948335,-0.3139085697721335
synthetic_cell_00888,0,11,5,1,14,0.7101915627891092,0.48521428499561936,0.037046289174584926,-1.1399714646032628,0.28359099854176256,-0.8370541833172626,1,0.973617397128985,-0.5006019518988936,0.036906033861603196,1.416920187282319,-0.006197801612027404,0.23793105567436218,0.4015867335498207,-0.3121237038054434,0.7284959071942664,1.0,-0.006364897826530487,-0.19111514658225026,1.6749455722617066,-0.0011306821999752617
synthetic_cell_00889,0,7,5,0,14,0.10294052039256069,-0.008167495935227705,-0.062394346710528535,0.9548479594138894,0.287061444201252,-0.5882403526506129,1,0.6318419809664818,0.4289891738913177,0.9647653770108569,-0.8095447304167186,0.9440373517277395,-0.11932156322104837,0.9811499564185087,1.7195762760201094,-1.986257662422607,1.0,1.2646689384276677,1.106123041173363,-0.7073049157919155,1.2655351829430357
synthetic_cell_00890,0,10,5,2,7,0.4481337653994037,0.5383024668759848,0.03885218196142194,1.120950986151004,-0.3082045879537519,-0.1679695026576138,0,-0.9019780255503621,0.2358839027947215,0.47215922899708024,1.4312755375991868,-0.25538772695832546,0.22901979032860817,-0.19480642488560945,-0.4745888162153904,0.19783800047901634,0.0,-0.5172964553961237,-0.6232644816987334,-0.3933617564509079,-0.5203301332787857
synthetic_cell_00891,0,7,2,3,14,0.14806157782240856,0.14201629099589003,0.021653179643218928,0.39441469461315326,0.3247151755828825,-0.9942197942440419,1,0.7658323816955672,0.04117643033913282,0.5122555868064441,0.09471903084056052,0.5118129299464511,-0.2701435419169304,0.29564335043738377,0.2224769752923992,-0.8925813758364235,1.0,0.683997236581057,0.5481817383034074,0.1293044044047889,0.6868589883334508
synthetic_cell_00892,0,4,3,3,14,0.18441571969909254,0.21961669855659416,0.07025048288619681,0.3517841360062902,0.22822802212416582,0.34310622752023634,0,0.037499024371149436,-0.38127537708693465,0.9576202797354734,0.06692704463163454,0.5012707092753753,-0.40475543486648613,0.4512264435336326,0.36389971739758015,-0.794934933983869,0.0,0.5252754673097466,0.1941757216517554,-0.9112440841176921,0.5186589390655749
synthetic_cell_00893,0,11,7,0,21,0.44765517555677037,0.29026559132513374,0.138452069706973,0.35742382906004566,-0.34403960533988576,-0.6241140706481306,0,-1.1597446732064292,-1.3393499995744256,-2.078475587386314,1.491597594226286,-1.1085132513012954,0.8204558713296097,-1.1219944934051425,-1.916709718149858,1.9042763239166596,0.0,-2.1651586539881675,-2.235522338469597,0.35557740658604214,-2.1625293713159164
synthetic_cell_00894,0,0,1,3,14,0.4272092713178091,0.25157533244104463,0.12183076338530469,0.9594181922330962,0.521293901918922,0.48795748121509,0,-0.33216211521624167,-0.25891510270040213,-0.587071989636551,-0.5872267662113982,0.7026895947723071,-0.5830469249209,-0.007780598136518407,-0.018416714595272717,-0.2676873818483662,0.0,0.2689945078451801,-0.2032066614557914,-0.942283025972191,0.2632587018881408
synthetic_cell_00895,0,6,1,1,14,0.5236244328833981,0.20490201561282953,0.13937408227657333,-1.0337467568308896,0.32122336384710354,0.10099117865371635,0,0.19030368607017817,-0.4002851567401927,0.15868454276609667,1.0498882406012255,-0.7328048292940843,-0.6699506825252697,-0.3526055638229111,-0.27998533206625253,0.506549732427517,0.0,-0.287150294257882,-0.3455293525892891,0.6134389067730692,-0.29097488089098716
synthetic_cell_00896,0,8,7,0,21,0.45791159208695076,0.3681232941425652,0.10865305790676424,1.3114358571520008,1.0774506071288563,-0.4840296012342493,0,-0.4514632917796824,-0.48921373695337156,-0.16140042399725787,0.08699356461474278,-0.1685623731171848,0.24784027522924462,-0.3856921064910729,-0.10503508800401637,-0.2794100264594108,0.0,-0.4699541850602493,-0.44795904595960084,-0.07201176611301487,-0.47315055701388486
synthetic_cell_00897,0,2,2,0,14,0.7289920475577902,0.24426556034724736,-0.01077692421136276,0.19598398381939056,-1.2923638050370725,0.49521324465938427,1,-0.4015268120573253,0.09693179598278678,0.02516545609107146,0.6865536780413541,-0.40999493407923393,0.11897687666134549,-0.2346494753808531,1.3699257157782814,-1.3444481984289416,1.0,-0.38184045078522205,-0.3345169465574704,-0.7484564730604022,-0.37531589471177995
synthetic_cell_00898,0,5,1,3,7,0.4448950907222989,0.26879207726333587,0.17034061234572648,-2.0285372184480006,0.16422079470735038,0.47460725937641,1,0.4284782614485356,0.2664337260819688,-0.4517948097430007,0.3005027695620135,-0.4584385926603594,0.4071177251277843,0.550707298087355,0.27158047927770945,0.11917144510197439,1.0,-0.010957314652113198,0.09753363564313929,-0.40519872365699106,-0.0057073169563065405
synthetic_cell_00899,0,10,1,1,14,0.6363439070256968,0.4070123623632161,0.15791129253312403,0.7716301963268574,0.2551624175673972,-0.04943827342517643,1,0.07679412229483695,0.25807365181061126,0.5318688600023489,0.6188938027244232,0.24963400346793727,-0.8593619618494686,0.8588281384945422,0.4888668041007074,0.05884903773859787,1.0,0.6679075334386503,0.1412169916367508,1.044206262737155,0.6708245782576084
synthetic_cell_00900,0,7,6,2,21,0.3275445155825314,0.5588064821074604,-0.0005575937384096237,0.7224013925810917,-0.15726662679418113,-0.533595105438564,0,0.6357062173016312,0.09557883573773543,0.8248799368341299,1.7108723653122637,0.34480968817715296,1.0415094010057482,-0.5260695499771547,-0.22981802916441013,0.17515620202139237,0.0,-0.20512719039111874,0.049335594127283514,0.7035706853695325,-0.20923365350769796
synthetic_cell_00901,0,0,5,0,14,0.5592866044884895,0.21659445384420345,0.00013829597859991993,0.15384434444999062,-1.1504904837061625,-0.9946983740215953,0,-0.4390101379000987,0.625205932434621,-0.19135622393664856,0.22993791447787423,-0.4922270240040855,-1.227505685257837,0.014733058399127572,-0.31793287719305285,0.8104143153032957,0.0,0.19803290302887172,-0.048811398932320574,-0.6446084153933109,0.19254096016264882
synthetic_cell_00902,0,10,4,2,14,0.2873630618541098,0.26848801715459514,-0.05696957824527772,0.40014459808462577,0.5244573858243422,0.4939984483000549,0,-0.580521714049591,-1.4721646659517114,-1.084632151686705,1.0690288911026449,-0.707520781408166,0.20434674321953705,-0.08793111029747214,-1.139356495557013,1.2635521156110878,0.0,-1.1997677352671403,-1.5501328276149433,-0.27332021479955615,-1.2004560665904402
synthetic_cell_00903,0,9,0,1,14,0.41968456023298084,0.2095761597545448,-0.14792527610911388,-0.0208736399318889,0.34963651488891473,-0.25537786366184306,1,0.7954143023785495,1.2343670978204053,0.8861110113589692,-0.25749657056793146,0.5170670808167896,0.06972494478450514,-0.3350704605112485,1.033175997125393,-1.169550996659183,1.0,0.8816588128398383,1.2913345269820493,1.233498967299,0.8838412907363649
synthetic_cell_00904,0,6,6,3,7,0.23498371573855018,0.15165497268139677,-0.06976360353623501,0.7047995720764602,1.2806122535489184,-0.3564646408358124,0,-0.7544276354543796,0.050919664060138835,0.33603900296894473,-0.15352690074074216,-0.5104193253150859,0.24762475001493361,0.7840299616918053,0.31847369753804905,-0.49308348365998206,0.0,-0.09304955393962301,-0.12277268519295509,-0.9425790961770015,-0.09754117743845692
synthetic_cell_00905,0,10,2,0,21,0.2013894574754758,0.3664388541145636,0.027453385317733087,0.3204501789817715,0.5772667802238043,-0.10655252483181918,1,0.18401761489981397,0.4517875511662807,0.5413992238291555,-0.17753505711189146,-0.507458837273881,1.1348719056774563,0.0587477316310619,-0.05671867549099346,-0.05462554041820645,1.0,-0.10031678305674392,0.5499662304993789,0.25543287497583494,-0.0947596970951734
synthetic_cell_00906,0,1,3,1,14,0.4208872670382821,0.20101281933636683,0.08907234041872897,1.501040461687566,-0.3913766406912595,-0.02285642052088209,1,1.4077915165914991,1.765978050546885,0.8983213797279559,-0.4666288601384997,0.34407498957908533,-0.5221123207506219,0.9394645349299975,1.0945485989234824,-0.5304895652673802,1.0,1.672463846118576,1.867706781776831,0.7036866689887309,1.6719286831141154
synthetic_cell_00907,0,11,2,1,21,0.16842690948745978,0.3074227395282983,0.024264254893438877,1.2214791949714776,-0.6608240039530744,-0.052437828556844174,1,0.6641869094478229,0.4745580440363911,0.7006313005642012,0.7579385447359942,-0.2303713481602646,0.07629820978348256,-0.6065193979134356,-0.06493248633784988,0.19944765372190615,1.0,0.11982640588499269,0.5077841325285054,2.327573097841782,0.12462695880850028
synthetic_cell_00908,0,7,7,2,7,0.6194936201335903,0.6291081439410786,0.06409815661457641,0.6819780168536591,0.9073078786187492,0.563929420665455,0,0.16604486837511157,-1.021435224645804,-0.29494905855037934,0.4341379308124036,0.09357886945655602,0.5061690652181261,-1.1773528014935275,-0.5907463999111183,1.0165678549873716,0.0,-0.7034473375014362,-0.5427585576106179,-0.9285412245774395,-0.7058412986022428
synthetic_cell_00909,0,6,7,2,14,0.5991644746026514,0.5738263118640836,0.2198542139644255,0.5499963735873394,0.12155126470189048,-0.7121222177073091,0,0.5779962620769582,0.12029804617642098,0.18756293458381723,-0.5469998008343472,0.24689682206048727,0.8771595269887509,0.6605433906676049,0.31000668907119006,-0.3226796732053201,0.0,0.39332813781939413,0.6109021007387632,-1.0297940412081188,0.38716505314766936
synthetic_cell_00910,0,11,5,0,14,0.38203165857114374,0.07010749021050605,-0.04213132575357183,-0.6876350430474634,0.6375535168580915,-0.9449062805659598,0,-0.31677059792946916,-0.7636296897722024,-0.24792041702816758,0.3386752152823146,-1.1180352309123018,0.5581819314811135,-0.19559000764493306,-1.4312066319853205,1.1722039255061256,0.0,-0.9011741847563376,-0.6129560660274667,-0.4827611211701207,-0.9028886476942464
synthetic_cell_00911,0,0,7,2,21,0.3555486645326964,0.5525919989678211,0.22606187374282327,0.42377779324387893,0.35902365926852825,0.24172416027368776,0,-0.37580809428924117,0.8372942924285116,-0.25186684516927527,1.083601994494411,-0.11006534523031264,-0.3317848390198522,0.0947784681900003,-0.20059769488339332,0.8129689030246898,0.0,-0.007337754750647335,-0.2502802559352803,0.4445487086384957,-0.01212393111822993
synthetic_cell_00912,0,10,7,0,7,0.24566348017577486,0.15534428537618622,0.1976653196356077,1.2944089853497032,0.11408351275769242,0.26490675193592106,1,0.7153552764638106,0.3062667294992569,1.2646086499074016,0.2256473159301578,1.195125002929044,-0.7616016262017917,1.0039701295353463,1.2237423283362936,-0.23810747091187306,1.0,1.3889285494502162,0.832294416577609,-0.289491187385746,1.3893677696207143
synthetic_cell_00913,0,9,6,1,14,0.3252222211566183,0.19081967501493668,0.03754789893435587,0.26736976337019924,-0.5273674567481238,0.8343707029973509,1,-0.7214516549110762,-0.2305466483553628,-0.6953339905072304,-0.4601800993664145,0.21214173290065408,0.5794262930325658,0.6216048727066854,-0.12419866344651845,0.2897975059040204,1.0,-0.20260839242263923,-0.4514501455941334,0.8520016095551443,-0.19669977624851054
synthetic_cell_00914,0,2,6,2,7,0.3759578498170486,0.2585580045978014,-0.09703331745872926,0.3897574959267306,0.7036534564591898,-0.619672289039435,0,-0.0556194129641992,-0.158914132588788,-0.6396911500915425,-0.22595926978592362,-0.45545658553107227,0.5186870991791308,-0.08652333543276763,-0.22251458221944295,-0.3817002281934459,0.0,-0.3930828148577479,-0.17745632025486124,-0.6006629319761926,-0.39654335910542043
synthetic_cell_00915,0,7,2,1,7,0.37543350389687447,0.1972719008847803,0.04824305139692854,0.18859517506567952,0.23128168137020022,-1.3009153439749186,0,0.09387445938741035,-0.8644254974913895,0.2898400627094275,2.2567900643516983,-0.8446273569067095,0.8966135361546195,-0.7811282988896806,-0.9790631124844655,-0.0019322845836189002,0.0,-1.2126562279274882,-0.9562129610393677,1.6490014858522832,-1.2133002673035547
synthetic_cell_00916,0,10,5,3,21,0.13609425704092895,0.25305296417172574,-0.08748763516717438,0.4026295731759667,-0.3146908213162424,-0.7022918742920483,0,-1.0958417232873165,-1.6437864217695777,-0.6769657278083421,0.6243995237167626,-0.649512752060242,-0.03951323657060002,-0.943695472353115,-1.585779263504504,1.0683211987196792,0.0,-1.3658073217670919,-1.5707480501488218,0.4341237004987128,-1.365925049777987
synthetic_cell_00917,0,4,1,3,21,0.16799695380615276,0.1017852885605538,0.12367856094319564,-1.168715185092384,-0.28105175251324804,0.2748864869575378,0,-0.5770129041982544,-1.208420159822539,0.0521432616444959,1.4904729714396217,-1.3114697704913398,-0.6457347457498903,-0.36331428451469877,-1.153119171187162,1.1613632837281553,0.0,-1.013638523335019,-1.217358906046755,-0.2374871166662329,-1.0149664969695444
synthetic_cell_00918,0,4,4,1,7,0.28617565620182167,0.08106292386715608,-0.11286188530206309,-0.38814582627187777,0.26920704775023985,-0.0019796749481683362,1,0.7416743319014827,-0.06497841132043494,0.137061330910855,-0.06475246870015855,-0.7600258009351909,-0.14022998518460023,-0.23505207502138337,-0.26043388888696867,0.30555215679707626,1.0,0.03571035066118301,0.42702832849461253,1.0882435504979207,0.0407999725997905
synthetic_cell_00919,0,7,4,2,21,0.19386863187491912,0.5288180871211872,-0.0051714645837800804,0.6269063567029913,-0.003654381104250426,1.3691516137544897,1,0.3138605830109952,0.17973251316766709,0.2152379814910076,-0.820146301903478,-0.06537418156074537,-0.10060502812069932,0.058388180456617256,0.7198466467850743,-0.430380041862042,1.0,0.40844283129953285,0.6168804828036156,0.26869614575534706,0.4122515394959636
synthetic_cell_00920,0,1,3,2,14,0.4168521172500076,0.3256800214465945,0.07916792088502644,0.8795656196274168,0.887137365836248,-0.762812558352845,0,-0.4223597540362258,-0.4011114565584149,0.6934128985154665,0.5911368515693485,0.5821793116613785,0.027900199701676134,-0.5890330347518614,-0.05784173773037908,-0.4705564694020055,0.0,-0.12126053622122054,-0.2954518454654883,-0.869292880945624,-0.12565521127375076
synthetic_cell_00921,0,1,1,3,7,0.25501354196603493,0.14968341123930196,0.09290207581558144,0.0948360289528789,-0.8567318471864472,0.12753791761659822,0,0.702988614733006,0.898573328925188,-0.2767782384024058,-0.10849909803004695,-0.3787341298656717,-0.5034281479186753,-0.19520419250349988,0.1965569540752634,-0.5439210774895566,0.0,0.4311919978322165,0.6810012305149443,-1.4821734491341167,0.4248987921188825
synthetic_cell_00922,0,3,3,3,14,0.7332318810068248,0.4901299203770578,0.12016351199017447,-0.7034517590309314,-0.46280685449979375,-1.311927524576606,0,-0.8764234031376866,-0.018014029521450814,-0.07897220495477514,0.4097134883110477,-0.019281518282050436,0.34995576189668953,-0.5376217616421737,-0.25050326350888485,0.9693020201048254,0.0,-0.5383055261008763,-0.5386867480132388,-1.2862081260372766,-0.5412670052652245
synthetic_cell_00923,0,0,1,2,14,0.30612760890778357,0.2723188300531394,0.07340043548738595,-0.1983322968091209,1.0621639679624937,-0.5016850711744719,0,-1.292750144643379,-0.8739088434074744,-0.6267070316047982,0.5774805789347359,-1.0133933889265792,0.7563334714053422,-0.732131101406628,-1.3690572234045304,1.719418250677348,0.0,-1.491994385611069,-1.3163051606897438,-0.8089542384471089,-1.4916784654894324
synthetic_cell_00924,0,9,7,1,14,0.6961286902312228,0.38147333529057637,0.23879394412142688,1.796374646694305,1.6430875702529364,0.7335440428358031,1,0.9029884219455554,0.6236849976524379,0.6243150405360738,0.3437766721361198,1.352565334495098,-0.8971810154080306,-0.19137704341495465,2.1809619283467865,-2.1448114525165614,1.0,1.1658645102868401,0.7982572496728005,0.9652976134051567,1.1670703011427275
synthetic_cell_00925,0,7,0,1,7,0.2970909617181745,0.11336241202578336,-0.1210556630846489,0.9374050395264371,-0.2902413406794369,0.6675068786739327,1,0.7149561201193794,0.17095320934994263,1.669729855460489,0.33185189101170176,0.481258214442296,-0.10296552512119811,0.11519027728461656,1.1694483649346237,-0.9597484758019366,1.0,0.7784438384608021,0.8722450280573054,1.266304982948913,0.7809810197597639
synthetic_cell_00926,0,1,6,1,14,0.4553172737686683,0.14002562318016668,0.014793903937094023,-0.2074133075564531,-0.43042842793187663,0.27575207866002904,1,-0.10433926952073724,-0.3021289650881158,-0.3005886746325285,0.40481371401895094,-0.12707280257208808,0.21426469883009125,-0.6821323116305751,0.08208392916828089,0.36590126743551205,1.0,-0.4575384239346641,-0.3672405164504093,1.1867956648497138,-0.45075372800462565
synthetic_cell_00927,0,8,3,2,7,0.13347345098629954,0.3463432796987135,0.1352890064481859,-0.06677456236336543,-0.06608233989171816,-0.2910259725926512,1,0.0967289073557282,-0.27906244242931033,-0.5112770435799568,0.4093311455848249,-0.2849562895701644,0.023221525752408406,-0.5005191107932176,0.12506928113916183,0.11408532330155209,1.0,-0.3840144314599594,-0.33504616783029767,0.17146919407869776,-0.37748240439360375
synthetic_cell_00928,0,8,6,3,7,0.36440785249150753,0.2961581676954944,0.022134830078425975,0.5414744426318628,1.020850267647468,-0.8797637598300521,0,-0.9416290569425712,-0.286797939845821,-0.31604470204023705,0.6911285838434362,0.022431221498728227,-0.236744713338789,0.439759748262888,-1.251409784333803,1.71188631168673,0.0,-0.2992441643786285,-0.8533913066620307,-1.3954325609139624,-0.303027189824452
synthetic_cell_00929,0,2,5,1,7,0.4112642076391612,0.24460483617225698,0.03686747023595946,0.15914811376878216,0.17872363112785922,0.546659365023396,1,0.21459670041793386,0.23640311777614081,-0.5272399314996343,-0.18034285088665059,-0.10910878715636185,-0.46259213861363413,0.22721096409734498,0.4934371272085837,-0.834634766446012,1.0,0.26346251781693253,0.1291027255375147,1.1750465915744468,0.2677694580847054
synthetic_cell_00930,0,2,5,2,7,0.21379897857443936,0.4993568843400735,0.07518247104732445,0.2948149078129899,0.6139365248787001,1.1161040431481237,0,0.7980047908282127,-0.2634886498228788,-0.29871745766870644,0.10394654715543195,0.5007733576420829,0.2204475079186633,0.12793022536047177,-0.1024293345043355,-0.35931361744225115,0.0,0.2754427950930813,0.17160142892194005,-0.32012463433464405,0.26968482927561016
synthetic_cell_00931,0,6,3,0,7,0.3259908591713289,0.11422351924773969,0.04998368033923499,0.5940117109849523,-0.5907728756780162,0.19277221045866505,1,0.25557736828745803,0.6876072811945326,1.1942317332538337,0.2807184766279075,-0.3986416913097268,-0.8987601219063667,1.1103528380107115,0.8672985617315276,-0.08787235818169095,1.0,0.8901642540179864,0.7322786619344706,-0.9073420423948958,0.8923175025420963
synthetic_cell_00932,0,9,4,1,14,0.577619297775565,0.3116784471760596,-0.10713455797719845,0.4849586724576256,0.024562447679610508,-0.7690851214612993,1,1.048357611300629,0.003594542402183154,1.106502971631132,0.18661247352111726,0.13644867854465903,-0.37787667444593226,-0.18210140155605625,1.1703185276254076,-0.5306558420182704,1.0,0.6455637044176467,0.8254981865294062,0.944107210893994,0.6485575349183809
synthetic_cell_00933,0,4,1,1,7,0.24500397294783455,0.03780101380622129,0.08074361125969204,1.3609942337333132,-0.6465711341994977,-0.17362477339795937,1,1.539424534658531,0.11928644438168845,1.1951732875410617,-0.5898531457478207,0.7461458074011353,-0.41622521413351865,-0.10105025301828569,1.4653991119696694,-1.6890596986301245,1.0,1.2034168422567513,1.3991131929403957,1.0691905265910966,1.2044935826526717
synthetic_cell_00934,0,10,0,0,14,0.5342671326334505,0.3859169981556502,-0.16953210571426272,0.7185459671653475,0.41974776631113614,0.5658240563252863,1,1.4621402277116906,-0.06844486514670955,1.3200210451634766,-1.0249167552581557,1.8062936049274398,-1.544408890103452,0.7293018854475751,1.9184508671069753,-1.881387518785449,1.0,2.095999617625863,1.4792082713518406,-0.5414413404480066,2.094008952838735
synthetic_cell_00935,0,7,2,2,7,0.4500088191974769,0.41331692123915975,0.025561591147839978,1.0806180186296248,0.8303882007821244,-0.5622473473385082,0,-0.4129532184848683,-1.0030680930537055,-0.8486250727960047,1.1649518043706173,-1.0827208608965346,1.1563835949049932,-0.8942995379745564,-1.322965592761007,1.2782490602817271,0.0,-1.5909453755568315,-1.2383389672558096,-0.9728222590034326,-1.59028940542773
synthetic_cell_00936,0,9,6,3,7,0.5083444252800394,0.34213969606708333,-0.03135610400808932,-0.16013218214589658,0.5998510324353754,-0.29675895908371885,1,1.1357183808897577,0.42190757920063787,0.1603986415941464,-1.144587905226853,-0.21365239976125994,0.02820549316251661,0.5725367506267109,0.8701220638538988,-0.431803959490963,1.0,0.8094749596409392,1.1908915367086133,-0.8058920755053939,0.8119055009457509
synthetic_cell_00937,0,7,1,3,21,0.30876281958959595,0.4563028661496487,0.05130292501352529,-0.9541662512719896,0.885245838977604,-0.12432803542040954,0,-1.4278754332962609,-1.37574781605966,-1.1291790750952118,0.3947470408026039,-1.695015917813461,0.5936106954208314,-0.7873892175944798,-1.4567526572851974,1.2522478739301794,0.0,-1.9062837566840316,-1.683051926168873,0.4303210672591563,-1.904544110495549
synthetic_cell_00938,0,11,3,3,7,0.431677094702276,0.28433820228642553,0.14181323575442362,0.40106418929923304,0.42555756692441116,-0.2172657945448454,0,0.5689666231454937,0.4206760301563617,0.15806162418550568,0.3527920270652841,0.015886102002138136,0.5587602266141721,-0.6164362980202928,-0.7399568671774424,1.0429144018683913,0.0,-0.011037302167667835,0.4059247826674683,-1.5198215261637895,-0.015810764856211298
synthetic_cell_00939,0,2,2,2,7,0.12813371643446808,0.3084269674185152,0.07279015249162825,0.24940337694579434,0.42446933648396845,-1.244773220061004,1,0.22395474629049592,1.0013058377724149,0.5117628799734989,-0.8792326539755239,-0.4937432721276437,-0.3799223215360523,-0.025086316641322083,0.31157888144368445,-0.8065471631755975,1.0,0.5817017873665207,1.0264141605868655,0.005203126515638914,0.5849150825273038
synthetic_cell_00940,0,4,1,2,7,0.39159665610349004,0.4858903577138734,0.07976085709320581,-0.9356559562099258,0.07726891828518692,-0.37151206547922694,0,-0.640407511414513,-0.676705062466634,-1.3292966376312987,1.35457191719106,-0.6829761539127356,-0.13436360469392422,0.33428088282331003,-1.1228694351125865,1.6597499016207597,0.0,-0.9042635021183388,-1.4337645835763637,-0.6484717812852242,-0.9059673484631992
synthetic_cell_00941,0,7,3,1,21,0.1915512110069963,0.2413731666806862,0.10667531427297747,1.542169456711163,-0.29335365311691397,-0.08900761665103403,1,0.39528324408946847,1.3556582808658968,0.7864144333519286,-0.36282788194411014,-0.1526242456701583,0.1637168870729268,-0.7502825407361248,0.45838115876636637,-0.36030266331881183,1.0,0.4525649656228657,1.159529743783821,2.654921691938902,0.45622204590618265
synthetic_cell_00942,0,10,7,3,7,0.08612284411130823,0.029751313209558056,0.20143515017304245,0.3391824704552169,0.24673081961780174,-0.3895850678141655,0,-0.39727033920044824,-0.2788076212358422,-0.27510470840559675,0.3681822627839574,-0.10094187413603427,-0.12491176331061221,0.36671907288741545,0.03950075345552634,-0.16260569683679657,0.0,-0.15791007924540837,-0.47232621506491346,-0.705935412504401,-0.16217880631716758
synthetic_cell_00943,0,9,5,0,7,0.4375343431013959,0.32148756350023805,-0.16261438295486402,0.612275639382215,1.4925413808154169,0.3365716962964435,0,0.0001533133863278746,0.10982045157931208,-0.192441749491074,-0.11392222859127699,-0.5422800293047226,-0.9249005097448764,0.14356532676221367,-0.07016889241917541,0.3707326700159794,0.0,0.19118047198585963,0.06441891547795744,-1.3713732695303016,0.18571207784035804
synthetic_cell_00944,0,9,3,2,7,0.5329357555091403,0.5728720194598169,0.04706471761145012,-0.4194313652981465,0.22302040562713954,-0.15668614093210054,0,0.1752096167569414,0.4762490370220528,-1.1034220499824665,1.0976998252635042,1.3633975629197332,-0.20133162459332266,0.27538002226665315,0.2056936918717153,-0.14932505478362926,0.0,0.37061796145887804,-0.4244784192013527,-1.1609461258512999,0.36453292143981575
synthetic_cell_00945,0,8,1,2,21,0.41712024414620175,0.6507540656518594,0.1585360342371561,-0.1725084819390247,0.47972414825277676,-0.36843305747422106,0,-0.6114987020054768,-1.5631696868609828,-0.7770469274552931,0.6895068039145241,-0.8286248457690133,0.7985043627272275,-1.4278115134010867,-2.059592053164931,1.945053219650018,0.0,-1.6465035565692963,-1.3690355857394503,0.19695856234232398,-1.6456566579828
synthetic_cell_00946,0,0,5,2,14,0.32010072649467053,0.3154116362700854,-0.02634547290759641,-0.1764381688220787,0.5420200579331194,0.0922729838982588,1,0.7536630335296376,-0.10597953891793171,-0.396826951758941,-0.18551793877840916,-0.05029441266857204,-0.0823854885879413,0.5014554405724403,0.5396430668029858,-0.4366291319878683,1.0,0.3425986485242603,0.2838676969467484,-0.9101551855949517,0.3466336335356732
synthetic_cell_00947,0,0,7,2,21,0.04124364984152268,0.24965756078301243,0.19707111955918385,1.4014679363720828,0.1894506068558132,0.7047514838154771,1,1.0253648822626251,1.1594862625812423,0.15316849316352682,-0.2093161997344281,0.5908487798047969,-0.02873597519459467,0.8778479159726879,0.8611450886170676,-0.9403294538894994,1.0,1.1386672355962837,1.1115957437777382,0.4482789185871981,1.1399664912418273
synthetic_cell_00948,0,8,0,0,21,0.3067755064815952,0.31445607281531357,-0.11343016763481842,-0.15410116600610296,-0.3267196020134706,0.02908875309503052,1,0.3162396314120234,-0.3740947134208855,0.47933542124798134,0.5291208702817629,0.4239581817133272,0.5424248962027928,0.18305642107978903,-0.07984158331761933,0.3252221368099511,1.0,0.0757508196127649,0.009281790229334588,1.0423040798329088,0.08070284048468927
synthetic_cell_00949,0,1,5,3,7,0.04207197264535865,0.051157288976580284,-0.021784117181837166,-1.0117809644579907,0.6453285947410021,-1.1191574395081216,0,-0.08198468880515297,-0.27851994621631054,-0.5532769651442456,0.5332701684645931,-1.1081332449556784,-0.45039133015987215,-0.5037623836707221,-0.9473309046738789,0.2082484860229395,0.0,-0.5954880288741812,-0.4744134244570943,-1.0632570770765082,-0.598252997518467
synthetic_cell_00950,0,9,7,0,14,0.3877474509868246,0.2270580235123305,0.18393240385638945,0.8879565946871628,0.7475901421818578,0.4113242411898004,1,0.9972189473915831,0.35370849173277774,0.4952726111413678,-0.3335618810056419,1.4934893338305386,-0.6083645163153406,0.010888403375852063,1.0116097256812915,-0.6985416307602041,1.0,1.2395987725470503,0.9258946458657209,-1.963091980347365,1.2405511719366598
synthetic_cell_00951,0,3,5,3,7,0.16983183537578683,0.23290070613392405,-0.05222645962496219,-0.7688993542831886,-1.4295461969683796,-0.1460122332943649,1,1.2158751275035231,-0.25230773320303646,1.200791113770901,0.45789760679068925,0.8041468334516316,-0.21975970917238527,-0.19527590518693405,0.6029107098748361,-0.7373920034113842,1.0,0.7605549928679793,0.7353567128662678,-0.8479184360102304,0.7631536500761837
synthetic_cell_00952,0,2,1,0,7,0.32583330675226096,0.2732790967901505,0.14685861689892937,-0.5396375843287395,0.2059504619438364,0.022866548571473966,1,0.6687772459184314,0.5581817988398059,0.7959143669715947,0.2716602166421141,0.6170726415515242,0.6774584755670938,-0.528414372732412,0.5175245718578013,-0.6263360423434434,1.0,0.36943225731045143,0.7442586800558668,-0.5908300765249408,0.3733750272882092
synthetic_cell_00953,0,6,7,0,14,0.2089657943961014,0.1551955338856092,0.2129828590235464,0.37835634540685054,-0.05651078163758577,-1.016609493762689,0,-0.5467996814921539,-0.7973174400452824,-0.839094606168939,0.6353840736417525,0.013725083365183244,-0.0832303352716483,-0.47753231896590176,-0.5974227127982558,1.1999328329999894,0.0,-0.681208291739827,-1.0292180224135772,-1.3114857816247258,-0.6836786784295175
synthetic_cell_00954,0,5,4,0,7,0.5266878558115096,0.2776213886943918,-0.0284510506767346,1.2802450564196117,-0.7628750467397022,-0.03861573584489682,1,0.00854894332628009,0.51054230909601,1.4417153022156635,-0.3476201244496939,0.5388155557097081,-0.17288339096318803,0.8082143474902933,1.166632128581591,-1.4117636842951935,1.0,0.9515257128546935,0.8453937087780113,-0.9873107344073373,0.9534680896680007
synthetic_cell_00955,0,3,1,3,14,0.6233388584709157,0.3706110067425179,0.16350836776605523,0.14578880123250026,0.26990859126695604,-0.5422287925309323,0,-0.2713540544606138,-0.17811640406053136,0.26587051306290854,-0.0015610527670154584,-0.500225445675621,-0.13128852501240712,-0.10157108565432235,-0.6116013581900263,0.7304937722408288,0.0,-0.16576942220365554,-0.06797992139612448,-1.1469726430536213,-0.17001114025172448
synthetic_cell_00956,0,6,0,2,14,0.4981795826944365,0.48757137046734317,-0.16349677451426498,-0.04694723218343427,0.6514029128038974,-0.2160801511473561,0,-0.19822394739603497,-0.3927464433783382,0.057062728162397824,1.0236167753649357,-0.14756820977906743,-0.21126600358160708,-0.20912630762052636,-0.7340247405618934,1.295863401357058,0.0,-0.3217576059165458,-0.5463440035723284,-0.8949346203100251,-0.3254632627987275
synthetic_cell_00957,0,5,4,2,21,0.45981197376171973,0.6189086748789994,-0.10270892180583188,-1.0673690447830069,0.40671581083304065,0.0019272672998043097,1,0.2050155311473524,0.32576082993322353,0.8947106864803184,-0.6943435986268662,0.03927880373327816,0.2850311436479875,0.2532777440674036,0.36741819172697543,0.051218438139618024,1.0,0.49543385287369773,0.8036000130938835,0.4783818321863047,0.4989436120899122
synthetic_cell_00958,0,10,7,2,7,0.18102402774874973,0.3128216792393664,0.1699620053304406,-0.39327190947150303,0.00919151867456014,0.3091972713099981,0,-0.5125037575036575,-1.0626078403437007,-0.6204720119677534,0.014070473669856975,0.3345586444423122,0.3418809038039812,-0.3929119721075849,-0.3534546329948167,0.22914200031110732,0.0,-0.5787463074543326,-0.8335630007677938,-0.3821205138938824,-0.5815688098584819
synthetic_cell_00959,0,10,7,0,21,0.49760660534063006,0.3308954498802312,0.2657830598765826,-0.0694049215755076,0.5974005464571707,-0.044800036468487736,0,0.31934246839363256,-0.17292706566268323,0.6221278772346961,-0.396970737134048,-0.285963290729953,0.4444524127557752,-0.5523288743305742,-0.11323365236817844,0.399984901047827,0.0,-0.05640526126850785,0.46144792469862334,0.006115618340357647,-0.06102281470501283
synthetic_cell_00960,0,4,4,3,14,0.30750712856712054,0.23542955813385766,-0.12339374017580498,0.5738133182653127,-0.08426507462285,0.2983498129849177,0,-1.479593904859577,-1.1225981946843406,0.011968050042294842,0.28805630701238466,-0.5541387877427306,0.9897155524749455,0.6248859182170727,-1.2271824548235337,0.8041624257341072,0.0,-1.0118903160803672,-1.1948631979745412,-0.4741954544781261,-1.0132242975162327
synthetic_cell_00961,0,9,4,0,21,0.23454269466606553,0.3400071962447695,-0.04637552639741237,-0.28053496135249845,-0.5639436117927518,0.5032408711006564,1,1.3628960864973325,0.9213140015241468,0.7359204309838496,-0.9309978788423185,0.4741671501624689,-1.4863309312744217,-0.10617293779519421,1.276760412953307,-0.8630194447798094,1.0,1.5431141402911006,1.6123475936317173,0.07117987060549887,1.5430234939959355
synthetic_cell_00962,0,3,7,0,14,0.4819504744936154,0.30886797759351037,0.24644732953710932,0.8174722197055542,-0.6114406240252785,0.03909370073916443,0,0.8535742905184921,-0.08050933798013045,1.5136958893475332,0.8584164118484292,0.7099988378358126,-0.7730484925325337,-0.21297386785651873,0.3907259526652379,-0.6463888106107946,0.0,0.8041999872724677,0.6000288459862845,-1.3589105000575907,0.7966249210172313
synthetic_cell_00963,0,3,0,0,14,0.22665019999868918,0.11048777995140392,-0.2187175836682559,1.051454875047464,1.2837745884989247,0.19148077188474077,1,0.7143531166131483,0.7225090424427771,-0.45810207704119416,-0.03291126264130417,0.005278882039475324,0.38214825757419213,0.7011283940572721,0.2858635651246649,0.051650646836622724,1.0,0.4414419550421488,0.5292664943809912,-0.4692978659711439,0.44513726010556226
synthetic_cell_00964,0,6,2,2,14,0.05171572169712732,0.11375496460401843,-0.015593178977817004,0.48854140658980233,-0.44657436548584734,0.4131119802143133,1,0.2607739549535253,-0.21209464483821328,-0.00690004689667284,0.5554653122367709,0.7382190114145677,-0.7786796929961715,0.3158703748310433,0.3164370802742773,-0.15609948567361576,1.0,0.5043019636589804,-0.11828400997587214,-0.17247669656309145,0.5077812471706024
synthetic_cell_00965,0,0,5,2,21,0.5129988006204894,0.6073811831852313,-0.08393001563176694,0.692655211726998,0.3323051534091613,-0.06348560220312671,0,0.7465144299341571,-0.3711567562174909,-1.0099335329336432,0.23404829375942077,-0.16745987558660763,-0.3641095957642849,-0.5791877203998332,-0.3805281373337072,1.1501590860810955,0.0,-0.1539849354677246,-0.17320475850627512,0.46667845427846366,-0.15826715149165732
synthetic_cell_00966,0,9,7,3,7,0.21001506706164544,0.20593786093680688,0.1453808594150923,0.7037106652082528,0.8133864678174761,-0.3912136126019467,1,0.018255260425520503,1.0014195942634416,0.3315703207598457,-0.3765993767146245,0.5802358976933922,-0.029722763877805286,0.5227695275326104,0.8561991710682287,-0.5653669826146085,1.0,0.7732924630151199,0.6974771634555638,-1.120253533471298,0.7758473472724827
synthetic_cell_00967,0,3,1,3,7,0.1066619331074797,-0.01587674409365404,0.12643412419188,-0.14937559872195424,0.4952687105083548,0.28784442947129835,1,-0.1488672214275274,1.0130659418420789,-0.12248481027804775,-0.49545048756315263,0.33940430242423186,-0.5616423508142216,0.23946851554051665,0.5640764054668795,-0.44609397051015687,1.0,0.6627374107074775,0.5181506823047576,-0.1293774982370616,0.6656722229108175
synthetic_cell_00968,0,1,0,2,21,0.22782832419813498,0.45900982002555946,-0.11841533006407483,-0.2990680371427412,0.3567964079888045,-0.2858717548283566,1,-0.6905680829374414,0.03726534884179435,0.3922921339584941,-0.16498112827770497,-0.9311991389116422,-0.3635343267230504,0.44884004975342695,0.3145775996997651,-0.31732010312041076,1.0,-0.11162399199151117,-0.07642429730705022,0.6515945064804638,-0.10602804824302228
synthetic_cell_00969,0,5,0,3,21,0.5077714730696195,0.4488802868568957,-0.13465970866676272,0.2946200612433824,1.3781430072726235,0.03814259715053045,0,-0.40280434599868525,0.34361001213202447,-1.4651449358801127,-0.006894308346137135,0.04624677498480903,-0.1741990499976379,-0.03886029679056849,-0.308181888971562,0.2191970542487834,0.0,-0.20187979825219263,-0.4794010822763554,-0.6246893903163145,-0.2059974211936679
synthetic_cell_00970,0,2,6,1,14,0.10588772840981617,0.15537155477731324,-0.02744437913248258,-0.45992423162408963,1.1303401757055722,0.8859058424595075,1,0.5953269452373117,1.2974663332422791,0.6786623789425346,0.8456938471970874,0.9071939149355918,-0.09741586664673833,-0.5716215246229284,0.31395469841200496,-0.6057215202937777,1.0,0.7055302205615632,0.7726278664182328,1.8170592633484102,0.7083179731415654
synthetic_cell_00971,0,4,0,0,7,0.40844828077438805,0.25837640925480754,-0.1004075440379955,0.6663828596080545,-0.3125246624098974,0.6941150809829866,1,0.9491191444998714,-0.23658979985857587,1.0835083841741646,-0.15130512551691908,0.5143174576738387,-0.04932873256387671,0.9203043542816487,1.4847553248301228,-0.8302950325090701,1.0,0.919084439560636,0.7920817041179335,-0.5645418262356383,0.9211383024260975
synthetic_cell_00972,0,5,0,3,21,0.38925353288015546,0.3267700150582968,-0.2465332083538337,0.21604052741397478,0.9816449902151376,0.5425504629482224,1,-0.4170570060549555,0.5539975960812643,-1.09279781063205,0.23341094599851614,0.4893484085285664,-0.39195397405689447,-0.7011119331897983,0.21304346646665578,-0.49838318773037343,1.0,-0.09231032341574914,-0.3627401484220468,0.6235299941814036,-0.08678075205167969
synthetic_cell_00973,0,2,3,0,14,0.41517011048607466,0.1578397277331679,0.08934544175273984,0.563645712097753,0.5206969071212352,0.2959442497473046,0,-0.3096318313719518,-0.2470442678723637,-0.14239690213886705,0.70960605806759,-0.2599313487815093,0.8712624151144975,-0.4564421281091443,-0.43106677438699575,0.19662374538326463,0.0,-0.6980084840213651,-0.49443063869107184,-0.4087160460567022,-0.7004211360131624
synthetic_cell_00974,0,1,0,1,7,0.18026959096262996,0.001724764003086049,-0.17717128252033276,-0.7661795255940981,-0.34956327249144886,-0.9632919207124424,1,-0.14919244208913301,0.6680768803273773,0.4427185703868912,0.6291890272244511,-0.7644580441315275,-0.2820437859593341,-0.17667894688166108,0.19027522314177506,0.5183269229901833,1.0,-0.055751190125021284,0.17056177181641774,1.0833692557752537,-0.05034725604416889
synthetic_cell_00975,0,6,6,2,14,0.5270591160084859,0.48301441449254007,-0.05351063564045207,-0.364231965319218,0.9623905877375665,-0.9911707408455328,0,0.3829463583945079,-0.06256889962020168,0.40776229397775654,1.0270224824874945,0.06210552807484847,0.3657047457571664,-0.7454947410738237,-0.051136083920178876,-0.18430355747408522,0.0,-0.2300589311047448,-0.029903564822097828,-1.0458112754704898,-0.2340797150520663
synthetic_cell_00976,0,2,4,3,7,0.6500238833334343,0.3911516450442772,-0.0817704437832769,0.6079660002952049,0.9603990041579281,-1.6171909186468536,1,0.9120066435573023,-0.17366373775509736,0.5993491429760405,0.30452276520669386,-0.2292608133672831,0.01890184309221459,-0.1423380956535661,0.5720751142990346,-0.2855550644982236,1.0,0.22505872214033426,0.48390471244884176,-0.847553599259227,0.2294976389655289
synthetic_cell_00977,0,4,4,0,7,0.180442847136468,-0.04764141488524862,-0.10119499600766696,-0.5627768655786494,-0.16319704847099978,-0.8514843919535954,0,1.106611458530562,0.6447267029717243,0.31104171982110207,0.3673804230483954,0.22873069327302387,-0.34125141385599095,0.916682986515656,0.1122161474622824,-0.22874097857300824,0.0,0.9379230105020385,0.7907157439907111,-0.8830098500533372,0.9298883984143412
synthetic_cell_00978,0,1,4,2,14,0.3285369630203016,0.267375158576274,-0.053016422031717816,0.2879496275427109,0.01440795721866614,0.051755446663762,1,0.7452296603888933,1.0565289961415454,-0.28254091984836643,-0.3668673848186592,0.6835139520395025,0.554613565368778,0.15095675180804818,0.862695481222339,-1.2355700124819968,1.0,0.6575345167089655,0.8528234485903845,-0.2225854933046257,0.6604872089167805
synthetic_cell_00979,0,4,4,2,7,0.2607708675343321,0.26881229521715677,-0.03597190313868751,-0.47432739124411416,0.266894257321196,-0.21951389684932804,0,-0.005120501294561722,-0.05395351120446043,0.6091656154802854,1.0102726239931292,0.015010023960162374,0.08703188487489959,0.08535581409293304,-0.1591859288215533,-0.5809021084754757,0.0,-0.02733560716467593,-0.13457110958607252,-1.10442056968428,-0.03205305991598747
synthetic_cell_00980,0,4,2,0,7,0.22144975425113309,0.047278761711153056,0.030301152760608067,0.5012348683779773,-0.46440215569022597,-0.14813671593212152,0,0.14879830265880117,0.017789686233179017,-0.5737992250064435,0.5126491104164121,-0.11085331545119623,-0.05484946924232059,-0.412018720931719,-0.029065410861214176,0.19538971317607393,0.0,-0.22466401420121093,-0.24665012160246602,-0.0265456788147943,-0.2287033380492886
synthetic_cell_00981,0,4,6,1,21,0.3794961611573203,0.36279977727846086,0.1117175896571542,-0.7990742547899412,-0.715713858608852,-0.4671880797049484,1,-0.5910131347301132,-0.4302812938423772,0.03939484986623443,0.9196222768336342,-0.694837168577632,0.18149503487891247,-0.40185077384584567,-0.476406369401055,0.8690608776167937,1.0,-0.762361801607092,-0.7130157965750492,1.67041844424386,-0.7545295649509847
synthetic_cell_00982,0,11,4,1,21,0.3901580381366823,0.4139802050545881,-0.07889148665123603,1.1914127458067187,0.5365033704969674,0.821770268611801,1,0.9741859600871937,0.8810596983986724,0.5401916681909912,-0.28976590454769197,0.7250791151839399,-0.6421773617145954,0.8894529302804678,1.2615988713197563,-0.8624430975360181,1.0,1.3578974298959534,1.1289529447282867,1.5770579105308151,1.358443290055014
synthetic_cell_00983,0,8,1,0,14,0.519828161414285,0.2539624488996534,0.045862488711875926,-0.40383077865317263,-0.5941268216329811,0.7900283978146195,1,1.870137719088222,0.8860064082929221,1.1501698661841493,-0.9924783841258211,1.3656253166443966,-1.2961080281994373,0.016081770195008005,1.6722530006670606,-1.324197285649451,1.0,2.0332194336090685,1.9893332781416846,-0.9304541140781265,2.0314445160525167
synthetic_cell_00984,0,5,3,0,14,0.440509302136112,0.27453909233164714,0.07575744154533552,0.21540921129939922,-0.09818020148837356,0.08457750599143131,1,0.9317638961064006,-0.30445991301191405,0.6745509489304344,0.6641386007230845,0.7361861190261119,-0.13724999830346635,1.0398648091182847,0.9539226356911319,-1.4046384083670422,1.0,0.7927036263932887,0.33922001149552644,-1.2625609995175875,0.7951918032204857
synthetic_cell_00985,0,2,0,2,21,0.13153363285536904,0.3930388974137872,-0.20965094662548003,0.18073521321876185,0.1401827020033391,-0.4712066726495599,1,1.0279039095881015,0.7897210162138739,0.8513496916311827,-0.2891859853315253,0.9166695414140875,0.12804793925473107,0.6460382705031167,0.744903009284604,-0.32442577500515385,1.0,1.1936333649496287,1.2179641785037254,0.018657960337153483,1.1947437267528047
synthetic_cell_00986,0,6,1,3,7,0.5472783923433201,0.36213634446326315,0.13173375734126605,-0.4712160982529723,-0.11615181704765987,-0.6703692114965595,0,-2.055779785429148,-1.1002086152111172,-0.869644257792825,0.2323182254901639,-1.6170126479761013,1.15104752042053,-2.0873628860973525,-2.3343651339047837,2.0163573548742235,0.0,-2.4013922373928103,-1.7206100561228672,-0.9138913896214863,-2.3979511262401743
synthetic_cell_00987,0,3,6,1,7,0.4232058518778652,0.141534633721404,0.03534446456610994,0.10902395435171616,-0.4895042540822526,-0.14021205224136343,1,-0.1566235341423285,0.9887148022502588,-0.288410093684565,0.5930331260463233,0.20636424764713934,0.43328619310571725,-0.9353807802042675,0.43265722854591215,-0.11979077443402882,1.0,-0.19522783530845608,0.07161203930922716,1.697956294239458,-0.18934458278660768
synthetic_cell_00988,0,1,4,1,7,0.1319488079135895,0.08267621883909985,-0.05204964286384183,0.21390651087845985,0.0006126215934689552,-0.15291967117347086,1,-0.26779437702730946,-1.7131422231727373,-0.127522827070277,0.6066579439361468,-0.2531275396243296,0.23013179220566188,0.3959386653723311,-0.2935084758396126,0.10865654231616595,1.0,-0.6420139055450079,-1.0302106713584391,0.9309014917183694,-0.6345952504303964
synthetic_cell_00989,0,0,0,2,14,0.1782534960098998,0.3512081327786461,-0.24198707992126034,-0.9152080242306329,-1.1402693602810163,0.6699459668730547,1,1.3257934857921685,0.12514466880987285,1.2907357136504736,-0.3736438548993082,0.448806872500628,-0.21311440602381662,0.08378182467332643,0.5041075714390741,-0.5030488626338636,1.0,1.0167592482955696,1.2584731603990116,-0.8464644789575565,1.0184774468138866
synthetic_cell_00990,0,2,7,1,21,0.2982771610800277,0.45969249318387284,0.18784296657996763,0.7431003151146214,0.3814270731477704,-0.6377952416006578,1,0.5181607159749684,0.5623438166998503,0.12333090332908647,-0.8677768965294328,0.3546623708976261,-0.10343844175661113,-0.35831460601020826,0.4225791966206023,-0.7686695217695535,1.0,0.58543419525489,0.8535822087346213,2.147637193234976,0.5886346638099869
synthetic_cell_00991,0,9,4,1,14,0.34829432517608017,0.22445984100753105,-0.05948070632206013,0.3897367210259066,-0.3851818043046631,-0.4447311562692879,1,-0.5561333695817423,-0.3563752549557756,-0.3184809325460583,-0.06335250152957295,0.27780664062169413,-0.7788173303377661,-0.8603036243568944,0.14509594140351145,-0.12097240970737994,1.0,-0.16204057838813868,-0.4413133415353104,0.892617065267244,-0.15627137552834702
synthetic_cell_00992,0,8,2,1,14,0.7564131497650234,0.2659200336989653,0.09579346004264717,-0.8199985015031044,-0.3624586511617687,-0.6959545325659722,0,-0.28580330429606815,-0.8341310283295713,-0.27086955529242507,0.7896861504061549,-0.24048713760855692,1.1426281485762804,-0.8416998813130121,-0.25021062488650087,0.21921562543787357,0.0,-1.0477167825665001,-0.7917695581513324,0.4343165489984773,-1.0489276445651297
synthetic_cell_00993,0,6,6,2,21,0.09607582348950068,0.42225881590762465,0.002040580383440213,-0.9634297891854585,-0.3558045417609127,-0.6683438484964709,0,-1.38805829421743,-2.3923536656224482,-1.8624690160599668,2.0361220721430304,-0.4189994062442399,0.8810579172798816,-1.783939386837623,-2.643985079956484,2.7328267893915092,0.0,-2.527937600942018,-2.8883209003854162,0.8088339270617889,-2.52406161034206
synthetic_cell_00994,0,8,0,2,7,0.056647661187993956,0.2566589984396148,-0.14340878955870437,0.5844786487720689,0.5817915276580834,0.29660472521038256,0,-0.7276069509489366,-0.9133972558073327,-0.4092197139678684,0.07245242902881865,-1.4049727512336814,0.797965422936824,-0.5485269528655218,-1.132168251075063,0.40950307700166544,0.0,-1.2892524589875127,-0.8239538347949531,0.03798255951383564,-1.2896332715989152
synthetic_cell_00995,0,5,4,0,7,0.08587024918431839,0.04088753565397689,-0.018683896089101933,-0.04231870006214028,-0.32304886626845164,0.499448465044726,1,0.2441073867032395,-0.20597720671720282,-0.27344238473273685,0.03146470255968127,0.5530080526388178,0.8252183553655963,1.30983911723676,0.594320922097886,-0.4800144908545268,1.0,0.2917543058950498,-0.02800304704129458,0.03901036648589048,0.29596402002337296
synthetic_cell_00996,0,3,6,0,7,0.15708618565753832,-0.0036442605264018907,0.053031050643416545,-0.8173862646687069,0.2994026480609384,-0.3398683729490227,0,-1.3837729801929048,-2.054483215146125,-0.5913268365864833,1.4989217435602824,-1.4499812554680283,0.5189616717711453,-1.4326159818589863,-1.7887711803224184,1.1812422719037252,0.0,-2.232460664104043,-2.1475038421074055,-0.5282867335029983,-2.2296000947205132
synthetic_cell_00997,0,5,0,2,21,0.25938044021343154,0.6087241928893533,-0.18317111483520804,0.0587492206144406,0.8168062825356635,-0.050624753961569804,0,-0.3076691128464427,-0.6107211979319588,0.3859577439029377,-0.6398247831207642,0.6796796411410259,1.1911478856136322,-1.1211293134110694,-0.32967637020109447,0.5505670898850035,0.0,-0.40198364246698987,0.000754011788007244,0.17527358459974596,-0.4054135985770741
synthetic_cell_00998,0,7,4,2,21,0.3667308940781374,0.589033317040572,-0.01575005850003338,0.3054157060995224,0.6231350268269988,0.9482182323698984,0,-0.23670579874307912,-0.8132173368952529,-0.8362067915375305,0.8221190199180111,0.2509109754004288,-0.3888170772112723,0.4947658400842563,-0.5574526023959991,0.8428141131576333,0.0,-0.2214903007756384,-0.9561754290519026,0.02117940197109845,-0.22554053124804238
synthetic_cell_00999,0,0,0,2,7,0.2256162465164918,0.4042993964822913,-0.18779762496005764,-0.07966167253458167,0.44169164094016466,-0.3611226892626704,1,-0.07619208201891736,-0.7002809981645377,-0.220171691323362,-0.7467885089984743,0.37446633695974707,0.024309343865101668,0.2953454499544088,0.6338805376770646,0.6422802299772404,1.0,0.13500320902081173,-0.0888802838416528,-1.2272043208415961,0.1397516061041154
synthetic_cell_01000,0,7,2,1,21,0.32265530072622367,0.23166271072759154,0.022828422307931404,0.5831635863841445,0.08905981992643927,0.09953453557069897,1,0.4232905237582678,-0.5659571363536534,-0.9090597963059478,0.28280641364441855,-0.06019555993521905,0.28566219590026193,-0.07059389174152747,-0.14235668789772102,0.21547621946461618,1.0,-0.30767971139986805,-0.3861078450327935,2.435522792545246,-0.30141001240259485
synthetic_cell_01001,0,7,4,3,14,0.37388592642715623,0.11240999830048277,-0.04006323765805227,-0.8386928679001853,-1.1466398754023968,-0.619708684506129,1,0.41909089142510725,-0.7936762603929769,0.7804874108577813,-0.039077741343988254,0.5762366109525444,-0.4470448180932166,0.077950481477147,1.0335774608681192,-0.9123728655063987,1.0,0.458831751460976,0.18239173466160943,-0.6050979072186401,0.4624672956224998
synthetic_cell_01002,0,8,5,1,7,0.22237999131602398,0.08705606144092322,-0.00885330490660622,0.32849423752351004,-0.27729216430328435,0.5499868326352272,0,-0.6931964555579087,-0.2730073307610006,-0.3952958306718885,1.242915280856948,0.4227472200764714,-0.270745935444195,-0.6766910288977023,-0.6225321853680369,0.4226722035567897,0.0,-0.48622403293377575,-0.9507046288942395,1.293705239728072,-0.4893644927445022
synthetic_cell_01003,0,6,7,2,14,0.3404270301855232,0.31718204707493247,0.2504004593575361,-0.19359114036506198,-1.0657316282182543,0.16730720672127108,1,1.1033431982459736,0.17180467943585642,0.4496543466081382,-0.4836646482150724,0.09477297948723706,-0.39602704706498304,0.18348040656704784,1.1583266089552904,-0.918908494317579,1.0,0.7868271390421266,0.938483513969075,-0.914872101886693,0.7893355107109187
synthetic_cell_01004,0,0,4,1,7,0.5075433913535707,0.23649511969386963,-0.03998487873657231,0.36687468200171414,-0.4722482109933465,-0.33465207209074976,1,0.8589008600295358,1.012813147222455,0.9434413608749229,0.007001103295731226,0.2629081601051425,-1.4265527646913014,-0.00019242415853415462,1.3035430343120515,-1.1118428187832654,1.0,1.2284162026854828,1.157298230679338,1.099348784187428,1.2294070315336252
synthetic_cell_01005,0,9,1,1,14,0.15943007776666887,0.048602754097374384,0.13378203809817546,-0.15451876163827147,0.1797430631714576,0.7706559641247849,1,-0.12917116527623035,-0.8718945130418121,-0.2128489293134775,-1.1242700753959731,0.14677395207781674,-0.41390328657085385,-0.5598659299551108,0.9849434445546523,-1.143640225070716,1.0,-0.019446739764527918,-0.0493508998381457,1.4840765490797199,-0.014167567736312536
synthetic_cell_01006,0,4,1,1,14,0.24836034161913584,0.22385260762821713,0.12494297504081096,-0.029063400467044864,-0.5937949528778241,0.1474209447827969,1,0.8992867145125332,0.44551592761974346,0.3450686586234781,0.17626078020618796,1.6378180422929323,-1.185855400296176,0.15363032583650585,0.6835786080640374,-0.49486076565847564,1.0,1.354346844019965,0.6913950292603918,1.7956073761931324,1.3549049059443066
synthetic_cell_01007,0,11,6,2,14,0.2310358908153279,0.3096862883750702,0.0052004324059116225,0.43899396652848166,-0.20605880555100123,-0.5638422106240647,0,0.39907514952261836,-0.1027026911792539,-0.4555289155430063,0.1862706562457857,0.5033957927629349,0.3140410144210796,-0.5622407322615465,0.007056960409537738,-0.4454699133437667,0.0,-0.0463047770540349,-0.02755056272270801,-0.4602130820434479,-0.05095704130782846
synthetic_cell_01008,0,1,7,3,7,0.6683738735225492,0.2781675657255214,0.16357729700251303,0.5609712751243967,-0.6562948148943843,-0.4519699753655609,0,-0.171682604898499,0.3569165555032938,0.41488976833908475,1.5148551346422359,0.06702359839000818,0.8243491367555038,0.44009288097501154,-0.258741693376611,0.49683850992733747,0.0,-0.2012453120850592,-0.2837217666646337,-1.5310797487886882,-0.2053651154698629
synthetic_cell_01009,0,6,1,2,14,0.5713655145207927,0.456765728641431,0.04488945319606029,1.25957859921428,0.5131213337738427,-0.425573397174358,1,0.9335965444360097,0.6989235934551792,0.3359992784488818,-0.38119488952600167,0.9650718400154524,0.27349452985955636,-0.25325162121591044,0.3908463408158002,0.11899728702732516,1.0,0.8077564419637802,1.0013843247283991,-0.6621358980259445,0.8101928890402195
synthetic_cell_01010,0,4,5,0,14,0.7541481933970787,0.3772142469378653,-0.04552801812929645,0.28201638831328496,0.5351141086507385,0.11880211829638193,0,0.8737133341194814,-0.5497411274418443,1.3595209637864425,-0.017689673028270347,0.18502253856181772,0.13341190565487931,0.31453845852670137,0.34498406489815225,-0.2799280971033363,0.0,0.5368995912115494,0.6733859157597423,-1.2473401049650146,0.5302431160863839
synthetic_cell_01011,0,5,5,2,14,0.5532009691704094,0.440445971704306,-0.05789930899136657,0.7630322643071077,-0.08125190869332102,-0.20619620339620146,1,1.1561929439988952,0.3530909053331104,-0.9039783158056004,-1.7521741982371326,-0.055727332094839266,-0.39292630097330555,0.3321019118523577,0.4784596236643152,-0.006901364450720871,1.0,0.8122764710795141,1.0368546291382408,-0.7224717241626974,0.8146973848506738
synthetic_cell_01012,0,0,3,1,7,0.6896507052741324,0.341604412387982,0.06515108555575298,0.5883590128360763,-0.7659692526654314,-0.30883767996238864,0,-0.637068204736922,-0.03585490399124265,0.8674825761545739,1.207029803839329,-0.5901144343074461,0.4217508964340053,-0.1823621376888719,-0.17946563725221393,0.3477912917695131,0.0,-0.5477420881652882,-0.40407295400425786,0.41750254180192686,-0.5506711381138983
synthetic_cell_01013,0,4,5,2,7,0.11992238466952047,0.32600892784003577,-0.0565679019376359,0.33606319309550714,0.3348490114350551,-0.031227535148695813,0,-0.1849340030865224,0.3847394089202235,-0.12942311303655202,0.2570490857815532,0.8624626678425349,-0.17611901575496064,0.418773477155793,0.03207164688210282,0.23010803284854128,0.0,0.453984511317177,-0.018146559446723796,-0.6171980759914587,0.44761297799554967
synthetic_cell_01014,0,10,3,0,14,0.2393751333702386,0.11297133492142065,0.06687457918950535,0.36056286534000126,-1.785122435108433,-1.7044725678445236,0,0.006728817239329006,0.4182563885250495,-0.3076913904770986,0.060132202295478845,-0.4241997636386169,-0.020015561010185173,1.0996089200921726,-0.13168568428153316,-0.21904232075293345,0.0,0.2444033313304746,0.09463945057676873,-0.8943501889942853,0.2387520341768539
synthetic_cell_01015,0,5,2,1,14,0.4070712600706107,0.16437789463419872,-0.029143739558874098,-0.3764162037170773,-0.12945551891133097,-0.21502398089739255,1,0.4895521277867453,0.6288458422288598,0.8697547485356348,-1.053389977536912,1.2647704091346101,-0.8213434307826717,0.9344194939670192,0.7843353725790789,-0.693124327526347,1.0,1.5858188371534419,1.1753786778648636,1.6418891545238585,1.5855814340396255
synthetic_cell_01016,0,7,0,2,14,0.23708323432248296,0.37643410499801483,-0.024574703904411715,-0.5964557516492277,-0.869143327343296,-0.7099714570768453,1,1.502252086712932,0.39973751647961786,0.7565061709476966,-0.577186195774996,0.8402855134966303,-0.4579129591281079,0.30305719529971276,1.395095150773489,-1.0245583005611527,1.0,1.32135780833463,1.348430035006856,-0.3556365196426633,1.3220292387238775
synthetic_cell_01017,0,4,6,3,21,0.1611500511151547,0.14408283806615313,-0.024923311602931847,1.1645978104568713,0.33232468625479405,-0.6826530218970738,0,-1.4061906794143064,-1.1795779221235627,-1.6224971261796317,0.5195090648762494,-1.3101333205006875,0.2277636154735606,-0.49543635317009654,-1.3791989023045994,1.1785290603768728,0.0,-1.6699172524497619,-1.7975828355761552,0.6146832299519994,-1.6689898915307178
synthetic_cell_01018,0,9,3,2,21,0.14044931494911372,0.40468511543960767,0.07369387327851686,-0.15080521539575942,0.8706531313483905,0.783846984856566,0,0.26248091194150164,0.1616868379856992,-0.07805079463877496,-0.6258261706504802,0.7262801230275501,0.04455830099292576,0.029906394873706915,-0.03768467871692991,-0.062343214753021486,0.0,0.498407415037674,0.422470811335028,0.19938652087927,0.4918832201939128
synthetic_cell_01019,0,2,7,0,14,0.3681552985265268,0.13168026798674637,0.2277023535284366,0.2268934565380697,0.962991575136317,-1.2432830490080748,1,0.13887825521367309,-0.024441162328029495,-0.572597414127009,0.6789742424516308,0.15699071776852966,-0.1277102186327746,-0.6380039610631224,0.4172417910808891,-1.0092584197055396,1.0,-0.22124355781667437,-0.3259189367185499,-0.6863851212076387,-0.2152709009681186
synthetic_cell_01020,0,10,6,3,7,0.610681707295478,0.4275082066007891,-0.02411070691924435,-0.256650338432362,0.33317298783029836,-0.3572924641537083,0,0.8076291017444538,0.2958049344895627,-0.5918104378515987,0.80183635574212,0.004851101316890899,0.02650716637404557,0.48212892038305516,0.07712780438763064,0.011830401208719503,0.0,0.2241025188988402,0.06482536128696625,-0.8027297041119454,0.2185209864986869
synthetic_cell_01021,0,5,4,3,14,0.30995519825169376,0.205543743982367,-0.09260091041673779,-0.3252953824123492,-0.25440050270924536,-1.165766588527109,0,0.4795741650221439,0.6747561968895553,-0.7213559105323254,0.9371499883710808,0.32334300167816754,1.15649174853994,-1.7035873101661476,-0.16281091078448512,0.5122320551461305,0.0,-0.5938343826421649,-0.02240341556436819,-0.12963088513583496,-0.5966050341241248
synthetic_cell_01022,0,0,3,0,7,0.0835539028452323,-0.033329274484491675,0.11431503207475684,0.19607881207306313,-0.17556382525242464,-0.10968922803435327,1,0.9998139182629983,0.9613775015711591,-0.330709956743728,-0.6209008106169017,0.027893288082271823,0.27452825856400687,-0.2246451275419935,0.18091833266700003,-0.1270670478004538,1.0,0.5223415710080864,1.0047570550948959,0.2621951488123049,0.5257588605101782
synthetic_cell_01023,0,8,5,1,7,0.2609298107392748,0.14160564284370442,0.014895983527050953,0.6293117830541262,0.2201411420611242,-0.5155490660202897,1,0.4602578999353201,-0.09303261474323071,-0.4312328001408515,0.5115553292082092,0.8270319707139753,-0.34294936933157727,1.3238463994055643,0.6642275200042521,-0.14436791924984163,1.0,0.6817832833747494,-0.10061536811932496,1.4222312237331205,0.6846526434876532
synthetic_cell_01024,0,0,2,2,14,0.3150885970564333,0.39389454421456854,0.05094311133237023,0.7297360249555147,0.817212788619977,-0.7092749761868629,1,0.7552058088003921,0.34603873587701883,0.4325838289806304,0.6593705603905016,0.9325009313162769,-0.988859709019196,-0.11149748169703713,0.8533283050596554,-0.8504593060842032,1.0,0.8697728436668768,0.44460387539520313,-0.7949233743852804,0.8719961682887187
synthetic_cell_01025,0,11,7,3,14,0.1837949938495444,0.1344998073724749,0.20297884620228812,-0.3247214843496112,0.39059221923348264,-0.5093649189871872,0,-0.005743334536084332,0.2357171134083246,-0.03138619523324193,-0.9741228729810281,-0.2563001086989037,-0.8668173128418554,-0.5178426678964196,-0.32899897632867486,0.8299820938424833,0.0,0.31750702495360605,0.46484312751298046,-0.5401859527823293,0.31160450331424855
synthetic_cell_01026,0,9,4,1,14,0.20885973433011212,0.08547220338323692,-0.050494526899564164,1.2370606723600224,0.13764219069265698,0.7236888516136833,1,0.18425537737025405,0.12301354580564527,-0.3204726192006659,-1.178976798763944,-0.02635741716280099,-0.20482096150916673,0.2552625487416388,0.69517444169242,-0.6357923521456053,1.0,0.4103327915227978,0.4840601241210722,1.1227708339422438,0.41413500477674864
synthetic_cell_01027,0,11,7,3,7,0.2645355613055686,0.24464920404030632,0.11170754733530246,1.1096502090017495,0.12939976624247057,-0.8348124438897903,0,0.020039383757679663,0.26850708572622173,-0.035315898878680085,0.816309780599358,-0.08933585075781414,0.5433760612227854,-0.4330447881545483,-0.5775810987523046,0.34663807611791453,0.0,-0.31677418894880344,-0.1344973967075944,-0.9197625788537975,-0.32049697159170787
synthetic_cell_01028,0,5,3,2,14,0.2677947397665825,0.36624801886234326,-0.037726822516888844,0.8213018490979992,0.399541479596465,0.8927597993987126,0,-1.0653954912949075,-1.0599840760216235,-0.594505618769579,1.4307701486580942,-0.7748758108034854,0.8195644281943751,0.4970462760303697,-1.0890521100756436,0.25810956218679126,0.0,-1.2549350370094965,-1.5732284116794155,-0.9443007240796717,-1.25543378315149
synthetic_cell_01029,0,7,6,0,7,0.4015737994214425,0.22277934944410463,-0.025090393160565043,0.4058994728592525,0.6559830990122687,-0.33303396985968614,1,1.361276775706759,0.8803445283852804,0.7352318443785283,-0.31348949350541855,1.2697567535904837,-0.08477586060738312,-0.6084134370066132,1.3517228697679442,-0.8172996984263334,1.0,1.1505405520339493,1.3797428989444274,-0.5254498672130387,1.1517990044359327
synthetic_cell_01030,0,9,4,1,7,0.30897581442177047,0.3133403225928493,-0.033281458977186304,-0.2613632624276543,-0.2573592074395512,0.3300106319634351,1,-0.43138356670748085,-0.5194387139017531,-0.795179403931136,0.26698993398182547,-0.8116995534229854,-0.09018440429261787,0.03980427670749129,-0.4292812360737268,0.139043357428351,1.0,-0.6270560419367878,-0.7202740242174628,1.422378510889452,-0.6196887902657844
synthetic_cell_01031,0,11,5,3,7,0.5737343583690243,0.3363501838701819,0.01738741639404915,0.3967961758732377,-0.3621504008915053,-0.44235695652082285,0,1.0272035649540439,-0.6391442647234857,0.6917187848588934,0.6810471004235285,0.6612713213586221,0.6509798206134821,0.014658648055848496,0.39446422414099863,0.09849738995615524,0.0,0.23221084471535086,0.24709991065997333,-1.1658344643414962,0.22660144764950857
synthetic_cell_01032,0,1,4,0,7,0.3521689156381704,0.1911163338937411,-0.13439366463430238,-0.15762145959293988,0.9847204131031708,-1.0462078627762295,0,0.5120584429280726,-0.6230621993345575,0.5278884174075096,0.9368899030382581,-0.1993140299936722,-0.4138681203356481,0.3258998611622636,0.4656823625903575,-0.29802070978733164,0.0,0.1107289222169666,-0.12736687532653335,-1.4160396011318996,0.1055370038309746
synthetic_cell_01033,0,3,2,2,14,0.1922342560381074,0.2589925152211129,0.07158326273626713,1.0330663106338978,0.954779463747087,0.07820197048396957,0,-1.076342532171151,0.1082584726353365,-0.14400418367282847,0.11709105821362627,0.06345766138580883,-0.36536573931705835,0.31719044157059784,-0.09167445920885789,0.2503541414506555,0.0,-0.08134643274251474,-0.4992620984782635,-0.32274527152280313,-0.08587827460048401
synthetic_cell_01034,0,3,4,3,7,0.2693397361252962,0.2591169233225188,0.013691805779871398,0.2735135464195851,0.4412999094347565,-1.0398729416973094,0,-0.7700052836323059,-0.646599786055589,-1.6528480711116758,1.2378531049022685,0.507684233940727,0.4294494317676683,-0.04762702907766336,-1.4577125295330544,1.2142478763588982,0.0,-0.8541450703509466,-1.5464026700684983,-0.043924157333475065,-0.8560211511838698
synthetic_cell_01035,0,2,2,3,21,0.008684012426390898,0.18531377717145564,0.09156937498622682,-1.1767835847462167,1.3116170884159934,0.9572345684290491,0,-0.579465669689532,-0.6215159234727718,-0.29456216914666783,1.4701823721199954,-0.19866102072159356,0.6908673294397973,-0.002798372460282944,-0.6221783378236719,0.247351920100434,0.0,-0.8581799551503583,-1.0859594304715783,0.24537583869373766,-0.8600421699006187
synthetic_cell_01036,0,5,2,0,14,0.19871279386307422,0.1050434318799554,-0.04883460546626059,0.8731693956074732,0.21449968099512928,-0.34629463614952566,1,-0.015613103804567319,0.09617368706793555,0.3387318474148124,-0.2181983288555811,0.959680438459086,-0.1465411402231837,-0.25054390489586775,0.7497341934324947,-0.981943453645222,1.0,0.4603791553871355,0.26108180899784517,-0.4755146595268707,0.4640093818179632
synthetic_cell_01037,0,2,6,2,14,0.3422504042744363,0.3307289718781438,0.02099007277847726,-0.7457237228779486,-0.292932960055341,0.1671237974622201,1,0.4887735057268132,1.3039912434941223,0.7736386125087376,-0.2376879472003039,0.27828538551307186,-0.4484402211814175,1.3624631302980432,0.9974538843601941,-0.9675850823525958,1.0,1.282915315947407,1.1340851228380797,-0.10751793984193499,1.2837188558772503
synthetic_cell_01038,0,10,6,0,7,0.2505207385906797,0.23516410232735535,-0.005974231036299318,0.0011581260608504867,0.5862725185033215,0.5766792341538067,0,-0.3111563570891305,-1.4025819727328552,-0.5593178085659212,0.7611381483985815,-0.46225352016352983,0.5577210978812882,-1.593074423006314,-1.0632465693390978,0.9561665604425239,0.0,-1.3474236297400461,-1.118652916187494,-0.4019176717140463,-1.3476045342246123
synthetic_cell_01039,0,5,6,2,21,0.13427422220793303,0.314359894299155,0.04315070647499066,-0.5939926066041779,-0.9765793086880525,-0.6460150833817453,1,0.7259835155779174,1.0765302146847846,1.3837484234344546,0.2331878787875578,0.98110222422006,-0.6105960102504637,0.42487521208785445,1.3766393909737134,-1.4283120884660232,1.0,1.354378757147679,1.18648455161488,-0.010892277882133178,1.3549367094009672
synthetic_cell_01040,0,2,4,3,14,0.35797281585264934,0.08989180246916059,0.0030392542582072385,0.10836154726472522,-0.1479003408861415,-0.09045258132179926,1,-0.3486085071940853,-1.0545348335269562,-0.5105291268149926,0.3257260571956778,-0.13870321456900497,0.12310703179305754,-0.23762683802995976,0.7538587084372168,-0.9395108625552102,1.0,-0.6134500151000559,-0.8270484550252079,-0.05067174045348955,-0.6061295212182362
synthetic_cell_01041,0,5,5,3,7,0.4326126770884861,0.4391861143943029,-0.05052304826288169,0.15914112215755166,-0.15677424904549814,-1.326067807402756,0,0.761047170244894,-1.1748920221808978,0.34929954637036154,-0.3144483183594946,-0.06929914824164454,-0.3451163176223471,-0.13638394058216258,0.19621131162972638,-0.33848650275013004,0.0,0.14404864595106656,0.14105095967121234,-1.2786766057482433,0.13874222267421168
synthetic_cell_01042,0,0,1,2,7,0.16528944652152863,0.2826516432124938,0.13537290953968187,0.5061154221140507,-0.6211749929013088,-0.027835276628347973,1,0.6723002157088668,0.6701355349656126,0.4537969447516919,0.247504108089666,0.9717392696490723,-0.40921927191903185,0.3959742141233153,0.4646059197963246,0.03660669841368874,1.0,0.9871474992820986,0.6882406474273125,0.17253275103354804,0.9889674600513905
synthetic_cell_01043,0,2,1,0,21,0.15721600847053555,0.24339695353002963,0.11930365605335297,1.5366479974889753,-0.20465001915981706,0.5651928297996829,1,0.8937396298792737,1.9421787284477663,0.6912829396304672,-0.7865029458039365,0.788930980819573,-0.6469797120777652,0.1901881907532288,1.7528793700063314,-1.7355828029546905,1.0,1.5705930734932239,1.745161641815277,-0.1823739136875858,1.5704079944748932
synthetic_cell_01044,0,4,0,3,7,0.6059718996215123,0.5084863765864316,-0.18016040971399616,-0.1334897316355279,0.904012753423376,-0.13068252785121123,1,1.5582251539964966,0.03153238843335793,0.8693815225277169,0.07313967792065512,1.1146473028785695,-0.834488724991387,1.4493472452650353,1.1048206083677008,-0.6972816367157213,1.0,1.6272592364226548,1.0351037273037524,-1.269087745523954,1.6268794213118634
synthetic_cell_01045,0,1,0,2,7,0.41263712001327224,0.22946090874656624,-0.23435770730490385,-0.3691541501174295,-0.5162710213339003,-0.6412076135056946,1,0.13918471940938593,0.43482723672417506,0.8288796299982215,-0.12905870602874356,0.1736688956451467,-0.5429764876810125,0.2973392429313786,0.9174758672157447,-1.5784877009198064,1.0,0.6718635435427371,0.5991813857852464,-0.5768160869237948,0.6747669933358531
synthetic_cell_01046,0,11,6,3,7,0.4767371722634444,0.33597009888130147,0.1452481709278512,0.67205504085621,1.564805637775168,0.07313737074020721,0,-1.5644845116294264,-0.6081742646001727,-1.1175059833829506,0.805001762308552,-1.512265168205154,1.1661372862589365,-0.8187116136795343,-1.8774165292788856,2.067892946981722,0.0,-1.9337386607704574,-1.573369835262434,-1.3351046135596218,-1.9319046644360625
synthetic_cell_01047,0,2,4,0,14,0.4067621352640582,0.3095163794369053,-0.07499465878235491,-0.06066344245888866,-0.3179440722501631,-0.7371976107236071,0,0.0824440743653139,-0.2251462248863343,-0.503118759086294,-0.3716051547733607,-0.13366681885402923,0.6413858865934465,-0.4426090863214917,-0.05139120324354766,-0.46779087249518836,0.0,-0.33926297671550026,-0.045211670512488096,-0.7836220009188163,-0.3429084755186762
synthetic_cell_01048,0,7,2,2,14,0.474797590445326,0.4749663196364585,0.029111076270820515,1.1027723996116436,0.562461332408179,0.9999153219740795,1,1.350396571451321,0.9403624537806219,0.9971180906376506,-0.27835400403015703,0.4525447482304398,-1.0760907979396839,0.6113599093011013,0.8877411361250933,-0.3844205842564458,1.0,1.5343980237806154,1.4722617526715556,-1.211451400753532,1.5343373308541441
synthetic_cell_01049,0,10,0,1,14,0.2870051387234651,0.14750494567427572,-0.15489381242202901,0.060385239405649604,0.44457877073797586,-0.8281164203204141,0,-0.7005543252349609,-1.796450224627434,-0.8326482300781411,0.10024820639713516,-0.8933257615311028,0.3305991205564546,-0.3185774676455821,-1.4066233085340876,1.4397759506125336,0.0,-1.2435314417412855,-1.3180620292590541,0.8844033823774183,-1.2440693769066349
synthetic_cell_01050,0,6,7,0,14,0.3126203046306898,0.18106697314388634,0.2558833654205008,0.04860774598436418,0.5568879752524649,-0.44972645512739107,0,-1.8436785918577026,-0.48973056731639925,-0.6845718310825636,-0.021475081854178457,-0.6064985341416766,0.21519074482944966,-0.9538432865908741,-1.8298754015322618,1.8396911415066854,0.0,-1.233716217178731,-1.225596735533993,-0.6774115299921452,-1.2342878828523616
synthetic_cell_01051,0,6,5,0,14,0.2204126968189557,0.2784939822262388,0.00595472627018645,0.5243272762779906,0.8480894547590114,-0.7080371183939412,1,1.0527925542216732,-0.0004376285362913124,0.4983937099175614,-0.39027563530157405,0.658361261272254,-0.7747815299222238,-0.6102200937799123,0.3642512547628392,-0.23697307660428346,1.0,0.8024818550396523,0.8284576381002772,-0.45664784326525265,0.8049364284968777
synthetic_cell_01052,0,11,2,3,7,0.015052198774955856,0.06558423723174434,0.07099480909451615,-1.0843690526751522,-0.16645611350088255,-0.5739893399747229,0,-0.1336667505360239,-0.4252225721913721,0.014948144045437511,-0.4044093046174746,-0.1263701927203858,-0.06382448151860382,-0.12720204310313493,-0.441592336781604,-0.22508189624836758,0.0,-0.06976883058775676,-0.04623145632605748,0.3644931342587838,-0.07434045945241805
synthetic_cell_01053,0,9,2,3,7,0.7976627936549139,0.4497168476253353,0.06686268192825642,0.38252644052265383,-0.3307896092914922,-0.054870487131611356,0,-0.9961863009027152,-0.2548445445187232,-1.4863673882337132,1.0040162042211924,-0.008819856293235728,0.8528554419758885,-0.8675217558391279,-1.1537237953052437,1.257294329028197,0.0,-1.234165772192181,-1.356215106951853,-1.3822833309648745,-1.2347358929476073
synthetic_cell_01054,0,3,2,3,21,0.4175302321010604,0.46778364529125066,-0.0786517127268446,0.01911006306607508,0.04954572202911417,-0.6218498558669909,0,-0.7285648272885235,-1.3330780566755642,-1.0580082126298587,1.3180765361902167,-1.2202442512062028,0.9255757514168366,-1.5830672169731985,-2.1316987208253697,1.7658454895031117,0.0,-1.9900393861287509,-1.6401719858609183,-0.29628923954289066,-1.9880119095463173
synthetic_cell_01055,0,8,6,1,7,0.4308843565293768,0.21745358421586922,0.06331113985315158,0.5382363518675527,0.22172360762668997,-0.3895503804870486,1,0.5055766676819289,-0.1889004613966548,-0.7904439586137236,1.1763844547546847,-0.28625511931111985,-0.27739044219154607,0.028169290836912414,0.007387751783388449,-0.2788224706848518,1.0,-0.21786398207628027,-0.46718128407821485,0.9008533733334664,-0.21190293930815338
synthetic_cell_01056,0,6,4,1,7,0.39128060106407325,0.28366060709048246,-0.08098656903798224,0.2935050612129966,0.9898771119168364,-0.10700599192002708,1,1.8283472473009308,0.17461408205721218,1.433580954107501,-1.6047322967978628,0.8657430152613731,-0.5718967738570585,0.12591133238051355,1.530755162376654,-1.3732285953628436,1.0,1.674067643084482,1.9864311152486047,1.4673466201923406,1.6735269685518344
synthetic_cell_01057,0,4,1,1,14,0.2014294177260916,0.20981663499593994,0.10504672660823705,0.3565345761040977,0.3002924597731328,0.838003417000646,1,0.4726796363841473,-0.20199148059685978,0.6138675738768445,-0.04054504084577859,0.09806032689291277,-0.02203978394541453,0.2353265086981584,0.613895094888182,-0.615688073602261,1.0,0.36478684972351194,0.39385072321328085,1.3349521951833085,0.368745583875913
synthetic_cell_01058,0,3,4,3,7,0.2670478216936057,0.2348945118378062,-0.08372830199587056,2.9038617722748645,1.184658136457125,-0.7223268459538384,1,0.21436891493147475,0.05645164262984054,1.4381877038313855,-0.9040966560074847,-0.16919440366468763,-0.42262074633971314,-0.03472853193489841,0.3781277201510985,-0.07166791973164774,1.0,0.6311265437545135,0.9487215517157978,-0.5757573198524218,0.6341699882772392
synthetic_cell_01059,0,3,4,2,14,0.05380542237756324,0.11559381298570603,0.02750677216620686,0.704154194275284,0.27579470203125656,-0.5813798504717723,0,0.5522958689951704,0.01799009512139007,-0.03752205423386869,-0.14665594441809043,0.01465843487235962,0.6280013059908952,0.6785103401936851,0.22703628619186444,-0.960065596724333,0.0,0.24358758420089016,0.3446513580516175,-0.782878772520674,0.2379390904029272
synthetic_cell_01060,0,4,7,1,14,0.7634941930330548,0.5551035422345776,0.2475122348199754,1.2498386955165288,0.6068359743763955,-0.24175079352844875,1,0.6200400439210771,1.4095828736962015,1.0430846498211963,0.05685161356443607,0.4609564203835546,-0.9224867039435215,-0.06430060661110348,1.1641873968163472,-0.747987801254528,1.0,1.1748445613665648,1.2230953718241662,0.08815814923484092,1.17601949182946
synthetic_cell_01061,0,6,5,3,21,0.49320498147691094,0.28447764543302684,-0.005949648444743723,0.4325695318192879,0.5503250287480888,0.5327012112561247,1,0.10022486449918531,-0.03150945758473865,-0.6159126883650616,0.5676007154112557,0.6332038731031315,0.7494042347819462,0.053093991470012286,0.0975488466692819,0.259624880155221,1.0,-0.1421323351599497,-0.3220386939764034,0.485960172819127,-0.1364315479699969
synthetic_cell_01062,0,4,7,3,14,0.150851754538132,0.1225330295308576,0.19333065442007308,-0.23513964563501116,0.20361158707309301,-0.07235049490079576,0,-0.6506746953934781,-0.274486546042737,-0.8961347572157162,0.5015719809287982,-0.44918848743853196,0.5115044083749816,-0.5577200477861125,-0.6298027707351624,0.4941594415254362,0.0,-0.8966278216365379,-0.8368409947722042,-0.618511085447794,-0.8983579083778436
synthetic_cell_01063,0,1,1,2,14,0.3848143128455815,0.3670919387795828,0.10618611551309268,-0.703033197971536,1.1156395334761715,0.16425350429686203,0,-2.3447267081084195,-1.1346108534363646,-1.3669079835891222,1.884649044692706,-0.9424270845769114,0.7556943147585015,-0.3117954523372814,-1.8977393492634826,1.5849381143232082,0.0,-2.1227372959734216,-2.605766108880999,-0.6564461900910095,-2.120253796411754
synthetic_cell_01064,0,5,1,3,21,0.3811508889609977,0.4777137193776771,0.25407119024735236,0.6487159623666644,0.7727023784141975,-0.6297428224685254,0,-0.150597702782319,-0.5506961895837357,0.41439335644589737,-0.24018694771560112,-0.30321001225034044,-0.3684609266273921,-0.4980342784045156,-0.2700285985728944,0.5397650286689621,0.0,-0.12506756440240996,-0.03198517149525004,0.3570170017237334,-0.12944915641289947
synthetic_cell_01065,0,6,0,3,7,0.1913186344279896,0.114511927945219,-0.19236479012733568,-1.791275780554379,0.4015676466991532,-0.4373437844651003,0,-0.1540846141001315,0.12314469774351845,0.34997767700198623,0.9351391997301162,0.17714186077229116,-0.37634647879076605,-0.05148190919568066,-0.4176657374519022,-0.1887317134696932,0.0,0.08403611264999662,-0.18992572685115072,-0.923276533989904,0.07893592543412717
synthetic_cell_01066,0,1,5,1,7,0.5947967088625743,0.4742346171791231,-0.20976049875564565,-0.06703290838063243,-0.9055312859200825,-0.7546693884111039,0,0.1571933147276946,-0.31030630953242266,-0.31239883233673804,0.5053253349484799,-0.5883850235687087,-0.045135208337340305,-0.4619658328764902,-0.512038606695996,1.2648914669128866,0.0,-0.4205169288871194,-0.28831805523613313,0.6029456803087117,-0.42388319443494676
synthetic_cell_01067,0,8,2,2,21,0.4136624743079388,0.6997723189303264,0.0001802431176488803,1.702906252301809,-0.030319251759476307,0.32560159154634494,1,0.47621669330203836,-0.21985744720352762,-0.1875333173982146,0.5735174911163752,0.19714925664047514,-0.06067586419110667,0.3915825719385438,0.5237983286402612,-0.583727847870375,1.0,0.17604750904452696,-0.08687527495750862,-0.32543387540444146,0.1806548553456494
synthetic_cell_01068,0,11,3,3,14,0.27187556066776924,0.22027745988042052,0.04354604851827888,-0.9383449328248307,0.7853861554104952,1.4472153186250136,0,-0.7449058458626768,-0.39043470205477193,0.27758163258337354,0.09522162399454173,-0.22923189375072336,-0.1969934619232382,0.01752374348475577,-0.5332344208282427,0.841401805667582,0.0,-0.24143088009749045,-0.4033976997445114,-0.04002668821946022,-0.24541258377545844
synthetic_cell_01069,0,2,6,1,14,0.33784076750498354,-0.02494066815314458,0.08059990132126875,-0.838027700286984,-0.6242066617019806,0.4860709241884338,0,-0.8897640196004024,-0.7118380458812181,-1.035285123340321,0.9783653786448913,-0.7703484772087814,0.8398683026925059,-0.5946688113627875,-1.9911970152867975,1.672106867180421,0.0,-1.3958049497017875,-1.3366499684606545,0.9922518692750462,-1.3958195893695673
synthetic_cell_01070,0,3,2,2,7,0.26441981932961045,0.16603044857039645,0.08430873695344418,0.8780093988972182,0.09371827073416561,-0.3541762631705002,0,0.16088959278116746,0.13701966824068873,-0.2948150974874676,0.3420029044587402,0.5065652330809912,-0.2914907497132938,-0.5571183893702039,-0.14980047715559752,0.21074266169881997,0.0,0.11827376559648464,-0.042214629414611904,-0.9105410543862705,0.11305591898027549
synthetic_cell_01071,0,0,2,3,7,0.14950510364676617,0.08484430568818023,0.006221392742898124,0.23305408960518284,0.7440431968296761,-0.5771332826742045,0,-0.23005419546240063,-0.46021816522457554,-0.4825765838231424,-0.03742602664028216,-0.23146135838412824,1.428662561945949,-0.5757855099268835,-0.3292083700530662,-0.2294015632027108,0.0,-0.8335452217706376,-0.3950770845892256,-0.32092064260033815,-0.8354920950096536
synthetic_cell_01072,0,8,0,2,14,0.43682661678990925,0.4201125200560496,-0.1618783744159439,1.1064623041480495,-0.14653207885512423,-0.6319503319451985,0,-1.2544913816360337,-0.7504527428732335,-0.5299880231426229,0.11330041854362127,-1.408516999389621,-0.20333444486890695,-0.08909553898290956,-0.965757654711383,0.8461384670979372,0.0,-1.0388798835814719,-1.055278847116354,-0.6466926064599177,-1.0401211140237874
synthetic_cell_01073,0,3,7,1,21,0.19283645557532958,0.284585721834553,0.17913779024316362,0.02426729433700814,0.6327444032778965,0.22148886784854907,1,-0.47213233684665235,-0.03517021495051796,-0.857863629111462,-0.06127509381427554,-0.04897187971399736,0.2731728656755637,0.005936243642113731,-0.39471533511996243,0.3796145290150695,1.0,-0.33636460701841575,-0.44848533907249566,1.8453711455460244,-0.32999633094804237
synthetic_cell_01074,0,1,4,2,14,0.17614391103943136,0.2979084737262969,0.07279920268624127,0.7118849595334343,-0.4796771407339051,0.49872753004147363,1,0.30610815277386605,0.7598418242146298,0.11543692206095489,0.28862328742038457,-0.04797842785695444,-0.3639515524378255,0.6594530480259304,0.43830728055943974,-0.9488312046998666,1.0,0.5623147730811114,0.4305037856080752,0.09200989852381673,0.5655946926825
synthetic_cell_01075,0,0,7,0,7,0.12905935169275587,0.020538977520541797,0.2068628699263951,-0.09918169239603482,0.9154305156849712,0.12131274188910873,0,-0.9013445309486866,-1.5674113083212076,0.6640976556898444,0.8417940024204986,-0.1523706583853181,-0.09887098730132227,0.013860370547141676,-0.9345820734409357,1.0158425232363164,0.0,-0.6562082566750357,-1.0880435701046938,-0.6580721304639946,-0.6587645572309246
synthetic_cell_01076,0,7,7,1,21,0.13067688384568252,0.21237695663935,0.1648277259564774,1.01731920320784,-0.08014231361446544,0.06282473303200739,1,0.9733896396852346,-0.5001310249197348,0.07814389508469988,-0.23727305697933665,0.3433914245447364,0.39873291046396,0.16148395338397817,0.9511490805179784,-0.8667241981834084,1.0,0.310854308277117,0.3983099585066945,1.978669362973225,0.3149983842955419
synthetic_cell_01077,0,1,6,0,21,0.6079192529720819,0.43199796497950466,-0.02458994963412564,-0.6946465205498655,0.4531977429074975,-0.36687810810067095,0,-0.881466460428634,-0.5834771903665719,0.6089279723326856,1.1056437940090968,-0.09469201413212436,1.2155207472288387,-0.5970842341211008,-1.4598998439685063,1.310363047110387,0.0,-0.9612775561233351,-0.7888031457762156,0.032378761036946445,-0.9627854708307187
synthetic_cell_01078,0,8,6,3,7,0.7297791487375955,0.4538458792226618,0.09436561724423288,1.0199087175114145,0.7365288045885416,-0.6148751469506184,1,1.0920982815766063,0.45024930346949044,0.8515959783559269,0.003581965689712585,0.8362845921994395,-0.2710834654407264,-0.21750232481852755,1.357131143521072,-0.8406364695153518,1.0,0.939367190507187,1.0078761581138018,-1.1657321731932482,0.9413513506883746
synthetic_cell_01079,0,4,1,1,7,0.5434336439216966,0.34397173179870305,0.07914955603363621,-0.15196395976804167,1.6069921197332842,0.25666483284866193,0,0.5119346594032143,-0.14642277312548618,0.16762705384459933,0.6677442725402446,0.2785515634774843,0.3758648032596773,-0.17210961001375225,-0.26684578242893664,0.09151782683857376,0.0,0.017190268387262012,0.0425141146840363,0.7750778177394374,0.012319800245987014
synthetic_cell_01080,0,6,6,0,14,0.11876070849156,0.12160868978415093,-0.10666243977582013,-1.0553052025718266,0.3866214488047212,-0.5918772872295804,0,-2.074553284934714,-1.115655305845122,-0.7355563847295044,0.1592440562661812,-0.4436259209463502,1.3109787630497705,-0.44944906700514853,-1.588010710072167,1.5268917267791056,0.0,-1.631970716978406,-1.66641613904805,-0.40040675510555457,-1.631173761219304
synthetic_cell_01081,0,5,2,2,14,0.2345719270188423,0.3226652776228924,0.009760521609296849,-0.7517821130744304,0.38846037169341047,0.9028964935153826,0,-0.7933853298929567,-0.08254748406602888,-0.7658642000771412,-0.3001705888234899,-0.5526454105861273,1.1932732166299458,-0.13499263053500615,-0.10455971193471991,0.24231627718506635,0.0,-0.8329044007592625,-0.5033110018362443,-0.8489305844444993,-0.8348534762116148
synthetic_cell_01082,0,11,1,3,14,0.23965493359667742,0.09964824922867471,0.12785605705555106,0.6109164030943656,-0.5256299539163976,0.4509516889039845,0,-0.2379544026132804,-0.394274406711459,-0.7255349639314241,0.5517717296246527,-0.6602863722949688,0.440697653464758,-0.33569634204122284,-0.6173367256759585,0.392036851597538,0.0,-0.7726578334182425,-0.6562826345473431,-0.37558333513689257,-0.7748139492012198
synthetic_cell_01083,0,9,3,1,14,0.33154205968562855,0.1828985950964459,0.09465777572776105,0.26826746085322273,-0.038375139332625874,0.13313580739529063,1,0.9365193682570006,0.6080523249418476,0.5480573380132369,0.8252435339793719,0.3774511010395915,-0.5901882319436476,1.106657348964465,0.9791471185769991,-0.7039554280455087,1.0,1.0039340365092753,0.6149441474194869,0.6317172554100787,1.0056963095069487
synthetic_cell_01084,0,11,6,1,21,0.30007852390420753,0.403894177081624,-0.06834687128564161,-0.1680495493610175,-0.6405505264047849,0.4432528819843177,0,0.11160504331843882,-0.3183336404037843,0.21157286799395902,0.8988829943695706,-0.9364750223532358,0.6431180884561509,0.18343951603544445,-0.9971291135765964,1.3119582572383102,0.0,-0.5465826093019064,-0.2788434928142718,2.762396028596749,-0.5495156438574048
synthetic_cell_01085,0,2,2,1,21,0.2562520727356343,0.22603274653801064,-0.04391067368803463,-0.7189622804316227,0.010094475729336763,-0.8268691310004811,1,0.5661458275654164,-0.16938369945173537,0.1964038820212164,-0.05052023352953333,-0.7588444715485654,0.22767179101040316,-0.5415734377184764,-0.06114230793455987,0.29158555277543136,1.0,-0.2139486734767955,0.3177229909906303,1.7961492728339543,-0.20800108586176222
synthetic_cell_01086,0,7,5,2,14,0.4320139297453471,0.4465473815399239,-0.07573694383534221,0.6942262279150959,-0.6500071017748424,-0.5329723801369818,1,1.71937530137344,0.6061763552117159,1.1601863870135576,0.38551817212755624,0.9932112188008242,-0.2747939354278639,0.20448077866418757,1.0630594802125417,-0.27350110061172117,1.0,1.310359960598615,1.329333284055938,-1.7523498539158118,1.3110691856396064
synthetic_cell_01087,0,4,0,1,21,0.5845791532118508,0.3554292071731824,-0.11520002422059242,-0.18863118067022444,-0.109492234987696,1.1331791509296412,1,0.49538913324448736,-0.20787605019186528,0.12314270087249549,0.6711207015032934,-0.8038672441595397,-0.14422311547167457,-0.38247429066814814,0.3099547854249772,-0.35295953330625873,1.0,-0.26173640798417813,-0.005802868430874635,1.836498012541545,-0.25562459543834953
synthetic_cell_01088,0,8,2,0,21,0.3858688948086135,0.4114143401155037,-0.007972129266861038,0.22478288574348199,-1.3560615613767395,-0.40617057185211236,0,-0.9792383707650031,-1.6795535327601863,-0.429355926005015,1.8602150717951262,-0.9733494864856209,0.45627159311378823,-0.22217029236649616,-1.3955359823795666,1.6556140969398032,0.0,-1.578639432059359,-1.8807938894960055,0.5011423240686129,-1.5780257519182654
synthetic_cell_01089,0,0,7,2,21,0.7569110229326708,0.696446621250055,0.18460318950169152,0.5185525956073235,0.5958794761611863,0.00485178163280639,1,1.0247636996175469,0.3056071730817501,0.4388772293234049,1.794996527352618,-0.24419834523147246,-0.05518764024442521,0.3859086062901674,0.1717644839316802,0.07272345841202034,1.0,0.22525392170782083,0.15967116307820067,-0.37125948114024054,0.22969216771997547
synthetic_cell_01090,0,8,1,0,14,0.8040955481992432,0.2922655773265235,0.0903657458066262,-0.16561638434712933,1.4203663550698793,-0.7142704420229232,1,0.955484653340323,0.6437144382104452,0.11762434285479662,0.7171813789644554,0.6730588701644442,-0.46360401309463334,0.24722448310400283,0.984802601344881,-1.0612144983451879,1.0,0.7963214745502224,0.5354829698380009,-1.6369127354183022,0.7987972184619584
synthetic_cell_01091,0,9,0,3,14,0.5946942009064135,0.40246395146436864,-0.12030327767462276,0.7811235440052545,0.5581899417498231,0.5983375630920895,0,0.2700904735457287,-1.031117166986354,1.3839320768623575,-0.013290521884123274,-1.2131065518517834,-0.8095478157784347,-1.3436787681728335,-0.29157743729295793,0.9904827479264108,0.0,-0.35747316136951696,0.20470061029273492,-1.2912469162463682,-0.3610560799657548
synthetic_cell_01092,0,4,2,2,7,0.15618996749919029,0.19513423179753658,0.05597945789891391,0.55889989247752,-0.07272883960457573,0.004984355149858566,0,-0.9975158593352744,-0.758890812198334,-0.4864778820215134,0.9175468290707618,0.13528905038778372,0.7250852462535979,-0.4141561086546722,-1.0883362632783964,0.6817006013816291,0.0,-0.9600220864284871,-1.205532130408177,-0.2254743358530878,-0.9615343156200344
synthetic_cell_01093,0,4,4,1,14,0.0286141995939425,-0.12555920708332172,-0.10333676479995058,0.6142988246572904,-0.41909044144590735,-0.8989336782136005,1,0.3042636792369761,-0.14184057603260602,0.6219721585782905,0.5320556622419392,0.4417991660087177,0.37116630148516205,0.17183076757689364,0.0029293590206824136,0.2172905522172835,1.0,0.20904405610719082,0.1436176105318838,1.5198912250388132,0.21353800813018498
synthetic_cell_01094,0,7,4,0,21,0.14951832752879202,0.23791850774499274,-0.08283508155295319,0.18629508857406535,0.3050509685871592,0.5107474047822251,1,1.7314026820316633,0.43087098158852494,0.5391913162522499,-0.015700679391913552,1.021337614782595,-0.2514112620345376,0.4008778485336174,1.6782942086624864,-1.680590054314043,1.0,1.2759583783214612,1.2008408843734797,0.5563626874777575,1.2767858261141054
synthetic_cell_01095,0,10,2,2,14,0.5562335922124138,0.532825422940112,0.03841743414263197,-1.166659343961698,-1.3294954112672521,0.04098363628365814,0,-0.5079121259696604,-0.13490040591126373,-0.14506686461443313,1.1925970487604185,-0.954763446760029,0.31909403955573656,-1.6591238545877647,-1.037410717976754,0.48730545109432805,0.0,-1.1865166802174298,-0.7096768562062211,-1.6698162510741155,-1.1872505494516798
synthetic_cell_01096,0,4,4,1,7,0.16030061302732349,0.21323645979769446,-0.10304424523607372,-0.17071217378509923,0.21535642137574917,-0.00805086282435069,1,1.730744799259889,0.503804832830522,1.7084896962169092,-0.3021068927287069,0.9023988400184889,-0.2852421144781492,1.0200985839206402,1.5548241645781269,-1.7095494887551155,1.0,1.7000686763290709,1.7111744553876955,1.3139028015120011,1.6994386479501022
synthetic_cell_01097,0,8,6,0,21,0.23440960437021155,0.4781793861051313,0.024607554422214198,-0.6972733499182485,0.2133214931012639,1.2398099727771648,1,1.0979176574496783,0.4279010888805155,-0.07930005086051861,0.2373457248896691,0.4537079365563952,0.14640236474718804,0.2322144128988327,1.1343303301012129,-1.21016322612104,1.0,0.5905005832236723,0.6165567243912797,0.6387084780697407,0.5936836408840671
synthetic_cell_01098,0,0,6,1,21,0.3176436971675971,0.36272892534701107,0.07322180602810967,0.6823478962569773,0.24391149069453477,-0.8540059755753007,0,-0.2888067872194947,0.44449894228813513,-0.5881714828547522,0.31998632410397637,-0.4007883901734826,0.26249396490838917,-0.059132405152488965,-0.5690510405748282,0.7688923535617684,0.0,-0.3024870076885225,-0.21345304830974463,1.04255707472043,-0.3062588889417276
synthetic_cell_01099,0,1,3,3,21,0.41460170112878186,0.36598963263360845,0.1064876184411272,0.26530703293892566,-1.3972774396197607,-0.37275538740183406,0,-0.555281635701022,-1.2204809602810702,-0.10851245238411567,0.7144552859154097,-0.4821126732734042,0.24381311881713819,-0.22753677869772307,-0.8801685010495525,1.09740629930119,0.0,-0.8507756868933584,-0.9944225211192456,0.5229773270470864,-0.8526633467804228
synthetic_cell_01100,0,1,5,2,14,0.3353705148585951,0.3313616108740256,-0.07337038177590083,-0.03545760534157791,0.2787664819207093,-0.42642372387356015,1,1.5828214548035098,-0.016299790375286116,0.2685117652137421,0.9957043318074745,0.43269114718696455,-0.17984860820920107,1.0172154320840752,0.6058204128146528,-0.36681336866700026,1.0,0.8300076319362858,0.5099368730990451,-0.5273959923538705,0.8323676116896555
synthetic_cell_01101,0,0,2,2,7,0.33565201690501556,0.4028345719407948,0.0034136809536548067,0.34104811174088523,-0.3769417470387906,0.31730743486070545,0,0.16278204030005886,0.173969973720293,0.531094098900368,0.23076216197166216,-0.4897195977498763,0.4739828558111343,-0.2738236467697365,0.07565665915069082,0.010699052751274278,0.0,-0.14890256983974742,0.28172025731996647,-1.0705857970196986,-0.1532022516664041
synthetic_cell_01102,0,6,5,2,14,0.49681375980464837,0.4190644456172814,0.03280488798931207,0.9572678070223808,-0.41044400723650865,-0.4558306027648853,0,-1.423158134646657,-0.9288873839137224,-1.0315262950341675,1.1288821147394292,-1.1094208252526099,0.814195074039601,-0.18875636128765527,-2.1370023293282463,2.1280961919167476,0.0,-1.63260576383668,-1.7229975129963195,-0.774972756047203,-1.6318066257074066
synthetic_cell_01103,0,5,2,3,14,0.3151060273609079,0.19292460665490369,0.04416175420722577,-0.4404962794097111,0.2347101516072164,-0.6504750086484932,1,1.6540230187582279,1.2079320555267472,0.9359384234703002,0.3383329273626636,0.84490678044612,-0.3291092801738319,1.3843080790451607,1.2773127757418359,-1.5072366781227702,1.0,1.677785104106664,1.4869405287244253,-0.666444697042354,1.6772316543339802
synthetic_cell_01104,0,9,1,2,14,0.24559298278799802,0.30132518910328987,0.19998009573967987,-0.4782994676314238,0.7375082143452225,0.9327012049702151,1,0.29238246088359543,0.3057091687493845,0.8997291972318197,-0.49028959337074485,1.042435763763676,-0.08093814784747358,0.04400296557086275,0.45059145624049823,-0.472389341339575,1.0,0.8448230191474958,0.7664984016493988,-1.0075633234239865,0.847132085084495
synthetic_cell_01105,0,1,1,0,14,0.3840138052130278,0.09516119539487171,0.16053657160182624,-0.2552267659672569,-0.44340914893605476,-0.49563735434701167,0,-0.7713414069996606,-0.5572503047635033,-0.5681467182705701,-0.00034369106842457864,-0.9447216906987655,-0.27828427001634354,-0.42660049690500057,-0.7287758274751689,0.32144115835978304,0.0,-0.7516661802355308,-0.7259399873611749,-0.09671284381976213,-0.7538944348806398
synthetic_cell_01106,0,3,6,2,14,0.37430563092110714,0.2842782649562234,-0.052848902513131596,-0.24435800203562147,1.2442285004973077,-0.2637146156877093,0,0.061694826982718665,0.11878211832443103,-0.5331248125624252,0.8740155174395408,-0.5265566664161105,-0.07556543928610537,-0.9755484913861834,-0.8130946840067357,0.8668213117110201,0.0,-0.5511615797693865,-0.35847744797238895,-1.0279925996544386,-0.5540788784647133
synthetic_cell_01107,0,2,4,2,14,0.47729329292017864,0.5940993033809251,-0.10870466314408359,-0.569590027113745,0.6310187566063667,-0.19021018013293603,1,0.27169427482913644,-0.29621351992526096,0.7183377992820006,-0.7874373955617151,1.178242166182358,0.39371889309237934,-0.0632700448518459,0.7077248911532095,-0.26448702619625875,1.0,0.5878130812138572,0.5565913956377249,-0.8570785143068261,0.5910053746088214
synthetic_cell_01108,0,8,0,3,14,0.3100458993382727,0.12578998888335186,-0.22497558453708588,0.38384245379602727,-0.8028746238202208,0.9034757188439958,0,-0.8219401015788805,-0.4530145073674849,-0.18472131586278243,-0.5403643010711817,0.3360936003976452,-0.12748992895433153,0.8466431896791249,-0.38957168874009085,-0.21126794285611578,0.0,0.11692550210220158,-0.39397293639534803,-1.2290360693720566,0.11171228886067162
synthetic_cell_01109,0,4,5,1,14,0.25445595869274784,0.09702247418550558,-0.14375530595414188,1.0839326284090092,-0.4037337326033328,-1.0008911677225063,1,0.2578784771679448,0.27898966710163964,-0.018943554636866422,-0.2519618814661227,-0.05332724298685795,-0.28545168199128473,0.16378688533564448,0.451549639994774,-0.2431549856979008,1.0,0.34983761085215215,0.3571296688946586,0.6083241598984702,0.35384771880882326
synthetic_cell_01110,0,4,4,1,14,0.25253498348989883,0.1258623893430467,-0.05223648891739813,0.709899405089972,1.0518401592890931,1.1774799331356471,1,1.4678402432329456,1.9039587062873122,0.9551134447887946,-1.137257455497969,2.4673065099538247,-1.2365796365001307,1.073161097287991,2.7791036916970895,-2.615260597709071,1.0,2.76242901906842,2.2035784524949906,1.0102078046136571,2.758148136436482
synthetic_cell_01111,0,4,1,2,14,0.43079668095386014,0.46879711523480105,-0.001957554992067151,0.4600178349213073,0.1910359542767022,-0.12022044041603586,0,0.7636187966330865,-0.1523479935231728,0.3996879170789337,1.1635799487586729,-0.6817914962773303,-0.34018938958186945,-0.7282569393044643,-0.26204195536913877,0.36258402983056043,0.0,-0.20045740911033363,0.05968556270886834,-0.8985112021457151,-0.2045799201629695
synthetic_cell_01112,0,9,4,0,21,0.02818605861739367,0.101892130729638,-0.09352702685052477,1.1359999111074464,-0.28481578914712347,-0.049343741873527205,1,-0.36969847672017825,0.31110417798850243,-0.7590511442272547,0.5292879758112236,-0.36493589907018875,-0.08972180669444153,0.7491071524561645,0.1992411481424522,-0.4012930692462966,1.0,-0.11757067014753664,-0.43370637019701586,1.3702676914997192,-0.11195429034325428
synthetic_cell_01113,0,1,4,2,14,0.7915090205222721,0.674051277489714,-0.05050050130264007,1.0236066120041931,0.31209783162219307,-1.0018282333318884,0,-0.26972428750882316,-1.4045117131055624,0.2020912678828215,0.5121473695095387,-0.7089774186261388,0.4859617883535675,-0.6455798240375099,-0.33832161314995296,1.0707128707376212,0.0,-0.9617435115521645,-0.7652885280003013,-0.7759292119455385,-0.9632498249804995
synthetic_cell_01114,0,9,5,1,14,0.0854573073411118,0.10979518425849458,-0.046220795013701715,0.6726213916284027,0.11259742442879936,-0.22451381874797946,1,-0.37853329192645685,-0.4256914743157176,-0.5724505622776033,0.6135131389695552,-0.21734814483367576,-0.09871133059528081,-0.34252449645044014,-0.405116021815639,-0.05789540276013388,1.0,-0.5156906032441253,-0.7057153489756426,1.6772242037954346,-0.5087060644522909
synthetic_cell_01115,0,3,1,3,7,0.09522647163768311,0.16980743033779935,0.1244753705477731,-0.29309280303962854,0.011034559206816355,1.017877817852921,1,0.19037382710370074,0.883596724548692,0.3309178862899218,-0.5537930806312639,0.06686522305034524,0.2586444998191163,0.007252759252620783,0.28748502925120906,-0.6612937086787082,1.0,0.45362799868114884,0.7907586238176245,-0.404407090338126,0.45728142579839237
synthetic_cell_01116,0,8,5,1,14,0.03973773947647737,-0.05020190368070401,-0.02388415674487721,-1.4566046213896149,-1.2064812789426325,-0.3762634290436623,0,-2.397606326129626,-1.3595699345279337,-1.2752476474416259,1.500297064449608,-0.9792248667676249,1.1358922738408515,-1.051722885691464,-2.0635142050904824,1.7236342921807444,0.0,-2.4125427309344225,-2.5579781660026635,1.531498596321475,-2.409063300555126
synthetic_cell_01117,0,0,5,3,14,0.3240349008623829,0.24311434232111523,-0.14611359487001613,-0.37082391994131353,1.3630292463269813,1.1055607430329242,1,0.601281805549889,1.4159943704684275,1.1095803813051117,0.17419819517020152,0.9945808163015197,-1.0910574614645934,-0.029437008266471776,1.445270384332621,-1.948358211812997,1.0,1.3861595745527757,1.1978459818350706,-0.6199058654711791,1.386608310443481
synthetic_cell_01118,0,4,4,1,21,0.3455186263276586,0.4491498970889376,-0.05071984557310491,-0.17898831216597755,1.088590802286621,-0.4880007576939449,1,0.6352059035678927,1.2953241982822254,0.17573680758323013,-0.7403111391898316,0.5610685690859409,0.03867897948205834,0.6394539684799949,0.6631661852280752,-0.7375396087868232,1.0,1.0719551510232657,1.1783792876182728,2.366777583373324,1.0734836660715652
synthetic_cell_01119,0,4,6,3,7,0.36320227537081506,0.19472359630618444,0.01008833745969685,0.6898537459600184,-1.1228727384469888,-0.6671847967318794,0,0.4015117989669596,-0.02234260540609523,-0.4111913243785402,0.6950086673649875,0.02931343873098377,0.5786271260590095,0.19221255519843797,-0.3603702519241075,0.03669452400685561,0.0,-0.14258531575271527,-0.15641780313729764,-1.4279465743214759,-0.14690670713781734
synthetic_cell_01120,0,8,4,0,21,0.21290490638747117,0.30834959630441217,0.021711743732008036,1.4212367110105304,1.0548800983637652,-0.6391460458095212,1,0.3899613858385143,0.5229374958860709,-0.5655232112855282,-0.740267263203182,0.44227481629136894,-0.07001360003442972,0.12230577885407008,0.5341185992769087,-0.4592117221897434,1.0,0.521911102985633,0.5091966381842185,0.04585773754248483,0.5253298718125332
synthetic_cell_01121,0,11,2,0,14,0.19544303921181277,-0.030074544152079635,0.04236952282088364,0.8017539166516047,-0.0025395552832738234,-1.1866053233953058,0,0.46338694236625433,0.9630857353145157,-0.14060649646884438,-0.4267965145925636,0.5825361465144356,0.016325221198718896,0.1493408294427149,0.4081606013120929,-0.262231232548877,0.0,0.7068289534229109,0.7515002564017749,-1.066822842879306,0.699588507577289
synthetic_cell_01122,0,9,4,0,14,0.04808582125637487,0.13033334361454813,-0.08986945731211879,0.2031442721725481,0.26706538659160695,-0.6219776984667935,0,-0.981518970695675,-0.8509624551980628,-0.3766635833771196,0.9523757113981708,-0.3067866041256472,0.657797412344145,-0.9149499149841666,-1.1847995827787197,1.0194179376767056,0.0,-1.2115197485087819,-1.2118616010237304,-0.7802108348525039,-1.212167693452999
synthetic_cell_01123,0,10,1,0,21,0.2757790496836061,0.24009211806194625,0.16613608030279386,0.09678327698612921,0.3052423758739068,0.5894589960717227,1,1.8108110539551912,1.0540472686144113,0.29639017330727313,-1.1853160823038773,0.12210727083526851,0.3312786728429947,1.213584441669644,1.1334177669971737,-1.42338299048314,1.0,1.3873245434750032,1.8188915895231583,1.1207275462287958,1.3877692758919593
synthetic_cell_01124,0,4,6,1,14,0.43589739315985465,0.2857299692333681,0.041234420272301064,0.22345641381963105,0.34170597220123344,-1.0553400502361234,0,-0.29600540561512395,-1.2278131882931194,-0.06005851710819349,1.198175175101159,-0.4065034576330524,-0.055684884678147584,-0.6938072361680695,-0.6170939938504888,0.6962218730299267,0.0,-0.8665741446892387,-1.0299606948889926,0.380626552900344,-0.8684075123888841
synthetic_cell_01125,0,5,3,3,14,0.09949238336485797,0.024152782439291035,0.08644209996506236,0.13481435013375434,-0.10959002452345659,0.5972710228637614,1,2.122626463024975,1.2976545897900966,1.13779088677852,0.17416546845247238,2.0795200067146933,-0.39236648147936176,1.2729925956883896,2.3296143814048835,-1.6890009787146014,1.0,2.2864873374210917,1.8633413591272106,-0.08033228536027234,2.283842052093292
synthetic_cell_01126,0,1,3,1,14,0.39446272399462384,0.17556007215052827,0.07792284126558983,0.3188148360098563,-0.8357525861278615,0.27917037336755257,0,-1.1925539066668773,-1.5691446740937127,0.4733086536058083,0.3285489331267678,-0.6399595300077352,0.1276327671355687,-0.578627896117495,-1.3974231258279028,1.4606976193512102,0.0,-1.0514451046298199,-1.1071087490209928,1.0328294070397963,-1.0526431540639045
synthetic_cell_01127,0,5,7,2,7,0.46279313163165314,0.4618637941756961,0.14309078121934737,-0.28583961767573085,1.0218419115350206,0.733302241924823,0,-0.15021754963771816,0.24735900486497847,0.32998250890146075,0.3631178700413761,-1.0345067678489837,0.8033396430731197,0.26755493614304715,0.014611685907009349,0.5713310704464488,0.0,-0.41201515107778486,0.05497095594138219,-0.4035828731667884,-0.41541063340867945
synthetic_cell_01128,0,3,2,3,7,0.24596107665474437,0.26638257196918297,0.0011134818576531494,-1.0242771298321518,-0.22072039090573659,0.6133783375377544,0,-0.09478386692142154,-0.352628431013143,-0.0477461934694228,-0.49477980747155326,-0.7810782354432553,-0.15641439375246735,-0.8649851878853893,0.07133060822958286,-0.016215596939335504,0.0,-0.40233594267813566,0.01229262070958879,-0.7823079179384034,-0.4057646880909899
synthetic_cell_01129,0,0,3,1,7,0.1740147689353769,0.01424882906357236,0.08611225890691966,0.18733895385721216,0.24203669702828276,-0.1509179008086251,1,1.7981789527472087,1.3777866818812574,1.3630898384796455,0.14481014023797534,0.281939962759707,-0.7180328879913874,1.1364732409048224,1.9214829534103703,-1.7987358471433,1.0,1.7497375122630796,1.8293751950859993,1.308643261721578,1.7489367944545318
synthetic_cell_01130,0,8,0,2,14,0.3314120477066948,0.2386608855916048,-0.17996665648930568,0.28413383464263015,-0.5029672977110914,-0.20053218912825432,1,0.8670068330065925,0.6148750479845485,0.5698909294504102,0.5549916406801698,-0.5075474030139044,-0.5913537681012064,-0.5182352126082893,1.1255063558890446,-1.1335773116621524,1.0,0.3492714476953153,0.6867380761026756,-0.7257659841103178,0.35328350129988556
synthetic_cell_01131,0,8,6,0,7,0.0891048888185553,0.024853317977548094,0.05624721831312287,-0.10274459147407378,0.35825885645614897,-0.8842827198283106,0,-0.41510289927497956,-1.1466883713877887,-0.5420197026761251,0.9424488828935442,-0.843541509760861,0.5845370898080369,-0.2957283014911725,-0.6422407410514631,0.5554152124040818,0.0,-1.1419848030102182,-1.1202625579802725,-1.1360190742215324,-1.142871708259419
synthetic_cell_01132,0,0,7,3,21,0.06639820747302096,0.1816532545127291,0.26268928273486947,1.0127006379883914,0.690243755855177,0.15463349021480557,1,1.204125217499681,0.9863356022414539,0.8499842184562717,-1.280056118999659,1.4115133370117268,-0.6955775799410439,0.6068936376481402,1.5760930093544978,-1.6029848935283937,1.0,1.854216473669345,1.7239781734352062,0.588102144658835,1.8530567087039609
synthetic_cell_01133,0,9,4,2,7,0.2374497013014297,0.40833511054758376,-0.13538510750045257,-1.201278817643244,1.2168659103063473,-0.7520370256151803,0,-2.0215896824311965,-1.8659241650096856,-1.2315463394577373,0.6217023535477099,-0.8331059954670395,1.3139373932441842,-0.4599382814722458,-1.6280756427992726,1.1618574239063084,0.0,-2.1148204312738255,-2.2695471653136225,-0.42919511779484004,-2.112364138412178
synthetic_cell_01134,0,8,1,2,7,0.07907304860425297,0.34035801075864225,0.12343308958242011,0.3610369414819149,-0.19520966467827303,-0.3945356154137268,0,0.12419430033364676,0.03612686380106203,0.39584115903695555,0.7951226562008273,0.9816946678449138,0.5039918919046285,-1.190814520939785,-0.4408676361566425,-0.1991466191039088,0.0,-0.10218327718350446,-0.032747529426090306,-0.18487478541625252,-0.10664351218729685
synthetic_cell_01135,0,0,4,0,14,0.14420947614861587,0.09037649528010765,0.028935277637852648,-0.01721013860336147,-0.5950550600576784,0.013686397729728059,1,0.6426160606420006,1.1832413555003622,-0.22885942233225887,-0.6957663232243967,1.0718371535076288,-0.3611452342137905,0.4435771299529957,0.27832627914727726,-0.22313695961859728,1.0,1.182727535003386,0.9888188157762301,-0.44223830619219723,1.1838753752345865
synthetic_cell_01136,0,6,3,2,14,0.07810652735692467,0.17626936638535357,-0.0240414396311993,-0.5703783337941097,0.4058707502632597,0.012906431022229409,0,0.960785762454075,-0.46165676077787365,0.2870125143829346,0.17688355158076646,-0.12107321867758047,-0.7765958822727999,0.773470513577177,0.12038128253440299,-0.10435751077763507,0.0,0.617418334612013,0.3320343001589425,-0.6267019479041013,0.6104851528130748
synthetic_cell_01137,0,4,7,1,14,0.521309948633888,0.17941372682191928,0.222559682431408,0.2783565077752539,-0.47308868156033473,0.002397188497094943,1,0.46835327438794055,1.504430640812712,-0.15902181432726248,0.16785070062694807,-0.18528788671666008,-0.9248399997194249,0.7975892120970511,1.1258047058885419,-0.8009471541418651,1.0,0.918580006991401,0.7607833921365295,0.9303626140211568,0.9206356033645214
synthetic_cell_01138,0,3,7,2,14,0.2010587858037279,0.17451100730662464,0.31517373583088476,-0.4011063319406307,-0.2759622172109646,-0.3634917747383948,1,1.1999253895769288,0.1549480912067509,-0.08669731184685192,-0.5127928586983228,0.8136049596489232,-0.4826466555801282,-0.3592560082974342,0.830645182519994,-0.7566364442296791,1.0,0.82689906732425,0.8115962373507548,-0.875671081420727,0.829269729814802
synthetic_cell_01139,0,0,2,0,7,0.10742595248043921,-0.0012008150559060515,0.03747717916692678,0.48797240387654267,0.03171595098146522,-1.3767512605992696,0,-0.030927627278676983,-0.025305565480138126,-0.20665005511469287,0.7302859282505536,-0.7961059710035875,0.3219656524887774,0.2760867935571523,-0.32204137564132373,0.18522307880347763,0.0,-0.4054146973649768,-0.3034248961545528,-0.4707530096739581,-0.40883286248394196
synthetic_cell_01140,0,3,5,3,7,0.26152776567058544,-0.009581745153375093,-0.0783298898498534,-0.7603907984662028,1.105485866034175,0.41404791147590825,0,-0.916195500246241,-0.13351429968608552,-0.43376095615697613,-0.9504765964078877,-0.11411512235333265,0.321721162230808,0.10674603951889688,0.1532394651583309,-0.3994782148506228,0.0,-0.2559275913430576,-0.24619448226572402,-1.4787130297776778,-0.2598594763504901
synthetic_cell_01141,0,9,0,2,7,0.1461087083110201,0.31963914225193063,-0.16471425266990544,0.2298706581382753,-0.06077870793080406,0.44340182023069397,0,-0.5648965312569028,-0.16165546639807732,-0.2916556714424191,0.2620512489072096,-0.6882593069996121,-0.875532969048958,0.3175978471271239,-0.298916552330181,0.5513890525080062,0.0,-0.1489459372645109,-0.4707731125063718,-0.6792739704346392,-0.15324547005685152
synthetic_cell_01142,0,2,5,3,14,0.1535063299877862,-0.08356151143523778,0.027754554820174693,1.407966920477019,0.33902841286386187,0.725079910614062,1,-0.2141308811925943,0.20472739830396144,0.7398662288289356,0.6687532870625809,-0.2077155482495831,0.1944550625356394,0.17938584683542436,0.6156037601921251,-0.9471032233708523,1.0,-0.011212933075400763,0.03530470233408126,-0.6920180025652267,-0.00596205693414556
synthetic_cell_01143,0,1,2,2,21,0.27934841459437093,0.4448326080346876,0.039811124351154775,0.6750627605129084,1.262712309924553,0.32986249452140803,0,-0.6920658006535554,-0.4615330868462195,-0.46690114503439745,2.175634955212087,-0.9946616063728886,0.6803053181292154,-0.8352003308613893,-1.0234864141711026,0.8801562423166901,0.0,-1.4720862751536208,-1.3748674871974753,0.2890196289597475,-1.47183877024555
synthetic_cell_01144,0,10,4,3,14,0.23771127049867877,0.23465227515596382,-0.08296590105412435,0.2924912864510906,-0.845738198030925,-0.5511018904930941,1,1.003457097429484,0.8531805558577138,1.0970553918124204,-0.7598317216393173,0.20889005854484954,-0.004463829608008396,1.048373603605699,1.444857601909478,-1.567701759181083,1.0,1.2522379767289498,1.4764073533939268,-1.1319084999609275,1.2531469408636038
synthetic_cell_01145,0,5,5,2,7,0.1795253558403305,0.3326997810621801,-0.03333659383268993,0.06112307371335157,0.5203603426140517,0.1541372613399574,1,0.5116285027594192,1.4317833472405754,0.872751342650488,-1.1792722177561898,1.16925131080689,0.11512303171938365,0.7054174343132108,1.7746834504726905,-1.9453149889019712,1.0,1.4719612785700897,1.5567261499745038,-0.8842004447545404,1.472115152629624
synthetic_cell_01146,0,1,7,0,7,0.013554369290471605,-0.1549644862153376,0.23041589381248587,-0.13543772231176981,-0.17244053831487072,0.25089569530078376,1,0.7647097011050321,0.16455722492334568,-0.08028904781622548,-0.932803520059494,0.2757193593723042,-0.2763655169440604,-0.034166492142182925,1.8497731898773395,-1.7197517005613934,1.0,0.6347705814779953,0.7623099118052565,-0.19970300467648716,0.6378015030835097
synthetic_cell_01147,0,2,7,3,21,0.4865800908356568,0.4088343118812137,0.21204195214111807,1.0503746321866985,-0.10078361913246059,-0.8290715572341184,0,-0.3859974183441842,-0.4258060063550112,-0.5408503392669685,0.13384905385891,-0.3328236475401679,0.5156077634811166,-0.8313083370900162,-0.4234599208183762,0.5025928685517184,0.0,-0.7551371841114217,-0.5319228468182563,0.23613499708862032,-0.7573535104787585
synthetic_cell_01148,0,5,4,3,7,0.26802017704859077,0.14101538470353495,-0.018934580013667345,0.14305584707296734,0.8199567119759104,-0.153638458318286,1,0.5916932386769238,0.8290635823308247,0.8202384713423017,0.5214903588200813,0.25541372938626816,-0.5406927419778572,0.11633780516942449,1.0859846378158835,-1.4397593324000746,1.0,0.7639796745049213,0.7396143839167792,-0.030357727243145234,0.7665665626240358
synthetic_cell_01149,0,9,4,2,14,0.3719386257500498,0.20840515473565535,0.020194647673577086,0.1600211306169168,1.1540622509427785,0.5114351534450713,1,1.1431838122682396,0.5948789091409178,0.6051235893500414,-0.41365620897445865,1.1948454243728692,0.3327736640724883,0.3193402614988815,1.5744492755969663,-1.672981714771729,1.0,1.101325646580528,1.1551954573089285,-0.8553246526913486,1.1027532284573758
synthetic_cell_01150,0,6,4,3,7,0.36457967601704117,0.3324038157367473,-0.08935159279161323,-0.47499843998973845,-0.538581543139699,-0.6669825655758336,0,-0.10678711259102858,-0.8661294833187295,-0.615465050753929,1.6653488463462596,-1.6533059005633826,1.2370970875820544,-0.09929512725239598,-1.738425884117017,1.73690254395888,0.0,-1.5142462464970248,-1.139110324260685,-0.3053829831473545,-1.513853856746691
synthetic_cell_01151,0,3,7,1,14,0.3230003688904038,0.1118027670562653,0.1383734376535256,-0.6885977840321655,0.6328664533354075,0.41456626835463156,1,0.7283542227983085,0.7401229281870468,-0.09081465491574248,-0.5283425173492344,0.5083289587490267,-0.5041220096114417,-0.09576501132327342,1.6427333360829701,-1.5455689869381852,1.0,0.8160790902233159,0.8351531832494864,1.8810838622336015,0.8184869361043116
synthetic_cell_01152,0,3,4,2,21,0.09438434292935931,0.4723709337253646,0.0016142007742340689,-0.6218120358300921,0.36401077835199813,-1.339588140630625,0,-1.4948580110995082,-1.4484519706015402,-2.0107827603887194,0.9191055435766915,-1.141065228708015,1.3783568897378289,-0.26615353657635954,-3.1553225935315576,2.77558880444964,0.0,-2.122866199369572,-2.213638397814385,0.5210802054731173,-2.12038225682496
synthetic_cell_01153,0,0,2,1,7,0.43898071788883064,0.4748717940314267,0.0027729542568113857,-1.779855170438321,0.5346081795604456,-0.42413521915724545,0,-0.30714531654094274,0.18552064886101216,-0.3715727703622461,1.6905581128946312,-0.08450991829143462,0.000826044567802775,-0.4487121795076199,-1.537770672786962,1.9093491733154118,0.0,-0.5109831939841012,-0.733718983394504,0.896481961081774,-0.5140385677041821
synthetic_cell_01154,0,8,7,3,14,0.2602219284920218,0.24911908969445667,0.21823741556626527,0.6553897622649186,-0.27145026248153825,0.05839215684283172,0,-0.7658198765157778,-1.50774954235158,-0.25392031876303744,0.5914567072159236,-0.3233499300811071,0.16892940426978126,-0.7149727574177225,-1.0901642929881163,0.4938064478257286,0.0,-1.0440077413778295,-1.2132451114148446,-0.9510949627653293,-1.0452313496813175
synthetic_cell_01155,0,10,5,0,21,0.26644678115127224,0.2999391740820191,-0.10488127204937536,0.7630736411160988,0.8801973211613423,0.3631849992751026,1,0.9354740615094015,0.32242229350145457,0.24586793184112332,-1.1029810277164709,1.1130562891110813,-0.3441064186351767,0.36124203213316985,1.1589577532516233,-1.5098190161387834,1.0,1.202307075363749,1.071131603006212,0.8295896532810959,1.2033876295288946
synthetic_cell_01156,0,0,5,2,14,0.2752459491370346,0.3523221215013371,-0.02467369466477927,0.8401854954020331,-0.4457782433508045,1.249241688478844,0,0.7050890894335773,0.6397189461125649,0.14613270673927486,0.46004543066031184,0.22939250319117008,-0.0910823163959662,-0.6040469614110667,0.2843787500427747,-0.015344027590030122,0.0,0.31497615008109553,0.5167420412206992,-0.3785833006255489,0.30908232591934554
synthetic_cell_01157,0,8,6,1,14,0.43142371926563905,0.2122685490142508,0.08022038439874282,0.18201994923946319,0.5380716498520879,2.101475246284664,1,2.045156113136347,1.5022226194890953,1.5042275521425303,-0.6347489338436765,1.63706492594071,-0.5028323878196486,0.25166199265392397,1.557436947580477,-1.071530177722405,1.0,2.1681402828446927,2.3117163989507286,0.9943897018803266,2.165901703066925
synthetic_cell_01158,0,4,6,1,7,0.27057244099173366,0.1606171062302426,-0.025396058161339358,-0.5298932145448514,-0.9367131417528956,-0.014425649752771719,0,0.2033456682796202,-0.7985124437465787,-1.4631018127088695,0.5742562413078607,-0.4761330654501923,0.37110502008383217,0.49238105074599686,-0.8188256344765126,0.7768532053868364,0.0,-0.6044132092762844,-0.8645841701732883,1.5698391101041496,-0.6071475060933956
synthetic_cell_01159,0,2,1,0,7,0.3046536877322232,0.21480039785726773,0.07717997129882578,0.2423996568738354,-0.04504278787072388,0.2349060784294481,0,-0.245720214759512,0.11780838433054741,-0.9199977208241887,0.24945839164357086,-0.652697297501186,0.4488991564464345,0.2587355985022078,-0.971251139260118,1.183365532978311,0.0,-0.4749712135680005,-0.4099242633602606,-0.5853946782709855,-0.47815034425318137
synthetic_cell_01160,0,9,7,1,14,0.5019836453867432,0.1730797492020311,0.23570437733961225,-0.1377839230995393,-0.006331832644076982,0.1793843716509779,1,0.5314370533890622,0.6125550998536885,0.038220632090668935,0.367782212764142,-0.5878006900863598,0.25210022367753393,0.08717840875999926,0.03441604025088733,0.09472365122946651,1.0,0.07469872076544767,0.4222341216197723,1.1329661000446494,0.07965435722748468
synthetic_cell_01161,0,1,2,3,14,0.17332417227739957,0.12301516564545521,-0.04688295666624537,0.06397784438318488,-0.0248035877997672,1.5201537666123457,1,1.4736018896114595,-0.1792680083174764,0.35672294220276596,-0.03324899224236322,0.1179196658648847,-0.23808400754275574,0.20903419358199388,0.6032125743971248,-0.20903508470654966,1.0,0.6750732319137309,0.7801207649862568,-0.45578841841782236,0.677965651452828
synthetic_cell_01162,0,6,2,2,14,0.29455486855091195,0.46775494059690953,0.04966670005914492,0.18693744009801422,-0.7575774913784299,0.29671491815076484,0,0.08230711316265488,-0.18022077707701867,0.12221098130111153,-0.48530023690033597,-0.12964501775378454,-0.3788888985179496,0.18457324067803055,0.26918943777735155,-0.23400926205379127,0.0,0.2579274109979006,0.21647390323321877,-1.1167730891500405,0.2522296376706268
synthetic_cell_01163,0,11,1,1,14,0.5793946525426814,0.2772669267067071,0.0942141004426465,0.9135789906573026,-0.15475403293379075,0.348321374560725,1,0.7339622281186208,0.30826659081002494,0.1304964396494372,0.15013365773335474,0.5045028754520152,0.5995546016542617,-0.06953483290838391,0.4795639486009017,-0.25533379613016854,1.0,0.321951187657081,0.49819793886095365,1.2218571362193582,0.3260571286965828
synthetic_cell_01164,0,6,0,3,14,0.30145177089724995,0.12469634188384993,-0.26020113768899217,-1.3825352874457484,0.5197645719254099,0.3258702866023932,0,-0.5357896836374465,-0.15915499374956482,-0.3476773848006682,1.0942391031980687,-0.11426459811377382,-0.5286167383563554,-0.5638551076696963,-0.8197097540078165,0.7995419500370172,0.0,-0.44284252614960534,-0.7642667293362709,-0.6269152899255385,-0.44613206867000343
synthetic_cell_01165,0,3,3,1,14,0.1413515035986802,0.12054028654485632,0.10133545088127432,-0.4415510627011308,0.5852510218545433,-1.2529453291846253,0,-0.42816553617462094,-1.0325740323770014,-1.0334487736195783,-0.09774349124990306,-0.3437497458520875,-0.2621519631056125,-0.781694459255373,-0.6985359491881814,0.6395886459726151,0.0,-0.7483008641437623,-0.8780457191263016,1.4385911276272794,-0.7505406838653071
synthetic_cell_01166,0,1,2,3,7,0.22063133076388028,0.1146466140593188,-0.028662617441165463,-0.47611509063702345,0.592502682528578,-1.0430055411248793,0,-1.706745412031519,-0.7434294138142519,-0.9348928805592637,0.7851982199543887,-0.9793438200888656,1.5420419834296148,-1.0192183777408916,-2.0370690497651927,1.954601312949375,0.0,-1.9593851809966472,-1.6277645594455714,-0.9158403208033522,-1.9574630491175835
synthetic_cell_01167,0,2,4,0,7,0.37351600146523634,0.23494122564551995,-0.05387443439812628,0.5159941952272976,-0.3310173935876457,-0.4875075338321284,1,1.4082670229086187,0.9694266340091688,0.7616602287734784,-0.4222845347883382,1.1740969034739284,0.2743868960497373,0.413309194245825,0.7535040585900575,-1.1634317399610326,1.0,1.3404746641547607,1.4841972478309782,-0.3474028216009978,1.3410803985164301
synthetic_cell_01168,0,7,0,2,14,0.2516462709450838,0.4838512963463461,-0.10641006928596847,0.0900834477003013,0.3604767990377407,0.47289667495153664,0,-0.008342463736666361,-1.1243608069101523,-0.5959184506744378,0.4198009511242898,-0.23333002135377784,-0.036109317649279105,0.3604421944038261,-0.2015330515299658,-0.1674828206347979,0.0,-0.3986540567747683,-0.7584793050913722,-0.39782026933634523,-0.4020954551719899
synthetic_cell_01169,0,11,4,3,7,0.492903376224202,0.2457165475870282,-0.08159310240671733,-1.1031993952187096,-0.668801886174848,-0.33769747651951465,0,-0.010000642676424754,0.134185901880719,-1.2163953528552987,0.8004495344435507,-1.135499970337578,0.5005276372057874,-0.9894693020748103,-1.0963732476935921,1.4106399987404168,0.0,-1.0421179042777724,-0.5826029519418254,-1.3997461395599688,-1.0433480071006214
synthetic_cell_01170,0,8,3,3,14,0.5571155388245843,0.28615184817409045,0.14349739179627158,-0.025783013968278604,-0.290325711500118,-1.2283491109665432,0,0.24499894257826482,-1.9869567279677578,0.0657310595369307,1.2981941908677328,-0.6868122029531658,0.8931191632562643,-0.8742138886812449,-1.3912740545738016,1.7099118498788548,0.0,-1.29447711031875,-1.0818054523744747,-1.1022055358219798,-1.2948399681555192
synthetic_cell_01171,0,8,7,0,7,0.3458309977251981,0.1458265723909274,0.20844637988765075,-0.7507901404838269,-0.0965647800558306,-0.93270447747055,0,-0.020321381101543856,-0.8622742414231976,-0.22228556501310753,-0.5532536605145255,0.4622534118680269,-0.14736467799106823,-0.3854885786752258,-0.3127670559224277,0.36690722624757294,0.0,-0.022746812281807534,-0.1969150960162242,-0.5365345343783058,-0.027480034655383893
synthetic_cell_01172,0,5,1,1,7,0.19636973731401147,0.1293450960867181,0.15988805770890835,-0.6479370651186704,0.3617468428771828,1.1220071411478707,1,0.41092452010847214,-0.4993412894724335,1.0180168933033003,-0.43860908705622076,0.8176334148192652,-0.5785843535672262,0.9022289341240716,1.3070796510484617,-1.1314418915762436,1.0,0.9723150890114755,0.5147795662710829,1.1688397274613782,0.9741860220977296
synthetic_cell_01173,0,5,3,0,7,0.14941179505233915,-0.05693046624806669,0.061329550008251854,-1.094812069024047,0.32034480772798235,0.024546871490440714,0,-0.7331131460150122,-1.2057888746495586,-1.0372292850823426,1.8286851482534732,-1.1798735781513454,1.4517924565434153,0.05946967709560225,-1.683550969450729,1.0729994708886856,0.0,-1.7673621005884148,-1.7615339475960707,-0.8313106103691629,-1.7660998655932738
synthetic_cell_01174,0,4,1,2,14,0.32088216623186094,0.4913591193928515,0.04502187766308491,0.11372593142166557,-0.13255986822832694,-0.8689179358438791,0,-1.446259838896013,-1.045172962770688,0.06690495782409578,1.5779576523888537,-0.6907188509563442,0.5587667911424914,-1.3945567742296605,-1.2073761176695184,0.9716652154084643,0.0,-1.6432188003882828,-1.5791163715190444,-0.7230504699174792,-1.6423831900300752
synthetic_cell_01175,0,5,4,2,14,0.13776013225513845,0.1730303411380732,-0.13670364906744634,0.5633331514567793,-0.308132495547855,1.4219225139587064,0,-1.0480154133578283,-1.0361322962187018,0.2980569389541808,-0.5144272841242277,0.06458628440741629,0.4541742769002574,-0.14261686332775728,-0.352526101923821,0.2548648212875913,0.0,-0.5095216519566068,-0.5872364888338619,-0.43303751157582243,-0.5125820483386907
synthetic_cell_01176,0,10,3,1,21,0.13476806154548898,0.19783901429504908,0.10981626030343725,0.6216937304603268,0.8010707114268455,-0.22834202758479977,1,0.379800382781206,-0.08455269653209793,0.002177989675433048,-0.27136498523746355,0.5898604886143358,0.21685761886676364,0.24551741068005895,-0.08148938450650027,-0.1052498437570102,1.0,0.38356031372796306,0.27947331030199984,1.7407171139222897,0.38745453193587126
synthetic_cell_01177,0,8,6,3,7,0.3944765627702557,0.31916886140378553,-0.010483783844863,-0.28467565135360146,1.0208273481058538,-0.09867659677138552,1,1.3149278430876967,0.5093702331604137,0.7295864616510497,-1.303015914182264,0.40316265803810525,-0.07850729417918884,-0.22646077285030225,1.0548576426951803,-1.1633502397314135,1.0,1.0449828887725254,1.550168347930988,-0.9535051861331484,1.0466040953440197
synthetic_cell_01178,0,6,5,0,7,0.1390764433701096,0.17185373646014357,-0.04824897309623466,-1.129479543213088,1.1823836046827585,-0.592267000582866,0,-0.2776344309029012,-0.9969342255989906,-0.02745878120382922,0.5768567557446882,-0.15218087648693024,1.3669051596317727,0.27905149929893647,-0.6467809211065018,0.5530256625809459,0.0,-0.7521942564749279,-0.7006862373927087,-0.2946734822622103,-0.7544206963597273
synthetic_cell_01179,0,11,2,1,14,0.17187603415061636,0.19829809945317217,0.08033378670078961,-0.7825306932971314,-1.0610515606173123,-0.14513600153678313,0,-1.773994578953502,-2.5213767610497695,-1.057496557446955,1.0999258614327982,-0.5577527440935295,0.5861011571408452,-0.5107928088721213,-1.708805550322321,1.4748605068410026,0.0,-1.9870776961909982,-2.5310301778510897,1.457329542634025,-1.9850603976036103
synthetic_cell_01180,0,8,7,2,7,0.07789875255333742,0.17197207594522906,0.2513223121333296,0.15763837870230835,1.323959269372829,0.68477185040947,1,0.6381999497121212,0.3344776486794374,0.10043996961627749,-0.6586580805736358,0.29926155225243395,-0.7266405020067233,0.8306021650468979,1.2769109135951766,-1.294563775653141,1.0,0.9771064820227398,0.7362852565479505,-0.5192224024635197,0.9789609492481659
synthetic_cell_01181,0,5,6,1,21,0.17282371566386073,0.30391273658375345,0.02798291081271275,-0.2892571152299948,0.4745977723435871,0.3451703793256421,1,0.5915590970066475,0.09505936842571372,-0.9606650171170465,-0.5730058883979633,-0.2378610425515958,0.7670633666979525,0.31142197833730445,0.2259380538666233,0.33141010093236944,1.0,-0.0348943826509155,0.24156161134881685,2.491822390799363,-0.029562124028198012
synthetic_cell_01182,0,4,5,2,14,0.10178756077975698,0.3103337049868248,0.012635153780790914,0.38984407717569247,0.07415425452538352,-1.1879417077786143,0,-0.28586969002405405,-0.18900118315618575,-0.16793781599924257,-0.21281159849750342,-0.10820820070395058,0.11694591712263495,-0.2995392218596993,-0.15774203566745224,0.1131017679704982,0.0,-0.2129578197654102,-0.14703651117529284,-0.3299359959012145,-0.21703737253396116
synthetic_cell_01183,0,9,4,3,14,0.17846229441811265,0.21784301867189995,0.02240016817206881,-0.5304098402147152,0.013907368495212138,-1.7030623826821654,1,0.15578602188710028,-0.13483918269890524,-0.4309196626844543,0.47253443539218815,-0.19140789220622145,0.06332319250654864,0.33334291399108174,0.2665392405391987,-0.4263552129981175,1.0,-0.09659028624301857,-0.24488916507877986,-0.48540928351406704,-0.09104600657343181
synthetic_cell_01184,0,11,4,3,21,0.13000064461855892,0.2399914533807477,-0.12870389230902232,1.3194583825885333,-0.46397819251140104,-0.25654364246744366,1,1.3941178253265631,0.9833647801202324,1.5461521733861066,-1.3121059110648385,1.9009125588537645,-0.12190518673344325,0.9783828394957563,1.6965699177483107,-1.7761775670742945,1.0,2.136961118183706,2.048902740536574,0.18714182289386944,2.134829687158887
synthetic_cell_01185,0,0,6,0,7,0.28867740263387087,0.20577096925850447,0.020813760828280424,0.14464344716804084,-0.2525176556539276,0.013682981441342168,0,-1.1570574776235523,-1.1522224285338032,-1.6487842802171464,0.8763025968508407,-0.905983243522718,1.770938293301447,-1.485936066008842,-1.9702358793915276,1.5687855487844657,0.0,-2.214434747626674,-1.8039031484925108,-0.9732650318274332,-2.211636125203312
synthetic_cell_01186,0,6,3,3,14,0.12069024746761951,0.029943721270109018,0.05034326779727709,0.47437105397675833,-0.34754335444744877,0.01601691957449322,0,0.3852345332011581,0.17687768029063067,-0.7555046612137499,0.5342637820589033,-0.17641352685742395,-0.3530198954133828,-0.2703717813705613,-0.0635187940720659,0.064663218315846,0.0,-0.05460992663805932,-0.13930096250465285,-0.44377234274447447,-0.059233649831479517
synthetic_cell_01187,0,7,7,0,14,0.0676828233443919,0.00892383120266214,0.17154164094256055,0.21835735891578822,1.0087356289872276,-1.2735465335496425,0,-1.412983257575794,-1.0132317491393006,-0.4085600423212006,-0.31374826784938326,-0.8893181179794218,0.4930620469106453,-0.8548950272266549,-1.9418188502128215,2.1229641071388143,0.0,-1.27553780219822,-1.0471885406183883,-0.18419640571029763,-1.2759657459110507
synthetic_cell_01188,0,1,6,0,14,0.3344211840789654,0.30799379320624154,0.05756281320879707,0.7556404400494292,0.986990992150831,-0.2687951535921231,1,0.5030074264618501,0.059037411807355,-0.4209526662807645,0.47900886185512404,0.2408598593901084,-0.30004228696754864,0.6170114851382142,0.7535797895179468,-0.6123318358648723,1.0,0.36562764253958785,-0.004336251262755096,-0.2442449216236847,0.36958348726558155
synthetic_cell_01189,0,3,4,2,14,0.5116064417334508,0.4341978345855202,-0.10087666144809282,-1.342152554030262,-0.9149950447178081,-0.4409790037286201,0,-0.42805954481211017,0.2912434508993794,-0.1972523107877917,1.0446467656532892,0.39807934296878345,0.03553668026498483,-0.37093753503242144,0.4600717228635267,0.023693298193456693,0.0,-0.20508545817929794,-0.4650240365564881,-1.1684133881801382,-0.2091920647107025
synthetic_cell_01190,0,11,5,3,14,0.6483181605637239,0.39811646246530125,-0.037148011572085624,-1.0836903832839058,0.004245752875097486,-0.7244008811054542,0,-0.6574659560785969,-1.2473737247041043,-0.6337490080037879,1.163721567483888,-0.3998814719461973,0.05727026404988167,-0.15682619458657177,-1.9957633233933794,2.1924577218432035,0.0,-0.9753615380593218,-1.3803414012764568,-0.9267614997871605,-0.9768210524610077
synthetic_cell_01191,0,9,0,2,14,0.5414672519482383,0.43800217595609653,-0.15756370145695003,0.3019600998901246,0.6746935885921904,-1.557340129990737,0,-0.08829327663678219,-0.3852432324230225,-0.3040789730005256,0.45193934897433347,0.4451588610775625,-0.07945996781857828,-0.7081564335073889,-0.07933139615572413,0.7994133592719537,0.0,-0.22764184614616378,-0.41113445362243545,-0.6280078729298331,-0.23167093652638363
synthetic_cell_01192,0,6,6,1,14,0.2258655491859693,0.1745861776559381,0.006501676478898766,1.4567345941569307,-0.05344787542488651,0.0937130846256774,1,-0.9032576061640569,-0.2085412744067474,0.7049494883806575,-0.45630438580813865,-0.009283770905030991,0.17880960123219136,1.1460823878063269,-0.039640187508466276,-0.64047557881424,1.0,0.19198973477260756,-0.07142470950532853,1.9615197506292292,0.1965422948206484
synthetic_cell_01193,0,1,3,3,21,0.7081631696155748,0.60921537837902,0.056660225761120064,0.11934886586428711,-0.6149448330782487,-0.31413628594823373,1,0.6035534591528043,0.39532461142111264,-0.29582164796568594,0.5328677537230617,-0.39572885024758886,0.7884182545849687,-0.5290924926812516,0.3126788389809781,0.18676107514322504,1.0,-0.29926764607917505,0.20094038024977234,-0.3698632621699969,-0.29302685556353164
synthetic_cell_01194,0,10,5,3,14,0.1850606712498965,0.033241209730128646,-0.021399830772503806,0.8545790870024146,-0.6078618168795034,0.585524591997866,0,-0.8957414671659507,-0.9773880428938588,-1.060161674690935,1.0480258757711456,-0.9686009259367123,-0.2555061129582301,-0.47293954361402646,-0.6306311430438131,0.3983427252265647,0.0,-1.2089272101393567,-1.4797039561200758,0.14580274599426957,-1.209584064470861
synthetic_cell_01195,0,4,5,3,7,0.5836563022375936,0.30516999901161046,-0.05909825320610855,-1.9854101186849678,0.20220522338389085,-0.4327308471988178,0,-2.0100654869485743,-0.48235489180959557,-2.188205163605444,0.9072092419516905,-1.2703492031369412,1.4541710844720248,-0.4042929091274234,-2.054917287989876,2.5268734848073144,0.0,-2.1563599185190947,-2.113256773215935,-1.2697678009894817,-2.153760873139705
synthetic_cell_01196,0,3,1,3,7,0.4496483257296324,0.22858631454701558,0.1357152636149197,-0.19447409618056855,-0.5671333997399017,-0.7387170844458466,1,0.7717467597770858,0.7136823681623542,0.4387643200199376,0.6338409066651951,1.274679611008254,0.7721948169095597,-0.24750671204751956,1.285939660173195,-1.5384177071135285,1.0,0.5562894105895815,0.6125807312817698,-0.8589287638826396,0.559590036649403
synthetic_cell_01197,0,0,0,3,14,0.15791885325907126,0.010268208227879341,-0.09642993204313524,-1.7674324396529495,0.011561068723136121,-0.007804515508983655,1,0.005102393036702735,0.8925430149146301,0.5067200273567016,0.3638896407436593,-0.6489137518242789,0.4416296019294081,-1.0568600317737493,0.5507214952889047,-0.8307275162222594,1.0,-0.280108106494154,0.446457247334423,-0.40557053756599615,-0.2739331586909734
synthetic_cell_01198,0,9,5,0,7,0.2782134181046006,0.05071457150903892,0.004550336927245248,-1.1036739404348872,0.6290854825912167,0.8123782187113979,1,1.116714882131024,0.9691882263693958,1.9719194959376254,-0.9477277435302187,0.8442047407879374,0.1540246968674971,-0.11037344065888965,1.6287150499609089,-1.780016476071047,1.0,1.3803577496136772,1.9266842867961418,-0.7656401994857476,1.3808264237648782
synthetic_cell_01199,0,0,7,3,7,0.1437667822808134,0.20622026263408189,0.21106797243754466,-0.7169976664577571,0.4551260448211407,1.2290887375579593,0,0.11355266159663796,0.4558468125013309,-0.23558094819440753,-1.0918132430522653,0.40593907246473426,0.617656425501351,0.17092084775576033,-0.019283799161772558,-0.42874130573707303,0.0,0.36009478105881837,0.583929123656912,-0.3373075348433891,0.3540459044735485
synthetic_cell_01200,0,11,5,1,21,0.18937081984710727,0.32330404464697715,0.015025114929754502,0.37432768544569855,-0.21706360792871518,0.6298362781991417,1,0.38856946337551707,0.9072018589993669,0.19022216388391505,0.2658793640971764,0.43623734894140814,-0.7914138395746446,0.03658816366707812,0.6900847398173667,-1.091345877622612,1.0,0.7571748316243674,0.560876477047836,2.570716397131095,0.7597851049251116
synthetic_cell_01201,0,9,7,0,14,0.3755192536867495,0.2611999477099972,0.16369346339733892,0.20980325002944672,-0.8287385325079593,0.5300335131175234,0,-1.2399858040927882,-1.2579871384281258,-0.31598722881781216,0.18031664347609921,-1.8473585812984883,1.568978674431118,-1.2890400652640417,-1.757937444824495,1.8081580737182992,0.0,-2.072659504704102,-1.2083806520358384,-1.029870307162766,-2.0703480999674007
synthetic_cell_01202,0,4,6,0,7,0.461843168937194,0.21813864429964708,0.02641753767061432,-0.7712903140076763,-0.09236379975095733,-0.08615346232442375,1,0.8121718073133657,0.7023961081431491,1.2756526482662447,-0.9247109485756464,1.6604556149641003,0.07104375838800525,1.4140519341948075,1.907467904844947,-1.7994839869861685,1.0,1.7508343489899485,1.4422003911722205,-0.5354092307282412,1.7500298618473358
synthetic_cell_01203,0,0,2,0,21,0.22656060567933767,0.3549831310396213,-0.04384721606533118,0.7859082572893369,0.08272430928405865,0.08343725867348936,1,1.040736035272864,0.5556732214879019,1.3319514262048544,-0.6079352751566737,0.9234440403362334,-1.0055264026605413,1.4056230387877662,1.9871106273605124,-1.6302329243000608,1.0,1.7993232117220177,1.3964705982774845,0.37199282982928744,1.7983520901865298
synthetic_cell_01204,0,1,2,2,21,0.5508079332833048,0.5278540018724008,0.05960735871712697,0.6659207302194281,1.495657710944373,-0.30431222987908746,0,0.7321200266191807,-0.6360358127727981,0.42383957403526895,1.2364536344462973,-0.3486304234742964,0.8651698520909493,0.02222680256737236,-0.3935738722801912,0.6079873234569134,0.0,-0.38388570819989837,-0.16897022924238123,-0.03713434756413531,-0.38737785876287284
synthetic_cell_01205,0,0,0,1,14,0.5681574708417911,0.31089771727720883,-0.16602954781048387,-0.649648128986368,-0.21474220628740287,-0.3060990940465377,1,-0.06925559174619542,-0.9808989291030817,-0.3996692171576288,-0.2783750090314434,0.3915979338800599,0.775353059649806,0.21352311197712498,-0.031659755048601405,-0.04756312282090985,1.0,-0.28047016627530613,-0.421320277296705,1.0230180522051195,-0.274293974235647
synthetic_cell_01206,0,9,0,0,21,0.48230569023313785,0.40207839812008633,-0.1598168097469896,0.75870282551661,-0.24004252158535858,-0.12828797929003583,0,-1.587360782789385,-0.24557549712058546,-0.6468697314277803,0.7419577874747484,-1.552413550690261,-0.030118490360677264,-0.3806946155362916,-1.4653397994808244,1.1666619974440435,0.0,-1.313638540093702,-1.2611824328453063,0.5358114645493145,-1.3139355487222766
synthetic_cell_01207,0,9,3,1,7,0.4775827864659286,0.12634560529291658,0.08932926513746173,0.023737596153385054,1.4010992330552536,0.33249712253950503,0,-1.046604609305031,-0.8999727143471042,-0.6424784324655021,1.1475462749116272,-0.3520864853180669,0.11522583249128804,-0.976028500669199,-0.6476014357609124,1.1097514824697896,0.0,-1.2084131654776522,-1.4165388375626111,0.9336622863921765,-1.2090717863492504
synthetic_cell_01208,0,6,1,3,7,0.38288395362711364,0.18821005828386383,0.1725542224531244,1.1168705318778431,-1.1438555128595858,-0.3919661491168959,0,-1.0815543358695379,-0.737191722627525,-0.3149733273596001,1.0657264152694554,-1.6367100563248247,0.19438977730574153,0.21390794414552639,-1.0121146641731718,0.6143036547856335,0.0,-1.2250042666031267,-1.2312858149777521,-0.5339492396994677,-1.225605871329008
synthetic_cell_01209,0,0,1,3,14,0.11543790519704836,0.25303056930479045,0.15542132534866124,0.679917683480338,0.4504378007532312,-0.805961813933166,0,-0.7278872394926431,-0.7661161651267302,-1.097221271511503,0.5269388837423845,-0.46962856093347527,1.2159631311619907,-0.9294183099909932,-1.5421106044393502,2.4096307642774377,0.0,-1.3856237510399374,-1.146796904289511,-0.03278900981767865,-1.385673378904226
synthetic_cell_01210,0,4,5,2,7,0.16894151090233828,0.2780377851152863,-0.11408197196995512,-0.2656026220542578,-0.06627138145610845,-0.6682913972254374,0,0.30160829261349176,0.20533855718970645,0.547378947788049,0.885781049108005,-0.1469121319438108,-0.889082469679477,0.5758671761968188,0.1783238928992697,-0.1331552895964737,0.0,0.48622094455682147,0.1360165321210719,-0.34597184060150066,0.4797386291260935
synthetic_cell_01211,0,10,2,0,14,0.07423888945269212,0.08071801783382605,0.032168035392423557,-1.2952407807393567,-0.4063179192903543,-0.2982827114215599,0,0.44585856742340213,-1.4249203825748475,-0.5655043399510713,1.1857178568466362,-0.4819629077418155,0.07570150113958594,-0.5539810508032283,-0.5886800255866429,0.5053000973948152,0.0,-0.817900815749693,-0.9270658286653068,-0.670641299893416,-0.8199014517695272
synthetic_cell_01212,0,3,3,3,7,0.15614446523047157,0.013887184296372937,0.04433912532372446,0.72531487747367,0.14769167475034645,-1.2842248243714378,0,-1.3771975299040797,-0.9117695853260992,-1.0210882453075452,0.8321940766441551,-0.17923708460756138,-0.023382192002138202,0.21578662493939804,-1.3461388366668647,1.240970400732387,0.0,-0.9285798215852966,-1.588068052405656,-0.6113692837848702,-0.9302001036866785
synthetic_cell_01213,0,11,7,3,7,0.25828098521724796,0.008512277761305226,0.24521032967747294,-0.8552706942172229,-0.5183572120645581,0.8133751768454384,0,0.220226536277196,-0.4695881954833617,-0.7038451015669216,0.5300508942243494,0.2553613941639927,0.06710114551005703,1.048158191231311,0.07280136037325693,-0.17923683994974585,0.0,0.09453460751453084,-0.460119594361921,-0.11502041771708704,0.08939834169794185
synthetic_cell_01214,0,6,4,0,7,0.08462614454436651,0.2679542098341469,0.020980804813604502,0.25417573414961997,0.3979252331428866,0.30365876064983127,1,2.949756676173169,0.9175146125869291,0.6420807310687212,-0.814060650563319,1.1772781432115373,-0.025776314704088366,1.3551556127441784,1.755441897850458,-1.6885210691568902,1.0,2.1542660369131945,2.274207039573163,-0.32175307639402895,2.1520751366728947
synthetic_cell_01215,0,10,6,2,7,0.47945693469550626,0.38142794115186385,0.0844412800768732,-0.14362502932101845,-0.9713214403034145,-0.817536085130212,0,-0.4122517869103141,-0.22107277230278977,-0.6395414546783939,0.6947655084715819,0.08698705878593077,0.8040444360770083,0.520018838971501,-0.5100687690626957,0.42731921822662333,0.0,-0.43894968879863855,-0.6883316494305848,-0.6020723591204932,-0.44225260924856497
synthetic_cell_01216,0,2,4,3,7,0.42347769200283464,0.2617380241832876,-0.08273892257121965,-0.10176926905305303,-0.6925626276777509,-0.03777017024335799,0,0.10733287954240867,0.3638989795822616,-0.3959596368810925,1.0051813797038327,-1.1480215249012078,0.4281225418082917,-0.8381008516102175,-0.9210284188390978,0.9919726549903534,0.0,-0.7745788452629558,-0.23866551885743123,-1.0219799643244962,-0.776728359393009
synthetic_cell_01217,0,0,5,2,7,0.36553765216799927,0.3102591374732409,-0.010233939077927509,-0.3292088536383678,-0.06312472878499381,0.8601270206238664,0,0.05555562940098563,-0.1553589507405032,0.6950506919696173,-0.04723130594863729,-0.2509024647856307,-0.39175292698943287,0.5018223068413896,0.3779770426317707,-0.36276123093735474,0.0,0.3311978724664198,0.24847523551812103,-1.2208598234977048,0.3252483015473989
synthetic_cell_01218,0,3,0,3,7,0.24438408681775364,0.24474425247256015,-0.21025539545046332,0.7499164945276331,0.9115527826867512,-0.9956424346612525,0,0.6518665371536219,-0.6326643414903361,-1.189920646790759,0.7289807643445647,-0.11146657010975412,0.409965736972309,-0.910340595295284,-0.058522380531232834,-0.19090826591971083,0.0,-0.6567993807329842,-0.554303430139708,-0.5987219855555276,-0.6593536498615936
synthetic_cell_01219,0,5,4,1,21,0.6003133000951884,0.44595832149848647,-0.049098741390663156,-0.3302115152968125,0.07639799426286797,0.026874503873094396,1,-0.24396007810119788,-0.07455562125134936,-0.24092217166304997,0.8124612425742495,0.08872338713910902,-0.20805656275724646,-0.011888126047578426,0.04263330324266509,0.23315606018250837,1.0,-0.14857485611242502,-0.4618585120871347,1.8276623227451416,-0.142851928878202
synthetic_cell_01220,0,2,2,0,14,0.09280851493281754,0.045887269179150425,-0.0190505960748656,0.08060197785199444,-0.6229888015124098,-1.1663451417827841,0,0.023919280456601022,-0.6576611324666104,-0.5540822351516286,-0.5179825763543038,-0.9217991908262377,0.42299402535218555,0.05508831957121721,-0.1654037290771548,-0.16291110631794914,0.0,-0.5114217224966072,-0.21374655464463838,-0.6293453942127148,-0.514475589191604
synthetic_cell_01221,0,10,2,1,14,0.6143555806698142,0.30066798041568266,-0.046030188517812265,0.1358955775251967,-0.42153514158610894,-0.683518333574731,0,-0.7251562260690285,-0.7574399720012062,-0.7453219101558142,0.9922401001485377,-0.8218007291337701,0.8851204724541848,-1.092617092250688,-0.4499522872193602,0.5038520577316873,0.0,-1.4607756505635756,-1.1892486309961516,0.7982025086542204,-1.4605670151804926
synthetic_cell_01222,0,10,3,2,21,0.5667275058489992,0.8156391441669579,0.23272184513192062,-0.6320935904178924,1.010990771407178,0.37841428002049826,0,-0.026637678161404943,-0.9679512452647003,-0.826021997063797,0.8333732024449059,-1.490507247440928,-0.06673665067938495,-0.9777612888625333,-0.9721435582657322,1.3161628047932776,0.0,-1.2107364508411949,-0.9223971010892691,0.18033732711392403,-1.2113870876268769
synthetic_cell_01223,0,6,6,2,14,0.5660293524770107,0.489592672786804,-0.040926860745652355,-0.3592377743246217,1.0701041786571392,0.8353580057674699,0,-0.7365621201351342,0.03735754429031851,-0.8587909624083729,1.1928109024521685,-0.6241858154652757,0.14058697333264902,-1.2810773933462944,-0.9861546756809721,1.600512066917653,0.0,-1.0970422272234142,-0.9783405821087406,-1.01261625006065,-1.098083579873699
synthetic_cell_01224,0,7,6,0,14,0.39200550486132707,0.18089017048559553,0.036641554227922035,0.7554876681316157,0.5478119235199532,-0.49563741427465957,0,-0.9764896239591242,-2.66929617382696,-2.644449629798232,0.7466528135940873,-1.105800012907966,1.7366851516081434,-1.3880513156612375,-2.356921280818387,2.524495383965559,0.0,-2.7449441847641696,-2.6163912923819272,-0.46790490174377114,-2.7403224402259325
synthetic_cell_01225,0,5,1,3,7,0.13496771339323738,0.10161615668870572,0.13541643514908702,1.7843423666878426,0.2867664999898055,-0.8477351542243023,1,0.4716250940016749,0.5464829207862939,1.3139776332273394,0.15563379332573152,-0.07776352609170362,-0.7401130561077653,0.47925510512651215,0.5977297521359124,-0.7560537418371134,1.0,0.8608755344273908,0.8575476711862828,-0.6406845803786704,0.8631294350957681
synthetic_cell_01226,0,2,7,1,14,0.3363376852367766,0.23406900313066845,0.3239446142624343,0.2417575860880659,0.42413221820107827,0.29979571176244024,1,0.16159065712880646,0.5121893163517476,0.44419578750917954,0.9891981989864366,0.4037293630267942,-0.044357717543924216,0.29460510541922924,0.17495157045821408,-0.41476889318578675,1.0,0.3510838197535502,0.12624685282871148,0.8768797465789026,0.3550896450512357
synthetic_cell_01227,0,3,0,1,14,0.2133414940491531,0.08613046692657074,-0.07769353089789546,-0.6060358102864265,-0.3932705630806151,1.0132319647924481,0,-0.2678823114554654,-0.4089184548341581,-0.21215893102622813,-0.5534858411930671,-0.44744879311339614,0.5487140655845982,-1.0119502569132577,-0.9468055678974981,1.5461160009335004,0.0,-0.6174288101253708,-0.12390272301920387,1.0856964744485196,-0.6201183781816246
synthetic_cell_01228,0,3,3,2,21,0.4699663903322798,0.6855132276069383,0.018669045599801856,0.3057259742074841,0.45222789705401323,0.37316009745545997,0,0.07665151819273419,-1.3237644012373884,-0.26953840723609857,0.5233343478702155,-0.6154766747505932,0.6482485960860067,-0.9970391316053466,-1.2513726023344658,1.0375000315109615,0.0,-1.0362230949909847,-0.7297849959496391,0.5487362216046342,-1.0374734556196734
synthetic_cell_01229,0,0,0,1,14,0.5626845208295428,0.3571353640992168,-0.11367835566869111,0.6741080104839394,-0.06584857922029344,-1.0175425551474833,1,-0.3026248110033277,-0.11764486594567658,-0.012779380078624655,0.5271283447610631,-0.09484077935538296,0.49041609143347176,-0.3690602307861416,-0.3468030163389366,0.13451979855333487,1.0,-0.42387877887326175,-0.33280290586694655,0.9372458899810204,-0.417209755990665
synthetic_cell_01230,0,8,4,0,7,0.30555020224587875,0.13988704476303315,-0.037088082673888044,-0.2776891745127165,1.7011243183473792,0.22053513124487828,1,0.533485566132993,-0.8015635108148629,0.26871861708787437,0.06755145067341098,0.1831497206668618,-0.015774607169952465,0.4867230012428978,0.8967923024994935,-1.0229196034746852,1.0,0.23194153133246742,0.02815019529900886,-0.5058232940085468,0.23635679504091764
synthetic_cell_01231,0,3,7,2,21,0.7678989863079642,0.8156141789054031,0.21701743174082272,-0.1836498501666637,-0.4597602227188365,0.7257303172084504,1,1.1626604394859046,1.6102077464947613,0.2999581881445447,0.5664978652934745,1.2367807939281175,0.5558253120019928,0.8690723052982827,0.8595372088824039,-0.346887380204969,1.0,1.2178191128569071,1.1361153429538322,0.36114287488283525,1.2188463591322758
synthetic_cell_01232,0,10,6,1,14,0.24048282186781997,0.16784902164551949,0.04083276012765399,1.1327734218626841,0.27174786650661464,-0.5481422714945201,1,-0.2466402717399772,0.8642546970584712,0.0525870124587977,0.5657722657951416,-0.22127874394200042,-0.055793190182493596,0.14844016720992437,-0.2640984269983501,0.5349507728190217,1.0,0.09289406363677984,0.10003589196513546,1.6670947792209467,0.09778717089640446
synthetic_cell_01233,0,2,2,0,14,0.12425481009599983,0.15426006365083494,0.004127960720788944,-0.26251058012351364,0.516841223336973,1.251870502723321,1,1.157663695773956,0.3904215101163548,-0.4287370871233348,-0.21732115989043865,0.6562593236958288,-0.7662414325692646,0.46600170302124777,1.6485967032187367,-1.9236052910968173,1.0,0.9931406422357761,0.6733298185764596,-0.47093003185893606,0.9949400072706823
synthetic_cell_01234,0,10,3,2,14,0.2217717118969886,0.28425071390844703,0.015018411533990271,-0.013496568313641641,0.8083171807126075,-0.07656751583881638,1,-0.7611652198598773,0.11828984096705572,0.4591258365505366,-0.13239333581641005,-0.07277320790834717,0.23166663865207549,-0.1560265484452117,0.17693543323817829,0.09841361483149698,1.0,-0.15364574619070462,-0.06573310862948446,-0.6495164438192063,-0.14790539259005597
synthetic_cell_01235,0,2,1,2,21,0.17557268653102437,0.47644054883222176,0.15794716170280948,0.9319217420033099,0.6179332415974976,0.03614309232076607,0,-1.1249083542061926,-1.0922936915568717,-1.591596124750477,0.7180835081173322,-0.24458256943770418,-0.6217939322918128,0.240914036289417,-1.7762370209986362,1.1382814468068254,0.0,-0.8358646837337839,-1.6909317837484992,0.7580033126923621,-0.8378035860261897
synthetic_cell_01236,0,6,5,0,14,0.1854018354996432,0.118796648905516,0.014150201768343723,0.4527243958679843,-1.419663398775389,-0.13156686924866123,0,-0.5915070621342922,-0.3355297718960587,0.12519828630877372,1.1843697252844045,-0.4354576058237951,1.4073361522700465,0.5344788837260959,-1.263924222140462,1.6722624425883708,0.0,-0.7941253219664051,-0.7389266727904749,-0.4020080337915555,-0.7962076636553076
synthetic_cell_01237,0,5,1,2,14,0.20196708945439354,0.39036706369438146,0.01794719959843183,-0.16425677123185628,-0.8584831219652804,-1.6100379745375415,0,-1.3414177541521313,-0.4209096333998794,-1.6472232778160443,1.4551108997003346,-0.45797720536220776,1.2327844986806415,-1.3327450416181312,-2.3343522626614233,2.174506277689534,0.0,-1.8578110697733308,-1.7930443788876211,-0.7166573915623595,-1.856238002388707
synthetic_cell_01238,0,11,6,3,7,0.16952266198559574,-0.02937340152092298,0.014903654722658288,1.124981427856084,-0.33764372662669406,0.9842436448533582,0,-1.0240043889982569,-0.3224482871924285,-0.7806362477509818,0.7727660039571078,-0.8641958146879102,0.9831493259752224,0.32911695227240106,-0.734452350210443,0.3741086548676156,0.0,-1.0848398037677731,-1.0859359839819767,-1.0102880397099707,-1.0859230906542838
synthetic_cell_01239,0,1,3,3,14,0.5322171963063027,0.29023824195492015,-0.002668410903661475,0.516785751092592,-1.0771209614144663,0.17129556094471998,1,0.5920586595165416,1.4841064321772515,0.5164559959925458,-0.4666474699054064,1.4592427905025138,-0.37904755379245636,0.5539122095524798,0.7464294415526955,-0.9758790771692131,1.0,1.5005011124966992,1.2509546556239226,-1.2443881678459165,1.5005569079948655
synthetic_cell_01240,0,4,5,0,7,0.26587682358552733,0.1547670984221152,0.024345283210397348,-0.46162013122889595,-0.1202279718680653,1.8011625656127208,1,1.4241415250963145,1.8305108027854526,1.3370861706058308,-0.5430174584944455,1.6643436013804307,-0.4347626018779541,-0.014730515171377578,1.8770181816062783,-1.798102608471645,1.0,1.9421954064593738,2.0711710671454773,-0.872680913222791,1.9407332975076548
synthetic_cell_01241,0,0,0,0,21,0.3130557046371495,0.34533527053571705,-0.13506424140721826,-0.5138741836264289,0.3179296764547689,-0.04547124727885535,0,-0.3256420117483959,-0.6217448966874872,0.011697159565817183,-0.10543531185202476,-1.0088041830768537,0.37449955590303063,0.09832332718645748,-0.594074296643327,0.5295276445683924,0.0,-0.5757899754655755,-0.3201300417118208,0.15642360771791275,-0.5786226374519119
synthetic_cell_01242,0,0,5,2,14,0.4112999350675913,0.3849744114164844,-0.08106081923912087,1.6013424195966381,-0.6463078685389909,-0.33736149982033387,0,-0.9259108273980168,-0.7580419804379246,-0.8718858445213048,0.9591156769263983,-1.2858652732260287,0.6810527623513313,-1.4401747786418473,-1.5525909187129,1.6055191226187704,0.0,-1.7155508499081378,-1.3121805797861155,-0.3502841571889098,-1.7144666668576036
synthetic_cell_01243,0,8,4,2,14,0.40189046268005446,0.407170988699252,-0.07980914299182075,-0.08804344687090196,-0.3478670206883473,-0.1977057983675221,0,-0.0851696725246569,-1.526466280900596,-0.8807607751839317,1.2572707440592894,0.7361615728614321,-0.17528460912427074,-0.08219770895292344,-0.7681638900086268,0.8474979812172356,0.0,-0.5007019315601906,-1.3419104805969488,-0.4909350803558022,-0.5037926373508845
synthetic_cell_01244,0,3,1,1,7,0.10302947391916456,0.02207169979379897,0.08364573700224803,0.05838141575405889,-0.21263512560602732,-0.05001454034254571,0,-0.3171610547803538,0.2455420701207664,-0.6784169979131847,0.03242105729785244,0.24376609314108233,-0.023020352505889796,-0.9189612941659508,-0.5853208939301557,0.17799509408649214,0.0,-0.2608393093564763,-0.23675391463969991,1.0237356536235258,-0.2647543150002153
synthetic_cell_01245,0,5,3,0,7,0.22737568692748172,0.02878320331900122,0.08402268609480476,-0.17599626263298898,0.939969693552238,-0.31511837469305504,0,-0.09555646826628245,-0.1337550164255379,0.17281553863898463,0.6751186582462592,-0.1119008274070494,0.268864340951914,-0.6171682649614192,0.07690050004392339,-0.05012464045896464,0.0,-0.3649261959171957,-0.23448030992201924,-0.16965548845711076,-0.3684835017888417
synthetic_cell_01246,0,1,7,0,7,0.13214135964744794,0.06586933450633334,0.2123466321084188,-1.0909022955296546,0.5528593796869318,-0.20995198769675924,0,-0.8324956320375573,-0.9623636443710357,-1.3665333572260343,0.23187018701881096,0.5339653795323093,0.8481940694824412,0.6060603182919432,0.023192456813098877,-0.5830778704711528,0.0,-0.6563129226005826,-1.260080304443806,-0.7320059268516208,-0.6588688634668032
synthetic_cell_01247,0,0,3,0,14,0.4513069403495323,0.26154573269801185,0.10435200685891988,-0.7863838335210467,0.32281613011355625,-0.41087434352944835,0,-0.5848454137491067,-0.8101583189167993,0.9166422028378645,-0.24012854302800102,-0.28631282888620424,0.31486504324461195,0.006412912341986987,-0.3093132874039377,0.19221504519569024,0.0,-0.28102034569507395,-0.17473588542199042,-0.6496189956888404,-0.28486599820185743
synthetic_cell_01248,0,11,6,3,7,0.2828685519872437,0.12012167164908823,0.018830242716788154,0.12948588943518988,0.3115787582889856,0.5996644387960337,0,0.8825821903949271,-0.5901078518697095,0.18097530387335511,0.5811204594015038,0.8472329263773309,-0.781223771129269,-0.8077095292260451,-0.07110430394006102,0.33077105648425614,0.0,0.37294907195356763,0.06831377820486041,-0.4085433969629764,0.3668560209571361
synthetic_cell_01249,0,11,4,2,14,0.25560223284772243,0.3031924852976512,-0.08449346221757308,-1.1692205131031552,1.3321360083780833,0.4195622886053901,1,0.8853806700441227,0.04672109681928993,0.8223676610591919,0.17349501840987222,0.9581838000111154,-1.0054900293557503,-0.19296590809764758,0.5690430296900965,-0.5916724961941369,1.0,0.9879523128063876,0.6794826464593893,-0.7013679606373829,0.9897695077939012
synthetic_cell_01250,0,6,6,3,7,0.5931994704894911,0.346631349708484,-0.06972212928389157,0.20104692185689665,1.5389241284070898,-0.03936886205544027,0,-0.3004986088971138,-0.5984620594993959,-0.23062352015672738,1.355511573229276,0.18983868992206135,0.5134491637247028,-0.21645619720686543,-0.021531137820458828,0.2907327514995245,0.0,-0.6187210705361293,-0.8866579519904156,-1.0333430994337838,-0.621406197675091
synthetic_cell_01251,0,11,6,1,7,0.3891061396453925,0.2929317948912259,-0.05205578762635134,-0.179253687544706,1.6076039942404208,-0.9683709561716528,1,-0.1926337357900884,0.13248009321718232,0.033009431440847586,-0.16349017201847604,-0.42823871109675044,-0.5045132193361906,-0.4957397775700214,-0.42214366674552756,0.4237595134415652,1.0,-0.050776147063653694,0.07514023450890153,1.443395103256974,-0.04538930996617745
synthetic_cell_01252,0,11,1,1,21,0.5416626791689306,0.4293923838976172,0.10235478206331881,2.370714118907292,-0.7928406251772079,0.33236141515688955,1,0.5786800195679729,2.0193989160875594,1.1505745880198721,-0.1832640646188006,0.1904401440538326,0.2828641371552824,0.33774428852061134,0.334998279075396,0.06093174465315406,1.0,1.063445148524086,1.5704275537026107,1.6283168794923912,1.065002908620009
synthetic_cell_01253,0,8,6,3,14,0.2570637285215428,0.2169591583081552,0.05138159750493632,0.16703972976072992,0.3080598292328678,-0.8979840769270404,0,-0.6979067120561847,-0.5171169542487011,0.048360401538537934,0.5096064232370167,0.2346791836661829,0.07958000392488475,-0.35429493331640727,-0.12578523889377718,-0.49394811386476734,0.0,-0.40539461551128064,-0.652131704273833,-0.03862415832640477,-0.40881284964253667
synthetic_cell_01254,0,6,5,2,14,0.12451349663872484,0.2410729078749964,-0.06260742695155969,1.590917010102242,-0.44559920141915177,0.5085893273423492,1,0.9779779939125286,1.4261928097164396,0.6710261831505333,-1.3894146141521557,0.9956342541455068,-0.511314063138823,0.231365462714952,0.9312017576450866,-1.07006846167153,1.0,1.6083109716559243,1.7777532693853233,-0.12700506606859657,1.607996273201155
synthetic_cell_01255,0,8,5,0,7,0.5583736202882825,0.2757178912140409,0.024578300560788247,-0.38819631023131174,0.12796868989617402,-0.082718697979911,0,-0.3379116918480603,0.6795501526933991,0.48396753023966316,1.1943728359427417,-0.5721137163026715,0.05305887257678185,0.25845159611330426,-0.0655853516818769,-0.06790696698340748,0.0,-0.12749692570244858,-0.09546504393397427,-1.1212054862349476,-0.13187016909178062
synthetic_cell_01256,0,6,0,2,7,0.16469130059915438,0.36014842527186797,-0.17467417323837153,0.6490338824360322,-0.3426994410309514,1.0471901349963915,0,-0.15360841278807275,0.5814360514962437,1.0268698313420768,0.3193533363507288,0.4885959183083576,0.104694908026363,0.7126850213562673,0.19313018540597549,-0.19226622211607775,0.0,0.6019118713988585,0.4316529180558862,-0.47646227394675744,0.5950319783334063
synthetic_cell_01257,0,8,1,0,21,0.046728910223127154,0.1764287586404335,0.04615933761350313,-0.9439185271276029,-0.7791255429218317,-1.5541129861172571,0,-0.919110313759131,-1.3497516757782653,-0.7164393529481885,1.29596888256939,-0.4654037710135632,0.35183042155198907,-0.5760476228010889,-1.295604380298304,1.010748078654146,0.0,-1.3279431797475945,-1.6160945360949182,0.8078094037951281,-1.3281910297692288
synthetic_cell_01258,0,8,4,1,14,0.27305892431765216,0.2384570421108287,-0.041754323489091284,0.2737087236113553,0.5527772766454204,0.1756467356438689,1,0.9822829088349411,-0.740183399595048,0.12629554641819385,-0.4482938566946786,-0.5302178663231458,1.2736808070953314,-0.12117414766927125,0.1399242382679215,-0.8433107413118613,1.0,-0.2910127066155066,0.39403346229630676,1.3776687234070149,-0.28480028461065604
synthetic_cell_01259,0,10,7,1,14,0.6479673396728757,0.4140780288887178,0.1695546684329748,-0.8025814424763986,1.5443211044313139,-0.9558127017934516,1,1.2650723542216542,0.9416507112695423,0.750238604715272,0.5870721196754156,0.6054594568014753,0.7037259623984468,-0.1909075336185483,0.7660334179228515,-0.5821625170702388,1.0,0.6509609526092176,1.0514872051290463,0.9017561135251561,0.6539362351976081
synthetic_cell_01260,0,4,7,0,14,0.04797303319631483,0.043954228122468936,0.12733956624824413,-0.08085835347592803,-0.07363358059736021,0.5471232522917894,1,0.7542251900778832,0.15022604808645734,-0.8603290771154435,-0.2067653359262217,0.19829501286244153,0.30354722657827016,-0.47731922495551393,0.0707537572775509,-0.039659291539531065,1.0,0.04620477669447969,0.24451063207814677,0.1534700645535064,0.05125833401510893
synthetic_cell_01261,0,9,5,2,7,0.38886275844124557,0.2216417376767523,0.023616801830965373,0.12477423962769932,0.4861134748516504,0.16062952233076228,1,0.3292065965834072,0.20803370611921265,-0.48475887878608953,-0.2023803204959521,0.5780478823308619,0.3639187288029571,0.28155600310957973,0.7811645669696947,-0.4339842808092588,1.0,0.3017588470032504,0.19216165694492776,-1.0140664451537982,0.3059341800275503
synthetic_cell_01262,0,11,4,1,21,0.17174776915362963,0.2693384894870226,-0.06697765980565629,1.340289288213787,-0.4952881550852981,1.1410350636413567,1,-0.6655794030879469,0.7686866138130867,0.5035946664300023,0.597576959605181,0.35497537112316613,-0.2360572096999317,-0.1298206949500264,0.49897258641786185,-0.5432271327523261,1.0,0.18702516659390786,0.0032206865274040687,2.221530988934829,0.19159478762786863
synthetic_cell_01263,0,9,6,2,14,0.14222155143975582,0.3341515020470616,0.0774951031583134,0.8202019560865366,-0.9317502149115802,-0.3310416497784601,0,-0.488646862561932,-0.6891786304164527,-0.7487486558665568,0.6286413663632151,0.09021190850974414,0.8841118862539324,-0.649608089395634,-0.8203108212356132,0.36403983646442944,0.0,-0.9073790787654314,-0.9265367457647837,0.10950258055577891,-0.9090722182759015
synthetic_cell_01264,0,4,1,3,7,0.4524543620531603,0.2706149664280853,0.1634864399194369,1.445983493117955,0.6354335839729711,-0.3655047468251506,1,0.7601899794783772,0.6833374736600818,0.1587985868952822,0.6345764426244476,1.0915143459840966,-0.5163426560094235,-0.43964817431271447,0.4936716657204088,-0.06043566528573524,1.0,0.7447298516619331,0.5033495347895391,-0.508395569114491,0.747382892756425
synthetic_cell_01265,0,6,2,2,14,0.3717995191297557,0.3098588759351288,-0.0019417211578806118,-0.023553621726225354,0.49531272205468313,-1.5646156569946064,0,0.15049721742341277,0.45996102348195056,-0.2536694723252756,0.6390994307137432,-0.0278132880139198,0.11705663962168536,-0.18097477439018206,-0.049134529899463424,0.13651273564697342,0.0,-0.03630776662650127,-0.00579329344692516,-0.09674757217229693,-0.04099438610475871
synthetic_cell_01266,0,3,6,2,7,0.16299798816844482,0.3921468649637003,0.04421042253732786,1.0527752267300583,1.1765577703310564,0.3056962633535508,1,2.023386014416168,0.6669392296762389,0.33061910422230456,-0.15104832724639805,2.089385781177554,-1.6085017484847688,1.4809578697353545,1.7105166498378146,-1.5855740820504007,1.0,2.3963378646678946,1.4110782532727473,-0.0040749892854430895,2.3933150725295937
synthetic_cell_01267,0,4,5,3,7,0.49527873708688036,0.2850009870799625,0.03973904157817559,0.0803248692126371,-0.4125248703741601,-0.9275960175400377,0,-0.0498630706121653,0.34098845622054486,0.04781275854863744,0.37938560729263493,-0.2634014333718498,0.35229685334756033,0.9358191274873559,0.3272425216584524,-0.2261236444431536,0.0,0.1225549071651428,0.041813179054253226,-1.1960243091995844,0.11732234819261284
synthetic_cell_01268,0,10,4,3,21,0.20648890579942292,0.314131038156408,-0.09106730411819147,0.9489782711748485,0.1707968822064265,0.8285472154332312,1,1.3792374734772537,0.8141143423684105,0.4785924172152984,0.3815609338748136,0.16925300332522836,-0.6230034271368627,-0.5977794156560094,1.071700559270139,-0.7933184157773462,1.0,0.7677680101742594,1.0354809062820811,0.40596465586640007,0.7703418794890815
synthetic_cell_01269,0,2,5,0,7,0.4702858104784907,0.17698931835348825,-0.06021355472706695,-1.9209870549419448,0.5588009651237388,-0.5189773775107239,0,0.08183761844316834,0.03941181319783421,-0.2605905015911469,-0.4226600999675775,-0.6170965645659906,0.3484593804372086,0.09499396211047968,-0.1933117303453316,-0.36866381994839553,0.0,-0.15035260725995456,0.15888579599690264,-0.5226665466476352,-0.15464730596076445
synthetic_cell_01270,0,4,2,1,7,0.09244607468766078,0.062379142153658335,0.012640151177017262,1.0459271006212216,-0.4507080473134335,0.6348094566793776,1,0.9474600163932909,1.0447609679884322,0.8184062050552519,-1.4654827145554803,1.3218066008214568,-0.4370489045445208,0.09703179753660474,2.582422400305696,-3.1368165270824298,1.0,1.592062444105411,1.6831450205684013,1.5278154415284382,1.5918035845251988
synthetic_cell_01271,0,11,3,3,7,0.34705975735100597,0.221154337092222,-0.020792130628350988,-0.3596208767387798,-0.6566296449608215,0.34961543169575826,0,-0.6010568629891788,-0.892666203726552,-0.42670319228538706,1.9681253412139368,-0.8856330096778791,1.1981018704535886,-0.5047899299379305,-1.4257254361303762,1.1186138055837123,0.0,-1.5361923059043898,-1.4225982236122179,-0.7096101230515274,-1.5357244974273774
synthetic_cell_01272,0,8,6,3,7,0.2668870284358604,0.07005589914364944,-0.014456094791025787,0.2080068086610738,-1.049160504766089,0.4973240594876321,0,-0.574110596527409,-0.12662138535523848,-0.78940146888099,0.2889378105275947,-0.7110856942909637,0.7212663759563842,-0.7662856147445045,-0.6163553809665925,0.5653213730385697,0.0,-0.9704851504462915,-0.632467176249951,-0.5909252545932461,-0.9719614227969895
synthetic_cell_01273,0,1,3,2,21,0.36035245479511513,0.3653155099428979,0.00917061821625273,-0.9818069480401065,-0.7746257192893804,-0.027171703261613667,0,-0.5499359069328751,-1.6134796118159513,-1.17050984512476,0.2867649282130146,-0.6977038254877425,-0.19081554005118773,-0.17727010714501795,-1.45224634453028,1.527692952389127,0.0,-1.0084303784007784,-1.3490690221767188,-0.052287181944962235,-1.0097762500848813
synthetic_cell_01274,0,4,1,2,21,0.28421758309521583,0.49827892234843696,0.062383675637953655,-1.605535448519735,0.327136282070602,-1.478800852122116,0,-0.24610715042540798,-0.20865923662086727,0.10500384477595459,0.4885377247880007,-0.3688272133666175,0.7734277017536608,-1.6431607283547907,-0.7137490504988666,1.0340538290145946,0.0,-0.8886692947002618,-0.29178279028346316,0.1599141562222806,-0.8904267313159403
synthetic_cell_01275,0,0,3,3,14,0.5378967145791116,0.25089376157205245,0.04381271187506415,0.8952467001912598,-0.3861801392711878,-0.43475080064682076,1,1.6077664988485072,0.5618427549722624,-0.04289665528588005,0.46875534473287367,0.37811529231882757,0.32660570008612116,1.4431373119416993,0.9919099421656357,-0.4493568883698077,1.0,0.9718365622361209,0.8383588225269388,-1.4152798487892408,0.9737091398034826
synthetic_cell_01276,0,5,1,2,7,0.42804109014799663,0.4644186940545371,0.15168664826145628,0.08045014679814871,-0.8016835688386574,-1.0270712874186607,0,-0.27083609293076877,-0.08932738563960474,-0.8264304271969458,1.124701359554622,0.36457618368156347,-0.12356741392729628,-0.01009199720452339,-0.5592538299742259,0.8060474735312975,0.0,-0.266258417924608,-0.7799327618208247,-0.8427124019103589,-0.27015480053173
synthetic_cell_01277,0,1,3,1,14,0.12252513507640687,0.1936173540323764,0.09214847674209137,0.18028320408957071,0.17266504566253202,-0.44915724984035055,0,-1.044936829344719,-0.9546256703655184,-1.0274612488985317,0.2215762912870916,-1.5047042751922861,0.2694022654520645,0.5448773863834537,-1.1736947515655511,0.544252182730675,0.0,-1.1464867264591796,-1.2411463378402796,1.044702142871046,-1.1473581606241268
synthetic_cell_01278,0,10,1,2,7,0.09021911354897284,0.24445528345674322,0.15884898372003403,-0.41907685375755577,-1.6099696549800195,0.7273957405631867,1,-0.0007683414373456932,-0.46884885591877257,0.1592913547956349,1.0197048242860012,0.7413028985594058,-0.001792732922948681,0.3917730852753978,0.4829882499695027,-0.5582309669840888,1.0,0.11108052333181613,-0.45115459190910584,-0.030775682823773565,0.11591113191650634
synthetic_cell_01279,0,5,1,2,14,0.43627412263484533,0.4094017657496521,0.08893583728210169,0.7897868255583371,-0.4898941454572656,-0.6966388435772682,1,0.10016733989274007,0.8412576069558919,0.313979645648385,1.047897067361133,0.2568962667984179,-0.20313833705561746,0.11642732265398636,0.3981708212659565,-0.39097401440622226,1.0,0.3343323629444234,0.16864898823121968,-0.29549875966640204,0.33839575545812284
synthetic_cell_01280,0,2,3,1,14,0.2907758018613727,0.24790508832058789,-0.022091873215327948,0.666484947297193,0.6906764067859291,-0.47960078164389464,1,0.23893487168419358,-0.16020187363835725,1.138785525728891,0.1390158560187627,1.5369858063305666,-1.0454028452585284,0.277898369138104,0.9871041157422414,-0.6139970233917742,1.0,1.1241330229691688,0.4112649863012859,1.1360526471554813,1.1254822261606143
synthetic_cell_01281,0,6,0,1,21,0.35039315861976056,0.5205889063554043,-0.16308723893563482,0.9385267770926984,0.9047139296105045,-0.06693309043997267,1,0.29496833722102844,-0.727891102255687,-0.1484185773396552,-0.028937373257766186,-0.17744640189917235,-0.6849236053795532,-0.2500644025410601,-0.44695919795168615,0.3644663246165635,1.0,0.004945252888295183,-0.1547706770102441,1.9780917761124623,0.01014060061835827
synthetic_cell_01282,0,10,6,0,21,0.35133239530724497,0.2687772832757549,-0.012238853589581765,-1.0548276827033574,-0.3494731793992658,-0.022429198849222176,0,-0.8479408400941542,-0.31015870452348404,-0.24578745538941857,-0.11995944502333278,-0.5052553459534221,1.2679381357524329,-0.4778366437656864,-0.7107564627498351,0.5688518469850864,0.0,-0.9334000296588368,-0.5142254470441883,0.003898567555344346,-0.9350037468749932
synthetic_cell_01283,0,6,6,1,7,0.5042131360636628,0.3556314482965104,0.02037487919498108,0.25254843058554577,0.38053918567778666,-0.6660551655916429,0,0.2063431080585178,-0.6429298972399335,0.16570981293351084,1.0129409958974391,0.214159681976766,0.6244753928000577,-0.2547907921474681,-0.6631922519121402,1.0382729293824373,0.0,-0.37455835092596196,-0.42156345335365597,0.7546188969041182,-0.3780825554169706
synthetic_cell_01284,0,7,5,0,21,0.5703013085317475,0.38693183104026824,-0.013867548132294075,0.01711716755921111,0.7323279688756449,-0.06252056681645443,1,1.3341063671752385,-0.1179519646137201,0.2664492037763539,0.08769118795272886,0.831675339559711,-0.04743575936782221,0.7778970847934594,1.017240872845717,-1.031987718918947,1.0,0.9257401005770177,0.6689133633957768,0.025279226031120098,0.9277710909317591
synthetic_cell_01285,0,7,7,1,14,0.05257229380392801,-0.08254965906715526,0.2100063274798395,0.7585221679608374,0.4338756183097849,-0.46825667029160545,0,-1.4591468120414226,0.39632223627503715,-0.19305520935042259,0.2287486803740133,-0.44839929275867274,1.092286185077717,-0.29704950204432684,-0.6081744503331049,0.37799694938687545,0.0,-0.874324581018567,-0.6142941707256095,0.7859033881057267,-0.8761313139575791
synthetic_cell_01286,0,7,1,0,14,0.6351322408894667,0.21790107632008676,0.20021221746282009,-0.8142427091269743,0.6776829657857109,-1.889468584433577,0,-0.8458407971446907,-1.4472624561971856,-1.5769310686868956,1.2245065616737458,-1.3502913986536742,0.09844291669949679,-0.6602192063549555,-2.0624026623114986,1.7133237152832674,0.0,-1.7125422588597243,-1.8775124720045937,-0.7551955507765675,-1.7114684149822397
synthetic_cell_01287,0,7,0,1,21,0.1717588595789129,0.19927778553231748,-0.24462225830424328,-0.9774443246370061,-1.1889138177503504,1.2140290388560102,1,1.991753737594685,0.7775292910747996,0.8185336335659461,0.10591245556291307,1.165957611094628,-0.28878770451687585,0.9225682266815598,1.5586938370097496,-1.7201156941260165,1.0,1.660642621626427,1.5110194268812633,2.4428024692037575,1.6601480828489599
synthetic_cell_01288,0,11,4,3,14,0.37826585979230637,0.15828318752166012,-0.12752662271003043,1.0581438799852527,-0.9483704340607968,-0.927405234930142,0,0.23314047850535474,0.3021355260381034,-0.09404172399180163,-0.030307902925919117,-1.1585217454457566,0.2665989039522172,0.277529909198592,0.15300421311568502,-0.04999096001534866,0.0,-0.1804512265061353,0.2534278297728736,-0.9474958158689032,-0.1846424898021558
synthetic_cell_01289,0,6,7,0,14,0.32819905268391997,0.2404157677525715,0.284809895286104,-0.4895516150702474,-0.5330948857567839,0.15978133560103125,0,-0.30762375102961015,-0.5633069747273147,0.2530178105073223,0.9521464821414674,-0.46399813341234797,0.05486166187228325,0.025030901682591866,-0.39046113917564806,0.6667857995450868,0.0,-0.46168918759612004,-0.5775347792885323,-0.6801185528082374,-0.46491396262536827
synthetic_cell_01290,0,5,7,1,21,0.24416989427097832,0.4437498128753694,0.19804474630854974,-0.729515961807047,0.6129038629815994,-0.23330016062972425,1,-0.24166834968498002,0.08766661960047936,0.42727401763036243,-0.5466610167926457,0.481735261693334,-0.12978140275526068,0.15485443348812739,0.22260551598599013,0.2283232740564332,1.0,0.41632013678519225,0.2961845390018394,2.766201398175273,0.42010177422881223
synthetic_cell_01291,0,3,5,0,14,0.3138941211473666,0.26972918740469193,-0.03728937445725625,0.058259111428072496,-0.7306236658315503,-0.5406789134625882,1,2.0091852035114486,0.6398908637700592,1.3341744426618487,-0.2793554488693496,1.1167517952924886,-0.22925520730726545,0.7205916376361022,1.7465952966526979,-1.7249054430066295,1.0,1.7171586697515535,1.7654208159374603,-0.6496998378799216,1.7164699107586305
synthetic_cell_01292,0,6,7,1,14,0.026491649719414426,-0.15547254598643384,0.13206323696996444,-0.325355352882188,0.5501610906231281,0.31475977895046836,0,-0.5261015923380257,-0.8270317954473811,-0.42312603969712026,0.17774591420319802,-0.44740702211835004,0.7391403216403167,-0.4082385043715606,-0.4736359629669212,0.41098030183138473,0.0,-0.8760623009744389,-0.7367487296597695,1.4056587651176895,-0.8778630621522359
synthetic_cell_01293,0,2,2,1,21,0.08445491485498141,0.1158333921321808,0.1490679180031297,1.0208443160848724,-1.435556822493421,0.5369007328453282,1,-0.5284849646670644,-0.470971997898241,-0.8446433787723218,0.03852684686710994,-0.4453349737017446,0.5309384267811406,-0.24123407159029553,-0.6139028337047792,-0.21440152309703572,1.0,-0.7397850298710769,-0.6821262748260849,2.2710298662849837,-0.7320303794159926
synthetic_cell_01294,0,10,0,1,14,0.19998586734049767,0.24508605504211733,-0.16098629728130254,-0.10303549020543956,-0.24544242903413538,-0.7589686314861979,1,-0.15070227749467013,0.16233896443384482,-0.6060243989372889,1.073945010353825,-0.31578616472864074,0.6616136563754806,0.5325099739605883,-0.1967116625593064,-0.35571365825860857,1.0,-0.41116686006992154,-0.5324897292545809,2.0512259713963616,-0.4045415223297002
synthetic_cell_01295,0,5,0,0,14,0.17367447688203724,0.1850530470337975,-0.190004473225124,-0.7632676714465074,-1.825479541856674,0.1765414107918871,1,-0.12086912249958626,0.7969916897809635,0.783613952309316,0.066214283844786,0.8832086263042656,-0.442837462542088,0.27289045538217516,0.9384819410463401,-1.2662388470878383,1.0,0.8326453360967734,0.54322244286067,-0.9798617933242902,0.8349962512483643
synthetic_cell_01296,0,2,0,3,7,0.4593666792935382,0.2084810286458615,-0.08680782155610396,2.3430760285808265,0.6329757582022003,0.14502054987037916,1,-0.3705372352961117,-0.7593410350290623,-0.594714328658318,0.5532520354565591,0.10366817744999755,0.03347109149418413,0.6052518828940443,0.35185699398153236,-0.8475967432247373,1.0,-0.287695445338837,-0.8238931805051549,-0.5779876151453457,-0.2814944232676558
synthetic_cell_01297,0,3,1,3,21,0.34595815081768877,0.29263477152276135,0.1485192411208933,-0.00019089473957401015,1.0587848645858637,-0.11898756058127734,1,0.6438225640593365,0.41456360655542734,0.677740358341778,-0.4473464860988799,0.2883044480700343,0.3515236977552344,-0.05382747941710156,0.7899074761391177,-1.2151093090199778,1.0,0.5426487622646775,0.886117583886595,0.5110197265242659,0.5459962650921519
synthetic_cell_01298,0,9,7,0,14,0.08231537747801924,0.1745621979720427,0.16711868751544007,-0.08458844571307697,0.7499582600202432,-0.626452497124132,0,-0.10868249119258705,0.08943728634249226,0.3987554342167422,-0.11449677534120634,0.4736504909272925,0.5827803184781977,0.6971950660509242,0.333398695416662,-0.8604847527956622,0.0,0.30667076089475,0.19872295370429882,-1.1417463400568892,0.3008054786167787
synthetic_cell_01299,0,3,2,3,14,0.18902043974011357,0.14249596106712212,-0.014133308777551947,-1.0831311950348064,-0.05766135350477637,-1.3274616686294716,0,-1.1093577602165259,-1.1353309163401677,-1.422902215890213,0.12467042861383709,-0.9414611753638253,0.6068040448122187,-0.5022255371310769,-1.0696954339308238,1.271564745597867,0.0,-1.4514062358741573,-1.4396233885002157,-0.3218008689553758,-1.4512297989515126
synthetic_cell_01300,0,0,3,2,14,0.11921172847133764,0.310173189750978,0.11400672259930976,-0.8363473700843334,0.9082824212495197,-0.0373331096199182,1,0.31028541412755006,0.5646069938674015,1.1273104015923134,0.14246171121519452,0.9781871148612349,-0.5646116281698154,0.10151438341243674,1.0555003006419947,-0.44092368544328003,1.0,0.9727587233113871,0.7339304538409357,-0.5480805589777618,0.9746281318262643
synthetic_cell_01301,0,3,2,0,14,0.197584671537476,0.04649462649074206,0.05027183391514084,1.4815285227218964,0.6147833728850497,0.6627141479917102,1,1.7849215409658663,1.5819582640727534,1.0299791752561123,-1.4525636444080179,0.7214170312180169,-0.16392391013784458,1.2019978075844924,1.9999949575840166,-1.9438602910024028,1.0,2.0288539613477976,2.353704688814782,-0.425455152300457,2.0270940459541937
synthetic_cell_01302,0,2,7,3,21,0.6608078570941969,0.5908123866635085,0.19898439106856636,1.2539894990831726,0.021408999806923457,-0.4924242867441472,1,0.15436443337529077,-0.005283070403368381,0.08392072613059456,0.5582528388995149,0.41643544617734896,-0.4911468059747859,-0.2768175561847709,0.31201251516429473,0.2911167078360143,1.0,0.21100864277252224,-0.05485593985710482,0.16351916740445543,0.21549584339554984
synthetic_cell_01303,0,7,4,1,14,0.43847882405336547,0.3768926904611579,-0.08790720583865633,0.7782275985833428,0.8690965718059676,-0.3568545907712176,0,-0.7950232659533201,-1.291735073691844,-0.1868628561076821,0.5844139346164124,-0.47164584359616535,-0.1376858759412426,-1.435642439298555,-1.0323756895012715,0.7113086686781719,0.0,-1.1267387821930541,-1.1146570231331192,0.9803807095539935,-1.1276780811524696
synthetic_cell_01304,0,4,0,0,14,0.20400845771621956,0.12800210866146705,-0.118139294386648,-0.6914777806171288,0.13399330568892412,-1.6923413350109844,1,0.7396033231204175,0.5819320195633885,-1.0482363175385527,0.41673138260076065,0.66982261877638,-0.27655316304992844,0.018465193987787093,0.7991673194862019,-1.1029749743011745,1.0,0.4375200108442296,0.1348538128414516,-0.9603224265898573,0.4412287938643013
synthetic_cell_01305,0,1,2,0,7,0.14248686795630744,0.1697954382569094,0.07812502163957635,0.7275240497217463,1.3090238125596247,0.00683932801704059,1,0.37035661396920727,1.212990062206948,1.297556401013721,-0.654036291211817,0.4578665110219704,-0.15609650620941393,1.2654551315266442,0.45246754003027506,-0.36561299666037217,1.0,1.352281458785754,1.3580622930427568,-0.817879700713706,1.3528466185093666
synthetic_cell_01306,0,2,1,1,14,0.2608291909202573,-0.02283285351489983,0.09167283424828035,-0.16860323560179175,0.2756709792945252,0.01026254312249314,0,-1.318316486546775,-1.7073954694130764,-1.165937975035699,0.7090400643749851,0.105201515101636,0.6743905092441164,-0.1485586218799909,-0.9336232002162582,0.5512175181335901,0.0,-1.3172491218958937,-1.8885169131036192,1.372553354700628,-1.3175337225801975
synthetic_cell_01307,0,5,0,3,14,0.22146672860987462,0.19672907215570495,-0.20788356546824627,-1.3022678345565393,-0.09415763085998995,-0.6190680129213934,1,0.8162784501863288,-1.0006649477645562,1.3916991214326795,0.09120254893744681,0.7454539870714001,-0.6126008343896147,0.5365213587390367,1.2256488147941023,-1.2396918586850292,1.0,0.83183101371753,0.43611523915098865,-0.3476619521861272,0.8341847273285531
synthetic_cell_01308,0,10,2,0,14,0.42649084781882823,0.32906352368392655,-0.0033774573187250884,-1.0126344443521365,0.23013940436163713,-0.13053766098548478,0,0.07249854314759685,-0.5445381644434483,0.10822828204449925,1.7692859657930027,0.22649144177275715,0.002687917203819279,-0.0513036122646231,-0.8741474205015344,0.4957190093549168,0.0,-0.31021391735308995,-0.7256038412399389,-0.6837475560364473,-0.3139592446962174
synthetic_cell_01309,0,2,1,0,7,0.3907917396101308,0.23282423452157316,0.15835656045013172,1.1885723003755582,-0.3367871881186032,-0.13989509193630903,1,1.4358303679953544,-0.16915009019344507,1.1279705091661594,-0.07200065495691405,0.8228442063532088,-0.5002593106974871,0.08251094823928506,1.7265863784266682,-2.1282426891494977,1.0,1.0848848098746864,1.0317256873166936,-0.4810665230450413,1.0863688915060856
synthetic_cell_01310,0,11,7,2,7,0.23276656366891008,0.28510493972033785,0.2801112761921505,0.12906480257961356,0.04879417731603233,-0.36601261376896455,0,0.05914726997283634,-0.3635727754683785,-0.5240879575030439,0.7558894931156238,-0.179467890317969,0.1873371880802799,-0.2267554822477807,-0.3428241047881334,0.9026672824078669,0.0,-0.42630527362630083,-0.5116210257807565,-0.995185849186296,-0.42965164723901117
synthetic_cell_01311,0,2,3,2,21,0.3900768140170462,0.6400223564282372,0.16691780131185524,-0.05748049069638714,-0.6347363695602333,-0.5930156782837838,0,-1.7918809940441403,-1.2293069640234011,-1.565298104761359,2.14006275445794,-0.792587646331779,0.8337148140577535,-0.7155602925406043,-2.1817605901766,2.0720146755298128,0.0,-2.1457682654423267,-2.5418966596003423,0.49832336146859413,-2.143205618806495
synthetic_cell_01312,0,1,4,0,14,0.5012321781047453,0.32106221834363236,-0.16480812007184376,0.31325813442742895,0.618072278569561,-0.4297718283378208,0,0.21011672615559662,0.32853162616515463,-1.009671444223986,0.21742917155580593,-1.3957630965670305,0.34275797118549356,-0.3022421956645721,-1.0348179230606849,1.1950608021388174,0.0,-0.6444664513245979,-0.13132220911140502,-1.0676635719084981,-0.6470631031796428
synthetic_cell_01313,0,1,3,3,7,0.8194127869845418,0.3658207142656439,0.12853733907835196,-0.34715373221703566,0.28536225682798466,0.3197912114122645,0,-0.15366122772124285,-0.6606608281592825,-0.18822852481095617,0.17279015546955312,0.48719591750037144,0.5628039273888082,0.11860966816166578,-0.24097034150222063,0.20494312124813321,0.0,-0.20056074802330573,-0.41837301096968843,-1.0457775392604642,-0.20468290394661803
synthetic_cell_01314,0,5,3,3,14,0.3938156780033101,0.3004619131906973,0.11581483256717484,-0.9511800178602152,0.7338694809747477,1.3724784352337607,1,0.4762850150320762,0.021838261308601573,1.258224420366487,0.008952018952749163,-0.5921305700761255,-0.016465967927997798,0.7838072652449146,0.441121141001374,-0.5948571141939079,1.0,0.4572778159862196,0.6793685766925244,-0.7498478085421474,0.46091870032443166
synthetic_cell_01315,0,8,7,0,21,0.2577692974185512,0.198590039855795,0.19904020688591115,-1.190107695902793,0.25879058895949564,-0.49079277014827477,0,-0.7892990305538781,0.29222052160559653,-1.0002894595845762,0.21285184410635533,-1.326565097888047,0.8747992346095351,-0.31550223478599215,-1.0532210712073549,0.9370032587181328,0.0,-1.0759647397247514,-0.6041543835075349,0.5047938813243124,-1.0770785262110714
synthetic_cell_01316,0,3,5,3,14,0.23685834790753008,0.09798344230679817,-0.04422727094787038,-0.14598386091410803,0.3404755474147844,0.140711667638512,1,0.7291890697110166,1.4737509057375722,0.783786555045447,0.37491464280505676,0.8183556021843508,-0.3814571946054677,0.34937628030833323,0.6508100888554008,-1.0210049420812843,1.0,1.181421347348311,1.1044267168321962,-0.13756317808478116,1.1825736763584729
synthetic_cell_01317,0,3,3,3,14,0.29318712008946884,0.18446534798729064,0.13940572007243512,0.8741497602056709,-1.2346701790108503,-0.1912045118790709,0,-0.9291369737126718,-0.2613778527661659,-1.6447923650835978,-0.05272545218226343,-0.7250665152403558,-0.27309715257699496,-0.24647490697529978,-1.1750707307504686,1.070793222892553,0.0,-0.8059113198149729,-1.0115912117624872,-0.5477066495415457,-0.8079531583349977
synthetic_cell_01318,0,10,1,1,7,0.06101996308873341,-0.045170619580394644,0.22085850561325845,-0.9818643101453336,-0.5860113970043994,-0.4206214583310478,1,1.1899250182154417,1.9143634681167931,0.5790483261743058,-1.1650356370104566,0.24860348279125366,-0.7960911874746518,0.962945443572514,1.785737249589775,-1.663488239392783,1.0,1.7659794455619258,1.966175466856038,1.9861655341176,1.7651229115402955
synthetic_cell_01319,0,1,2,2,7,0.44134394795677195,0.45272650454737606,0.013323563673948068,0.6108014499436546,-0.6962255745714101,-0.6948098155298754,0,-0.27157358703810747,-0.03826241793725993,-1.1385919138918794,0.2523659829516976,-0.5040970135413378,0.3571199543202582,-0.10110605960910832,-1.1667073794217895,1.6949551532060114,0.0,-0.5835890625305716,-0.5576154279301023,-1.045331121163583,-0.5863949225655973
synthetic_cell_01320,0,9,3,0,14,0.2848748862419772,-0.06044174356215545,0.06793603828789607,0.7224611941990475,-0.4320689077374885,0.05302138813086377,1,1.403697596157094,0.908766845167317,1.0864724016496226,-0.40206060752553563,1.3071660075359075,-1.2071255605023528,0.9362975776229423,2.2433980258539976,-2.5365942482695063,1.0,1.970142816647398,1.5563033232187313,-1.0039706158241666,1.968584665028008
synthetic_cell_01321,0,4,4,2,21,0.13144932889148647,0.4740407991202847,-0.14344435965806465,0.09020831473980745,-0.44503889425875803,-0.013486453371348475,0,-0.5380986394966525,0.6633612600602742,0.35151071748463725,-0.44934905641142564,-0.050744881372178634,-0.39930480509924615,0.20049848615348875,-0.25765549119509745,-0.19105745166870985,0.0,0.36271026627512293,0.33432432478931484,0.9217893636950988,0.35665240144458316
synthetic_cell_01322,0,3,4,3,14,0.42013013236946045,0.10908383087989765,-0.10956221963714599,0.4970784264128467,0.947821291934676,-0.584158423488369,1,1.758936066021742,0.6737012551925228,-0.27793613441753173,-0.6768395036511984,0.06945700702580138,-0.3194227807157948,0.9419713997742594,1.0592651280281464,-0.8937514665177421,1.0,1.1672773914566548,1.2759970255007227,-0.2360386145128104,1.1684783268760013
synthetic_cell_01323,0,4,2,1,14,0.36983501699519505,0.15909516783499425,-0.052544950674580565,0.9421427126589168,-0.005169809110262158,-0.9255550106142494,1,0.19763715360760647,1.5998641293124,0.7053461671817068,-0.38616556248289446,0.31181788542974975,-0.1327936991987818,-0.6106918438919097,0.8086808228186981,-0.7148614930242873,1.0,0.7100102513698556,1.1489582882170177,1.4701326558938526,0.7127826081007548
synthetic_cell_01324,0,4,4,2,21,0.57071825155043,0.6957876440599587,0.012181367866504388,-1.222940347447622,1.0228162386571928,-0.28080769283592033,0,-0.6332437852784357,-0.8584396517414461,-0.6211151717041741,0.047733102188045384,-0.3806876423699699,0.9082934760835816,0.011999980069402616,-1.4955193658966686,1.2612769538664714,0.0,-0.8495392114468641,-0.8184178658535812,-0.1962972293613938,-0.8514311205434113
synthetic_cell_01325,0,8,3,0,14,0.4955793724367776,0.3466581767288775,0.06320586039885612,1.0094824903267263,-1.2323105219761694,-2.1567069269878543,0,7.86070973751718e-05,0.6970582547003009,0.6564815167988025,1.2386894762344711,0.2894587330860317,0.6282786889046136,0.01763394311603767,0.10558347856767454,0.17082878888792355,0.0,0.051549506332936645,0.10896466450658722,-1.4297434583425344,0.046560960958413944
synthetic_cell_01326,0,8,5,0,7,0.2630888254880875,0.0004818637730334696,-0.11797259168236363,0.6207972054961075,-1.2204358237645259,0.0153818890199654,0,-1.1532948285167741,-1.139120110552897,-1.2567521423191514,0.531096067995837,-0.39331139929449227,0.5070312406698938,-0.4568863536984824,-0.8661399989303294,1.091155906206314,0.0,-1.2962571334883568,-1.5488209631359169,-0.20144331414880765,-1.296613874186809
synthetic_cell_01327,0,11,2,0,21,0.3426548427649887,0.2837745287040288,0.0832388707284768,0.6022528895253791,-0.5437255455894502,0.14150730584758178,0,-0.14751521077911942,-0.5567257971672253,-1.1874726627160952,1.4308515986096384,-0.3274415189196475,0.1774956891088087,0.1321322931077717,-0.6068199904604166,1.4459148900531538,0.0,-0.7412565457825693,-1.1371050094408823,-0.16753243034856216,-0.7435205736551658
synthetic_cell_01328,0,6,0,0,7,0.4598329674937172,0.20429174853415913,-0.165740885992822,-0.10780316667040826,-0.3136744351917808,-0.0028234965087620967,0,0.3280842249001503,-0.4017565897595635,0.42097881048068375,0.19671419781862798,0.31084190535343137,-0.5567101359138011,0.8001422966249698,0.28158789578848337,-0.1830813831608681,0.0,0.5496605239725492,0.10021896736321936,-1.2542289837381402,0.5429601952661005
synthetic_cell_01329,0,10,0,3,7,0.21069245861555522,-0.06589732820463107,-0.14742726342177234,0.14884280122519433,-1.1405941849716346,1.0789896553599134,1,1.6416310146050686,1.4294706993825292,0.3764567799263747,0.8266330189602581,1.621193777970815,-0.8231049888268642,0.27578763530329337,1.6202718640843876,-1.8614753799833963,1.0,1.6355961975088888,1.2188051209814659,-0.44134841109725903,1.6351877320159116
synthetic_cell_01330,0,1,2,0,7,0.24642262752174673,0.22887954888138382,0.030873948313968624,-0.48360984522007444,1.1815609179485203,0.5228228542144326,0,0.09787358330011064,-0.7817200377732196,-0.5438852429718765,-0.48361529557161176,-0.316245121401388,0.4679918707768238,-1.2049162877641204,-0.3055140263243365,0.3872312995590384,0.0,-0.6663591145376258,-0.23856459771079497,-0.779828687348804,-0.6688805311646744
synthetic_cell_01331,0,7,4,2,14,0.5366745991498096,0.47617868990386847,0.020833183636727225,0.24353402634799615,1.2450168010839984,-0.7564656918183766,0,-0.6879066050053504,-0.23060816786143606,-0.5709948566313359,0.11487054478098502,-0.17481516462061022,-0.13290063064974023,0.14414477128565456,-0.5546340598106082,-0.04982059472793369,0.0,-0.3187451626537396,-0.5955977102967277,-1.134665276538542,-0.32246117194729756
synthetic_cell_01332,0,7,3,1,7,0.3166718630401906,0.1410488451153211,0.16590119965696026,-0.40249282622788685,0.6669022812313311,0.38998445001322357,0,-0.36240106070499334,0.21099429022660737,-0.07245484157912757,0.46170663907162135,-0.28802524002663216,0.5587333803029673,0.5627899441103251,-0.5205328169597748,0.19551576517748726,0.0,-0.20092017773474974,-0.22359909608919523,1.1637299056049084,-0.20504109845994903
synthetic_cell_01333,0,3,5,2,14,0.07354415185342844,0.2715516035415395,-0.024335518528603346,-1.3572426004926563,-0.9394949372331609,-1.1152002653498385,0,-1.2286357660123908,-1.4665393881100885,-1.3703699937517977,0.5639816028156454,-1.086423167125464,1.153471683316827,-0.7257272735559881,-2.340561597859047,1.9990505419762787,0.0,-1.8970789273300934,-1.7652686826593544,-0.6562717404457133,-1.8953709139963424
synthetic_cell_01334,0,9,5,2,14,0.16303238531405342,0.3352694281114834,-0.07206966071462176,-0.6324654557262752,0.05196413284404902,0.6325262079906593,1,2.5285571157202966,1.7485476126186716,1.9273098544142369,-0.642648061397834,1.0243724519594508,-0.5737885411491105,0.6789356073702353,2.3344774425263255,-2.1393180366991498,1.0,2.3911514157319145,2.776349439881023,-0.8598086922183279,2.3881464470838116
synthetic_cell_01335,0,6,6,2,21,0.2546489558805161,0.3952575469654614,0.02891852098711084,0.35640784706846107,0.6059885239031293,0.4997876785641854,1,1.2016599223062299,0.12000510695841016,1.149576969832921,-0.1574969988766044,0.6194479702590601,0.16321544304753183,0.02714844304481906,0.5282261755538331,-0.5041591032445609,1.0,0.8463176234425603,1.0776318752779956,0.0806035135550713,0.8486215530974266
synthetic_cell_01336,0,9,1,3,21,0.4455467771463413,0.4837489525861772,0.10671159983629304,-0.45166743156066896,0.18975716420281674,-0.9055460296754965,0,-0.5501691933035162,-0.6703676044189292,-0.6927642875823443,1.001081710334529,-0.20070258261096036,0.7255856122925097,0.8361316148854654,-0.5938820062026442,0.39650778994521874,0.0,-0.6499563140685376,-1.0587826299239884,-0.0389838018106642,-0.6525340997367147
synthetic_cell_01337,0,6,5,3,14,0.2094277023967477,0.009098156380217798,-0.010247030417772938,0.570573829121529,0.15076886525541836,-0.22113838303742525,0,0.24137615801355614,-0.025894939663993963,-0.0346251683477542,0.4325543429043156,0.05280955801761486,0.06339762715597652,-0.1116348014383052,0.08993155585955374,-0.00020347330237587376,0.0,0.004190109537549928,-0.01784150411929966,-0.6203864433856612,-0.0006356829100679005
synthetic_cell_01338,0,3,5,1,14,0.4012710682013547,0.2831400637819203,0.008886247695230776,-0.7716702248970356,-1.3021037187736642,-1.1338358310416046,0,-0.800667829615034,-0.18377978504821485,-0.2697823966392643,-1.3600319615289496,0.6357517087209683,0.3220151664778629,-0.42413562969119833,-0.440541855292034,0.22224935395479303,0.0,-0.025941918677616225,-0.017080508860389386,1.0704109564933049,-0.030664160908858065
synthetic_cell_01339,0,7,1,2,7,0.24138181054873653,0.34714989677825686,0.09068184393158885,0.1699789938814651,-0.2950104016071001,-0.7271275276845218,1,0.6019967023242475,0.5713606569400651,0.5369954350662723,0.18993339975271195,0.1455288320617833,0.01162332738557883,-0.34544558280815585,0.32936389169155333,-0.1297659094221465,1.0,0.4021326594004179,0.6627190967901717,-0.35102545748384656,0.4059630528170024
synthetic_cell_01340,0,4,5,3,14,0.365946155345101,0.17327921946147434,0.00996603484752813,1.604530370801832,0.7255176650239922,-1.7742093283152305,0,0.6469728046985621,-0.9012841432163665,-0.3293028316128689,-0.21460582974793352,-0.30952180050448524,-0.49914285252368984,-0.5309159680585716,-0.022521202876190003,-0.4917629776767597,0.0,-0.10066372230454398,-0.05660675759651186,-0.7681638575644045,-0.1051291793343941
synthetic_cell_01341,0,7,7,2,14,0.5280351061936209,0.5860963841810072,0.20239659405599827,-0.7465004817344696,0.2775122465262733,-0.5095468240861263,0,0.031662781596218215,0.4569180779484104,-1.052687722742154,-0.2924705865620968,-0.15032228152193056,-0.37974114779111967,-0.6307116146530738,-0.10567291004894604,0.3035717342659758,0.0,-0.06743429793818988,0.0017219571208018118,-0.6114660943804524,-0.07201394954062616
synthetic_cell_01342,0,8,2,1,7,0.23375505596475307,0.09024554322031653,0.0610067540777863,0.2241230763291156,1.0212377374141104,-0.8709204319752902,0,-0.4792418385625433,-1.39784050561737,-0.6203053982233347,1.8568703180933919,-0.13989505654078388,0.10610109680526897,-0.774462319359366,-0.8867162618396585,0.9788632151085465,0.0,-1.1744401485682183,-1.5959052863406968,1.9162367199700712,-1.1752155194052285
synthetic_cell_01343,0,4,0,0,7,0.19453213725577634,0.031740698863635244,-0.1438029292171084,-0.9342067303367083,-0.9286363015861355,0.17681585692897173,0,-1.0431258979702474,-0.7954814174834544,-0.5578826661875719,0.6639291556565023,-0.2880211262596654,-0.4898234429421229,-1.1990916462652121,-1.088754355606498,0.9633051844500343,0.0,-0.9426651566588476,-1.1765095416227345,-1.1337024874421777,-0.9442370338044072
synthetic_cell_01344,0,8,4,1,7,0.3548254433493047,0.16737846312285462,-0.08185770855881722,0.9911215017919284,0.2682017929602458,0.15334961647121884,1,0.2889040898885702,0.6398690397017116,0.7088049299393011,-0.20345652140985598,0.03641561801989429,-0.677144002448833,0.15340138238896708,0.32569203563112137,-0.6576024515983236,1.0,0.7169304529966958,0.7385795642727521,0.7400418341468578,0.7196790281098854
synthetic_cell_01345,0,10,5,0,14,0.23029368792938004,0.16016299300384573,-0.02799436100324697,0.3436059999421225,0.7872317501105792,0.2823140374516532,1,0.4538078043442057,0.19996822102837075,0.04313416591634239,0.39833627194002597,1.0542908305176575,-0.1292274401313943,0.1867474768833333,0.44553513530082955,-0.32803946662089956,1.0,0.5907836935881446,0.20957633273172002,-0.6837202990313979,0.5939657783256653
synthetic_cell_01346,0,5,4,1,7,0.6735105409080683,0.24037058178550916,-0.11122711128535306,0.5442389824214172,-1.089547048033505,-0.5278203074957954,1,0.42186490635414353,0.33500848913880044,0.2202952593364279,-0.3687404151568941,0.07750048694582701,-0.8760611572461374,0.6696816661041491,1.0182585151728183,-0.9073339174118287,1.0,0.8141069222095245,0.5744887315365131,0.4945958280995233,0.8165215455441684
synthetic_cell_01347,0,1,7,0,14,0.25568581957470526,0.34447078440745194,0.19778875273330937,0.11937818467096281,0.12573950435093123,0.32353512942396,1,1.5606275298705237,0.3874494421876881,0.6891878593089058,-0.10609726104096036,0.35968902962885974,-0.31913393630959896,0.36594339125044595,0.473637830521799,-0.18234497135820585,1.0,1.0614315456648078,1.1845071341865647,-0.5111159494582882,1.0629962256072902
synthetic_cell_01348,0,9,2,1,14,0.39431093889506064,0.23991918964223158,-0.07243681627228094,-0.2676625976402194,-1.5060726526130535,0.25939158335209506,0,0.06493793957224425,-1.1880964031441847,-0.44832238432914506,1.476636628238511,-1.0851341065479776,0.7747171136852311,-0.6467446064171667,-0.5470026205815419,0.8442789900340686,0.0,-1.3095457409386264,-1.0702528284307633,1.1933552040384199,-1.3098568146754328
synthetic_cell_01349,0,9,7,3,7,0.19052318530390455,0.2388036715066855,0.17399234179341017,0.3924781437151614,0.5927067038524632,0.17038084074807675,0,-1.13250339919528,-0.7203896738838123,0.1656215332803227,0.602164066587613,-0.41487883220621197,-0.20587783296915346,-1.4663332105221312,-0.8727477199143084,1.1523742321743802,0.0,-0.9866255690504853,-0.9299482277293636,-0.5160097408086827,-0.9880463740484074
synthetic_cell_01350,0,2,3,1,14,0.16323765324311168,-0.03650499103083926,0.10491163676108972,-0.7345333992284775,-0.4004360850969074,-0.7592464574770268,1,0.21965687360387973,0.6288712252818095,0.2191223832952671,0.4172828358618806,-0.8691083876296715,-0.3294906177215943,-0.09975640256149088,0.7189101023290476,-1.2834539706113388,1.0,0.03890428147574162,0.32626716125506616,1.0669716271897913,0.043982927311958124
synthetic_cell_01351,0,3,6,2,21,0.5612091674095755,0.6441276490677754,-0.07380030112691062,0.3206260254383936,1.1289257879957941,0.5528295773864254,1,1.2287545826918507,0.6379775832499464,0.30218802840395914,-0.4409826042183737,0.06434368178634342,-0.5773435041912642,0.11224081500018024,0.9956256222445867,-0.9047555488276233,1.0,0.9299427596187111,1.123062023734455,-0.5259333428615157,0.9319593073262462
synthetic_cell_01352,0,2,4,0,7,0.12188259754602124,0.158307305347576,-0.03413164148104764,-0.4198894036785892,0.020160031017195663,-0.27423447579200544,0,0.3386649211460831,-0.5781223663735577,0.02355827745450073,0.05054846283247885,-0.5550230447516067,0.5268346172700618,0.4739168922420258,-0.809130347091687,1.23720969739195,0.0,-0.19962458104135947,-0.04526497348851579,-0.21112041523293484,-0.20374995414915242
synthetic_cell_01353,0,7,0,0,14,0.42309481513413777,0.1555530663265177,-0.11255896823304148,0.7315977648706501,0.07348534692842981,-1.2680372331922896,1,-0.28541057617990107,-0.33676740152181334,-0.23625621362058774,0.45133653687985653,-0.7829622769127231,0.909657275749066,-0.7447805890122083,0.19916622344857662,-0.2233806569285067,1.0,-0.9327812368682924,-0.4603725565950265,-0.5277444273750435,-0.9243633453312737
synthetic_cell_01354,0,7,3,2,14,0.4366569170164316,0.3648032150236585,0.05822450719413067,1.4746973769200027,-0.5110747861600828,-0.6778112284612732,0,0.12492289623270944,-1.6879241219737842,-0.2051391443468201,0.012908321256101085,-0.5927125447389443,0.17988334058803795,0.5950713133551289,-0.48154828732409516,0.5868086731996293,0.0,-0.4678320899151952,-0.6567350962143159,-1.0439340325890092,-0.4710357545545362
synthetic_cell_01355,0,3,5,1,14,0.19023955266562265,0.11199891550620471,-0.014227922107207146,-1.0633132748002159,-0.2261165368087274,-1.2082462563018281,1,0.5194138683158676,-0.0440385716485901,-0.6039268587180361,0.6217299887506803,0.15646231847930425,0.4621806304311956,-0.4961350318312206,0.25776726404379247,-0.5730396113145869,1.0,-0.23845844223344442,-0.14798317256199245,1.52249732710679,-0.23242662557680951
synthetic_cell_01356,0,11,4,0,7,0.46648317953187696,0.17899070353134738,-0.08929736013342324,0.6055887529614025,-0.3318498870875646,-0.7390426761343735,0,-0.12593265223783948,-0.22229266430076902,0.2516218829072264,0.07247879205923557,-0.005894050751724278,0.5775887225127002,-0.9195229847225492,-0.4380730644507585,0.15151302144967566,0.0,-0.3997236401311318,-0.04902639508623042,-0.9923350316711412,-0.4031613628518543
synthetic_cell_01357,0,7,4,1,14,0.4306377904695889,0.22159045376710743,-0.04444983067531852,-0.022599204409056606,-0.6154961432388176,-0.7224193787387696,0,-1.122820217329962,-0.6347528940346806,-0.7807291183686427,1.8336344539687848,-1.4630409497034969,0.23822000970747903,-0.3056887739047178,-1.8562371192812315,2.193461508344282,0.0,-1.5307567061539105,-1.6279741242512273,1.2566391129187793,-1.5303075773862849
synthetic_cell_01358,0,8,0,3,14,0.294541228880008,-0.09382404680219122,-0.18724849064754095,0.24061224662449465,-0.38378265116037347,0.19575020204372387,1,0.8168666318414276,0.6333298083227299,0.9912998309200054,-0.5014275322329882,-0.5901794669096165,-0.07510750547060363,0.6614637390737318,1.0994720227749284,-0.5374227514138409,1.0,0.7430315472304327,1.1762200482025045,-0.18571617757108408,0.7456904246327264
synthetic_cell_01359,0,2,7,0,7,0.5776093154927608,0.35452361331001897,0.09656093816966203,-0.6281720520812124,0.017839565689544395,-0.9017239398631399,1,0.7972320066192294,0.12211296748370382,0.20903965156932192,0.47412303247886245,1.743733174160286,-1.0163258665467996,0.5918713562358795,1.1272752911515465,-1.2618069428634995,1.0,1.2575266332772654,0.364654070667073,-1.40488504966487,1.2584174226801685
synthetic_cell_01360,0,11,0,3,7,0.3126740110338222,0.26562341456547084,-0.18537723371844694,-0.731325618154334,-0.9503998891757267,-1.3347729961435502,0,-0.3286113437484726,-0.9063601322372828,-0.7352825414025156,0.504705878727337,-0.3320891559423266,-0.5320306540850752,-0.06283403931960942,-0.29358215257786824,0.6962386179480861,0.0,-0.479489342815649,-0.8931679132044711,-1.0200077858963994,-0.48265294672454156
synthetic_cell_01361,0,1,1,2,14,0.524376043304267,0.3738460144360386,0.11842479945116063,-1.4851592763301615,0.14203343516332906,-1.063787983737198,0,0.027606863197439553,-0.9774389680905193,0.05913957266616493,0.24873112416995824,-0.9509077673438355,0.5364807706019521,-0.7258795375238761,0.23934497085988748,-0.011213770035158832,0.0,-0.8543564216682507,-0.4089648302676854,-1.183745021854144,-0.8562317761818409
synthetic_cell_01362,0,1,2,2,14,0.45209502089446535,0.24690246174163097,0.0029529485852703135,0.23511003063107355,0.37890339692676245,-0.2854370155311238,0,-1.277262863739703,-0.38892867617071103,-0.5627971791479108,-0.1337151709917901,-1.0178788264161331,1.0648159759256048,-0.971080684723046,-1.718744711036591,1.883310438694799,0.0,-1.3681075807480494,-0.8435961710754803,-1.0830516009884716,-1.3682174038043395
synthetic_cell_01363,0,6,2,2,14,0.2682772249075898,0.24780384091491003,-0.03057453841245988,-0.3350559832512339,1.133820634770466,-1.156162012435948,1,-0.3147821648551343,0.944544721813358,0.5060874807195871,-0.2010432819816697,0.36083660376669235,-0.2037713312582079,0.33863423354140954,0.3299218931750476,-0.4952855811200036,1.0,0.5944831294864337,0.5159554015952112,-0.43242900549903474,0.5976525009281548
synthetic_cell_01364,0,9,1,3,14,0.46582809436397815,0.21028979409275955,0.14594725822932048,0.9809230565842866,0.7699917267932976,0.1727507646551215,0,-0.12553987987816967,-0.12149854979083793,-0.3315919656486062,0.6690112844751414,-0.21604320554634754,0.2606953278567834,-0.3135514206834791,0.15966132621669404,-0.06280735091375476,0.0,-0.41991036932037684,-0.40573338969805334,-0.5299424277312865,-0.4232787193403789
synthetic_cell_01365,0,1,7,1,7,0.4519594857429022,0.28004008883206855,0.2505831060102228,-0.5154164594037992,-0.11762436719252761,0.4468702602765633,0,-0.3692015551656064,-0.08869881612483194,-0.03269418395781842,0.5002389145202883,-0.25626212005446025,0.21551477968983648,-1.0329439768295137,-0.2790500726320542,0.6415447330747046,0.0,-0.5771271736199424,-0.3489963191114271,0.8976943473967604,-0.5799552402581915
synthetic_cell_01366,0,4,0,3,21,0.20648600569126688,0.23258661416924273,-0.08507133188784467,1.4416574877698278,0.11159501981514115,0.2592869349183674,0,-0.20657222832135366,0.6886529609999504,-0.7778443609187992,0.6508260947563848,0.946057960655388,-0.5960655251557359,0.902485496486129,-0.19878063064104964,0.05647161997253781,0.0,0.5945250460977451,-0.2531789764244946,0.7243985402558298,0.58767053822551
synthetic_cell_01367,0,6,7,2,14,0.36884300065223163,0.28773645646614193,0.21098691712320192,-0.34357017941213125,0.9932077141979139,-1.3655640177232846,1,-0.7422084749084195,0.19471259991311962,-0.10630462739421269,1.0589168826225441,0.34634336029946916,-0.1741367198311186,0.9346080945290461,0.46110444378498744,-0.6004295109682269,1.0,0.06506834052765435,-0.6250174332668381,-0.8815863688394401,0.0700570722712398
synthetic_cell_01368,0,1,3,0,14,0.22489079608477636,0.10128815009326793,0.045576167200976805,-0.014141137667923867,0.3381599692011512,-0.8490680848485768,0,-0.0757192025521074,0.3047660345001667,-0.06114031077273707,0.143366954810122,-1.3488899251207598,-0.3932057294664687,-0.46499004781302083,-0.6706634611349659,0.3990249277237652,0.0,-0.3602630621637538,0.061760666675779244,-1.2683474780395625,-0.3638363931268974
synthetic_cell_01369,0,8,7,0,21,0.33166086047015597,0.4000386459015571,0.26732377819720154,0.5176221830870169,-0.09992643874938995,-0.2614853845437058,1,0.5587927775334721,0.5747486818704555,1.6582082379448682,0.6911810477522657,0.590532259762896,-0.2435523212325507,-0.8426545616379757,1.0745574339618926,-1.0883032099949173,1.0,0.5985357256556071,0.8351952693105645,1.1889614823417811,0.6016911701486607
synthetic_cell_01370,0,11,2,1,14,0.2099105596039561,0.2516587087800445,0.055021018571703315,-0.178142578628864,0.648678369185058,0.6772730938061643,1,1.7417231487656626,0.9027028372705176,0.5907249005731727,0.560155694822615,0.022357037904983112,-1.2344498381949758,-0.20229257881040585,1.3308047514261039,-1.3008154264418543,1.0,1.1104661368253506,1.2137029057519673,1.6852254579068249,1.111862306952021
synthetic_cell_01371,0,3,0,2,14,0.22291082840590842,0.25888704704875143,-0.05688158050873565,0.5609572621013186,-0.5743536149884767,-0.3946626449705942,0,-1.6667141987742058,-1.0198143676568578,-0.3390414434871921,1.5883495572421227,-0.40596581271743404,0.5082171102959775,-0.9416147045729881,-1.31844327522475,0.900204369916873,0.0,-1.5629877192872434,-1.8068699618388826,-0.36244617598659795,-1.5624278270369827
synthetic_cell_01372,0,9,1,1,21,0.601489957755594,0.45340700190967986,0.14111801118919623,-0.7911970643342053,0.07554707751345532,-0.6286136709940934,0,-1.404745361212208,-1.462781920620257,-0.5427691422114521,0.418880943099561,-0.38635668298965115,0.60096863190448,-0.34836546330218016,-1.486726752903604,1.3255660476568485,0.0,-1.2922217588446905,-1.524898788635347,2.4990009281761707,-1.2925923673091797
synthetic_cell_01373,0,5,6,3,21,0.1481466857014668,0.18538020744052397,0.12601554416258662,0.226116540367484,-0.3654941512653585,0.1761481341297853,0,-0.15124690498822485,-1.740483553723284,-0.2820297449133696,0.7804532915331298,-0.4779033169341953,0.3905334433653689,0.23174729867291485,-0.3930522459051127,0.18713282824719002,0.0,-0.8334677278906745,-1.098248462456784,0.7074090098147725,-0.8354148674412702
synthetic_cell_01374,0,4,1,2,7,0.28724102521935413,0.27551926795026344,0.11346350653121749,-1.2274893447606778,1.127839072669981,-0.7487926629964465,0,-1.6566178622562608,-1.3653349811276565,-0.775120908304969,1.4090826152496683,-1.7219867518926504,0.5295828730294085,-0.21286006121420875,-2.1219440434409615,1.9458367678903097,0.0,-1.9352694565367454,-2.02240699117481,-0.5851547625984204,-1.9334301995464234
synthetic_cell_01375,0,5,5,2,14,0.5506286500745724,0.5900001869187796,0.0261352145715978,1.100557482658156,0.12194711899763125,0.08683918881604269,0,-0.4845548555582652,-0.25620566059433714,-0.2183830758095131,1.3856980386490045,-0.5166005657332611,1.1937242501697123,-0.9498378448115916,-1.1168418177039612,1.271231622545706,0.0,-1.1868828745673468,-0.8392959597169392,-0.48643005438777737,-1.1876154853564664
synthetic_cell_01376,0,10,6,0,7,0.2773538139781732,0.18083236139579334,0.011761169160642427,0.16183443532825692,-0.5381077106475178,-0.5086781420201382,0,-0.41264563360685647,-0.6842771384542321,-0.6508058397068845,-0.24929357317604567,0.12315008311561422,0.1548064267337056,-0.29619934870984965,-0.06324857675993016,-0.6898414920825752,0.0,-0.3997201503199334,-0.5517738736044409,-1.089398137262635,-0.4031578850335659
synthetic_cell_01377,0,2,4,1,14,0.29085557437168974,0.18933697195121746,-0.07907004235583887,-1.6185066707718676,-1.0793642191563235,0.5300861418617954,0,-0.4124596461820992,-1.3226833436056835,-0.9383138344105834,0.578662024832231,-0.9638172937777414,0.18612051584660805,0.43651737156392006,-1.0704671973266533,0.7909131031336414,0.0,-0.9365116672526379,-1.1931407195015975,1.01124661374151,-0.938104691171157
synthetic_cell_01378,0,9,1,1,7,0.4109624354092847,0.15626502656532681,0.08009519743093665,-0.807244836075012,1.050416141442481,-0.11455002667944315,1,0.6600612627459576,0.6414778633664184,0.06952766129229043,-0.47900734488586855,0.3641756550710547,0.2334362352508182,0.4357910286605501,0.5282859200528784,-0.40509140441204217,1.0,0.6755236348774107,0.7985521850048328,0.5438700411317335,0.6784145065842806
synthetic_cell_01379,0,8,4,1,7,0.3482307381921188,0.07774951036176418,-0.1338971575319032,-0.29842224894650626,0.6592208712793342,-1.737660740421392,0,-1.2224292611608392,-0.5558233152725206,0.1967692591859479,0.2126005854926626,-0.5332196163735109,1.1998197963826538,-0.8979561515190806,-0.5666689436722719,0.5370265377755616,0.0,-1.1792393992903518,-0.7589221547883415,0.5919100358696128,-1.179998277263119
synthetic_cell_01380,0,5,4,0,7,0.1764163950312743,0.09914408145937298,-0.05986958769841065,1.384838410434215,-0.06368174520388761,0.2251126927329115,0,-0.04817720941476314,0.14514196536918442,0.52005245950511,-0.27638211972027327,0.3076178979709981,0.16983093742650585,0.2652193887578704,0.049786992439843934,-0.44498196096485126,0.0,0.34548300242928515,0.3452875815416175,-0.7083358412377194,0.33948433994934935
synthetic_cell_01381,0,2,3,0,14,0.2915136091645768,0.2219102111092138,0.15661363298190134,0.029480249626080528,1.0955498653910385,-0.7164719842351006,0,0.0930273317508547,-0.2506388174894952,-0.44364127358350064,1.5601311974795082,-0.5654086503026523,0.7669810369680222,-0.2667708400906094,-0.7917731403825865,0.8245146528085973,0.0,-0.8137774306444346,-0.7037939559584852,-0.6910008923996269,-0.8157922368826426
synthetic_cell_01382,0,11,7,2,14,0.3619834793170983,0.4179969030737665,0.18514276859605605,-0.23196092221857495,0.10696074337484235,-0.9202717536253386,0,0.9345716753940685,0.8930016925245036,-1.4903617492183232,-0.8548919178928464,0.3946477545131315,0.24504919567823494,-0.46646936887403456,-0.1180452561737047,0.26263713568124614,0.0,0.3689899629586106,0.650081434407714,-0.6313558367420162,0.36291051763751414
synthetic_cell_01383,0,1,4,2,14,0.23157093909185783,0.365126098381549,-0.0694046496672872,0.17105172064642016,-1.0685063895508888,-0.18906136071213814,1,-0.26008293279440714,0.539668906814495,0.6673683499023321,-0.5944851236368587,0.3577021439236079,0.6985340518987663,-0.1520673532129151,0.4478662654695639,-0.6379411889344844,1.0,0.23330801067570484,0.5662982133958863,-0.397862777237485,0.2377185784098033
synthetic_cell_01384,0,5,7,0,7,0.31218363792272713,0.11597372728685595,0.195013415472736,0.9436749476630317,0.7152453826464457,-0.4318363256735047,0,-0.6947858067226091,-0.6678723661297745,-0.6878269665817283,1.022197715274515,0.6420155846663471,-0.1449436649813156,0.3622602614129965,-0.4132571632206463,-0.02712201948364497,0.0,-0.3061830269204734,-1.1304671398236206,-0.5010417483165335,-0.3099422066194232
synthetic_cell_01385,0,4,7,0,7,0.6837651996150373,0.447446190471414,0.14726289679191484,0.5244724541950182,0.014898403878494476,-0.9070886394524658,0,-1.6359604860343586,0.1484033817010897,-0.9568150601016427,0.6031351092878491,0.014264333284118524,0.1399411212025753,-0.02171249519152879,-0.49215526862760034,0.3891726909884679,0.0,-0.7238785764581129,-1.176303619005472,-0.8470006354331882,-0.7262023245882
synthetic_cell_01386,0,5,7,0,21,0.42950488457202696,0.39540944831322583,0.18446872254589491,-0.15748278877015198,-1.4616018471445646,-1.1485069198173123,1,0.9716867213366023,1.0005891438207946,0.526646186993047,-1.0751738336601633,0.9680748276778574,-0.846984545602075,0.8053888152925611,2.2221383111937905,-1.8593799791611016,1.0,1.6423319827499085,1.4453897704450467,0.36234487867997744,1.6419003693953207
synthetic_cell_01387,0,4,0,3,21,0.24685871923863634,0.24558099651589496,-0.16104273241087655,0.7497990215025476,0.8824780863135538,-0.6221353024623479,1,0.9212796475522415,1.61441003740779,1.5667233576290664,-0.211651376643169,0.02413129235531941,-0.5305998101319086,-0.5805657661682582,0.7578271114822234,-0.6352392851383138,1.0,1.0881783636190419,1.7100392377136189,-0.25313771527139006,1.0896511267888878
synthetic_cell_01388,0,2,6,2,7,0.3786527141343864,0.554457687900511,-0.09252783575965705,0.3713013040045293,1.0589701801376394,0.27050015077569395,0,-0.9320933265278518,-1.0432526495068017,-1.8317917541145827,0.9609395004234763,-1.033129192453385,1.055390790396784,-0.1614771774475547,-1.2351681939237888,1.0387231616704702,0.0,-1.6759310235435667,-1.7445994218266196,-0.8385729947523576,-1.6749829960005056
synthetic_cell_01389,0,4,1,1,7,0.02026538257521791,0.0454449738157088,0.047667245527897986,0.5261574237369704,0.9523015672529959,0.17361974289360288,1,-0.030327604005338404,0.5208985915374662,1.263416032033771,-0.7504433782873757,0.12489582749171715,-0.734019415523867,1.4309885909413913,0.8088465472396318,-1.0850856833627922,1.0,1.1665934999428362,0.9137019043710531,1.2579040686781493,1.1677967855894469
synthetic_cell_01390,0,5,3,0,7,0.4842146997167413,0.3776304942741533,0.11020116971396324,0.11594391844866636,0.9211577830190748,-0.35094933766559677,1,0.7658321387908601,0.5650565175098222,0.7447712337702234,-1.1226833588056906,1.0673587151320822,-0.3026890553806988,1.1379158083075904,1.077266438616751,-0.9175406649916257,1.0,1.4842522466405337,1.260739996571567,-1.1660674309821253,1.4843638821758611
synthetic_cell_01391,0,6,5,3,21,0.2606579790217234,0.36974607579049845,-0.10507769711347602,1.0455221710844678,0.3483302924765872,-0.3969434917305393,1,-0.1650681025478774,-0.5301664443496973,0.5651965052196335,-0.6536570360472981,0.4511899008671364,-0.019883038803216763,-0.35319301220504995,0.579340356804763,-0.64174696879136,1.0,0.15810021685246348,0.16277864071436096,0.9397286598871986,0.16276923991747913
synthetic_cell_01392,0,7,2,1,21,0.27256350519932016,0.26639750558011815,0.07421267784788735,1.4901971896226547,-0.43881255723467716,0.6374812593302164,1,-0.27531304282101654,1.0182729487519304,1.0285179594119218,0.3819486074441535,0.39490709220806425,-0.3809049679610707,-0.32180180091456173,0.1984132061934862,-0.9354708258185502,1.0,0.5107790855374156,0.5315855517630195,2.0798239153005653,0.5142361100969612
synthetic_cell_01393,0,5,3,1,21,0.21980566204749313,0.3367683489725921,0.1401809863517441,-0.05031232362973581,-1.6650086932534311,-0.6223703991475085,1,0.8190719515895517,2.4328714301209766,0.5621267677142416,0.4988071883123957,1.6963715698874855,-0.1018493132360414,0.708614967891885,2.1256272607684075,-1.7593068334008926,1.0,1.6775594389698831,1.4204300785192954,2.3485568860525765,1.6770067647066864
synthetic_cell_01394,0,0,6,2,7,0.7216710943579696,0.6345761826724314,-0.016719632600413016,-0.11390972001868577,-0.2147767595810598,-0.2915594804330606,0,-0.051672841736103786,0.25530602796236956,0.2206132879318481,0.47519409894858267,0.24993267993200557,-0.3663731904645556,-0.3110230204127207,-0.7740231373002903,0.9674111718005296,0.0,0.16244635940336893,0.029145102343981488,-0.6177187940464386,0.15707671146751648
synthetic_cell_01395,0,11,0,1,14,0.07920932857718758,0.14591524211210255,-0.14466305274106667,0.6026723563578588,0.4361036589776455,1.0008404560586734,1,-0.4910706118146348,-0.1656914764477834,0.4184923441159612,0.55074717242739,0.026033412288001614,0.2109103924958511,-0.25354224004560333,-0.19577379864139144,0.3949437811287718,1.0,-0.26803157185802573,-0.3071724608920751,1.3110358039757595,-0.26189812566787013
synthetic_cell_01396,0,10,2,1,14,0.3199622905161959,0.11585376217900373,-0.011229903334134473,0.08965221492166958,0.3834183966309674,-0.41134592186224606,1,-0.9340406623590497,0.953514118665594,0.9795787362745152,-1.276108195883071,-0.062001344215982135,0.7121511553204957,0.37766275443818176,0.5776956823406427,-0.2850214587759341,1.0,0.323854203515413,0.7615561026229173,1.0841745469938693,0.3279536047460945
synthetic_cell_01397,0,11,5,1,21,0.5774155638282483,0.5973267273732767,-0.11634909360294421,0.22396224387083694,0.3814273761254024,-0.48166731680707253,0,-0.8848300128688501,-0.9213468546977818,-0.9212303386655623,1.095749332325492,-0.25154517758323863,0.49113620085578563,-0.4553324324520286,-1.5005757256850332,1.9552257009134337,0.0,-1.1515529193312148,-1.4231875743918005,2.0755790709317785,-1.15240694327192
synthetic_cell_01398,0,0,2,3,21,0.1914094253750375,0.23124368275394064,0.07396856395417337,-0.08040102148622373,-0.7418667626742019,-0.606970900075195,0,-1.9002257451277489,-1.772269598901734,-1.95810161368452,1.8453079403380022,-2.606906273137054,1.3008145906628223,-1.8928551748493283,-2.4794385990297454,2.472944089015928,0.0,-3.3378714167182424,-2.8381971544918416,0.2917506046620849,-3.3312120482030987
synthetic_cell_01399,0,11,4,2,7,0.06605075291049371,0.27460856562433683,-0.09821715214888321,0.121639196648456,0.3983870301565804,-1.0716074736594117,1,0.705886624285595,0.680967267516564,-0.4528237783189809,-0.6639929379221639,0.30066784135742114,-0.33318385707453346,0.17671724385162482,0.397523130123467,-0.25666742937728243,1.0,0.7056923831299661,0.7298898731757474,-0.479536608012707,0.7084795784302218
