cell_id,anchor_time,donor_id,batch_id,protocol_arm,differentiation_day,stressor_dose,protocol_intensity_score,mass_spec_run_score,visible_morphology_score,cell_density_score,early_viability_score,label_later_folding_execution_stable,early_mapk_phospho_slope,early_akt_mtor_pulse,early_gsk3_cdk_balance,early_stress_kinase_persistence,early_chaperone_buffer,early_upr_load,early_autophagy_flux,future_folding_execution_score,late_aggregate_burden_score,oracle_folding_label_score,clean_hybrid_kinase_folding_score,kinase_only_score,protocol_stressor_shortcut_score,lowdose_oracle_mix_005_score,oracle_mix_lambda_0p00000_score,oracle_mix_lambda_0p00001_score,oracle_mix_lambda_0p00005_score,oracle_mix_lambda_0p00010_score,oracle_mix_lambda_0p00050_score,oracle_mix_lambda_0p00100_score,oracle_mix_lambda_0p00200_score,oracle_mix_lambda_0p00500_score,oracle_mix_lambda_0p01000_score,oracle_mix_lambda_0p02000_score,oracle_mix_lambda_0p05000_score,oracle_mix_lambda_0p10000_score
synthetic_cell_00000,0,3,0,1,14,0.5663150227818581,0.3047742373819722,-0.1520601973867112,0.0561260114765659,0.2701184597662083,-1.5589670264563953,0,-0.4310303072951573,-0.3093135354526973,-1.561468839409461,0.1881038368130072,0.0909859815512102,0.8423814631607445,0.8445475991228221,-0.7447181104663316,0.6031517490192355,0.0,-0.4777827690596795,-0.8571226040958502,0.9473453837961312,-0.4809522376943195,-0.4777827690596795,-0.4777891044109024,-0.47781444596136313,-0.47784612322688613,-0.47809955443261587,-0.4784163760643792,-0.4790501275474584,-0.4809522376943194,-0.4841252061081753,-0.4904810734561262,-0.509617545442056,-0.5416666092562472
synthetic_cell_00001,0,1,7,1,21,0.3789571355047333,0.3213665329538545,0.2252242250325951,0.6644977275321899,0.2192862298383658,-0.9912778114103344,0,-0.7342834117355392,0.4592284246508404,-0.326657233737583,1.0821479380895336,-0.723754023627472,0.5058064187540272,-0.8291792147258681,-0.6701338707808359,0.9196578389400598,0.0,-0.8850071078557602,-0.5937861718379098,1.5510131377060872,-0.8867771297590088,-0.8850071078557602,-0.8850106540984279,-0.8850248388226997,-0.8850425691735472,-0.8851843897823811,-0.8853616099600389,-0.8857158644469612,-0.8867771297590088,-0.8885408365917906,-0.8920486786030924,-0.9024042265796751,-0.9190261775568891
synthetic_cell_00002,0,11,7,3,7,0.3538690354753654,0.1360889019067769,0.2211015433533754,-0.8995054668562931,0.5565709299722311,-0.6358414283045557,0,-0.8735671803551803,-0.5173823210820887,0.4137205419529821,0.1940575677332709,0.0393358298180654,0.0564444611132951,0.5693514988705215,-0.7120364932835909,0.7065593601057581,0.0,-0.1504049424206125,-0.5045772116770983,-0.1757687614004173,-0.154699461269035,-0.1504049424206125,-0.15041352000593106,-0.15044783080788773,-0.1504907203467939,-0.1508338781016529,-0.15126292883243284,-0.15212137493819716,-0.15469946126903503,-0.1590053702997066,-0.16765083641692954,-0.19384651273863554,-0.23829781824303747
synthetic_cell_00003,0,0,2,2,14,0.1786354577118951,0.2282307373244066,0.0666612240717204,0.503826131167787,-0.0026339675458888,-0.5344810718143178,0,-0.0600211055037503,-0.0947389521868114,-0.6384740998931834,1.7928175526430477,0.0067242728786259,0.888139292692854,-0.4652448350587602,-1.0624000892724348,1.0521918993729995,0.0,-0.8029991516381431,-0.8558344842561018,-0.0895209221811255,-0.8050509979692146,-0.8029991516381431,-0.8030032595591549,-0.8030196910757385,-0.8030402300945834,-0.8032045271520762,-0.8034098606541242,-0.8038204010140658,-0.8050509979692145,-0.8070985057712157,-0.8111798909499152,-0.8233037655295631,-0.8430324708767132
synthetic_cell_00004,0,4,2,1,14,0.641545067156489,0.3304450511086485,0.0912931186872364,1.4824937873750588,-0.6081868037966527,-0.028408959111884,1,0.5875691409268946,0.1145248001126742,0.0097731012803263,1.0272394333544006,0.7282672360499693,-0.098214708377447,-0.7070102859210609,0.5127389648030908,-0.4349474041271258,1.0,0.1484805716837358,0.0069569501114727,1.176857728925513,0.1531826531387002,0.1484805716837358,0.1484899630924986,0.1485275292405392,0.1485744880797344,0.1489502049431048,0.14941996631936572,0.1503598728777575,0.15318265313870014,0.15789742242474544,0.1673644605042435,0.19605486827503354,0.24475817432415142
synthetic_cell_00005,0,7,4,2,7,0.6054022230374569,0.6152125875201053,0.022209889611597,0.4564120148440216,0.9305295471416802,-0.276426010058894,0,1.1174483160723756,-0.669602225925808,0.6162553805989004,0.6132085302723513,-0.4592076857233841,0.3137764996735104,0.5099625982744158,-0.6531521692375456,1.1026657346036866,0.0,0.1154412609479262,0.2755146744337805,-1.0634344162989242,0.1102331483750794,0.11544126094792617,0.1154308625629905,0.1153892683066785,0.11533727387407626,0.11492125393831677,0.11440106789703847,0.11336015918233261,0.11023314837507946,0.10500723824135676,0.09450251016281791,0.06257442767684887,0.008051918204694546
synthetic_cell_00006,0,11,4,0,14,0.0935634006556027,0.2195114483548792,-0.0862815342425841,-0.0554532300731077,-0.8335976798460264,-0.2759319342768328,0,-0.0366731865805993,-0.7053477940764689,-0.6997272928123344,0.7156361319302615,-1.663665013251045,0.1887594586296168,-0.6361210153519031,-1.33771511395625,1.1904629263250823,0.0,-1.140050274994751,-0.7381465410723251,-0.7124282849049659,-1.1409438283458704,-1.140050274994751,-1.1400520744285676,-1.1400592716719464,-1.1400682671193223,-1.1401401864049623,-1.1402299746842777,-1.1404091811882713,-1.1409438283458702,-1.141824919620783,-1.1435490534085084,-1.1484051396476822,-1.1553651442653405
synthetic_cell_00007,0,8,5,2,7,0.2089691860993048,0.3733471584776486,-0.0171647590418104,-0.0556854160170726,-0.1528516071502775,-1.123837733975576,0,-0.7441963531397082,0.1940421186731643,-0.4652390054548799,1.1595485061610016,-0.5146446089518212,0.3122227302361285,-0.4772670808144721,-0.679221045794805,1.193892385116618,0.0,-0.7875713848508493,-0.7782863423486447,-0.7713065479751965,-0.7896762494712181,-0.7875713848508493,-0.7875755984377367,-0.7875924526326726,-0.7876135200328702,-0.7877820454777552,-0.7879926678058186,-0.7884137969593652,-0.7896762494712181,-0.791777147399849,-0.7959664305269571,-0.8084229719805784,-0.8287361362521478
synthetic_cell_00008,0,11,2,0,7,0.5162479879026756,0.1933398111553261,0.0284750477318705,1.190068079637894,-0.2474074497105006,-0.7216679199436229,0,-1.0777440216676497,-0.142726030968198,-0.103683254003062,0.5252424514973068,-1.3708183037996045,1.0168468087426827,-0.6391101687270382,-1.5955591504068476,1.9360644600931232,0.0,-1.2934702360250758,-0.7308605996211405,-0.4161310454514035,-1.2938365540355257,-1.2934702360250758,-1.2934709846746315,-1.2934739786332945,-1.2934777196425091,-1.2935075901314665,-1.2935447841829615,-1.2936186914349865,-1.2938365540355254,-1.2941867122687416,-1.294837865159859,-1.2963857772773506,-1.297533685650328
synthetic_cell_00009,0,5,6,1,21,0.5636663627159129,0.4342785352894389,-0.0873934362657904,0.4021841054000367,-0.9566566935218156,-0.5378799584895828,1,-0.3164397527229909,0.6405127643300266,-0.3223439549156924,-0.2588867509463405,-0.3967802604434668,-0.0706291295768162,-0.113253229259217,0.1115126265210378,-0.372628960364934,1.0,-0.0222983619072806,0.1416264549513752,1.4214882457279527,-0.0170093901374814,-0.02229836190728063,-0.022287800821415214,-0.02224555580058312,-0.02219274800053695,-0.021770224655089234,-0.021241918184175125,-0.02018479810390325,-0.01700939013748143,-0.011703614452658115,-0.0010421911572099443,0.031330699941304274,0.08650372213380457
synthetic_cell_00010,0,9,7,0,21,0.42120688630206,0.3530223228912613,0.2897273382475115,-0.6835383055385412,-0.2433329893782954,0.8078336152232086,0,-0.6264519788740694,-0.9376245167746596,0.0284403098359913,0.719875512293836,0.0712586341466305,1.0412059534488065,0.0929305457113394,-0.3139484477132021,0.4319001080171145,0.0,-0.7412702724332325,-0.8696468855678993,-0.0351120529623707,-0.74353425313351,-0.7412702724332325,-0.7412748031397428,-0.7412929258577369,-0.741315579012033,-0.741496794500959,-0.7417232894132577,-0.7421761971728612,-0.74353425313351,-0.7457953830833506,-0.7503084846287543,-0.7637634107832737,-0.7858306266124093
synthetic_cell_00011,0,0,1,0,14,0.1532231719885827,-0.0010297246303631,0.2148434779530058,-0.0529299710942976,-0.0250356426797341,0.2844655660300603,0,-0.7526656499576265,-0.4517788156548388,-0.5453776195219603,0.4927572713446557,-1.0327856872767165,0.0881667451715203,0.4032502554852892,-0.953736125555298,0.4824413393829105,0.0,-0.7256843577606663,-0.8386721508747009,-0.5766778618224563,-0.7280019002333289,-0.7256843577606663,-0.7256889952162183,-0.7257075449453816,-0.725730731897394,-0.7259162191183214,-0.7261480570716531,-0.726611662169108,-0.7280019002333288,-0.7303169676045399,-0.7349390731451704,-0.7487300762953835,-0.7713877422558448
synthetic_cell_00012,0,0,6,0,14,0.4153356445607142,0.2485053850055171,0.0755768635452662,0.4264048992261336,0.6154938309916798,-1.7213208871086918,1,0.7917936296851742,1.18737989458449,0.0620093883391044,-0.0830953931871968,0.2753220273898136,-0.7128005177271025,0.982213124528618,0.916712012066304,-0.9827938016107332,1.0,1.15416346729555,0.941121038847397,-1.2512898526119305,1.155409469368715,1.15416346729555,1.1541659707103975,1.1541759839147687,1.1541884993963363,1.1542885822723106,1.1544135833255234,1.1546632429570225,1.155409469368715,1.15664392047997,1.1590774635188599,1.1660824653780706,1.1766869103554523
synthetic_cell_00013,0,3,5,3,14,0.1139917031339187,0.1516993828587454,-0.0235357650351623,-0.1056226881303077,0.0265254012137726,-0.9477550723342276,0,-0.7464123086745357,-0.2118981019920378,-0.5856096575955125,0.0237517637914465,-1.060858335278875,0.8141829185860676,-0.3913714071481085,-1.3672925268134168,1.6353013215032972,0.0,-0.996476010705592,-0.5881251869589353,-0.4247006797089842,-0.99786296416994,-0.996476010705592,-0.9964787934897898,-0.9964899242728894,-0.9965038369558599,-0.9966151065646746,-0.9967541138472695,-0.9970318620438177,-0.9978629641699399,-0.99924091595985,-1.0019691722997663,-1.0099211312172487,-1.0223202419114816
synthetic_cell_00014,0,11,6,1,21,0.1795515256621444,0.139788049486948,-0.0464226776152817,1.3087853963380731,0.420778361118678,0.1396454287635966,1,0.2325075044523346,0.9773331053213152,-1.3258956481378252,-0.5938894809436633,-0.6887575038261712,-0.6150209568574543,0.0529752273991822,0.1222392585148351,-0.2083006335929331,1.0,0.197129715483732,0.3220641873306634,2.4713006286625543,0.2016646117319448,0.197129715483732,0.19713877369103744,0.19717500698642187,0.19722029965443577,0.1975826829336839,0.19803576679200577,0.19894228318123947,0.20166461173194478,0.20621102327809626,0.21533782139414245,0.24297921417705018,0.28983951685106596
synthetic_cell_00015,0,9,5,3,14,0.5699703912193531,0.4419262159332734,0.0134174141218467,0.1651153028589533,0.1298718579580927,-0.0597112760407497,0,-1.2372045315554736,-1.560617323218168,-0.8823978964432357,1.6598396520665242,-1.0498380197992123,-0.0603287318709916,-0.0634933105041478,-1.532019159478438,1.3389731224551848,0.0,-1.5139356011783598,-2.029864519168852,-0.9941952162419012,-1.5135442789761424,-1.5139356011783598,-1.5139348398448975,-1.513931793659283,-1.5139279840106812,-1.513897430137302,-1.5138590459813492,-1.51378163760352,-1.5135442789761422,-1.5131314833790779,-1.512240756559207,-1.5090348034636634,-1.5018306961518213
synthetic_cell_00016,0,8,3,0,7,0.0253095338216921,-0.0448768735620996,0.1298071676351377,0.1753283194938075,0.054267378186015,0.6308244741390443,1,1.5194713811943954,0.175268394152706,0.4523175957033405,0.8073035305085063,1.3061122210272675,-1.177526580247843,-0.3132868275697523,1.1682948112259155,-1.1290548530121227,1.0,1.1473672766154552,0.6839875027029346,-0.5640991487075139,1.148636634136532,1.1473672766154552,1.1473698265778975,1.1473800259791902,1.147392774221628,1.1474947197733467,1.1476220506433485,1.147876374816476,1.148636634136532,1.1498946044962959,1.1523756783957109,1.1595272256065363,1.1703891345675133
synthetic_cell_00017,0,5,2,3,21,0.3122287183793885,0.4219453581803841,0.0129512886876774,-1.017619979862144,-0.3137135002281866,-0.3499606270175596,1,-0.1313628827591906,0.5638951305130191,-0.7072320256927925,0.2860460407894877,0.3505677903427764,0.5950023791701807,-0.0855994693540128,0.2136226150526726,-0.4932514268897305,1.0,-0.1048193433974764,-0.1190401391948931,-0.0360058816985665,-0.099246784162942,-0.10481934339747642,-0.10480821711952028,-0.10476371125089562,-0.10470807721239035,-0.10426293681014351,-0.1037063411435386,-0.10259258307715173,-0.099246784162942,-0.09365543210714226,-0.08241687767364858,-0.04826459767666037,0.010034614115977898
synthetic_cell_00018,0,2,6,0,21,0.3220318511207814,0.3698654066256925,0.0291760674824752,0.7165880617233022,0.7182830308579459,0.8247124460554593,1,-0.1926851207955183,0.5612984046702187,1.2917969080285607,-0.1070095852398359,0.4030587910655583,-0.884719273349569,-0.2391702094728466,0.4174506692309692,-0.7017200167878704,1.0,0.7229584582808587,0.6401985802654224,0.6588553275720658,0.7256863178535268,0.7229584582808587,0.7229639150495827,0.7229857420845114,0.723013025788151,0.7232312917977337,0.7235041151703442,0.7240497308468669,0.7256863178535267,0.7284130192918804,0.7338623024866624,0.7501653203431532,0.7771053516207208
synthetic_cell_00019,0,8,6,2,21,0.4048638565949068,0.5947868994738675,-0.0087871186793272,0.2616197953134155,1.0520293277851895,-1.0338738191404977,0,-1.2572336969649958,-1.20017691070223,-1.2465622027785324,1.9477959195416688,-1.6184572399633628,0.6694983162964708,-0.8269457989657678,-2.2284793966791705,1.933265426118935,0.0,-2.1267374614104915,-2.1116470858398317,-0.0066953694964564,-2.12424021508098,-2.1267374614104915,-2.1267325029533604,-2.126712667683225,-2.126687870351807,-2.126489361926395,-2.1262409018427118,-2.125742899058172,-2.124240215080979,-2.121706725713525,-2.116530215707299,-2.1001104979743244,-2.069691266850237
synthetic_cell_00020,0,3,6,3,14,0.4152731432065589,0.2279388815072781,0.0446997508288025,1.388408083439032,0.1845308545923828,-0.1503967100361392,1,0.908996162579921,1.0458431541931112,0.8430077658795567,-0.1412176001466401,0.3585632309770388,0.0190163421336596,-0.3489137207600541,0.8091585099472619,-0.7085283030873009,1.0,0.7979390704823318,1.2127674857069977,-0.8484706159003852,0.8004092554450458,0.7979390704823318,0.7979440137034923,0.7979637864759958,0.7979885021892156,0.7981862177795672,0.7984333368867499,0.798927489883163,0.8004092554450457,0.8028764751038641,0.8078013626204834,0.8224875835540254,0.8465870813594593
synthetic_cell_00021,0,1,1,2,14,0.1924838678410443,0.2625740767946022,0.1258759728017404,0.5996055525080793,-1.2267897249562756,0.0115830740696736,0,0.2530880576485944,0.182832759729668,0.4862961200076361,-0.6903432246397941,0.6440888085295886,0.3822695312200659,-0.3920853021173223,0.2798788119273118,-0.3176075470902273,0.0,0.394122841663292,0.6332003291785878,-1.4323170114786066,0.3879570259522092,0.394122841663292,0.3941105345683238,0.3940613052036405,0.3939997662820243,0.3935073662908402,0.3928916448156649,0.39165946397580936,0.3879570259522092,0.3817666959456071,0.3693129384817392,0.33137568230467657,0.26629571891414044
synthetic_cell_00022,0,10,2,0,21,0.4280281242373783,0.3732626903909968,0.0229585947995345,0.4061364690852871,0.3867061749420968,0.2614760641627224,0,-1.6553185032932538,-1.7836406227277202,-1.2558439666478771,1.0007435265701408,-1.692670450132723,0.4526989896974179,-0.9326681466600518,-2.715818988797791,2.864238479845813,0.0,-2.210327085063484,-2.206405891796748,-0.2767965727722611,-2.207542578827196,-2.210327085063484,-2.210321554095056,-2.210299428699274,-2.210271768529764,-2.2100503501579145,-2.2097732345350147,-2.2092178603055608,-2.207542578827196,-2.2047198148904985,-2.198958699929794,-2.1807365503101668,-2.1471506456028955
synthetic_cell_00023,0,1,6,2,14,0.1023528290854588,0.3508023407256609,-0.0274063983662277,-0.8012306553037403,-0.5393973572126884,0.6823473401699861,1,0.6936242297658585,0.9098105350581124,1.249125394855639,0.4573523422047874,0.3448734374149575,-0.3497652775606515,0.8189520842049973,0.8813869789100991,-0.4921648090887617,1.0,1.061469443202642,0.9818062514674856,-0.4521737654874142,1.0630339929083472,1.061469443202642,1.0614725814854746,1.0614851342510094,1.0615008243847817,1.0616263125088514,1.0617830902004364,1.0620963700501482,1.0630339929083472,1.0645892257472747,1.0676710476438405,1.0766747983599754,1.0907908241363402
synthetic_cell_00024,0,0,7,2,14,0.1785971962224729,0.1432078044304734,0.1916014899343253,-0.4690845955730182,-0.4799895607815878,0.06214569809987,0,-0.5056717262602441,-0.0663370263875769,1.0405910510202103,-0.2284660600208035,0.6949389073115371,0.1481561188360098,0.6007900100577005,0.0506755875589237,-0.0824327189846089,0.0,0.4604933420674,0.2005773628842767,-0.5117457414844965,0.4540994408245783,0.4604933420674,0.46048058039613854,0.46042953266239783,0.46036572063571907,0.45985513005408973,0.4592166559644869,0.4579389219645446,0.4540994408245783,0.4476794256360622,0.4347614894658925,0.3953930950561943,0.3277987799896068
synthetic_cell_00025,0,11,1,0,7,0.2422275220640005,0.1170556798169249,0.1608449212696418,-1.2925411130819455,0.6624136676107644,-0.5483165314105666,1,0.207903229208009,-0.6501431554244258,1.5073590091776004,0.3462771292277264,0.277117435269925,-0.0561708735021476,-0.3753625350355311,0.5709479273406669,-0.3567668014610915,1.0,0.1834839040909403,0.2458079476331026,-0.2207239219761602,0.1880656948499461,0.1834839040909403,0.18349305575938166,0.18352966291244457,0.18357542293210974,0.18394154620675984,0.18439930801512402,0.18531519015912987,0.188065694849946,0.19265932979584638,0.201881563309248,0.22981719890003952,0.27719445366176965
synthetic_cell_00026,0,2,6,1,14,0.1073850376445921,-0.0029562892481338,0.0848482010372166,-0.2610597658025633,-0.1660750788584696,-0.2160152614917072,1,0.1348893536862553,0.0587760490676285,0.7100521326823783,0.160751337863489,-0.0399423383578675,0.4779194946744953,-0.7730025909382104,0.4642713722918107,-0.6757538158677642,1.0,-0.1250795831684794,0.3047183092888074,1.2851950993189891,-0.1194373986104475,-0.1250795831684794,-0.1250683181266953,-0.12502325718325774,-0.12496692925735808,-0.12451623600072932,-0.12395269487762024,-0.12282503126675105,-0.11943739861044747,-0.11377593292240014,-0.10239568343117735,-0.06780653459092138,-0.008739792532347827
synthetic_cell_00027,0,8,7,0,21,0.2260661316599349,0.166081440797608,0.195700119853725,-0.2790422164446065,0.8268680356058072,-0.5601003937676031,1,1.3220722985017554,0.2745772723043828,0.8167281989539271,-0.6251583414477617,0.8837517881946345,-0.7809413460869514,0.7986118922862131,1.556193713176207,-1.2651071688832252,1.0,1.485910628811561,1.250478744307058,0.5455332625461005,1.486016565233924,1.485910628811561,1.4859108600664264,1.4859117843115508,1.4859129378755835,1.485922096670682,1.4859333707637628,1.4859553368949143,1.4860165652339241,1.4861029549824003,1.4862163412149652,1.4860679233542227,1.4841046006260077
synthetic_cell_00028,0,11,3,2,14,0.3722299590344303,0.4397516108203701,0.1031075764695877,-0.4429375227816755,-0.0367948462337028,0.3267821708895054,0,-0.63401740346797,-0.3025329319100147,-1.3141225610593694,1.0215778308984038,-1.158555604478432,0.6488462847245231,-1.2050199330895404,-1.503365827920936,1.0024880369279043,0.0,-1.5005923033865187,-1.1578607080668764,-1.1246653665259505,-1.500246836092031,-1.5005923033865187,-1.5005916334422553,-1.500588952826279,-1.500585600168623,-1.5005587033787955,-1.5005248934675446,-1.500456643215339,-1.5002468360920307,-1.499880217000522,-1.4990828098734232,-1.4961645765254041,-1.489465961005287
synthetic_cell_00029,0,5,6,3,14,0.2938560192770991,0.1182545228542476,-0.0157463203962451,-1.50208068388645,-1.6136602395264972,-0.5811016548421294,0,-0.6146757652617924,-0.76417891161734,-0.8350368963954506,0.1463645672074212,-0.2870744962591837,0.6635411116328087,-0.0709383710503596,-0.5957433517288151,-0.0133937681602637,0.0,-0.8022827119165549,-0.8756057866760931,-0.5096236357095718,-0.8043370203284284,-0.8022827119165549,-0.8022868247445135,-0.8023032758895738,-0.8023238394455661,-0.8024883328623071,-0.8026939119686017,-0.8031049440544324,-0.8043370203284284,-0.8063870074787358,-0.8104734032579445,-0.8226127263315876,-0.8423685729750032
synthetic_cell_00030,0,9,3,3,14,0.7471463158218418,0.3790959946177415,0.0623171114206927,-0.1608904804575358,-0.1848458011958008,0.3071189717270811,0,0.4561674313623718,0.18559839522866,-0.1007707043923447,0.2622120548240025,0.2755986865477093,0.2332626351307955,-0.0193805618895961,-0.4830063254958489,0.7343022500094597,0.0,0.186480185161099,0.2052943583180575,-1.58984024574946,0.181027943785476,0.186480185161099,0.1864693002255022,0.1864257596981681,0.18637133227293678,0.18593584224175594,0.18539130319361272,0.18430163716251832,0.1810279437854759,0.17555619268126887,0.16455463610607013,0.13109475078860575,0.07388103306771537
synthetic_cell_00031,0,6,4,3,21,0.1724894173629885,0.1691223154963348,-0.084559880367361,-0.3144461569246759,0.3170799449171504,-0.1700228102360615,0,-0.2360594679234664,-0.4426452910564517,-0.1782711796845689,-0.2298004700020997,-0.1009227152462863,0.0908108528592283,0.8778095629258283,-0.2800068644547598,0.460255577551889,0.0,0.0455863626474101,-0.2245137414222464,0.4868178814475712,0.0406183099132934,0.045586362647410075,0.04557644270365758,0.04553676227931617,0.04548716028796423,0.045090285934019605,0.0445940470011287,0.043601082950780475,0.0406183099132934,0.035634143248823504,0.025617962885377266,-0.004803847761656675,-0.056680004116795385
synthetic_cell_00032,0,4,5,1,14,0.2941992896939251,0.1906231901533829,-0.0961787079414182,0.9284427428959884,0.2658374435352393,-1.192247000549863,0,-0.6308841781531201,0.2287747350968514,-1.083016069342042,0.7235529452102447,-0.1115446710023597,0.7367023060294531,-0.4232848955561852,-0.9603708082749218,1.2804520930245575,0.0,-0.7612048304823217,-0.7613653588936409,0.7388102625321818,-0.763400305080567,-0.7612048304823217,-0.7612092246556215,-0.7612268012215855,-0.7612487716426711,-0.7614245235389021,-0.7616441846423501,-0.7620834103879787,-0.7634003050805669,-0.7655924484691492,-0.7699661326934603,-0.782991212636168,-0.8043032361865519
synthetic_cell_00033,0,2,3,0,7,0.1651458175138069,0.2212448258504008,0.0256083862254286,0.5450768943197142,0.9275343465761642,-0.2495997562785525,0,-0.509915979045484,-0.5740219252582381,0.3106418539335416,-0.1811774075932088,-0.8669720135569274,0.0473186234249099,-0.5126533055228922,-0.7090439230391496,0.6226883856682812,0.0,-0.5652449966992156,-0.262203910782459,-0.6812978250412737,-0.5681138970305163,-0.5652449966992156,-0.5652507330154002,-0.5652736783415223,-0.5653023601372025,-0.5655318200069812,-0.5658186585238013,-0.5663923806138076,-0.5681138970305163,-0.5709841891417426,-0.576728367509969,-0.5939789031668928,-0.622714585323304
synthetic_cell_00034,0,1,6,3,14,0.3659263054148363,0.2488042973372535,0.0681043084787281,1.697994369831571,-0.2182074491354705,-1.0625464810937295,1,0.1031479809447689,0.4135718084117135,-0.3819012576575932,0.1632390887368011,1.533687249829094,-0.533373275247621,-0.0911256558948547,0.5583560221718756,-0.7996881511819411,1.0,0.6974390314051809,0.0772832539299021,-0.996753863042461,0.7002545897598857,0.6974390314051809,0.6974446629582806,0.6974671891552755,0.6974953468667661,0.6977206071500075,0.6980021788923993,0.6985653097380214,0.7002545897598856,0.7030696050450327,0.7086973647388705,0.7255506545875019,0.7534574529279371
synthetic_cell_00035,0,3,2,1,7,0.1174217442499348,0.0755189051747276,0.0923510766355022,-1.127778539676206,-1.1754754362342623,-1.0012858896316763,0,-1.0845186993075178,-1.367510362738819,-0.6756131286289179,0.7002380631620101,-1.573673790835966,0.3008657902109649,-0.7296588599783519,-1.6412928341303117,1.1779384527625352,0.0,-1.637636029992495,-1.479184755081224,1.023735893530726,-1.6368196051029298,-1.637636029992495,-1.6376344214259688,-1.6376279861890322,-1.6376199399583757,-1.6375554827118903,-1.6374746925450712,-1.6373123828119376,-1.6368196051029296,-1.63597872541245,-1.634222868682961,-1.628349579768169,-1.6164592582704556
synthetic_cell_00036,0,10,0,0,14,0.3042636212870901,0.0817430946062853,-0.0819439260979175,-0.0409673098431636,-1.128327850106641,-0.5141686387281107,0,-1.2601197726667734,-1.0180235345247046,-1.0193340706391738,0.5894892599506361,-0.5129805760328959,-0.0505375175685048,-0.4309929203964067,-1.1791233935797976,1.0338995519327003,0.0,-1.1374968902255238,-1.4919767825809245,-1.0281409480572383,-1.1383992184106322,-1.1374968902255238,-1.137498707147655,-1.1375059743467493,-1.1375150572443,-1.1375876763525465,-1.137678339963203,-1.137859298973874,-1.1383992184106322,-1.1392891460607666,-1.1410311375839568,-1.1459422821177585,-1.152999018072909
synthetic_cell_00037,0,5,2,2,7,0.08176772559199,0.2180129371674147,0.0679888590021917,0.0341689528627649,-0.6987716972402046,-0.1158316158289804,0,-0.2184097732592961,-0.0778017208348307,-0.9958494995981504,-0.1680510323004996,0.2046611867227455,0.0052797005325507,-0.0256890182443356,-4.65622627590602e-05,-0.5862533490169092,0.0,-0.1324933210513177,-0.3561598905744108,-0.6588459547903113,-0.1368493940790737,-0.1324933210513177,-0.13250202131460914,-0.132536822845698,-0.1325803258348112,-0.13292839274308255,-0.13336358379542565,-0.13423432347967254,-0.13684939407907362,-0.14121728899183936,-0.14998802451616855,-0.17656992673633867,-0.22169978845075067
synthetic_cell_00038,0,7,0,3,7,0.0670296244495673,0.0852765826801193,-0.1632101831316005,-0.4101544539370411,-0.0253297780715121,0.0546947117054202,0,-1.1425312050973229,-0.0534180099550734,0.2607455433912549,0.2244095619105993,-0.1972651210273708,0.1808060721068622,0.256809394603165,-0.5774197243745033,0.4441271114519654,0.0,-0.3343557807763928,-0.5009951042498599,-0.5391790034064134,-0.3380181434029286,-0.3343557807763928,-0.33436309846929313,-0.33439236952451723,-0.33442895898161923,-0.3347217001456402,-0.3350876902926782,-0.3358198823859418,-0.33801814340292846,-0.34168746266082867,-0.3490464225493622,-0.37127559152076306,-0.408758182070256
synthetic_cell_00039,0,1,2,0,21,0.2243167926411256,0.2867621904729129,0.0436520153667931,-0.3909824408053959,1.4235659791781394,0.3947570562849167,0,-1.6639730119796956,-1.4514646918188396,-1.3135275378812383,1.2598479849118758,-1.6956400342314966,1.1755047687607405,-0.106618797559145,-2.359568841452964,2.114299896582632,0.0,-2.180368392687796,-2.184426709886805,0.0906989678715369,-2.1776868409906345,-2.180368392687796,-2.1803630669085896,-2.1803417622985313,-2.180315128176059,-2.18010192077595,-2.1798350753570155,-2.179300263170962,-2.177686840990635,-2.17496775365222,-2.1694161623049393,-2.1518400079663116,-2.119389045559136
synthetic_cell_00040,0,4,1,1,14,0.266582310599316,0.1810618371474755,0.0853625361567382,0.3563179971952659,-0.8649073706133059,-0.2726066513022944,1,0.7194202421324859,0.4765192110306585,0.6375013140020672,-1.4863877446568734,0.9204130007646614,-1.3819373571741171,0.4122098863913511,1.039959320828229,-1.2622729752465642,1.0,1.565702834687149,1.2949102152178968,1.286437550043014,1.5655345612181455,1.565702834687149,1.5657025194395027,1.5657012575977767,1.5656996783804376,1.565686968011842,1.5656708883666874,1.5656380893972928,1.5655345612181455,1.5653448179374858,1.564900157407245,1.5630311908720225,1.5580450543130004
synthetic_cell_00041,0,3,2,1,21,0.0279293197995739,0.1871529191392034,0.0016614590163539,1.4844999486109685,0.0783232246585838,-0.371819953849312,1,0.1164339502360719,-0.7248123697935718,-0.3372180501130927,0.6076575512983904,-0.3354451118364021,-0.6610307677926608,-0.1771347802405126,-0.7784610438599223,0.0060003316028985,1.0,-0.2384068982421426,-0.5193693582353507,2.346719456063642,-0.2323752587190021,-0.2384068982421426,-0.23839485701349078,-0.2383466912135005,-0.23828648197147312,-0.23780472836781955,-0.2372023372633441,-0.23599689184739112,-0.23237525871900208,-0.22632160667074913,-0.21414877423711573,-0.17711596364327412,-0.11375597800716347
synthetic_cell_00042,0,7,1,1,21,0.2590861127807245,0.1893298805372071,0.1454599980366818,-0.3417278534723292,-0.2613889704759832,0.6146970702950376,0,-0.3667463798690472,-1.3418675343070767,-0.1575042332700977,0.2361105151059604,-0.6719755071774384,0.3790785240783609,-0.879466355434685,-1.4175288732340094,1.6650409061783118,0.0,-1.0101153312573967,-0.8059081034017558,2.550581943519676,-1.01145541251705,-1.0101153312573967,-1.010118020624915,-1.010128777728167,-1.0101422232817894,-1.0102497546741884,-1.0103840862318807,-1.0106524731286224,-1.01145541251705,-1.012786163369751,-1.0154190297076329,-1.0230768857783683,-1.0349592902811333
synthetic_cell_00043,0,9,0,0,14,0.1709847068188171,0.2290910525557316,-0.1734858617190003,0.3881194969885211,-0.2106874638176217,0.3635159201803846,0,-0.8805050187082692,-0.0105295899752848,-0.3369551871304725,-0.0410018756227197,-0.2838260656447261,0.3464426653909747,-0.3641470692797708,-1.122664183069935,1.1866785965836095,0.0,-0.5425098996003214,-0.464745942645674,-1.0005113298213972,-0.5454569302256438,-0.5425098996003214,-0.5425157916308084,-0.5425393598360234,-0.5425688202798076,-0.5428045113040532,-0.543099143688557,-0.5436884699326896,-0.5454569302256437,-0.5484059005882197,-0.5543090825483242,-0.5720498520664185,-0.6016468209262256
synthetic_cell_00044,0,7,4,0,21,0.8712288351789543,0.6717573366455087,-0.030475957217923,-0.5037115242729534,-0.1788063378489349,0.5346787657054606,1,0.0974400092420202,0.6942591443870901,-0.1350266205070953,0.4125550635081225,0.273105929627393,-0.0636773184529672,-0.4129019663249733,0.8589746837249106,-0.6527366276666215,1.0,0.1590709608387904,0.1824197739212661,-1.0944986106561188,0.1637366478937269,0.1590709608387904,0.1590802797132222,0.159117555713745,0.15916415184560703,0.15953696613282384,0.1600030969949314,0.16093573487688378,0.16373664789372694,0.1684147675320401,0.1778077390743372,0.20626978769872928,0.25457189197055274
synthetic_cell_00045,0,0,4,3,14,0.1017820859828478,0.0928070992219723,-0.0858663943169609,-0.1928795244031772,0.1483591173810414,-0.6832819683707683,1,0.3119658554938382,1.0201272952045273,0.7784511538780432,-0.7680020420738884,0.4311706646282959,-0.505613008581129,0.5311436775671557,0.6411540680522596,-1.1038443250689909,1.0,1.1105042876981377,1.1230507698561754,-0.7160055511951191,1.1119003267174326,1.1105042876981377,1.1105070901378218,1.1105182994835623,1.110532310236396,1.1106443590648702,1.1107843270156286,1.1110639519718633,1.1119003267174328,1.1132858670407169,1.1160247514794808,1.123971170395169,1.1362295810760996
synthetic_cell_00046,0,8,6,0,14,0.3186604686657157,0.0652739473497566,0.0380871473850896,-0.6001301013050797,0.7672852150170143,0.1695260885778984,0,-2.1872025721895905,-1.4485873889628609,-0.8534870645158441,0.8231200399957225,-1.1585194625917543,0.2897263216890646,-1.0580598750232606,-1.0182560032142454,0.0806366364941108,0.0,-1.989489459049536,-2.123457920381608,-0.1617034124790311,-1.987463872318912,-1.989489459049536,-1.9894854406137668,-1.9894693655611853,-1.9894492687989525,-1.98928837681737,-1.9890869670174671,-1.9886831639178029,-1.9874638723189118,-1.9854053504776579,-1.9811887187274422,-1.9677284613320525,-1.9425086748809723
synthetic_cell_00047,0,9,7,0,21,0.3847121834220451,0.4139131987156256,0.2246036131435519,0.5487038981001858,0.5704878738036122,0.085908011001269,0,0.1880210074409225,0.1424664431694765,-0.7524721021154376,-1.2363794542535749,0.5114726990073528,-0.1952012728857645,0.1908931465146509,-0.1916931345389788,-0.0136059654939568,0.0,0.4946986302548994,0.3728264520533038,-0.1471037934089364,0.4881871808348451,0.4946986302548994,0.4946856343091783,0.4946336494446753,0.49456866593046406,0.4940487004852328,0.49339850040699385,0.4920972897275159,0.48818718083484497,0.4816487930592318,0.46849163364495683,0.4283856751761452,0.3594955415883712
synthetic_cell_00048,0,1,2,0,7,0.5237452738047176,0.3090657413618858,-0.0500596451274145,1.2626484399430131,0.1069665593368287,-0.0208159134649204,0,0.4243842595705285,1.575905874496347,0.2409453730123478,0.2881514349701279,0.6826022176220858,-0.3252952568681455,-0.234961293578392,0.3581994217171719,-0.3085387389741532,0.0,0.8231983460448578,0.858014798945325,-0.8258395440643299,0.8155579909830525,0.8231983460448578,0.8231831001811422,0.8231221153284679,0.8230458811175998,0.8224358816398551,0.8216730678653595,0.8201463925585138,0.8155579909830524,0.8078827801230792,0.7924281757269603,0.7452388217765042,0.6639039453293298
synthetic_cell_00049,0,3,3,0,14,0.1237381151004373,0.0578898166809782,0.0520814690202034,0.519654425260342,0.462426741046785,-0.3759719949517974,0,-0.5440489195310221,-1.087925936660672,-1.5063859521082197,1.0205374719009777,-1.008423295320659,0.0683109899377678,-0.7073690311393912,-1.0400542599675464,0.7790990368483783,0.0,-1.376279868046698,-1.4977308577378527,-0.0529891343315798,-1.376361606630479,-1.376279868046698,-1.376280049527175,-1.3762807747298151,-1.376281679614658,-1.3762888539345062,-1.3762976598373988,-1.3763147309890298,-1.3763616066304785,-1.3764251895737798,-1.3764971925771141,-1.3762594916632884,-1.3742702753227405
synthetic_cell_00050,0,6,6,2,14,0.0658382825191866,0.1122138883056256,-0.0329746862215419,-0.9300555697567436,-0.3502071632632875,0.5782838054591337,0,-0.540702511961886,-0.995647668145694,-0.3601085655882753,-1.16094368414659,-0.3155605724500277,0.9602610032131774,-0.7139100322875471,-0.4615406546541956,0.2351008119845302,0.0,-0.7623537276623498,-0.3254352181216036,-0.3009166675985124,-0.7645452540181888,-0.7623537276623498,-0.7623581139667708,-0.7623756590561139,-0.7623975901289352,-0.7625730271395175,-0.7627922943870448,-0.7632307315911246,-0.7645452540181887,-0.7667334214738463,-0.7710990705981737,-0.7840993770244895,-0.8053678762450488
synthetic_cell_00051,0,4,6,1,14,0.4083643515770422,0.2793413694381806,0.0221170771691735,0.1023742374315811,0.5221135875438262,0.0666257272321661,1,-0.4125831709276718,-0.0130407239512214,0.1475964974766443,-0.2691607866686458,0.5334855408015993,-0.1586671240443305,-0.1278249867076235,0.4385765694732601,-0.4140562054521797,1.0,0.1882301822774418,-0.0116844778220241,1.1702563900920604,0.1927956622149628,0.1882301822774418,0.18823930143828518,0.1882757785563877,0.18832137602207316,0.18868619845369655,0.18914233318019627,0.19005495773282147,0.1927956622149627,0.19737287194541278,0.20656191117438163,0.23439520340277467,0.28159265218985374
synthetic_cell_00052,0,3,0,1,14,0.21903239519755,0.1149340801880918,-0.1890902814407075,-0.8773420669014159,0.8481628939849177,0.3383058960902236,1,0.2707344195067855,1.2053096665233085,-0.2250068734567278,-0.3231360913684193,0.3109749496599916,-0.0606551071654218,0.2882308814305192,0.4198461140749205,-0.6263725691887237,1.0,0.647761744125166,0.6971355676902974,0.6350799152460171,0.6507480209529215,0.647761744125166,0.647767715921551,0.647791603139504,0.6478214622347799,0.648060337892048,0.6483589396124633,0.6489561662899137,0.6507480209529215,0.6537349520243958,0.6597101422604447,0.6776346168174507,0.7074233682812415
synthetic_cell_00053,0,2,7,3,7,0.070045714965365,-0.0320107853238413,0.2463565734739967,-0.7241433110310566,0.0727847290655585,0.848266435909025,0,-0.4233294194883714,0.1439687378620168,0.1499235344132687,1.102862363612412,-0.3041086867036993,-0.5747681679668102,-1.1212720790466777,-0.1149865320264652,-0.6832256611282079,0.0,-0.4263480570127999,-0.4297477794626109,-0.2722266772445902,-0.4296942835982707,-0.4263480570127999,-0.4263547446440359,-0.42638149536405673,-0.42641493420292387,-0.42668246245140323,-0.42701691652776574,-0.4276859700449959,-0.4296942835982706,-0.43304524963337776,-0.43976083851350867,-0.4600063903232564,-0.49400398478969326
synthetic_cell_00054,0,9,1,2,14,0.5401645622522769,0.3179726756582485,0.1573041689251528,-0.4051753092699964,1.273853168019307,0.4401327523608975,0,-1.0260835994446595,0.5741033571434084,0.4175399549390504,0.5828083068909492,-0.4193195116527036,0.2586937168764768,-0.0054033674161321,-0.519742972673477,0.3413727803500767,0.0,-0.3335424461615041,-0.2656926113112036,-0.8524275540393758,-0.3372076038529706,-0.3335424461615041,-0.3335497694249912,-0.3335790627633455,-0.3336156800761216,-0.333908644155998,-0.33427491312403,-0.33500766344665284,-0.3372076038529706,-0.34087973777865,-0.34824438592638046,-0.3704910927234148,-0.40800449529390626
synthetic_cell_00055,0,1,3,0,14,0.3582665794076515,0.1814440480878121,0.0276960794871083,-0.1931437123539892,0.784307743791013,-1.034649122865153,0,-2.0422397674022186,-1.2524268130357274,-0.7758379233063064,0.2441877893832984,-1.12438803960692,1.526323753988725,-1.130209788574445,-1.829710764698687,2.025575659686948,0.0,-2.1277984863939268,-1.7497482300474634,-0.228862487835192,-2.1252975937991905,-2.1277984863939268,-2.12779352066976,-2.1277736563304597,-2.1277488226602883,-2.1275500234329265,-2.1273011996169795,-2.1268024686016656,-2.1252975937991905,-2.1227604325938736,-2.117576502043865,-2.101133905570933,-2.0706744790297673
synthetic_cell_00056,0,6,4,2,14,0.3766270225609943,0.4931439982683626,-0.0688563120272881,-0.6304636341949192,-0.7475397168572081,0.5206692361622625,1,1.0208610730076046,-0.2520202333068033,0.4466587059586308,-0.2099408243059309,-0.2742446324539296,-0.5784955220395773,-0.0607878055280721,0.8090275034334534,-0.5211978651356203,1.0,0.4758898612230193,0.6317752006455662,-0.6477486758954291,0.4794667843403767,0.4758898612230193,0.4758970101821947,0.4759256062167425,0.47596135170499043,0.4762473333959919,0.4766048548873715,0.47732004522862703,0.4794667843403766,0.48304850412746875,0.4902257233940272,0.5118562483987273,0.5481561208305673
synthetic_cell_00057,0,3,1,0,14,0.5068854171275594,0.3638959493546242,0.1473034083000246,0.2670329479873696,1.044841078532633,0.1278249357914914,1,0.1318605266822962,0.3621927944941303,0.7937549657173859,-0.5215748925349885,0.0221537820970925,0.3259710057304686,-0.3854856325522711,0.375471172401395,-0.3080991031411484,1.0,0.2534866256825656,0.6914681098924077,-0.8124241354276861,0.2578278486007357,0.2534866256825656,0.2534952978973715,0.2535299871685125,0.253573349684168,0.2539202868621219,0.2543540508864774,0.2552218869081284,0.25782784860073565,0.26217922851246656,0.2709118804715908,0.29733805672957125,0.3420633582998928
synthetic_cell_00058,0,5,6,3,14,0.3023631234042603,0.1320295735490482,0.0466675489496617,-0.8068859182484419,0.5557568803529409,1.0197873415507774,1,0.3125078872470377,0.552324761962482,0.3250708417346701,-0.4841695488970552,1.075004155027266,-0.1284039917552935,0.0428882001154273,1.022406238002388,-0.3532654938426861,1.0,0.8257797401467479,0.686527822991138,-0.8776238050718459,0.8281542492609191,0.8257797401467479,0.8257844926851753,0.8258035026999483,0.8258272649057097,0.8260173500244434,0.8262549250115966,0.8267299696620665,0.828154249260919,0.8305251220602509,0.8352552988853926,0.8493411951786752,0.87238598895134
synthetic_cell_00059,0,3,1,1,7,0.4232949962048651,0.1755620088610692,0.1534335268483723,-0.7580506038062216,1.232421354537648,0.0200212821723292,1,1.6353873420925664,0.5295643169246302,0.5408655444384709,-1.0853769137485405,1.3150617915529996,-1.1512549488211854,0.4070391693235033,1.6742467050169765,-1.3868479308659514,1.0,1.81566568090915,1.5694401376155518,0.8884280181936539,1.8146383976639904,1.81566568090915,1.815663653648133,1.8156555435123258,1.815645403386033,1.8155641840905126,1.8154624141427886,1.8152580540509022,1.81463839766399,1.8135836200464388,1.8113907817884969,1.8041318997970306,1.7896762775851638
synthetic_cell_00060,0,2,1,0,7,0.4221180033803933,0.3315734571291364,0.1497459738297316,-0.9134051538458536,-0.1987912229497397,0.9269912954322428,1,0.5836757401883471,0.0343502286025973,0.4441836248211483,-0.4628461302279928,0.3637330953859031,0.2361615986175592,0.56710936392391,0.5925348979993634,-0.4640189017908008,1.0,0.5988676080660247,0.6329834436948865,-0.9390665861968094,0.6020219120286379,0.5988676080660247,0.5988739147418367,0.5988991415245594,0.5989306751816892,0.5991829515696858,0.599498314794365,0.600129099790551,0.6020219120286378,0.6051780486728724,0.6114951922870562,0.6304739645672957,0.6621150005882445
synthetic_cell_00061,0,7,4,3,7,0.0366659184912389,0.1041744602658944,-0.0864427535851444,-0.6286199490754834,0.1859559194817714,0.2473547105919701,0,-1.4145063949361656,-1.8438531982290267,-0.52246830983321,-0.5272429496714522,-0.9235169111648436,1.145174446679186,0.0041513366265173,-1.3271768073916357,0.916963769152864,0.0,-1.4464191571525946,-1.3482863508350678,0.0174590123869335,-1.446259858574472,-1.4464191571525946,-1.4464188582440756,-1.4464176618232196,-1.4464161645267894,-1.4464041153200033,-1.446388876621883,-1.4463578079185249,-1.4462598585744717,-1.4460807138710094,-1.4456621802009741,-1.4439120751672738,-1.4392657319699642
synthetic_cell_00062,0,0,5,0,21,0.3193892518888557,0.4301963124841479,-0.0398128538742984,0.0808021384416475,0.0008914333783118,-0.1470514284858322,0,-0.3457811997672101,-1.047493441012585,-1.316579205950879,0.6631833606909416,-0.5906853741509768,0.8798985759385041,-0.7949040013536314,-1.184521601862312,0.7524137623325069,0.0,-1.3223458321054915,-1.203198828378958,1.1195517317675332,-1.322612917691202,-1.3223458321054915,-1.3223463829840292,-1.3223485858308262,-1.3223513378876715,-1.3223732942560635,-1.3224005894021715,-1.3224546779901392,-1.3226129176912016,-1.3228631475451196,-1.3233123517278391,-1.3242376232250372,-1.3242916208551434
synthetic_cell_00063,0,0,3,2,14,0.4226881307419157,0.4297680217831774,-0.0007499453380536,1.2905027398097038,0.7033280651051271,-0.5780343861897084,1,0.8246487383714174,0.7985780180683226,0.1995386201482429,-0.2723992391216492,-0.2185396302060337,-1.0936005620622815,0.7114034502327218,0.8543124154299395,-0.6328185362888094,1.0,1.0077603248515132,0.9090689609905868,-0.5474489998308533,1.009509448618643,1.0077603248515132,1.0077638309919301,1.0077778552394985,1.0077953848421324,1.007935593370134,1.0081107832004501,1.0084609261150999,1.0095094486186427,1.011250550006757,1.014708000065248,1.024869873324462,1.0410205923896096
synthetic_cell_00064,0,6,5,2,14,0.086506101214172,0.3881204332996618,-0.0820552031246936,-0.466052041047002,0.3696944037459475,0.2208384852743953,1,1.3548897152928294,0.0168118085179115,0.5656782273164342,-0.4780689548000477,0.9107645862172226,-0.9873359035559492,0.124562735750258,1.303021307803701,-0.8419502517730426,1.0,1.249946348872863,1.02784319629614,-0.8940227700540717,1.2508631883008312,1.249946348872863,1.2499481962639196,1.2499555852809332,1.2499648203208633,1.2500386513656803,1.2501308168826228,1.2503147362694127,1.250863188300831,1.2517661682246555,1.253529829707949,1.2584694780889927,1.2654453253103743
synthetic_cell_00065,0,2,2,0,7,0.3797484938675629,0.2773952167318726,0.0225034843543062,0.3162851709453199,-0.4564455232318372,-0.197288457986077,0,-1.282677865340519,-0.1996919459891101,0.1157030924706606,1.0878882041799636,-0.004187180981572,0.1171746450799397,0.2559881417719386,-0.1456489288805218,-0.1363782173802858,0.0,-0.5215837827442159,-0.9732383178211182,-0.4745849663322558,-0.5246027270128181,-0.5215837827442159,-0.5215898180991705,-0.521613959622398,-0.5216441367590182,-0.5218855631388665,-0.5221873692506347,-0.5227910580616506,-0.524602727012818,-0.5276241153762766,-0.5336736493721659,-0.5518656459521478,-0.5822553708808414
synthetic_cell_00066,0,1,0,0,21,0.2278869381583326,0.2611353890963888,-0.108620648861612,-0.1347904999627744,-0.0837792668814271,-0.1171872897954376,1,0.8740383698412295,0.2773747490153755,1.4615427524804991,-0.9624868454090176,1.416055403872862,-0.2746251172906993,0.6999585483342443,1.108121958045863,-1.0473193280948978,1.0,1.5416907671629303,1.3718770383391377,-0.0372790752631952,1.5416050123604437,1.5416907671629303,1.5416906163756476,1.5416900123984898,1.541689255563865,1.541683126337244,1.5416752783207595,1.5416589599496622,1.5416050123604434,1.5414983664809465,1.5412216403548638,1.53987044282348,1.5357939691697753
synthetic_cell_00067,0,1,4,1,7,0.2554463662221019,0.1250784199554187,-0.0634066576802074,1.510716137773164,-0.7082310918632995,-0.609022295085358,0,0.0834505947875701,0.1699394465009619,-0.5458620903533034,-0.2314972850074107,-0.5364177630484288,0.7294313365991532,0.3880891251797824,-0.485988729018572,0.6621261395537442,0.0,-0.2131584118682257,0.0531072061796658,1.107543679386091,-0.2172372752920203,-0.2131584118682257,-0.21316655965055403,-0.21319915118014737,-0.21323989149269204,-0.21356585000007228,-0.21397338807861008,-0.21478876356079407,-0.21723727529202022,-0.2213260164249353,-0.22953260044714932,-0.2543751320914732,-0.29644911197496004
synthetic_cell_00068,0,4,3,1,14,0.0333636711687869,0.0427558009518399,0.1817992870514317,0.0721651506502313,1.8474066998021517,-0.2403763197622374,0,-1.5842456041908568,-1.0387060080494208,-1.8581586531498848,1.409072012036037,-1.6905874170345452,1.0879582528340688,-0.1306259936684992,-2.07357466899622,1.8327423068467068,0.0,-2.1632115791681104,-2.2093079584232718,1.7274707651002656,-2.1605889877154967,-2.1632115791681104,-2.163206370897144,-2.16318553633656,-2.1631594898130877,-2.1629509846913435,-2.1626900208366644,-2.162166984169374,-2.1605889877154967,-2.157929274132144,-2.152497673254354,-2.135291468993377,-2.103490467978179
synthetic_cell_00069,0,2,7,2,21,0.2186314971330875,0.5281994181328746,0.1875549429451344,-0.2620557711099455,-0.3249511830077268,0.6544680419451596,0,-0.969075691880394,-0.5473685365944339,-1.1658396739659755,1.5755564173288112,-0.8597398405398021,0.4944604030829873,-0.8515853819556911,-1.7324160155101804,1.54874924513155,0.0,-1.508927717161271,-1.5570066692087865,0.7819729354116846,-1.5085536048020105,-1.508927717161271,-1.5089269901271638,-1.5089240811437892,-1.5089204430088337,-1.508891261678476,-1.5088545942860465,-1.5087806230518421,-1.50855360480201,-1.508158139747046,-1.5073024368174612,-1.5042044680558886,-1.4971900772821947
synthetic_cell_00070,0,7,4,0,14,0.5741011729994858,0.3339537371071133,-0.0845860098276943,0.1789662683008748,-0.0776075033853979,0.1300316812155805,1,0.4842247960254188,0.2512808463397977,0.4656615940733506,-0.27747099853998,0.5908568520744485,-0.0164014276625348,0.4084996219910756,0.6762237516784919,-0.2423736421030532,1.0,0.6969593038316737,0.6175681872558022,-0.4281633528511712,0.6997765107940886,0.6969593038316737,0.6969649386704617,0.696987478010672,0.6970156521522205,0.6972410439174874,0.6975227801163236,0.6980862402212825,0.6997765107940886,0.7025931862492556,0.7082243010379489,0.7250879351881527,0.7530129073229868
synthetic_cell_00071,0,11,6,3,14,0.2229626953446961,0.0636476365241989,0.0062477872002963,-0.0867537436973697,0.7681372995912833,0.3336784699970613,0,-0.2129751048987189,-0.3229956235889112,-0.8403171615961496,-0.3527478943594878,-0.2595111641830078,-0.0824024104721172,-0.2973392900940828,-0.8437413987786163,0.5177003276664616,0.0,-0.3203413352874476,-0.3382768215410255,-0.5599210878443175,-0.324051859254216,-0.3203413352874476,-0.3203487489662851,-0.32037840397874756,-0.32041547341274873,-0.3207120556060923,-0.32108285007542237,-0.32182466093417667,-0.32405185925421603,-0.32776967762605913,-0.3352266510467642,-0.357758011633812,-0.3957715194475942
synthetic_cell_00072,0,4,5,0,21,0.482651890933403,0.454420282690061,-0.0289720258269844,-0.5415198439536815,0.3058995934626333,0.1482064074993516,1,-0.001053984807918,0.6804634922397006,-0.1498965857825287,-0.3590089223072762,0.5856859063560788,0.0955737793627055,-0.6145460532353985,0.0826836537210017,-0.379190781257091,1.0,0.2687991470684037,0.3949746089789013,-0.2169721925772091,0.2730877477438412,0.2687991470684037,0.26880771440665796,0.2688419841568535,0.2688848222381644,0.26922756261477565,0.2696560773206404,0.2705134036469633,0.2730877477438411,0.2773861363531311,0.2860116963614064,0.31210769076660755,0.3562528993200521
synthetic_cell_00073,0,2,1,1,14,0.2425671418871601,0.0107973366794945,0.1039783250952606,-0.8903395243305102,-0.7672554462053394,0.2616439279327431,0,-0.933379654387984,0.6400702382255306,-0.3162792110117667,0.817311631735169,-0.1065794756225727,0.9139315239880964,0.2088167050319307,-0.3727010389489947,0.3670595830057583,0.0,-0.5033905120968507,-0.5168864858370629,0.6871713532711212,-0.5064719784465642,-0.5033905120968507,-0.5033966720588142,-0.503421312027589,-0.5034521122605452,-0.5036985249872371,-0.5040065679733651,-0.5046227436718573,-0.5064719784465642,-0.5095563273821566,-0.5157331005698718,-0.5343173962140705,-0.565396347233671
synthetic_cell_00074,0,7,0,0,14,0.4906414349782721,0.2504315889760894,-0.1693303683054188,-0.8557820482075337,-1.2112428822051002,-0.6125864577465505,1,1.2530608779378178,0.515372579710774,1.2679478606208978,0.3792564735481123,0.7739919871505453,-0.5501289226455179,-1.6131194475141548,1.2818884233096963,-1.3251088532894506,1.0,0.7191495340046884,1.113845731062828,-0.2809415714205312,0.721890483135422,0.7191495340046884,0.7191550168610065,0.7191769482499781,0.7192043624044205,0.7194236723504076,0.7196978014685663,0.720246031386902,0.7218904831354219,0.724630365933867,0.7301062877939016,0.7464914369756598,0.7735757639128868
synthetic_cell_00075,0,7,6,1,14,0.4179211253369095,0.1717216569009525,0.0483525750553331,0.0435931930291738,0.0636896832967867,-0.6243617714589662,1,-0.279361841792345,-0.4974337738777626,0.1396877222660683,0.3155126838786334,-0.0657714968079612,0.4218267705867332,-0.0810358314609491,-0.1938729830581172,0.0157034900739264,1.0,-0.3447452745803583,-0.3529945139168303,0.6594545360750845,-0.3383481979283176,-0.3447452745803583,-0.3447325050325789,-0.34468142585372336,-0.344617574657814,-0.34410667621058083,-0.34346783101790446,-0.3421894006304475,-0.3383481979283175,-0.3319265458022443,-0.3190100093184927,-0.27968423852324525,-0.21229577527815724
synthetic_cell_00076,0,3,6,1,7,0.1710715750604299,0.2379309419809476,0.0156232274953383,0.7790521038079765,-1.022710865366372,-1.133773177914357,1,0.15276208736789,0.2943070700260617,-0.0016425239042475,0.9072965560847742,-0.1062092349414296,0.4343616553728061,-0.7454319775670292,0.0997633210059969,-0.5463677069527514,1.0,-0.3352855836948811,-0.0832575013972248,1.2605379497731584,-0.3289210157419244,-0.3352855836948811,-0.3352728789371996,-0.335222058927841,-0.33515853171428994,-0.33465022594545424,-0.33401462364981815,-0.3327426858880105,-0.32892101574192445,-0.322532100310748,-0.3096817225428492,-0.2705599297982822,-0.2035298334404108
synthetic_cell_00077,0,5,2,0,14,0.1711077992411424,0.0904450696863876,-0.0107379115443202,-0.432562248216793,1.03248868715846,0.8113793141660838,1,1.755653607709463,1.625948834921739,1.4503638837830914,-0.7298515994868324,1.3708364351563498,-0.6975329436514313,1.2555256590556891,2.1280333808386747,-1.6748669749468592,1.0,2.3461540035015624,2.243506347294587,-0.3365498110677805,2.343303670702714,2.3461540035015624,2.3461483428881693,2.3461256988322434,2.346097390156906,2.3458707765106794,2.345587148716642,2.3450186898258014,2.343303670702714,2.340413057794846,2.3345101166781057,2.31581238586365,2.281259970725489
synthetic_cell_00078,0,7,4,1,14,0.5249917861005712,0.3945575802013301,0.054622027240757,0.5416013949342817,0.6478867165309617,0.9779759048171492,0,0.070229186858609,-0.3037418684429056,0.03211136607699,0.7612354171137448,-1.1480379978096296,0.8819957548480789,-0.6223288974567963,-0.932199213599172,0.8666561253387054,0.0,-0.9014298946511308,-0.3026685827201021,0.0370915834076625,-0.9031434788292446,-0.9014298946511308,-0.9014333284129599,-0.9014470631980693,-0.9014642310893969,-0.9016015505992976,-0.9017731408459844,-0.9021161236108103,-0.9031434788292446,-0.9048503521177613,-0.9082433372591867,-0.9182447628783037,-0.9342445600183015
synthetic_cell_00079,0,1,2,0,21,0.5782281724589163,0.4810285609366153,-0.0146704301532638,0.1242463514244204,-0.3080057988818003,-0.5132407345065988,0,-0.504943374065814,-1.7975940078918606,-0.9861116247628572,0.1623575972977221,-0.2242150472960933,0.6736754151821953,-1.6763139003598149,-1.6672132127431698,2.1615057026633595,0.0,-1.455569674207435,-1.2996238275310878,-0.4122315568418929,-1.455378929421503,-1.455569674207435,-1.4555693126263718,-1.455567865506531,-1.4555660548165523,-1.4555514976686312,-1.4555331220620187,-1.455495772933385,-1.4553789294215025,-1.4551681179660714,-1.4546855878647504,-1.4527381714543717,-1.44774517397913
synthetic_cell_00080,0,4,7,1,7,0.2528479700509483,0.1203997980638967,0.221236169134263,0.5841249972787115,0.6659190982914757,-0.6140634081890798,1,1.2281528457261637,0.1162040633240829,1.355864887631923,0.0185537254041292,0.1593935749270463,-0.2313165623555519,1.3077458279344605,0.8770781954152765,-0.6512178565169248,1.0,1.1495767699496455,1.0943295944233526,1.2359734833534295,1.150838534436785,1.1495767699496455,1.1495793047791103,1.1495894436463663,1.149602116216473,1.1497034561981254,1.1498300296269504,1.1500828373220802,1.1508385344367849,1.1520888585097904,1.1545544797645633,1.1616583839658279,1.1724365894254871
synthetic_cell_00081,0,3,3,1,7,0.4446792951582929,0.2760811153576413,0.110784673925362,0.999964541279702,-0.2648969057750631,-0.0346553867937566,0,-0.7967309806035672,-0.7378415991049754,-1.5760220800042155,1.0220739307748408,-1.385472360840735,1.6416717356821162,-0.6086494960049432,-1.7871457937696555,1.989957727081496,0.0,-1.9080367252765444,-1.4956853613825438,1.2950548980998755,-1.906291054924147,-1.9080367252765444,-1.9080332647163611,-1.9080194212445247,-1.908002114134628,-1.9078635464283134,-1.9076900596157969,-1.9073421613141752,-1.9062910549241467,-1.904514412620641,-1.9008674409506916,-1.8891635379709752,-1.8670294720799951
synthetic_cell_00082,0,2,5,0,7,0.3405515586789792,0.1834209134617011,0.028237283446246,-0.4567736913586982,0.8591185873292579,0.2588117958852972,1,0.051665569384884,-0.0868386115401614,0.6707272803394243,0.2202185693653883,-1.0076309665614531,0.4463175421556136,0.1761674943961947,0.6785865392787204,-0.5258286698545733,1.0,-0.2612894543543049,0.1734800491255584,-0.9712984434750774,-0.2551791777868962,-0.2612894543543049,-0.2612772564013935,-0.26122846368233915,-0.2611674707419243,-0.2606794455687625,-0.26006921004586075,-0.25884805926780524,-0.2551791777868961,-0.24904633718301555,-0.23671346986598743,-0.19918724577197403,-0.13496038715822053
synthetic_cell_00083,0,6,1,3,14,0.3561331511198287,0.3421197302856661,0.2000846771402091,0.6718516268647665,1.3965934601966832,-0.9305151219935764,0,-0.3737220213376974,-0.482196461002672,-1.0299151257008574,0.7530507816829434,-0.2432174782482468,0.3136722862147692,-0.1334049876468071,-0.7007147939276084,0.3993768078287782,0.0,-0.712512345564175,-0.9242018330449544,-0.8135336860141977,-0.714875154313084,-0.712512345564175,-0.7125170732357786,-0.712535983841826,-0.7125596219184711,-0.7127487192776036,-0.7129850727568531,-0.7134577184186639,-0.7148751543130839,-0.7172358054300723,-0.7219500327347926,-0.7360250622241227,-0.7591817310660083
synthetic_cell_00084,0,3,7,0,7,0.1564016502960556,0.0784734846624425,0.1969211344350595,0.7861881938013724,0.4609941616814513,0.3949546674312563,0,-1.0659979031349092,-1.08257368697347,-0.5981762233434537,0.8693060631402219,0.2522850243701184,-0.5010876318750317,-0.3151948747428935,-0.190492946052301,-0.2984535026499905,0.0,-0.6712593492194766,-1.3884163746105511,-0.813358008601122,-0.6737639259458729,-0.6712593492194766,-0.6712643594357959,-0.6712844002604138,-0.6713094511996146,-0.6715098550331082,-0.6717603505410313,-0.6722613100521444,-0.6737639259458728,-0.6762673393128401,-0.6812700797726183,-0.696234642110431,-0.7209541218377232
synthetic_cell_00085,0,8,7,1,7,0.2377482269414857,0.1574182229976334,0.1427896858070523,0.8100923262231763,-0.096398911858904,-1.0843254459025058,1,-0.1648666718601288,0.8609037416485246,0.073081209868192,0.1091450972174304,0.6743643703160798,0.3507585602634372,-0.160522812287458,0.154361366375391,0.2606766276832865,1.0,0.2947682604090513,0.3021884110808632,1.4792789160241342,0.2989676169325082,0.2947682604090513,0.29477664988299523,0.294810208150953,0.29485215682322463,0.2951877796777118,0.29560739185580803,0.29644689437230404,0.2989676169325081,0.3031761354867967,0.3116200740011723,0.3371560998850701,0.380317505645767
synthetic_cell_00086,0,7,4,0,7,0.5106732126296407,0.1660973874732517,-0.0727986700521406,0.3622762820270809,0.5614331657990327,-1.3516394263211606,0,0.8370457023403743,0.4229494232401884,1.141708261537073,-1.1865149495475509,0.2252736485602928,-0.5734719102413907,0.6070286883460463,0.1794363556444022,0.2130363878329638,0.0,1.2325957647967172,1.3876139947526689,-1.0383159661886534,1.2235484951059727,1.2325957647967172,1.232577714940867,1.2325055137255931,1.23241525817483,1.2316930525101726,1.2307898923233436,1.2289822285345378,1.2235484951059725,1.214456502392185,1.1961386746808509,1.1401215388883001,1.0432772255716982
synthetic_cell_00087,0,5,5,2,21,0.1991509330834748,0.3438444449619535,-0.0480885661813784,0.9839959184478536,0.6612633095076369,-0.7456194418445148,1,-0.3604656741672092,-0.1671985440667435,-0.5143204109192281,1.4830760093084865,-0.478083563173748,-0.0477642960436375,0.1256426179433748,0.1321516172528454,-0.4015927432997071,1.0,-0.5711887019530786,-0.8760703362718776,0.6427730984689994,-0.5640134411796793,-0.5711887019530786,-0.5711743814781065,-0.5711170983725204,-0.5710454917777815,-0.5704725305222031,-0.5697560577696729,-0.5683222087303318,-0.5640134411796792,-0.5568081472324259,-0.5423079219633188,-0.49809938179811064,-0.42213243251361104
synthetic_cell_00088,0,11,6,1,14,0.2456557083214374,0.1274691572583369,-0.0294283611462532,0.1840940336412201,0.473550044003022,-1.2126502789546088,0,-0.6400249615618905,-0.7691172002678869,-0.7375814944723204,0.1538805105634846,-0.7818798162996496,0.2758287372540415,-1.2788286229822368,-0.5245111698376174,0.985339174471526,0.0,-1.1471450470497369,-0.8601875551028197,1.0764499027252852,-1.148014218863172,-1.1471450470497369,-1.1471467978909533,-1.1471538007571027,-1.1471625532175769,-1.1472325279933524,-1.1473198840985537,-1.1474942211306398,-1.1480142188631717,-1.1488707576034471,-1.150545272327071,-1.155248374944336,-1.1619396042491816
synthetic_cell_00089,0,8,2,1,14,0.4828317002893612,0.2186393161978718,0.0299128462798757,0.7942137247239104,0.4971580346372205,1.3111566667527612,1,1.602997509481371,1.6535247426429074,1.412473425903145,-0.5175879213614322,0.8452589372572343,0.182373058737322,0.1583669714503044,2.410437205313161,-1.7753367169344216,1.0,1.572777355261544,2.0977809984724174,0.8810266325336406,1.5725847698500786,1.572777355261544,1.5727769915600012,1.5727755358958806,1.5727737143852274,1.5727590650572207,1.5727405601804059,1.5727029056386366,1.5725847698500783,1.5723705441181008,1.571876406157557,1.5698548926803955,1.5646007480069977
synthetic_cell_00090,0,0,7,0,14,0.5054343902367585,0.2988684942058693,0.2864989527466163,-0.1234144169785906,0.3406159873689759,-0.5051779838778132,1,0.9989007570454046,1.7613813164603571,0.222973319761836,-0.1097273105859658,0.8221792228249533,-1.2167313070593837,0.7281252364271033,0.8321889519608553,-0.8184646694168843,1.0,1.6466073612720633,1.3320520332060053,-0.3587135763256256,1.646161055366151,1.6466073612720633,1.646606491903541,1.6466030135004384,1.646598663406161,1.6465637790129712,1.6465199643125195,1.6464316368051626,1.646161055366151,1.6456913297018545,1.644680843115527,1.6410673430829832,1.6330162540107156
synthetic_cell_00091,0,8,0,2,14,0.4407515718256159,0.3058124034994743,-0.1308888111790332,1.004373443440503,-0.1926616010522253,-0.2473188025644966,0,0.2886767576527706,-0.3590673671516513,0.1463938399354227,0.9716623671162374,0.1131741676055794,-0.3551458832530006,-0.6889011092581735,-0.1481561754706462,-0.0251022216173756,0.0,-0.1419302852917674,-0.2600055039391992,-1.6284665028856058,-0.1462539277216873,-0.1419302852917674,-0.14193892092061736,-0.14197346390485685,-0.14201664368997038,-0.14236212414868207,-0.14279408009495512,-0.1436583427519059,-0.14625392772168724,-0.15058916458855784,-0.15929390034151453,-0.18567231456261443,-0.23044467035631858
synthetic_cell_00092,0,5,5,3,7,0.3980087203265335,0.2826138223334196,-0.1011014830946998,-0.3022303084208286,0.9274302492159642,-0.3693664899745774,0,0.1663935295853135,-0.2549258460304245,0.0139876136192957,0.859232450721878,-0.0196837919245391,-0.3917624861084713,-0.4319522156192122,-0.018385017997446,-0.1120519526238851,0.0,-0.1226366674093812,-0.2783317958992143,-0.9400562901954754,-0.1270266133185137,-0.12263666740938123,-0.12264543518159682,-0.12268050675786965,-0.12272434732480966,-0.1230751157096176,-0.12351368574265983,-0.12439119050655115,-0.12702661331851361,-0.13142861867599542,-0.14026828917456954,-0.16706272910030065,-0.21256599606936588
synthetic_cell_00093,0,10,2,0,21,0.2277456404813789,0.2423562079032786,0.0185311840055881,1.1868764701410492,0.2534480466819076,-0.3019292002976259,0,-0.746938990090009,0.2709318040303649,-0.8946192152584262,-0.7143574248533628,-0.246901882826301,0.3922847027014136,-0.9883713335233502,0.0386931863650904,-0.6504314749695033,0.0,-0.5731426443154279,-0.2359371818754698,-0.3253817846985377,-0.5759844039871727,-0.5731426443154279,-0.5731483265400605,-0.5731710554923725,-0.5731994668036857,-0.5734267621143246,-0.5737108932215275,-0.574279194788802,-0.5759844039871725,-0.5788273650911235,-0.5845163092840612,-0.6015965490206194,-0.6300330400695389
synthetic_cell_00094,0,4,0,1,14,0.2197900139977117,0.013952122716747,-0.1797266576244877,0.2911337574117703,0.5624855516233385,0.4404532621774236,0,-1.2335718592779084,-0.637286879290048,-1.2291096365492633,0.9551113247013832,-1.2510952934574524,1.1049737523611016,-1.2290783677871184,-1.1055816173193695,1.315390574408461,0.0,-1.8971237247056467,-1.5206408283032276,1.114273099368213,-1.8954155574234823,-1.8971237247056467,-1.897120338889383,-1.8971067944037292,-1.8970898610501954,-1.896954284340223,-1.8967845386369753,-1.8964441304350061,-1.8954155574234823,-1.8936766812134385,-1.8901060323443721,-1.8786374449379104,-1.8569168024972451
synthetic_cell_00095,0,8,7,2,14,0.5865287439448749,0.5308728957862778,0.2876022649022068,-0.518200528047579,-0.0419678505002624,-0.1038884438806695,0,-0.4746587652190804,0.1427606686658911,-1.0369787615179973,1.371634014576366,-0.4661913175736257,0.9737493436140262,0.2830063286114868,-1.6716938274814732,2.0114777167001345,0.0,-0.846896959882158,-0.934602061807168,-0.7997807589675144,-0.8487979492078651,-0.846896959882158,-0.8469007671439486,-0.8469159959813944,-0.8469350315562462,-0.8470872972587494,-0.8472775820584506,-0.8476579933117224,-0.848797949207865,-0.8506935419872164,-0.8544679168568762,-0.8656452288624227,-0.883710928400346
synthetic_cell_00096,0,0,3,0,21,0.4957931610127581,0.435213012028051,0.0773142911480411,0.2154929156236019,0.4151960910783325,1.1599815377031926,0,0.1611913279486045,-0.5130900121004284,-0.0371562835252768,0.3155816609804351,-0.4666186629705005,0.295459873820256,0.6024095248932038,-0.5655938010322716,0.7621266755803264,0.0,-0.170804925121453,-0.2130717460076925,-0.0377340908797087,-0.1750293384128366,-0.170804925121453,-0.17081336298583435,-0.1708471148844064,-0.17088930574990088,-0.1712268723501333,-0.17164892971883383,-0.17249337436804624,-0.17502933841283655,-0.1792646502096594,-0.18776744394199749,-0.2135232381623103,-0.25720171943933756
synthetic_cell_00097,0,5,0,0,14,0.3111021474625273,0.1739826117045938,-0.0531455720551079,0.7252607120197344,0.5581138796607672,-0.9203344776963568,1,0.7594554580808682,0.0778981161341126,0.4778431546941022,0.2637397158084898,0.2479562301809638,-0.7816915725360536,0.4867351279908471,0.6090210498813037,-0.7221590961791832,1.0,0.7618171399613513,0.4900891248780535,-0.6794327613573444,0.7644114597381791,0.7618171399613513,0.7618223305841915,0.7618430929981825,0.7618690458414924,0.7620766616019526,0.7623361637460646,0.7628551089027543,0.7644114597381791,0.7670036848155536,0.7721812000941495,0.7876463133893645,0.8131142389751321
synthetic_cell_00098,0,2,5,1,7,0.1771933469612739,0.0789156179772573,-0.0256162751174085,-0.7659108847805932,0.9959620544889446,0.5409558196367995,1,-0.6817202563607474,0.0908814641696787,-0.4680377378927646,0.070137843248329,-0.1124660000956886,0.0808065250193898,0.1379106903858176,-0.1839171289087909,0.4326244003236481,1.0,-0.2482918263919564,-0.4129301185331941,1.659036889404547,-0.2422262168206843,-0.2482918263919564,-0.24827971746072633,-0.24823128084090837,-0.2481707330526883,-0.2476862702231217,-0.24708049044510202,-0.2458682605433954,-0.24222621682068424,-0.23613835647949283,-0.22389639132676686,-0.18665043334792863,-0.12291597131779047
synthetic_cell_00099,0,5,3,3,21,0.5385601334003457,0.2927789130864913,0.0484549316649531,-0.7511963916002229,-0.4016282870835075,-0.6608806837594197,0,-0.9353535648144556,-0.291707507542966,-0.1259873946341701,1.7382783924511298,-0.6561078263982003,0.0520743883656295,1.0993700885479236,-0.2810827122262819,0.6791749827527958,0.0,-0.5826709550165734,-1.1550624257886106,-0.0658231617964619,-0.5854799701738183,-0.5826709550165734,-0.582676571981126,-0.5826990398839471,-0.5827271248627608,-0.5829518086879273,-0.5832326733743828,-0.5837944352190383,-0.5854799701738181,-0.5882899571135939,-0.5939122626808232,-0.6107870447267838,-0.6388625693247122
synthetic_cell_00100,0,10,3,2,14,0.4968117614884275,0.4457829391480439,0.1191040172372504,0.6359182353562487,0.0729965767048732,-1.3752868185201284,1,0.6466922095930366,0.7873475961102836,0.9313722116504703,0.5275664694203896,0.7247405307716491,-0.6727020226784673,0.1259930668347917,0.8125620930921078,0.0853675634521717,1.0,0.9769382441797896,0.782248263722245,-1.2048636069845506,0.978793289562946,0.9769382441797896,0.9769419614228364,0.9769568301105919,0.9769754153302123,0.9771240714643453,0.97730982747863,0.9776811250202073,0.9787932895629459,0.9806410554354763,0.9843140674295354,0.9951405530962214,1.0124589226947307
synthetic_cell_00101,0,4,6,2,14,0.0881036536477734,0.3010488284258668,0.0159728035564446,-0.615735475899533,-0.1713501385840956,1.1007601375351594,1,1.1246228731029309,-0.2871384920894317,0.3893541894560997,-0.6130715385424692,0.2324274170772087,0.624503594991785,1.0532910458736342,1.0951810867774885,-1.13413053931467,1.0,0.6665617336203729,0.7872045071052947,-0.0153186994962813,0.6694834033474649,0.6665617336203729,0.6665675766542883,0.6665909488042673,0.6666201640238599,0.6668538870469427,0.6671460439024011,0.6677303672730225,0.6694834033474649,0.6724052742042217,0.6782489820083282,0.6957680749036634,0.7248446155989772
synthetic_cell_00102,0,6,3,3,14,0.4079294620695119,0.2444893736766298,0.0435213784517485,0.3595705104145081,1.470272632180541,-0.8810617640422824,0,0.465195996235573,-0.2893603902190153,0.6851011922199707,-0.2728777679770522,1.0263658184609332,-1.008276629606924,0.3997487009700859,0.090662844379584,-0.1591695707262239,0.0,1.0062597471745196,0.4589904641122819,-0.652403052479844,0.9979902924861735,1.0062597471745196,1.006243247510205,1.0061772472789303,1.0060947434483496,1.0054345711535553,1.0046090017052118,1.002956682847985,0.9979902924861735,0.9896815698858359,0.9729466797628835,0.9218099972781939,0.8335401009359129
synthetic_cell_00103,0,9,7,2,7,0.2572016438972209,0.3466534699376661,0.1807273408244329,0.6545237264138011,0.8405269004987974,1.0808457077954592,0,0.1396629972227751,0.1664763336771477,0.2576481698496077,1.0119642612648594,0.5029649899977229,0.5583802824469428,0.7768519448331235,-0.1091717369135627,0.3045586677849125,0.0,0.2012541679275213,-0.0931634993151191,-0.3563064574871829,0.1957511550239654,0.2012541679275213,0.2012431818038623,0.20119923651005883,0.20114430309474435,0.2007047638629682,0.20015516011392026,0.1990553540115897,0.1957511550239654,0.1902282763118808,0.1791233941904576,0.1453449394565117,0.08757153048567547
synthetic_cell_00104,0,1,0,2,7,0.1819141934926763,0.2393564954190542,-0.0830754420252395,-0.1851343082914942,0.2140038888938059,0.5936729128902312,0,-0.6404055123267942,0.3393787586019617,-0.7677795655426932,0.3284727083830433,-0.3349174868882441,0.0979499139920124,-1.1067515858111672,-0.5046666134567126,1.303156021797561,0.0,-0.6675332373796382,-0.4804862725701033,-0.1429281770075789,-0.6700506190750362,-0.6675332373796382,-0.6675382731163634,-0.6675584160261913,-0.6675835945799745,-0.6677850196529346,-0.6680367925172961,-0.6685403094321971,-0.6700506190750362,-0.6725669272171002,-0.6775957271726306,-0.6926406351622102,-0.7175012733182111
synthetic_cell_00105,0,2,7,0,14,0.175259753570031,0.1881756984303023,0.2199928488948724,0.7597826267866497,-0.8350706424820502,-0.2899092244095992,1,1.389008653094745,1.9715137568864445,0.1756472282190333,-0.6566214199437006,1.0861013429502355,-0.9909880208530596,0.725805204557922,1.951290281318772,-1.8869884545444875,1.0,1.9266572561581363,1.7730358486304525,-1.0634533774161703,1.9252485448341603,1.9266572561581363,1.9266544687079001,1.9266433177083835,1.9266293762620756,1.926517736790785,1.9263779175817035,1.9260973788115665,1.92524854483416,1.9238096640382878,1.9208405784190064,1.9111883999197223,1.8925280202997343
synthetic_cell_00106,0,2,0,0,7,0.698271133422983,0.2591972606521672,-0.1314004359016228,-1.5061069051763674,0.3480251292962226,-0.8562838456051677,0,-0.0178517873420531,-0.9997965874562096,-0.2303702052826705,0.6276484602935742,-0.7012483419681776,0.173471829634539,-0.7272615657645957,-1.0537514436004345,1.664290768810517,0.0,-0.8191023015415895,-0.665419074154231,-0.7769300257108438,-0.8210988085956324,-0.8191023015415895,-0.8191062991709784,-0.8191222895055711,-0.8191422770120521,-0.8193021605755532,-0.8195019737220428,-0.8199014617415471,-0.8210988085956323,-0.8230905890053063,-0.8270593527747343,-0.8388359972845114,-0.8579546577818726
synthetic_cell_00107,0,4,0,3,7,0.2388113756046042,-0.0049736696620893,-0.1715602073221645,-0.4774694872396392,0.2931253704305425,-0.5341894325712,0,-1.6960275185078784,-0.6848307569075935,-0.9087104100823836,1.3020138699748771,-1.6656552442446042,0.9149885809198876,-0.59898741204913,-1.8959742876858927,1.5605116694680616,0.0,-1.9662795189115925,-1.7703739416400424,-0.3661640561215313,-1.9643336942967544,-1.9662795189115925,-1.9662756594423594,-1.9662602202782633,-1.9662409184269034,-1.9660863877430774,-1.9658929345928253,-1.965505061554141,-1.964333694296754,-1.9623554939731975,-1.9583011867485012,-1.9453414021912903,-1.921000891194389
synthetic_cell_00108,0,10,2,3,21,0.2614106014307895,0.1942652457345864,0.0860960271474867,1.7299835735321936,-0.1659179685423432,0.1897086822235394,1,1.5665537868515764,-0.0846290129036891,0.480819285158548,-0.5421194063493009,0.8371995142264103,-1.099413470930164,-0.1810791116240778,1.202965354675316,-1.357088777283664,1.0,1.2126955511143342,1.0792440154339034,1.0064382413241333,1.2137404047649272,1.2126955511143342,1.2126976536387628,1.2127060632251196,1.2127165740574042,1.2128006146682428,1.212905550211528,1.2131150365526622,1.2137404047649272,1.2147722967235788,1.2167964809844163,1.2225393633405517,1.2309264038663101
synthetic_cell_00109,0,0,3,0,7,0.2760885068002559,0.1858457199206215,0.0104598718542029,0.510764683206282,0.9991398866881755,0.6288576411895757,1,1.5971222662905604,0.7605403792642527,0.9756886350351456,-1.22760069880717,0.2880192216339259,-0.1352168841094522,1.6158967956197583,1.4562523800843876,-1.5066032728809526,1.0,1.6716237375638916,1.836897066053379,-0.9196721472218288,1.67109146163434,1.6716237375638916,1.671622696856423,1.6716185330734556,1.671613326200169,1.6715715854076334,1.671519194789256,1.671413697379803,1.6710914616343397,1.6705351630060845,1.669349718130867,1.6651967933187106,1.6561979945369318
synthetic_cell_00110,0,5,3,1,7,0.0698930089813593,0.0147009069589468,0.0596113876775605,0.310977464402461,-0.3272741035690809,-0.3338683908031895,1,-0.4787084871874552,0.5433039839738316,-0.00734120523657,-0.9359448768124764,-0.004657231736831,-0.5033890285276774,-0.0442229653620782,0.9574328869197036,-1.3220464925740525,1.0,0.3520001547994085,0.3654177335713985,1.8673307639047545,0.3560028310660499,0.3520001547994085,0.3520081522880238,0.3520401425595792,0.35208013111239883,0.35240006805303997,0.35280006044195134,0.3536002820485348,0.3560028310660499,0.36001328997042936,0.36805696290694173,0.39235890509869475,0.4333521622284815
synthetic_cell_00111,0,11,0,0,14,0.6098422842634449,0.2602915342895548,-0.2711910226707166,-0.9397045207717004,0.2575494298921413,-0.9943150353874552,0,1.5142441401533828,-0.1217957587968285,0.2285745590820675,0.3817006596523786,0.5409028592413021,-0.0328161259594828,0.5731951166653082,0.1285689831570186,0.3680509792740059,0.0,0.7689178534406886,0.6360477158817558,-0.6916475582588354,0.7614640359963984,0.7689178534406886,0.7689029793479403,0.7688434816313818,0.7687691064582153,0.7681739839846233,0.7674297782228992,0.7659403581417054,0.7614640359963984,0.7539766710128654,0.738901690827518,0.6928827798868198,0.6136042424264724
synthetic_cell_00112,0,9,5,3,21,0.3447454558719701,0.4104543131726209,0.028578049899244,1.6849416943539426,-0.9611061842441664,0.262864837399278,0,-0.0345052528100841,-0.7896850978528305,-0.8017422599829787,0.4763064615103251,-0.3589944899044532,0.3051501019494995,-0.2557429485551992,-0.5703405384598716,0.9907138619099116,0.0,-0.6614792309784214,-0.7213633847286912,0.1871531154039363,-0.6640174175684754,-0.6614792309784214,-0.6614843081794683,-0.6615046169524109,-0.6615300028481987,-0.6617330871816787,-0.6619869354330351,-0.6624946074939886,-0.6640174175684754,-0.6665546765177972,-0.6716258166823383,-0.6868012664030885,-0.7118912519506119
synthetic_cell_00113,0,0,7,1,7,0.1772937336560227,0.1267601791029633,0.2492394673976762,-0.3196433396101609,-0.6133034399415231,0.9473660558389646,1,0.5380216752560104,-0.1729781149325166,0.3452870233411244,0.3392598680819754,0.4689546648809297,-0.228286120245982,-0.3190646533644009,0.7183541470168534,-0.9860184823054182,1.0,0.3041745597048349,0.2160904841458369,1.3581800375562396,0.308341591012066,0.3041745597048349,0.3041828847543638,0.3042161853156073,0.30425781183411443,0.3045908566435809,0.30500724422792286,0.3058402907638999,0.308341591012066,0.31251755764115086,0.32089571084711954,0.3462289099560519,0.38903397149370095
synthetic_cell_00114,0,0,4,2,7,0.6015110199789112,0.5844081734942258,-0.0196413597054278,1.3076305957878605,0.8211379088343536,0.8175665914637391,1,0.9892509025971744,1.069019646984754,0.8307891553158093,-0.0105423736714638,0.8659151661474672,-0.0634378743905325,-0.0497191035335119,0.8338450690111349,-0.9722620871168296,1.0,1.0597760902164526,1.2098668627369686,-0.8394143819285055,1.0613464592140711,1.0597760902164526,1.0597792400971808,1.0597918392559271,1.0598075873848813,1.0599335396171088,1.060090897810684,1.0604053398872766,1.061346459214071,1.0629075521578086,1.066001216942309,1.0750414812026412,1.0892216572399356
synthetic_cell_00115,0,7,3,1,7,0.080094301400732,-0.0081194496074887,0.048769937362853,-0.2182392638588686,0.3128734860228819,-1.1824621644681903,1,0.5913977004316274,0.6783150073522559,0.4811100237478257,0.5319951946497044,0.8652871567962995,-0.1257846417832548,0.0181783478191734,0.6578984214721518,-0.6964151007602115,1.0,0.7098889343978827,0.5639705069721987,1.306852886641537,0.712661708040601,0.7098889343978827,0.7098944806807084,0.7099166657846238,0.7099443971028018,0.7101662451609577,0.7104435489252459,0.7109981348236303,0.712661708040601,0.7154336385483803,0.7209743267295801,0.7375591609833767,0.7649943125188944
synthetic_cell_00116,0,3,0,0,7,0.2782404622312028,0.2170917709977809,-0.1224999463974267,0.922202828099792,-0.8730798295290914,0.2576521524954136,0,0.1166938236293928,-0.2667083897826584,0.4326478392386583,0.2957014249443073,0.4466145840821138,-0.7515431854015825,-0.2808065581413863,0.2258192278475409,-0.5174681786179499,0.0,0.3294594127636818,0.0265744987392974,-0.92263686384287,0.3235158161480531,0.3294594127636818,0.3294475485531524,0.3294000907884652,0.32934076650688787,0.3288660892380689,0.3282725351724559,0.3270847358501493,0.323515816148053,0.31754926374354153,0.30554774615414954,0.26900481885494815,0.206374537173048
synthetic_cell_00117,0,3,0,0,7,0.4152558116583981,0.2448311867203781,-0.2245922764950757,-0.5585339794264428,-0.8679365561752215,-0.4311298303799593,1,0.9601457505902472,-0.441058063650933,0.0030534213076302,-0.4746433133030989,-0.3944511735306309,0.4930633245279764,1.1135419245577065,0.5900172312168902,-0.4900143312349761,1.0,0.333485947279636,0.474338710209216,-0.6986969734799882,0.3375522485429425,0.333485947279636,0.3334940715733797,0.33352656908326955,0.33356719172410393,0.3338922029728241,0.3342985422571569,0.335111471025113,0.33755224854294247,0.34162677867017366,0.34979993535085563,0.37450109692572564,0.4161957383817517
synthetic_cell_00118,0,3,4,0,14,0.3468119084115899,0.2641353497223375,-0.1515190848265905,-1.3432092403420568,-0.9196897804614642,0.8823338457026251,0,-1.490981101296052,-0.3110501513231204,-1.2000388012463674,-0.1463450952864701,-0.5109867434670397,0.2169818323901543,-0.419870721828679,-1.5716985767883915,1.7963773378789591,0.0,-0.995054895702382,-1.1142925430299215,-0.2106294444181789,-0.9964467328992496,-0.995054895702382,-0.995057688219898,-0.9950688579376377,-0.9950828192919859,-0.995194478394941,-0.9953339728530362,-0.9956126964268806,-0.9964467328992496,-0.9978296026731441,-1.0005677979365233,-1.0085504001669485,-1.021003347774696
synthetic_cell_00119,0,11,2,3,7,0.1421160385518762,0.0098457388840976,0.0600256467126123,-0.0839271839270087,1.2058553963722105,0.3486655776493094,0,-0.3530528536205418,0.6211996986760017,0.4959737248917209,-0.2267182060346773,0.0209445246715253,0.3434730643558968,0.1246519160836616,-0.6205542383106213,0.5167574794006266,0.0,0.1891776910082378,0.3724650858388087,-1.0321986141560586,0.1837161795193601,0.1891776910082378,0.189166787597231,0.18912317316566027,0.18906865335429116,0.18863242400031194,0.18808696021436982,0.18699544275960164,0.1837161795193601,0.178235093287085,0.16721467102959148,0.13369661975395153,0.07638071087423887
synthetic_cell_00120,0,8,4,3,21,0.2098823108174545,0.3334171997772148,-0.0719485921262592,0.382915437999706,0.0065124336285695,-0.2083163362697998,1,0.1918546424922111,-0.0514635608127049,-0.6327948303233858,-0.803088472422937,-0.0098563395129849,0.9032395185126716,-0.4199355976638807,0.1198011234616443,-0.4599391534791442,1.0,-0.2362878249956563,0.1839640565000411,0.7361843754105676,-0.2302634677733162,-0.2362878249956563,-0.23627579828068834,-0.23622769053747325,-0.23616755387100427,-0.23568638105540132,-0.23508471639499706,-0.23388072539753188,-0.23026346777331624,-0.2242171490993959,-0.21205913693488995,-0.17507201963433885,-0.1117923120635816
synthetic_cell_00121,0,9,6,1,14,0.0860003024611465,0.1521712612561234,0.0261547136480341,0.3592863641717151,1.015058539177909,0.538147728455551,0,-0.7073812598816724,-1.2621318755774775,-0.8561274500143417,-1.006300030787083,-1.2552129308955078,1.207230674078667,-0.113747006987617,-1.1627679326576734,1.117852104004782,0.0,-1.2164788616238436,-0.7264904583785264,1.2141098564452355,-1.217109764328739,-1.2164788616238436,-1.2164801375928165,-1.2164852409032554,-1.216491618768933,-1.216542590779666,-1.2166061784103162,-1.216732928422032,-1.2171097643287387,-1.2177263628890203,-1.218915974227013,-1.2221240410641148,-1.226188657765168
synthetic_cell_00122,0,10,7,0,7,0.1064903445538848,-0.050215617601475,0.2515078170568758,0.0306706011259466,-0.1157503646114522,-0.1467827827538108,0,-0.7222024191648306,-0.7726556714899632,-0.2177104386005309,0.713494193562597,0.316782387389548,0.1743460538676887,-0.5654769679620786,-0.0492870601025516,-0.1840183384031736,0.0,-0.6205468600075184,-0.9249774212844368,-0.314543977786021,-0.6232257127299864,-0.6205468600075184,-0.620552217557295,-0.6205736477645548,-0.6206004355418882,-0.6208147384738681,-0.6210826188396222,-0.6216183846897776,-0.6232257127299864,-0.6259046243565576,-0.6312620353023563,-0.6473201042694916,-0.6739607542677697
synthetic_cell_00123,0,3,2,2,7,0.1678978762831875,0.280152748014474,-0.0116011565884586,-1.0967861539734225,-0.6167616083652918,0.5870892014741507,0,-0.7819330796846744,-1.1727319165786576,0.0393388284531501,0.8425681354884809,-0.0789693394937176,0.5328995047313249,0.1643738870316198,-0.4226444381170905,0.2210514114940254,0.0,-0.7551206629224181,-1.076345572494227,-0.5180699627744147,-0.757337046065644,-0.7551206629224181,-0.7551250987666156,-0.755142842022027,-0.7551650208180986,-0.755342440241312,-0.7555641870713672,-0.7560075886640535,-0.757337046065644,-0.7595502446387479,-0.7639664800116818,-0.777122752046595,-0.7986652656009487
synthetic_cell_00124,0,9,2,0,14,0.2552646167969092,0.0498318879249763,-0.0790574649703514,0.6178933515316394,0.8618948696473808,-0.6642853701469531,0,-1.4054534937598884,-1.052233731159352,-0.8371922577193274,0.6761797967959108,-0.5313261257951152,0.4480876995796037,-1.0833868366009245,-1.353988954876132,1.0669225087820844,0.0,-1.4802973794611671,-1.5439568502107528,-1.1134763217782695,-1.4800216566840017,-1.4802973794611671,-1.480296848518286,-1.4802947239273727,-1.4802920663449997,-1.4802707319156632,-1.4802438793510664,-1.4801895584486908,-1.4800216566840014,-1.4797252712545166,-1.4790698017574608,-1.476589185142496,-1.4706594138479963
synthetic_cell_00125,0,11,0,3,7,0.1434653588934907,0.1119283587053727,-0.1039156084129335,-0.0913857595179031,-0.3812642961065898,0.1681602027730727,0,0.1022874003410223,0.5551011046205531,-0.5491435145834168,0.6437057092623537,-0.4826704014749894,0.2210166992272316,-0.2697605964460124,-1.1082372883176703,1.2195077325088113,0.0,-0.2785445795629324,-0.0874005963583056,-0.3327214440757942,-0.282398740163391,-0.2785445795629324,-0.27855227951073236,-0.27858307963927564,-0.27862158055889863,-0.27892961825823803,-0.27931474116356797,-0.28008523907896676,-0.28239874016339106,-0.2862612025470097,-0.29401049204009166,-0.3174431104864788,-0.3570400287336549
synthetic_cell_00126,0,6,0,1,14,0.649462076953559,0.4924549032966666,-0.1622950990088858,1.6140096699387496,-0.0896099088351532,0.0725320212255831,1,-0.33151142508858,0.7939578260419518,-0.1198981622016431,-0.4205169090397792,-0.4404028459590006,0.456780740601313,0.6661517404602609,0.0521531185770569,-0.0587956852495866,1.0,0.1173688409458879,0.3192943671495492,1.117767604337552,0.1221778394137639,0.11736884094588787,0.11737844544111456,0.11741686396495697,0.11746488834128407,0.11784913219704489,0.11832955905283875,0.11929081903846474,0.1221778394137639,0.1270002755622055,0.1366849013175049,0.16604616718144324,0.21592809674325536
synthetic_cell_00127,0,8,2,1,14,0.1595903971654343,0.1569976029083879,0.0443357998353881,0.3255232771226189,-0.6094503349050256,-0.3668319546485416,1,0.0150477564713732,-0.6475418508980132,0.9363877014116452,0.4545129093659326,0.1844980169511472,-0.1379055125893059,-0.0977955275860643,0.245342052582843,-0.3806401169926708,1.0,0.0617472554552903,-0.0662913741456508,1.7077335155103812,0.0667474002732095,0.06174725545529027,0.06175724090672504,0.06179718330893755,0.06184711265368883,0.06224660107556582,0.06274609568707659,0.06374553135275174,0.06674740027320948,0.07176232335340489,0.08183595258823631,0.1123965792686629,0.16438565320713935
synthetic_cell_00128,0,4,3,1,14,0.1223026640025581,-0.0192110262245293,0.0557413922315107,0.5817707455284943,-0.3974695748352046,0.64338962031851,1,1.0371881491176005,-0.0544622755268184,-0.5806963645952121,-0.2184011999670461,-0.1102088790797039,0.4238067459862292,-0.3501175852676346,-0.0122224868949187,-0.1170119457446259,1.0,0.0344334528590347,0.3875681022398012,1.7018024651466883,0.0395274629205643,0.03443345285903467,0.03444362538465248,0.03448431610988769,0.034535180917571774,0.03494215540921629,0.03545101352432034,0.03646919592257498,0.03952746292056433,0.044636909556855967,0.05490156470645553,0.08605115526294388,0.1390749736273186
synthetic_cell_00129,0,10,5,1,14,0.4214538039283465,0.2627682674167557,-0.0935293656357476,0.0845262729898185,-0.823961670735021,-0.2164160291424898,0,-1.6668897724460834,-0.0796076976243904,-0.1742189278722219,1.25823513852947,-0.838053593347651,1.1352241738609186,0.1934283901558414,-0.8506779498082294,-0.1558466484875559,0.0,-1.2540504814060849,-1.2561670347781873,1.301553043064308,-1.2545522673674852,-1.2540504814060849,-1.254051500044353,-1.2540555739958081,-1.2540606650813857,-1.2541013395963387,-1.2541520472189567,-1.2542530100812577,-1.254552267367485,-1.2550388436396724,-1.2559656884510007,-1.2583636034705776,-1.2610048729828007
synthetic_cell_00130,0,4,0,1,21,0.4093127786455892,0.541633448611107,-0.1702439526898475,0.0679579238045495,0.0074066011416714,-0.0267380244349394,1,1.1851113500803208,0.2974304801240631,0.4843336510141767,0.1874275428692571,0.1922699342030609,0.6202253378197949,1.2317966662755695,0.2170773152301123,0.0419096870891365,1.0,0.7384061699009543,0.8050716787552296,2.264543756490884,0.7410809426429135,0.7384061699009543,0.7384115208671991,0.738432924677342,0.7384596793165437,0.7386737114723256,0.7389412391815896,0.7394762523754412,0.7410809426429134,0.7437541849325187,0.7490954306897117,0.7650653516044644,0.7914201683760896
synthetic_cell_00131,0,9,1,1,14,0.1885307074608671,0.192508946642537,0.0351416633297492,0.4753073643857053,0.1440537460500758,-0.0625481714609628,1,0.7005958207962886,-0.565742320417258,0.4839486671362608,0.0007124993900356,0.0983644786004457,-0.357203774863873,-0.5255807821092825,0.1316509897493573,0.2838374985514938,1.0,0.2075208168146395,0.2948147736173942,1.348868370279583,0.2120200035253623,0.2075208168146395,0.2075298038525504,0.20756575246035502,0.20761068924638976,0.20797022456958156,0.20841974623203907,0.2093191307253322,0.21202000352536224,0.2165304550895195,0.22558458043764226,0.2530019112908778,0.2994685619223701
synthetic_cell_00132,0,6,3,0,21,0.5235672149899531,0.2975831211425947,0.0354869660776863,-0.1878822092041527,0.8455249388014439,0.6014612057758485,0,-0.1827985927466752,-0.1943520045643742,-0.1432074656555693,0.2755441823075309,-0.478962932185426,-0.2779124410398845,-0.3729364344837968,-0.7250866822311279,0.6828458803284759,0.0,-0.2943334901993125,-0.2634418926370517,-0.3215209997405757,-0.2981333914216416,-0.2943334901993125,-0.2943410820077369,-0.29437144956358025,-0.29440940973313384,-0.29471312006406086,-0.29509283033887346,-0.29585249159085353,-0.2981333914216415,-0.30194121388557216,-0.309580079680347,-0.3326722439561944,-0.37167102185969536
synthetic_cell_00133,0,2,0,2,21,0.1764291246005435,0.3683422554055246,-0.1179735019145604,0.4171076944055788,0.6353512869388321,-0.6091315912955035,1,0.3424281519353721,-0.2799430062600474,0.1865030288271367,-0.6159879150474703,-0.2465542974333276,-1.1462786756222303,0.1889457319920264,0.3434235730398122,-0.5761336954959186,1.0,0.5240649635335538,0.3628432698263865,-0.2853738105340442,0.5274763305113588,0.5240649635335538,0.5240717825380159,0.5240990587073396,0.5241331542597234,0.5244059322902062,0.5247469387708324,0.5254290642996428,0.5274763305113588,0.5308913330510209,0.5377316276819307,0.5583233593920505,0.5927981868340091
synthetic_cell_00134,0,11,4,3,7,0.2105481950111513,0.0852715577370291,-0.1245377681262703,1.1638882092296785,-1.859161961395379,0.4066457427184916,0,-0.8168236412607983,0.2685346242765691,0.5828537948806831,-0.7462223930834989,0.0811264622593653,0.4377497082464071,0.0495817327541955,0.1913122336787384,-0.0973894658805473,0.0,0.0481883687945192,0.223603012540067,-0.6617818880105626,0.0432113741366255,0.048188368794519175,0.0481784310294409,0.048138679317291856,0.04808898821054513,0.04769140070801989,0.04719426977578828,0.046199519847650306,0.04321137413662555,0.038218202835282336,0.028183824690595924,-0.0022940926673413165,-0.054268822311475076
synthetic_cell_00135,0,0,2,0,7,0.2624152411263661,0.1708380107613041,0.0690136414009418,0.0997884630609447,-0.8805311423744797,-0.5321613382407062,1,1.0426030691906056,1.02990696383965,0.5038839580296669,-0.0375756817663968,1.8354070509851348,-1.3063324103483134,0.7855126018585128,1.917488305495466,-2.348830052822893,1.0,1.8718143374892184,1.1214864025313511,-0.8828349617240073,1.8705940965879535,1.8718143374892184,1.8718119256620458,1.8718022772075713,1.871790214061341,1.8716936057419367,1.8715725873521187,1.8713296898267902,1.8705940965879535,1.8693450080292116,1.866759480088154,1.8582898721167178,1.8417071381922594
synthetic_cell_00136,0,6,4,0,21,0.1229113937581828,0.3283537091551781,-0.0970660468894693,0.3184814351382538,0.3518800741269455,0.8841434129575719,0,0.2572647494185137,-0.6782981908504964,0.7172448661053143,1.0530224760619469,-0.7200171731139294,-0.1926973978816141,-0.4008370923010853,-0.5754589780874936,0.3761801138340875,0.0,-0.373448299733116,-0.2464692850263468,0.7066040394579407,-0.3769763189703603,-0.373448299733116,-0.3734553496785644,-0.373483549706353,-0.37351880029449647,-0.3738008271201068,-0.3741534158763853,-0.3748587769564218,-0.37697631897036027,-0.3805103526379247,-0.3875959092107543,-0.4089821314189342,-0.44498375768517723
synthetic_cell_00137,0,10,7,3,7,0.418169266604554,0.3407218375971508,0.2336825569987898,1.165182188191782,0.1621436323904784,0.0676262132570705,0,-0.2548458268800327,0.9719752807271372,-0.9501952160024432,0.0819329916308,0.5581777083153946,0.0642749820896917,-0.7226823509819728,-0.3441532247867421,0.3186890536698207,0.0,0.0065523505389476,-0.0185292749986155,-0.6382213526396135,0.001718440132423,0.006552350538947574,0.0065426979419293966,0.006504086942096947,0.0064558218159184695,0.006069645765035835,0.005586788166045614,0.004620614972954405,0.0017184401324230319,-0.003130643413532218,-0.012873829643561409,-0.0424539551027265,-0.09285136362305388
synthetic_cell_00138,0,2,7,3,7,0.2730376237030828,0.286975322361757,0.2426006722248118,0.373006731052646,-0.1062894450073749,0.6103056950976355,1,0.9427165795950267,0.3000590261021554,0.2467240256947779,0.0496625950067049,0.0694810310879132,0.2653825541058357,0.8859633694573352,0.3166664607484725,-0.2054860185601656,1.0,0.6202607262429904,0.6643929807400715,-0.172600213871538,0.6233415116890151,0.6202607262429904,0.6202668863958095,0.6202915270659687,0.6203223280360624,0.6205687410743971,0.6208767704780817,0.6214928723826662,0.6233415116890151,0.6264236142034741,0.632591139691251,0.6511086150225157,0.6819392032960963
synthetic_cell_00139,0,6,3,2,21,0.2430402628650834,0.5477118029472389,0.0658224514944756,0.0654374975854508,1.300362376458054,-0.1728565551432197,0,0.3447454737094383,0.3238577545813471,-0.2162888215881537,-0.4008402358155631,0.7001098813028721,-0.1505531904347333,0.2651453340614249,-0.6053171083264167,0.1380401544653672,0.0,0.6019767499406947,0.4030637989067583,-0.2113349241804058,0.5950966339169007,0.6019767499406947,0.6019630192394768,0.6019080952497271,0.6018394375966216,0.6012900697463,0.6006030934244159,0.5992282527838844,0.5950966339169007,0.5881869939390983,0.5742795581443975,0.5318603759139325,0.4589061638817702
synthetic_cell_00140,0,11,5,3,7,0.5453225181998844,0.300853370655632,-0.0734159555067006,0.3483376684583467,1.402084069762621,-1.1396006775355172,0,1.2263979624300507,0.4787934508621059,0.1316427334974258,1.0152371058342466,0.107417127876248,0.5306471898707055,0.6896248131383232,0.5795129673238617,-0.5833590596975984,0.0,0.4378909234905823,0.4946950841988461,-1.3924168731445092,0.4315746965854302,0.4378909234905823,0.4378783166248985,0.4378278881352243,0.4377648502125794,0.4372604544213599,0.4366297287156306,0.43536750780637634,0.4315746965854301,0.4252329004941169,0.4124730399953734,0.37359201851760077,0.30685396381797475
synthetic_cell_00141,0,7,1,1,7,0.3417201753176212,0.1964654771167975,0.0992431725501429,-0.8264919235544428,-0.4510052725622868,0.3791003707692015,1,2.061204091416025,2.135889489300254,2.042797665559948,-0.8473085391487869,1.3379517587916905,-0.1214338942963063,0.5218807634262195,1.3995332214515597,-1.2557711945107333,1.0,2.3450325234650906,2.8262957790177867,0.6143956609849075,2.3421860446882685,2.3450325234650906,2.345026870532794,2.3450042572023353,2.34497598693626,2.344749680661289,2.3444664373242423,2.3438987481572893,2.3421860446882685,2.339299312832142,2.3334042150667296,2.314730666576463,2.2802207371087757
synthetic_cell_00142,0,2,7,1,21,0.1429465653158015,0.2826617621365325,0.1761573224293145,1.0870031592761853,-0.8387624850478568,0.8791923581871558,1,0.8895908023202318,1.448660615520184,1.3699044953284003,-0.7037681773764117,1.2653629283714236,-0.3299283089191091,1.097100175456817,1.8470782747533847,-2.0202522000272163,1.0,1.849163470463792,1.7351514985412857,2.2493554214878206,1.848021070395704,1.849163470463792,1.8491612137740239,1.84915218589097,1.8491408985080713,1.8490504982576552,1.848937244860428,1.84870989367821,1.8480210703957043,1.846850368597369,1.8444232551640891,1.8364420648120028,1.8207174266548298
synthetic_cell_00143,0,6,1,1,14,0.2342549433021691,0.010656969613072,0.1225912385347671,-0.1240329700084148,0.9718499334313246,-0.4664123693595208,1,-0.4429729612304604,-0.7907083402264521,0.1245055293139884,0.6834053205697989,0.7078663153672662,0.0134461609665785,-0.0756344872691692,-0.3820611526282491,-0.0833165312798265,1.0,-0.1794885323237912,-0.6809658717825543,1.4958822330131605,-0.1736593687009054,-0.1794885323237912,-0.17947689463123184,-0.17943034303232255,-0.17937215166924794,-0.1789065462015523,-0.17832435302920446,-0.17715934602698025,-0.1736593687009054,-0.1678096125930421,-0.1560488404980061,-0.1202864787565427,-0.059158531318050406
synthetic_cell_00144,0,4,1,0,7,0.1805880463615187,0.0611386991865862,0.1880888744310264,0.1997787033202693,-0.480886201953178,-0.2006958667026291,1,0.5448463575990117,0.0343144401321492,0.6358355573565933,-0.5135425325083802,0.6068976459743309,-0.9959865435282618,0.051526900134291,1.28161820426932,-1.289479825322213,1.0,0.923672144616692,0.6951347050935098,-1.0803147551880137,0.925710241605133,0.923672144616692,0.9236762266830557,0.9236925547153492,0.9237129642310022,0.9238762193480551,0.9240802356288444,0.9244880921709688,0.9257102416051328,0.927742342893149,0.9317878846863569,0.9437629401411864,0.9630992198940223
synthetic_cell_00145,0,5,2,1,21,0.4037849552197587,0.4363185477733569,0.0346986664338685,-0.9283917512482024,-0.1895039445701648,0.1484833760631287,1,0.0218859012341454,-0.0569018857686484,-0.2875315940085207,0.1084734290699562,0.2000656335923835,-0.1647134659003443,-0.3251174273302709,0.0408403288460786,0.2639394800875981,1.0,-0.0011892359563052,-0.1017091685967025,1.962153155755596,0.0040271932503407,-0.0011892359563052256,-0.0011788194483497584,-0.0011371527594757477,-0.001085067920093929,-0.0006683300887299269,-0.00014726008282270366,0.0008953718229155929,0.00402719325034081,0.009259917603554843,0.019773708943308443,0.05169142677927346,0.10606475986454009
synthetic_cell_00146,0,2,2,3,7,0.1976224227490042,0.1917350601144392,-0.0124998604066845,0.1693197349265455,-1.0130092869322658,-0.0586728725216181,1,1.131227650826709,1.5247075230684894,-0.7041218088894583,-1.3997542041838502,-0.3358925416408272,-0.0888165041134429,-0.26578012232707,0.9356060518429692,-0.4950029100470867,1.0,0.7534950365353189,1.443933823847204,-0.3781063736367318,0.756117955635243,0.7534950365353189,0.7535002841568393,0.7535212745735616,0.7535475124383089,0.7537574090912461,0.7540197641535872,0.7545444211567647,0.756117955635243,0.7587389806135926,0.7639746986054194,0.7796192603049168,0.8054024569006982
synthetic_cell_00147,0,6,7,3,14,0.2163586455459252,0.1585251348827302,0.2726912442404264,-0.1663536568870178,0.7338964094694771,0.0753446765900473,0,-0.2571845504978778,-0.1197264976338556,0.2755649718380589,-0.3368067780795817,-0.5909794148278316,-0.0648150318159737,-0.3232726077526254,0.1691328141151342,-0.8143566757538113,0.0,-0.1863112124208468,0.0821848727062745,-0.9938583728070628,-0.1904823375832809,-0.1863112124208468,-0.18631954408155993,-0.18635287115053378,-0.18639453094544797,-0.18672784763766598,-0.187144589262565,-0.18797839122589435,-0.19048233758328081,-0.1946639875213338,-0.20305833415240926,-0.2284797683714372,-0.27157081608651784
synthetic_cell_00148,0,3,3,1,21,0.3648022909504503,0.3537708499226827,0.0992761672516638,-1.4719164839852432,0.4502830072762914,-0.7094631358770584,0,-0.3322092289305711,-0.3512500713592967,-0.1601478538255106,-0.2941098583840285,-0.7544948743555926,1.151662612806744,0.512326783982147,-0.8474062198161019,1.038208588865824,0.0,-0.5387741697954428,-0.2035882856921398,1.7364269110266193,-0.5417340384423831,-0.5387741697954428,-0.5387800874122098,-0.5388037579661406,-0.5388333463539102,-0.5390700612536801,-0.5393659742917777,-0.5399578645409546,-0.541734038442383,-0.5446959368644824,-0.5506252455859849,-0.5684465681467411,-0.5981850597981345
synthetic_cell_00149,0,2,5,0,7,0.3532362362819045,0.2595179105081716,-0.0283634597482985,0.0217181297448192,-0.1266428078073494,-0.554096817488525,0,0.2987582370336839,0.8028379481997101,-0.0369201765102099,0.949200379311652,0.0957220925993034,0.4685710974503414,-0.0736626273541215,0.4132164450829122,-0.1344086154638999,0.0,0.0475095418591781,0.1649201900680275,-0.9335187918254636,0.0425348800238723,0.04750954185917807,0.04749960874343392,0.04745987562927475,0.04741020777148553,0.04701280631942983,0.046515908097324386,0.04552162407967177,0.04253488002387224,0.037544057906084706,0.0275144273074727,-0.002948852595953961,-0.0548978658505437
synthetic_cell_00150,0,8,4,3,14,0.6597672446086971,0.3440746595879399,-0.0338299833734483,0.0521070584828883,1.1109998337288087,0.1606662650943951,1,0.3240758714946296,0.4943313973395925,0.133497260786864,0.1602918697309901,-0.2155488178757241,-0.3710837874402869,-0.3431026020410741,0.6398606450972165,0.0449557882361807,1.0,0.2222119934797247,0.3814824711024334,-1.4323200159681917,0.2266606932298079,0.2222119934797247,0.2222208798967183,0.22225642600671286,0.22230085963866789,0.22265636845646578,0.2231008538049568,0.2239901550606909,0.22666069322980792,0.2311203037491591,0.24007168267625248,0.26717222964990606,0.3130823260224111
synthetic_cell_00151,0,5,5,1,14,0.4299642574682323,0.1723032041661331,0.0055250037381297,-0.5365610782442801,0.1595567046624228,-0.4861654205837208,1,0.1736935162425498,0.150203434101857,0.3133726224267638,-0.1290468727501817,0.2850182058680922,-0.1959656260211766,-0.0369906119203646,0.1112599607507532,0.7710160358606374,1.0,0.3639639761641199,0.3313823795761093,0.9122943271422188,0.3679255381625099,0.3639639761641199,0.36397189171166894,0.3640035542074438,0.3640431330146272,0.36435979095370474,0.364755681999204,0.36554769227896966,0.36792553816250984,0.37189459444871087,0.37985459540611083,0.4038985633162295,0.4444385881497824
synthetic_cell_00152,0,11,7,0,14,0.168740707407824,0.0844416697789015,0.0894721730169822,-1.300220170511996,-1.2213965983242352,0.6821388207680702,1,0.7376314604073155,-0.2488735493257334,-0.7323002258027167,0.966941887057018,0.633478567081381,0.1003730210081836,0.1473246312302474,0.5859930794179126,-0.8439885528119143,1.0,0.099518279336527,-0.2922390315318142,-0.9412854449520172,0.104388622148829,0.09951827933652697,0.0995280060915239,0.0995669136716291,0.09961554940694428,0.10000468568107583,0.1004912319264048,0.1014647435823614,0.10438862214882891,0.10927283287280558,0.11908230099849756,0.14882847613745462,0.19938664874742335
synthetic_cell_00153,0,7,4,0,14,0.379138204652401,0.1676506213375344,-0.1477693892048763,0.2574354737952692,0.4717910250320516,-1.1574227543588558,0,-0.7749859669122084,-0.810877767095969,-0.3335797036815903,1.6444141569553823,0.0980314913217867,1.1168008988349816,-0.4155135420496926,-0.9122989431702152,0.929621714227079,0.0,-1.1337503024594728,-1.326824219962137,-0.9145333231999287,-1.1346655059801238,-1.1337503024594728,-1.1337521450422507,-1.1337595148875395,-1.1337687261009466,-1.1338423720606285,-1.13393432004712,-1.1341178505151592,-1.1346655059801238,-1.1355683992654027,-1.1373365934878599,-1.1423285251930897,-1.1495271952781878
synthetic_cell_00154,0,11,6,3,7,0.4077605531505945,0.1480923105524308,-0.008647528921909,0.3853303362989821,-0.6400707595221126,-0.7935537266213175,0,-1.6548670768761575,-0.7987994030845914,-0.2721282722238419,0.9398654869605404,-1.2534330863417062,0.8361184937199146,-1.0529074706810126,-2.1241969120713757,1.9382570873190432,0.0,-1.7574771229780315,-1.463978426237823,-0.160158816877999,-1.7562488582009963,-1.7574771229780315,-1.757474693611308,-1.7574649750582296,-1.7574528244228527,-1.757355521556284,-1.7572336484058402,-1.7569890861590067,-1.7562488582009959,-1.7549932502340144,-1.752399254825969,-1.7439418484347655,-1.7275115181805512
synthetic_cell_00155,0,7,6,1,14,0.2332801762707611,0.0032229556303063,0.0711402387172511,-0.5965254463579435,0.0454612384078885,0.3434693929747754,0,-1.2394486502687303,-1.1442781246361966,-0.8756183900591676,1.6562416412503622,-1.8038445228459483,-0.711412784342319,0.6602005639872903,-1.447348718823027,1.7014258020479869,0.0,-1.2787920558502717,-1.85823457715596,1.5185641090557906,-1.2792088161582746,-1.2787920558502717,-1.2787929050317308,-1.2787963011321357,-1.278800544850317,-1.2788344382826364,-1.2788766641927427,-1.2789606457622318,-1.2792088161582744,-1.2796097704599714,-1.2803635788779102,-1.2822279946334003,-1.2839319649118806
synthetic_cell_00156,0,8,5,0,14,0.0812832811627405,-0.1213186598238339,0.0276449741942204,-0.666459861595477,-0.6536726250623955,0.7497564392829202,0,-0.7040400009731078,-0.2614600002911712,-1.0194505408412105,0.0175857219265933,0.9676901671871992,-0.5637051856416637,0.1746658501593736,-0.3337676241197773,0.2266136701546357,0.0,0.0886454238066845,-0.727970553809138,-0.1433110407182649,0.0835293964633529,0.08864542380668447,0.08863520894834948,0.08859434882423219,0.08854327211490594,0.08813459628678623,0.08762359618424614,0.08660107869834706,0.08352939646335293,0.07839621738771856,0.06807889270289777,0.036728605273087946,-0.016778782155130293
synthetic_cell_00157,0,3,3,1,7,0.396949997753217,0.2439216795764004,0.1362611387047902,-0.9036807889243754,-0.1094045817582267,-0.4559169771313211,0,-1.1934635646130838,-1.2380246607308056,-1.094307491537156,0.0153798528790343,-1.3199586265537817,-0.0830168908356654,-0.3667768309846829,-1.595270416894295,0.9843174315609696,0.0,-1.311742480306895,-1.3751029508216148,1.0786547300381912,-1.3120460048394038,-1.311742480306895,-1.3117431038085459,-1.3117455971580012,-1.3117487123661336,-1.3117735748634347,-1.3118045049674478,-1.3118658711287199,-1.3120460048394034,-1.3123329292002472,-1.31285629057766,-1.3140102007330068,-1.314465891211656
synthetic_cell_00158,0,11,3,3,21,0.2656064796839028,0.3727584921448894,0.1469817934960459,0.272417796348353,0.3991900852015962,-0.0202198005688996,0,-0.7537090751212041,0.4270723196882162,-0.0465762773080336,1.0320251130490972,-0.7693788614172761,0.6333872239827274,-0.2007261549329207,-0.932076385904472,1.3063012944764565,0.0,-0.7269624362171466,-0.5070697073173688,0.6086896724981355,-0.7292755865095095,-0.7269624362171466,-0.7269670649190482,-0.726985579632379,-0.7270087228118329,-0.7271938597415674,-0.7274252595540661,-0.7278879874468566,-0.7292755865095095,-0.731586230896398,-0.7361993978754555,-0.7499628419906721,-0.772572089773033
synthetic_cell_00159,0,9,6,0,21,0.2092039157297823,0.4023704743619556,-0.0157700237731084,1.1347321621950888,0.1360215235800555,0.296583741829081,0,0.7827771710871968,-0.7794123215415307,0.8114787484213423,-1.1180168585165595,-0.0011241073441273,-0.0864402536555672,-0.6438065311960621,0.185541259531266,-0.5088626361173588,0.0,0.3091109734831792,0.7423033848807126,-0.2071597192824241,0.3032373052930571,0.3091109734831792,0.30909924864056243,0.30905234836711204,0.30899372099364986,0.3085246207526203,0.30793804237937566,0.3067642091369753,0.3032373052930571,0.29734117174857155,0.28548196606225357,0.24937780944055918,0.18751839933712303
synthetic_cell_00160,0,1,7,2,14,0.2165429025564313,0.2632732158820299,0.1768143080207056,0.4156053260536296,-0.4993812002523822,-0.1353830579102643,0,-0.568847919156643,-1.5668746725342229,-1.4960523590466686,0.7879878475628923,-0.4263606740228846,0.4933786710655387,-0.3827404392326279,-1.2285281253115643,0.9355614311867236,0.0,-1.3143697720171628,-1.6195341348134364,-0.6300246386120243,-1.3146642677307965,-1.3143697720171628,-1.314370377524305,-1.3143727988931981,-1.3143758241199375,-1.314399966538481,-1.3144299959749546,-1.3144895589037793,-1.3146642677307965,-1.314942099950241,-1.3154470867054988,-1.3165443449207221,-1.3169005042029067
synthetic_cell_00161,0,0,3,1,7,0.5121024577355271,0.3060713495492804,0.1587714980613685,-1.0688983906471057,-0.3902864545602093,-0.0894321650587192,1,0.116308319525212,-0.545665981783315,-0.8023025632157079,0.0029803069100775,-0.0945109564217869,0.7687185203662201,0.1126002708461971,-0.4014131186491083,0.6943379355948762,1.0,-0.420328940116797,-0.3877629560940239,0.887270985547845,-0.4136721164319677,-0.420328940116797,-0.42031565289109885,-0.4202625029278162,-0.42019606308767893,-0.4196644489385035,-0.41899969274638466,-0.4176693857752775,-0.41367211643196766,-0.4069888955688387,-0.39354374580248963,-0.35258817452580354,-0.28233633199373515
synthetic_cell_00162,0,3,4,0,21,0.2138269101006688,0.3194559142371934,-0.0457509425489996,1.3729917772716516,-0.8103129210276714,-0.1916278031573524,1,2.1170867463300143,1.3328740661197904,0.7725567646374891,-1.0583407123589756,0.0473245308791699,-0.3938585610610969,0.2046326183701792,1.670668748826788,-1.126637667608514,1.0,1.540411700744279,2.1850795945327515,0.6725489146351845,1.5403303415172735,1.540411700744279,1.5404115587174136,1.5404109897831557,1.5404102767549257,1.5404044980902745,1.5403970885533085,1.54038164806496,1.5403303415172733,1.5402281220410916,1.5399603413861422,1.5386367241930516,1.534608706144984
synthetic_cell_00163,0,1,2,0,7,0.1078226742689222,0.1104327176328333,-0.0193356517136034,-0.733040238790775,-0.5964165803690432,0.0593500337982257,0,1.1043881562997848,0.542716027014122,0.0909411952427348,0.3374993514743247,0.226477282106898,-0.2271366274984165,0.0956087411246233,0.0448316196867891,-0.5844814900502,0.0,0.6340775847717016,0.6868598848702923,0.0437315466671679,0.6270871526294949,0.6340775847717016,0.6340636342095752,0.6340078307452938,0.6339380736795016,0.6333799077466611,0.632681926868336,0.6312850539324465,0.6270871526294948,0.6200664228445815,0.6059344818270431,0.5628231135840206,0.4886528072423599
synthetic_cell_00164,0,10,1,0,14,0.1663361259613563,-0.0065388395890863,0.1327744394254664,0.3473197678725992,-0.7036691557983396,0.6679275522804563,1,-0.0439738635208004,0.3816995162258206,1.5098466017717591,0.2502267013412919,1.4550695563166811,0.4683898968093539,0.0319439754776767,0.610277979575292,-0.5829267986368406,1.0,0.7192325528242786,0.5827938445596687,-0.2257324784944144,0.721973216656702,0.7192325528242786,0.7192380351119948,0.7192599642264793,0.7192873755376329,0.7195066627301174,0.7197807633884156,0.7203289363270756,0.7219732166567019,0.7247128121559319,0.730188153403073,0.7465715124611163,0.7736526943488573
synthetic_cell_00165,0,5,4,2,14,0.5551765020215431,0.5718252598644965,-0.0839016482913277,0.5505081961070944,-0.1042809992488809,-0.5516824776564313,0,-0.8944410905186155,-0.7688587606725018,-0.297773963313102,1.757490534637145,-1.1722555745314074,0.2694648840646127,-0.281980373594574,-0.950272536060774,0.9913875144791352,0.0,-1.3021630410407856,-1.392745555485622,-0.9187668016885612,-1.302499485793655,-1.3021630410407856,-1.3021637301526994,-1.302166485952428,-1.302169929244148,-1.3021974172400566,-1.3022316312923106,-1.3022995722681125,-1.302499485793655,-1.302819561256827,-1.3034099188403638,-1.3047703891647233,-1.3055889830270708
synthetic_cell_00166,0,11,1,3,21,0.3516183925468878,0.5002976741490933,0.113842301696891,-1.1555817552061618,-0.5398788191585315,-1.3782889716813993,0,-0.295211017992547,-0.5228169669184062,-0.6422036580665039,0.106624811223709,-0.4434586426400058,0.4657098816952909,-0.0624156722326733,-1.2818621817132032,1.4100316589006447,0.0,-0.5939179217489056,-0.5528870491010959,0.23900449307003,-0.5966882861445625,-0.5939179217489056,-0.5939234616821805,-0.593945621449065,-0.5939733212336002,-0.5941949225301685,-0.5944719316196949,-0.5950259741481945,-0.5966882861445624,-0.5994593512503279,-0.6050029983407363,-0.6216352635457235,-0.649284712861987
synthetic_cell_00167,0,0,7,2,7,0.2691712560909823,0.2725409270626471,0.2003645411866049,1.1728409140880225,0.8718941741510625,0.4222582497056155,1,1.5497600209960678,1.2963614121232343,0.6718264408223574,0.3892222278853608,0.6579675226178197,0.943060704874401,0.3433217193428732,1.4413797190795248,-0.9426680396078037,1.0,0.9320240751312192,1.370766970656904,-0.5767065684948076,0.9340334702942882,0.9320240751312192,0.9320280999946149,0.932044199206997,0.9320643226796729,0.9322252887293465,0.932426441866818,0.9328285660907373,0.934033470294288,0.9360366684601659,0.9400237989369342,0.9518187628299573,0.9708386416161044
synthetic_cell_00168,0,6,0,0,14,0.2833529884671193,0.0568416092205787,-0.1508806894342132,-0.5036129710216986,-0.205284877854732,0.3246109290069737,0,-0.710870063409506,-0.4117222006186373,-0.8506558444876267,0.3248558278882012,-0.1044146128578237,-0.0614374293114232,-0.3402913586978497,-0.6545512054784784,0.5060684117983947,0.0,-0.5845391289328195,-0.8441337333511343,-1.2155879471254096,-0.587341724017314,-0.5845391289328195,-0.5845447331021156,-0.5845671498221126,-0.5845951708183503,-0.5848193426210614,-0.5850995668747863,-0.5856600465048291,-0.587341724017314,-0.5901452458579388,-0.5957544858833037,-0.6125889847447098,-0.6405937362402981
synthetic_cell_00169,0,2,6,1,14,0.1003317145880755,-0.0131237859231147,0.1228950696929676,0.2331944422532927,-1.4071823468101077,-0.4011496039045754,1,0.9008778643305776,0.4960681886510893,1.113589732565722,-0.4172801449378904,0.555074431462109,-0.4173899911968169,0.3533963476605237,0.8126487565405589,-1.0303050146167212,1.0,1.1191853809329315,1.1699135865049242,1.6792370082861057,1.120551586942765,1.1191853809329315,1.1191881239151884,1.1191990954228654,1.1192128088593178,1.1193224784046665,1.119459470371125,1.119733137089476,1.120551586942765,1.1219070850263988,1.1245852560668537,1.1323444857289766,1.1442740255833808
synthetic_cell_00170,0,2,7,2,14,0.3334634064329524,0.3778471649066389,0.2200198272163006,0.8451472429954547,0.3743219535781946,0.7670504579836377,0,-0.6018559479874465,0.6917973588368719,0.8028707809684107,0.1718735197770022,-0.040609991757639,-0.4355065711368855,0.0389381160350804,-0.0800580048540658,0.3658741316271781,0.0,0.2956828797619224,0.2472690603506426,-0.285188663848903,0.2898553578849667,0.2956828797619224,0.2956712468892778,0.2956247145086408,0.2955665470302771,0.29510112711336534,0.2945191520538982,0.29335453513651005,0.28985535788496664,0.28400569429521016,0.2722404013432197,0.23642579291234647,0.17507508697339072
synthetic_cell_00171,0,2,3,1,7,0.2976174246629718,0.1869263350414765,0.1004516811273692,-0.6842847012767337,-0.2860569588049951,-0.2529800494866336,0,-1.708646522839124,-2.174786118395062,-1.7170168202937808,1.338626026173975,-2.0163774350697468,1.109638018793838,-0.6247549234719902,-2.385595149137797,2.4025232678104205,0.0,-2.6843074432596974,-2.658074180716535,1.4816496712008689,-2.67989407990504,-2.6843074432596974,-2.6842986659659736,-2.6842635548127856,-2.6842196614200033,-2.6838683361991387,-2.6834287343471073,-2.6825480453618,-2.6798940799050395,-2.6754310350584034,-2.6663550198311587,-2.6379124950749455,-2.5863705210177392
synthetic_cell_00172,0,0,2,1,14,0.4705324337666968,0.2308197404701027,-0.0130066774420688,0.3677533825299792,1.5834639417524767,-0.1378547707993224,1,0.0485818992815852,0.6207404672344523,1.0673353075768557,0.7574234570662279,0.517423533029918,0.3688582162601848,0.364178763028929,0.2227580974429887,0.1347751222829084,1.0,0.4457643019665492,0.4019254614781141,0.6944387403819803,0.4494447530693837,0.4457643019665492,0.4457716572578297,0.4458010786497947,0.4458378559000579,0.44613209429708134,0.4464999431964209,0.44723581010957436,0.44944475306938364,0.4531307269229052,0.4605186368281833,0.4827987552421385,0.5202398914876801
synthetic_cell_00173,0,1,5,1,21,0.4237243103759869,0.4883993519278561,-0.0713314519752088,1.8392051030309504,-0.9900609840233024,0.3507210200219813,1,2.291495178204071,1.28178877134263,1.8201243780779364,-0.1493503541524682,1.553072596976694,-1.284991300016339,-0.133336324868228,2.265538365701829,-1.6962283651643988,1.0,2.2500141715792026,2.270204968007652,1.8294954792217764,2.247494228103198,2.2500141715792026,2.250009169434379,2.2499891593452674,2.2499641433366624,2.249763879353273,2.2495132094624233,2.2490107358079086,2.2474942281031978,2.244936321663562,2.239705758523997,2.223081078060307,2.192170783232487
synthetic_cell_00174,0,2,5,1,21,0.3926523955931927,0.4424222545843139,-0.037226793042589,0.0469488060945987,-0.6481101131691698,0.7137336332942825,1,2.126064911508156,1.6679747974354695,1.2426851821731182,-0.7095146608478816,1.1723166624130044,-0.7409708509619594,0.6928759035237831,1.6531139305056433,-1.89677781570592,1.0,2.229729330963444,2.3572856080557383,1.9665380823366616,2.227279097352965,2.229729330963444,2.229724467750941,2.2297050134106384,2.229680692131975,2.229485987745479,2.229242271744603,2.228753720519274,2.2272790973529655,2.2247913896805316,2.21970269365086,2.2035154124951672,2.1733735799011726
synthetic_cell_00175,0,4,0,3,7,0.5176233674480957,0.3030582976428065,-0.2403459245282458,0.7699705153354776,0.7029814452196262,-0.427412457967471,1,1.72197853852266,0.5215923043096273,1.2458534589080363,-0.2267297695749506,0.9611284336428044,-1.06517489799682,-0.2481432928415561,1.1228386536835429,-0.9644170359890668,1.0,1.5147221992390492,1.537245529217889,-1.0603824139588875,1.5147291232640192,1.5147221992390492,1.5147222331614127,1.5147223680487976,1.514722534853258,1.5147237970757144,1.5147251942121807,1.5147273856230565,1.514729123264019,1.5147158062036785,1.5146276915072745,1.5138580136028383,1.5108032056522283
synthetic_cell_00176,0,0,0,2,7,0.1466183265547183,0.2596824449817626,-0.1078535368027056,-0.484165047647235,-0.1856103710834944,-0.1110548097966319,1,0.409015103228626,0.495559354124956,-0.3750037940580104,-0.0115747379275492,0.5937832994749095,-1.4427345707739878,0.0850374391726714,0.5619716971372133,-0.247896389215216,1.0,0.844418781612808,0.3153289679313957,-1.1971072533666205,0.8467292367322374,0.844418781612808,0.8444234064911104,0.8444419058474423,0.8444650296897854,0.8446500062863966,0.844881191583534,0.84534344339329,0.8467292367322373,0.849035606301915,0.8536354263254394,0.8673194114578999,0.8896580917484479
synthetic_cell_00177,0,5,2,0,7,0.3755506554347529,0.3253122641711367,-0.0268883422602392,0.6028075825801967,-0.3044150352953321,-0.3189693776437539,1,1.4739919905448229,1.6452734342508313,0.4076440034758672,-0.5776167989471033,0.3743073777459518,-0.1589604052221712,0.3903153464881065,1.6370118913903828,-1.1332319010087346,1.0,1.3566100101422145,1.7279399105987228,-0.6527035948232276,1.3571602945834085,1.3566100101422145,1.3566111269862438,1.3566155937124802,1.356621175657934,1.3566657727062357,1.3567213726233482,1.3568320837804628,1.357160294583408,1.3576941487315775,1.3587118312031723,1.3613515053073006,1.3642865519643737
synthetic_cell_00178,0,8,1,0,21,0.1040122072220472,0.3250122517980133,0.1257752395721326,-0.503853181156478,0.527926275391427,0.107003885834803,1,0.958125652881067,1.1273101615254122,0.9363998310104912,-0.0584042431496717,1.2357116453660193,0.4567121676935963,0.0640304450760916,0.7284389536494962,-0.5727823413681924,1.0,1.0946793614865762,1.2702463683751255,1.009519508428882,1.0961297836533197,1.0946793614865762,1.0946822723123089,1.0946939152174773,1.094708467953868,1.094824854021775,1.0949702469496279,1.095260733288445,1.0961297836533193,1.0975700885336517,1.100419648554662,1.1087072982399253,1.1215652136631915
synthetic_cell_00179,0,4,1,3,21,0.3742946168444438,0.3833825678911512,0.0589432124589238,-0.4207820759727123,0.4953306082339791,-0.4172448703404605,0,-1.2993241874905284,-0.8211768618266277,0.5423946953178683,0.4835091465284143,0.1948646579417658,1.1080938711837014,0.3301910498433132,-0.5083694277497475,0.5147405422772321,0.0,-0.687502365239342,-0.8839795972789262,0.6605582519850269,-0.6899511220318313,-0.687502365239342,-0.6875072642060855,-0.6875268600167657,-0.6875513546533665,-0.687747306658861,-0.6879922338634207,-0.6884820450374782,-0.6899511220318312,-0.6923983239785645,-0.6972874648403793,-0.7119017811939398,-0.7360059174432559
synthetic_cell_00180,0,9,0,2,7,0.3211306515593123,0.3306514707915824,-0.2228802846565495,-0.1179598838307441,-0.9611166743056228,0.0923665834388969,1,0.7077776412372616,0.6113554333995165,0.690518408714622,0.0125400763694041,1.239345768354682,-1.1314268447299616,1.4493058946859083,1.4387893631631188,-0.8192011073472428,1.0,1.623855584131113,0.8397688282579724,-1.3591812553530265,1.623487465841018,1.623855584131113,1.623854870591136,1.6238520155241132,1.6238484446492103,1.6238197959820941,1.6237837808674473,1.6237110689625047,1.6234874658410179,1.6230964761518862,1.622245109813486,1.6191222033116306,1.6119330328423447
synthetic_cell_00181,0,4,7,0,7,0.3259214581312358,0.187256086303615,0.1419550819008863,0.3876891931589916,-0.4974591245543459,-0.7166818522592839,0,-0.5355079132707359,0.1507737306750232,-0.6974422369124682,1.1724618746452244,-0.4552021958678844,-0.0171629760090967,-0.6488623169427408,-0.3371085188783505,0.2992531625694475,0.0,-0.7167205443506025,-0.7794617763733599,-1.1309828940813955,-0.7190688914146963,-0.7167205443506025,-0.7167252431999522,-0.7167440385129341,-0.7167675324641333,-0.7169554764551253,-0.7171903873126702,-0.7176601446920088,-0.7190688914146963,-0.7214149794215995,-0.7260997756348463,-0.7400840642959903,-0.7630813115332867
synthetic_cell_00182,0,9,3,2,14,0.3857077175716127,0.3617798698145014,0.1307225601143418,1.2850059445092048,-0.3567699799713225,-0.4340470701193804,0,0.0883232846528071,-0.3161713716967985,0.8319714134210983,0.8328119509602598,-0.0959053313770885,-0.0970172285870968,0.0351709679251189,0.2189895619668796,-0.5150041039564848,0.0,0.0122819721360244,-0.0634412797185249,-0.7065566961767925,0.0074283715993867,0.012281972136024376,0.012272280296419026,0.012233512320722912,0.012185050962306022,0.011797304557135804,0.01131248277420513,0.010342377075433552,0.007428371599386678,0.002559459828982163,-0.007223797943740494,-0.036927470467884534,-0.08754193752442958
synthetic_cell_00183,0,2,4,2,7,0.1455054126218674,0.2293973927834219,0.1010576951202831,-0.4261929981447506,-0.4327214500162366,0.6727877793722856,1,0.1027348065345116,-0.1005218488460459,0.8042089595089512,-0.0507303699746058,1.0068308103943011,-1.537467386665059,1.4013013108792742,0.6322627729557194,-0.6682141879066058,1.0,1.3246938334194132,0.3294183410186675,0.2130722593611769,1.3253537993922295,1.3246938334194132,1.3246951688596145,1.3247005100012588,1.3247071850350942,1.3247605295554774,1.3248270707259866,1.324959687439015,1.3253537993922297,1.3259981043101225,1.3272390005518575,1.330566878910428,1.3347110243681355
synthetic_cell_00184,0,0,7,2,21,0.4140999994149369,0.6207846167391134,0.2284529365749808,-0.1442447264344236,0.2186352998320483,0.0399466893656795,1,0.8661044954906293,1.123614457989136,0.4495917344015963,0.6893192806180461,0.4060498401916904,-0.8100257841615668,0.6941178475170164,1.1769266638835905,-0.8018977407176461,1.0,1.087204030701162,0.8070862751548032,-0.4829887909080477,1.088680142214629,1.087204030701162,1.0872069927259687,1.0872188404346281,1.0872336491915722,1.087352084071526,1.0875000396336523,1.087795656639526,1.088680142214629,1.090146316610798,1.0930481572286403,1.1014969964728714,1.1146381041332745
synthetic_cell_00185,0,9,0,0,14,0.4187385283788294,0.3970986281985285,-0.105397404455681,0.8022068559571095,-0.2360487037895303,-0.3746762424306513,0,0.3335675781713855,0.6920936627517239,-0.1195537322169887,-1.647013987097662,-0.1772926758886568,0.5214882111764327,0.1861471221669704,0.2152643398830747,0.3561608323602065,0.0,0.4568382760584787,1.0129318866542327,-0.9345769822663148,0.4504569356321209,0.4568382760584787,0.4568255394210251,0.45677459182603425,0.4567109049807086,0.45620131616655746,0.4555640950780184,0.45428886971980736,0.4504569356321208,0.4440495693538292,0.43115719580261125,0.39186761509292023,0.32441176698514207
synthetic_cell_00186,0,8,1,3,21,0.4844818078356537,0.2865184221599878,0.1025770432356002,1.2522405148181943,0.6480841909831201,-0.0821347277232763,1,0.6058996704954904,0.5956447225369149,1.1176823764352597,-0.0553357392198582,0.8444528939834408,-0.1154828261525428,0.6738220956662077,1.850618935630451,-1.4813263151818317,1.0,1.0797781474604955,0.949135312830382,0.2824901426809029,1.0812797783917352,1.0797781474604955,1.0797811603457066,1.0797932115031306,1.0798082745871127,1.0799287447267059,1.080079245971886,1.080379959706668,1.0812797783917352,1.0827716511830137,1.0857254265739074,1.0943343891463053,1.10775681579419
synthetic_cell_00187,0,3,5,0,14,0.3888570005186709,0.2428685322263234,-0.0605711718284513,0.1381605910036614,0.1000951993704317,-0.1435737792759175,0,-0.045329516726122,-0.4008962734608277,0.203667164652017,0.7731437802046257,-0.1686644798928593,-0.3027412866160858,-0.5466386191974605,-0.1569747110203024,0.5240614502904034,0.0,-0.2710339774869701,-0.3438613963105055,-0.4124293854603356,-0.2749139486457002,-0.2710339774869701,-0.2710417288754197,-0.2710727347737904,-0.2711114929219637,-0.2714215891003793,-0.2718092867314099,-0.27258493952219204,-0.2749139486457001,-0.27880240260680567,-0.2866042193753179,-0.31019878793079825,-0.35008023461761056
synthetic_cell_00188,0,0,4,2,14,0.106755259100888,0.2063371727377279,-0.0999370779155871,0.2872247940359723,0.5239507491108595,0.5850266599430964,1,0.5883771613218782,0.1686663093048296,-0.1161272089204202,-0.3154948949354367,1.346036504914907,-0.5749046024839339,0.0662529569522966,0.66142895059327,-0.1346160157803086,1.0,0.9093303081892656,0.4557417154183689,-0.4273579822079845,0.9114176916132124,0.9093303081892656,0.9093344884838904,0.9093512094430328,0.9093721101483078,0.909539296024826,0.9097482288615011,0.9101659288727381,0.9114176916132123,0.9134994250011639,0.9176452700170136,0.9299295765745546,0.9498091763300933
synthetic_cell_00189,0,3,2,3,7,0.3574776153711679,0.2739682644898126,0.0885081032204549,0.3044347689294209,-0.4602493711351232,-0.5557371738271764,0,0.6477821585991197,0.1069561598954214,-0.7545952015695596,-0.6873124873348064,0.5077955929297406,-0.321847478762726,0.5404578740730683,-0.1661806357134774,0.0569458349049817,0.0,0.6423276061786131,0.3794182620230774,-0.5251908937878977,0.6353088224267605,0.6423276061786131,0.6423135991115014,0.6422575696193376,0.6421875300008253,0.6416271029314911,0.6409262938455293,0.6395237585363929,0.6353088224267605,0.6282595421916305,0.6140699025845034,0.5707806402321459,0.4962977936048821
synthetic_cell_00190,0,8,6,2,21,0.0850551382878775,0.4562239777250325,-0.0109262206946731,0.7119632916794102,1.0737478731551666,0.6057540503229779,1,0.1655672910875127,1.310422264117577,0.3862078783674961,-1.26596484713674,0.5079285462648448,-0.8562223797932631,0.2090342615250839,0.6348979080974115,-1.04311673924662,1.0,1.1986891953537475,1.21870585894192,1.170290482221369,1.1997821825438189,1.1986891953537475,1.1986913938087063,1.198700187130665,1.1987111776627857,1.1987990570857432,1.1989087941780632,1.1991278937323315,1.1997821825438184,1.2008625456206812,1.2029846868361502,1.209029586370201,1.217947237692436
synthetic_cell_00191,0,11,7,0,14,0.5691992172507566,0.2071635907172739,0.2806418585037719,1.2566460742766306,-0.3296221880571046,-0.4346954218736211,0,0.5987322857382786,0.4099365895533832,0.0428750854892186,-0.4264144391524074,-0.2460361244489955,0.3751591161377673,0.7126669736935128,-0.1819309924369796,0.7875484136641171,0.0,0.4215891560283681,0.6490549218708348,-0.7483326381873711,0.4153289509593821,0.4215891560283681,0.42157666081465295,0.4215266789485442,0.4214641993406614,0.42096427147982723,0.42033913421817015,0.41908810196981766,0.415328950959382,0.40904356960657884,0.39639771959871567,0.35786821095469695,0.29174772544758343
synthetic_cell_00192,0,6,6,0,14,0.6002159635638473,0.25615090198405,0.0370666771437341,-0.0583996087691173,0.4276416884967309,-0.429076836834393,0,0.4735596073234276,-0.6120520049651844,0.0705608914654807,0.2225175632491919,-0.0397577771615969,0.3656100208975451,0.4235619097826402,0.0433227331091798,-0.0413023898990642,0.0,0.0034772826062678,-0.0411411809978033,-0.9268771730505204,-0.0013460601760819,0.0034772826062677746,0.0034676510706092983,0.003429124319175522,0.0033809645101551622,0.002995631262943046,0.002513827834624805,0.0015497652036200937,-0.00134606017608205,-0.00618450198311391,-0.015906181955903955,-0.04542000013608796,-0.09570091409688318
synthetic_cell_00193,0,0,2,2,7,0.2025382553999677,0.3716202048837196,0.0575744041825667,-0.4181284701281776,0.8132114535764311,0.2632665077681806,0,0.3770932160627601,-0.7547480698215824,-0.2664928874555541,1.284598291246628,-0.2297205766858459,0.5241626284922567,-1.2317032173059483,-0.6302386011265252,0.5683177410640371,0.0,-0.8448783853596943,-0.6234593581608583,-0.4514084799066828,-0.8467863116173291,-0.8448783853596943,-0.844882206446846,-0.8448974905876785,-0.8449165952961353,-0.8450694142423567,-0.8452603910339447,-0.8456421877287578,-0.846786311617329,-0.8486888899799377,-0.852477382255745,-0.8636982205140231,-0.8818403908665837
synthetic_cell_00194,0,6,0,3,14,0.2248709794328193,0.1304329144990413,-0.1936215238367713,-0.1815889721559432,-0.1510507903183716,0.6175762764108337,0,0.0684911401984395,-0.574587001687582,-0.7252341501989259,0.7613860222250797,-0.1888020048192674,0.6254190319440365,-0.4301364695298446,-0.5127435596524352,0.1326640995640549,0.0,-0.6938534202467489,-0.6605574884744657,-0.6159306318642669,-0.6962803513222456,-0.6938534202467489,-0.6938582757146634,-0.6938776975239147,-0.6939019746449746,-0.6940961859759249,-0.6943389359616161,-0.6948243881113525,-0.6962803513222455,-0.6987055744799712,-0.7035502976490001,-0.7180276670519826,-0.7418912026473136
synthetic_cell_00195,0,7,7,1,14,0.3503033554087167,0.1267755797470955,0.2031663125167532,0.0304007104882186,-0.3023367810101206,-0.3867880264521784,0,-0.6132810423412792,0.4062095523525408,-1.3471486126741512,0.998473705079068,-0.8629234630289163,1.451883102292331,-0.5624092027686172,-1.3458133904302816,1.6175333519973127,0.0,-1.2836319012283333,-0.8629433415024127,0.737349414300204,-1.2840320291665352,-1.2836319012283333,-1.2836327172613462,-1.283635980763307,-1.2836400587229515,-1.2836726256676814,-1.2837131924199525,-1.283793852178547,-1.2840320291665352,-1.2844162344493255,-1.2851361941972588,-1.2868962490135,-1.2884168686578272
synthetic_cell_00196,0,10,1,2,7,0.4957042930861611,0.5897114476462524,0.1502530406677539,-0.259689788695399,0.7808345993488426,-0.116416921434143,0,-0.9953207566082484,-1.7291526945532811,0.3399331465374545,0.6565125692518214,-0.0610455698894651,1.198734288322036,-0.0524400012719611,-0.9442917141668749,0.4245161774137969,0.0,-1.1036366690013346,-1.238488391237108,-0.9987986919808588,-1.1046553595238626,-1.1036366690013346,-1.103638717834537,-1.1036469127105086,-1.1036571552774879,-1.1037390546746118,-1.103841325980754,-1.1040455248354615,-1.1046553595238624,-1.1056624656045373,-1.1076412670596583,-1.1132825350197473,-1.121622017126699
synthetic_cell_00197,0,1,0,0,14,0.0984621265844359,-0.1032723772975829,-0.1016899611389486,0.8888105640424039,0.0199795705511172,-0.0618677513664653,0,-1.0893408476775877,1.4921979143287594,-0.9668629917040628,0.6215398038735338,-1.6696362374221656,1.3615481621832948,-0.7190513697928096,-0.8138647552469414,0.3976645888727172,0.0,-1.2725264593380206,-0.3867679659818642,-0.7746030985544433,-1.272964751680639,-1.2725264593380206,-1.2725273514329973,-1.2725309191935035,-1.2725353775003811,-1.2725709881850844,-1.2726153620178484,-1.2727036439575201,-1.272964751680639,-1.273387389029261,-1.2741850174646108,-1.2761845374405654,-1.2781258708999188
synthetic_cell_00198,0,10,2,2,14,0.2308531302112357,0.3261451095374584,-0.057338740475812,2.033023221375259,-0.5161833454020668,0.781638786209907,1,1.026759295509747,-0.2019127917720916,0.1482677176082309,0.0228908295495527,1.0152229429648494,-1.1483332384931717,0.1578697211631946,0.6325440637083657,-0.660835848381024,1.0,1.0112035161599493,0.4765122328816283,-1.2743790250258995,1.0129408072285806,1.0112035161599493,1.0112069987177033,1.0112209286313054,1.0112383403090248,1.0113776051394117,1.011551614601887,1.0118993942942631,1.0129408072285806,1.0146699929310026,1.0181033621692894,1.028190990354355,1.0442112690313086
synthetic_cell_00199,0,11,5,3,21,0.2912245627943817,0.3794464828415323,-0.0704207180896565,-0.0971272104350214,1.00202154654605,-0.2691562025758938,1,1.0956354978902567,0.9022323876407516,0.6332955013507796,0.2406321847118264,-0.3300558324322409,-0.4071326969126817,1.1754443615116714,0.769720700925412,-0.9867361025957592,1.0,0.9934771497134316,1.0394949686595163,0.4030569733943377,0.9952753583236236,0.9934771497134316,0.9934807536803342,0.9934951692475936,0.993513188030775,0.9936573112405647,0.9938373975169633,0.9941973436387554,0.9952753583236232,0.9970658888053848,1.0006232318241084,1.0110930912804896,1.0277849080491215
synthetic_cell_00200,0,6,6,0,7,0.2371115207001609,0.2002779636405622,-0.0777956860818883,-0.1170775855739822,-0.3983655524274173,-0.2189897385219604,0,-0.8611751288663474,-1.1215714608040157,-0.6710627253273003,-0.0948934308399709,-1.0615562143376052,0.0428493062557118,0.1574768913480984,-0.939298081273889,1.695353680361933,0.0,-0.9034962736451876,-0.9975227466756004,-0.8985524070336237,-0.9052027566089252,-0.9034962736451876,-0.9034996932542395,-0.9035133714262513,-0.9035304685467314,-0.9036672217108346,-0.9038381035776806,-0.904179668090534,-0.9052027566089251,-0.9069024788795609,-0.910281012282302,-0.9202378808472533,-0.9361593961684395
synthetic_cell_00201,0,9,3,2,21,0.368309157676526,0.6091542735014643,0.0796990471003385,-0.4604974614861161,-1.3103183474092055,-0.2437861247677272,0,-0.9481751223858956,0.2425529729142583,-0.8614475542249946,0.7775549106699993,-0.2854502455132409,0.5278216661082158,-1.2776026074767175,-1.0278552040727569,1.306315233748036,0.0,-1.0314474259872335,-0.8492216238523658,-0.4873031696574967,-1.0327141984404151,-1.0314474259872335,-1.0314499692497126,-1.0314601419122758,-1.031472856868837,-1.0315745416366635,-1.031701560292941,-1.0319553059813096,-1.032714198440415,-1.0339711263442335,-1.0364548013384598,-1.0436526763006575,-1.054726944842249
synthetic_cell_00202,0,8,6,2,7,0.2540738149752628,0.465030313264029,-0.1034346781289875,-0.0188902336941182,0.5427351494054108,-0.5789382754679034,0,-0.0739971066601674,0.1970886848103977,0.3437915557934873,-1.2878865717653891,-0.3299832947524024,-0.0364009247698123,0.2458855451320584,-0.4681131183046547,0.861640911515661,0.0,0.355448795292443,0.6491153419529796,-0.2404649396659648,0.3494158848687588,0.355448795292443,0.35543675307877814,0.3553885832765332,0.3553283688917227,0.35484656854547286,0.3542441050035671,0.3530384679597475,0.34941588486875874,0.34335939226464646,0.33117611142371456,0.29407277854141467,0.23045792619750569
synthetic_cell_00203,0,5,1,0,21,0.1177566767958913,0.2961231708047243,0.1280963424870229,0.184483400713638,1.345889419577854,0.1550616031028914,1,0.4369089165366964,-0.4290784998969864,-0.1486331364976926,0.0059285519208723,0.3394675850542779,-1.0440965972644731,0.4276309021653486,0.2067517973173527,-0.0363549200424066,1.0,0.5515256748698831,0.0201806774810168,0.3784543729233127,0.5548426717448721,0.5515256748698831,0.5515323057939738,0.5515588296153796,0.5515919846733933,0.5518572363698842,0.552188828984815,0.5528521069507477,0.5548426717448721,0.558162642328464,0.5648108836015625,0.5848104836620863,0.6182450012502143
synthetic_cell_00204,0,1,4,1,21,0.2898073571304467,0.311152172566192,-0.0703941669678812,0.1696056062853593,0.5800984940612368,0.0248116231239522,1,1.6985091909908725,0.6330642641785238,0.7263995077432276,-0.5892532527569638,0.2444302017822426,-0.172282146225171,0.9390412554260716,0.907788557554542,-0.696663485546197,1.0,1.3288049031876772,1.5285075494347815,2.039822611293548,1.3294507412643892,1.3288049031876772,1.3288062104708682,1.3288114389805146,1.3288179732154495,1.3288701909884677,1.3289353228342806,1.3290651179289974,1.329450741264389,1.3300808192018942,1.3312929636482542,1.33453219555868,1.3385205990060178
synthetic_cell_00205,0,10,1,2,14,0.2593960210758401,0.2872430256370503,0.1490999863630235,0.4168731040169279,1.8308926746893823,-0.4241165514206447,0,0.4948268603872108,-0.5923489804282482,-0.1544415760050193,0.282737702058789,-0.2610892934558342,1.3351508926028226,-0.334290583225752,-0.5982087320834525,0.8738082387164878,0.0,-0.5717396244506435,-0.1176212683142829,-0.5391742765382809,-0.574586205670063,-0.5717396244506435,-0.5717453162846593,-0.5717680836758544,-0.5717965430388101,-0.5720242228841382,-0.5723088349636077,-0.5728780994886438,-0.5745862056700629,-0.5774340221370279,-0.5831327787005485,-0.6002432715669974,-0.6287329140209399
synthetic_cell_00206,0,5,7,3,14,0.3214369635541222,0.157059553199841,0.2226365457469713,0.9489960651443964,-0.3105063479117101,0.2485232178278285,1,2.154134713929068,0.7866937284210661,0.2926158500822438,-0.8296637221151647,1.8148291722469767,-1.8433608037618336,1.4507596154341469,3.182132514099349,-3.183269637716797,1.0,2.554670970274922,1.7441460183127442,-0.9799645520590357,2.5511040585298024,2.554670970274922,2.5546638815139437,2.5546355246669736,2.5546000745512387,2.5543163113171627,2.5539612013719033,2.553249627592514,2.551104058529802,2.547491841036254,2.540130584323134,2.5169366300135176,2.4744848472090055
synthetic_cell_00207,0,11,2,1,14,0.1723150343786897,0.0940244782987948,0.0537064110360222,0.4522422705849028,0.2961118812694706,-0.1136414599983041,1,0.5657560887606028,0.9497738386927188,1.4879574047551052,-0.1628243556253668,0.7484769856224045,-1.107568041264627,0.9508209219567224,1.805617358840776,-1.373530669747075,1.0,1.56620511936259,1.2326328072585184,0.6240323076351226,1.5660351197672715,1.56620511936259,1.56620480067476,1.5662035250718163,1.5662019286518671,1.566189080618876,1.5661728287844283,1.566139685073709,1.5660351197672715,1.56584363825432,1.5653954648704855,1.5635156676379152,1.5585105027408837
synthetic_cell_00208,0,1,2,0,14,0.3830391867770129,0.2225305933971671,-0.0162958193980126,-0.7482325409883941,-0.1163071804098368,-0.1048276942646057,0,-0.5965127578986292,-1.1725338356143316,-0.996020744660942,0.4001419902666869,-0.6955404740611093,-0.3147448555348381,-0.6567621403352475,-1.249660702382568,1.769521043637705,0.0,-0.9828722668768112,-1.174001337385039,-1.054491090419929,-0.9843059702846724,-0.9828722668768112,-0.9828751428340213,-0.9828866463222637,-0.982901024916125,-0.9830160229906135,-0.9831596938019785,-0.9834467788803737,-0.9843059702846721,-0.9857309998931462,-0.9885543974203802,-0.996799692048484,-1.0097141611608125
synthetic_cell_00209,0,3,5,3,14,0.6203594263959652,0.3777382281610999,-0.0605521918526987,0.3353493084565425,0.8169091110882837,-0.6405613829566226,0,-0.0465616114191437,1.573988494218684,-0.0788472691435843,0.7058371574593799,0.1422328204572105,0.4907204071150706,-0.7509721493798636,0.5757928512993511,-0.1219045262154099,0.0,0.0167864032979135,0.3894963504131286,-1.6510759260851984,0.0119173230591418,0.016786403297913473,0.01677668060713767,0.01673778922242405,0.01668917359297989,0.0163001926293544,0.015813826672659504,0.014840629373364089,0.011917323059141765,0.007032823021592391,-0.0027819376178650486,-0.032582738589328364,-0.08336784959118941
synthetic_cell_00210,0,6,3,0,21,0.3897319992408479,0.350587471319535,-0.0011360124054991,0.6508861914127231,-0.4432718075146575,-0.3380356285560342,1,0.2274887071411994,0.5702144049709515,-0.4444309094147705,0.5602543290648607,1.3021254492906114,-0.0181163240539017,-0.6207869322849847,0.1507847964597277,-0.206758597395605,1.0,0.3381363771071017,0.0399073625517211,0.1413401927858372,0.3421866969365851,0.3381363771071017,0.3381444695497197,0.3381768396506304,0.3382173030201692,0.3385410396956397,0.3389457847560907,0.33975552171785117,0.3421866969365851,0.3462451335461481,0.35438576628188595,0.37898665125971726,0.4205051178193684
synthetic_cell_00211,0,3,1,1,14,0.3646973994833196,0.2358500032581257,0.1405643096232524,-0.7328587556906747,0.7978598676492523,-1.399827077572613,1,1.1005798115468428,0.3668698139795898,0.3292651150903742,-0.4613327652929399,0.1260215970346018,-0.123594181495056,0.5120948571439456,0.7754173603672845,-0.7658471672022711,1.0,0.8256754362472597,0.9694496764467204,1.6619734875611998,0.8280503038069787,0.8256754362472597,0.8256801895000718,0.8256992023724847,0.8257229681505217,0.8259130818564969,0.826150692600295,0.8266258088393802,0.8280503038069786,0.8304215375657726,0.8351524438663415,0.849240589250673,0.8722893344276951
synthetic_cell_00212,0,10,0,3,14,0.2310990863274446,0.1847812115939548,-0.205438158544966,-0.421751125493006,0.6157160557009045,-0.6426193100576127,1,0.6614698595337672,0.6753273707597038,0.9924115044192658,-0.6379860846335056,0.6494549212900749,-0.2512770146236038,0.89301589125764,1.6979068800652426,-2.023437012015175,1.0,1.2318146650081307,1.1692440823799168,-0.9105208065664192,1.232793814871163,1.2318146650081307,1.231816636584384,1.2318245223596365,1.2318343783866337,1.2319131788988082,1.2320115601774129,1.232207924181807,1.232793814871163,1.23375954223672,1.2356500121892604,1.2409806316469556,1.2486433718318881
synthetic_cell_00213,0,10,1,2,14,0.3884292922312419,0.2500650212113744,0.1043437584277136,-0.134273956715003,0.2298223296410476,0.2712109332079018,1,0.3814382280357393,0.9231176918155184,0.1302512393513848,1.054278865824511,-0.2823331381287637,0.0514765156395224,0.3821320904546453,0.3920517081968485,-0.5566132123380491,1.0,0.2280342404562333,0.2700136167488224,-0.7643896083496415,0.2324629317644716,0.2280342404562333,0.2280430869962419,0.2280784735926923,0.22812270782010768,0.2284766208971838,0.22891911030862822,0.22980441548557776,0.23246293176447164,0.23690239351520112,0.245813053100827,0.2727880557408204,0.31847758459681375
synthetic_cell_00214,0,0,6,2,7,0.0584630406924047,0.3291671276161763,-0.0001816084088358,0.2677375586641277,0.2228553307553376,0.5785486029230237,0,0.4374823945261121,-0.2192722543520017,-0.7576343507958687,0.4473583007749378,0.1168066542654317,0.6912507694022774,-0.3058335954581565,-0.1815365004584099,0.0756025067411652,0.0,-0.333089370047372,-0.2465498963225257,-0.0948111300425233,-0.3367560847574806,-0.333089370047372,-0.33309669641400974,-0.3331260021654027,-0.3331626349954583,-0.33345572325282297,-0.3338221475408551,-0.33455520883067924,-0.3367560847574806,-0.3404297866217631,-0.34779760347069716,-0.37005407988744626,-0.4075846465998383
synthetic_cell_00215,0,3,2,1,14,0.486503375532189,0.3614487738741034,0.0811612971283106,-1.1277914013795844,-0.0449103627109459,-0.7687691978841809,0,-0.2314263950738298,-0.7747903737238946,-0.4294906725750427,1.5720086292651376,-0.8527296341495634,-0.3588151586614561,-0.6694166971587501,-0.745223887437038,1.52120454397057,0.0,-0.921157843307705,-1.0665582395042064,1.2254196061670275,-0.9228036314072592,-0.921157843307705,-0.921161141951406,-0.9211743362450142,-0.9211908284792396,-0.921322741023212,-0.9214875682892599,-0.9218170108457423,-0.922803631407259,-0.924442233137653,-0.9276972459324839,-0.9372732804305157,-0.9525257123937
synthetic_cell_00216,0,8,5,0,14,0.1802935809197522,0.0456806886717741,-0.0358555275392688,-0.5154401627483443,0.6198405722807688,-0.161282108843474,1,0.2427378962262856,0.6284354592035916,0.2857188112333412,-0.2122132239822812,-0.0584699239796249,-0.2909924846035965,0.0538889221579078,0.5327339236884512,-0.954280391270232,1.0,0.4579705985855642,0.5776457241277834,-0.5015788379307086,0.4616091021418537,0.4579705985855642,0.45797787027504816,0.45800695724807783,0.4580433164482364,0.45833420938694186,0.45869787381940424,0.4594253629836999,0.4616091021418537,0.46525283425480735,0.4725553763695934,0.49457229204040215,0.5315510101607899
synthetic_cell_00217,0,0,7,2,7,0.5690893259889135,0.4038547198030602,0.1987416876585537,-0.8919831770857263,-0.003296923182554,0.1802669315532327,1,0.5194728103554049,0.4709539914315976,0.8554854251824545,-0.8574108996847496,0.5122875103802825,-0.2713475980190472,-0.8022814218499085,0.5869854818071858,-0.3165898719444578,1.0,0.6850958496621671,1.0521813027392617,-0.8351492084878761,0.6879538259759661,0.6850958496621671,0.6851015657545992,0.6851244301208052,0.6851530105705413,0.6853816538290883,0.685667456964242,0.6862390595093465,0.687953825975966,0.6908115567134117,0.6965256415381169,0.7136450857655346,0.7420194879286679
synthetic_cell_00218,0,11,7,1,21,0.3767254585826959,0.2735059861709736,0.2399838158963048,1.355040992637235,0.2486252301418148,-0.0055032475801389,1,-0.7851724611591814,0.7849739759884394,-0.1548537745434416,0.6569980181391398,0.619570326938255,0.4933107415478842,-0.4090997093397241,0.0731684628169598,-0.2028767665502943,1.0,-0.1722202419061889,-0.2809263986336509,2.300306706771197,-0.1664160561254866,-0.1722202419061889,-0.17220865399466925,-0.17216230152691483,-0.17210435909352503,-0.171640745692989,-0.17106104417895945,-0.16990102574236202,-0.16641605612548654,-0.16059145303886924,-0.1488815135520331,-0.11327587698574836,-0.052423278355570806
synthetic_cell_00219,0,11,6,1,7,0.1566407301648895,0.0969800173271934,0.0369704674083459,0.6643066991934523,-0.017188751147716,0.2724790752162224,1,0.8769493550194543,0.0405283056989568,0.185627705014886,-0.0249999429090852,0.5423094338208558,-0.2793092100973126,0.021145735435392,0.6063744402168398,-0.6911862997939934,1.0,0.6187257087492526,0.5345368726395734,1.6171657780028177,0.6218117693593811,0.6187257087492526,0.6187318794155159,0.6187565621409301,0.6187874156834169,0.619034249433881,0.6193428050602242,0.6199599605186797,0.6218117693593811,0.6248991840346667,0.6310774450514822,0.649628019759875,0.6805167599802489
synthetic_cell_00220,0,8,1,1,14,0.2743752701998644,0.082824965116797,0.1233674512825128,-0.8288608154030479,-0.1866021061732474,0.4501163262557434,0,-1.210432338705825,-0.3079734507003306,-0.2660838724243968,1.5781865995653808,-1.296327218377191,1.0833056134037455,-1.1319372068542446,-2.259462034830773,2.1187148162209364,0.0,-1.719817809283407,-1.278982553141684,1.2760145884400194,-1.7187189626143662,-1.719817809283407,-1.7198156378480103,-1.7198069510564877,-1.7197960902046154,-1.7197091088686618,-1.7196001457887897,-1.7193814308797801,-1.718718962614366,-1.7175936804135616,-1.715263064841506,-1.7076177011999432,-1.6926140402932628
synthetic_cell_00221,0,5,0,1,14,0.5280938207758691,0.4233583742421509,-0.2252215463568156,0.7941159170055944,0.202673036126877,-0.8972013307738171,1,0.6006196225989522,0.9642057115091044,1.23761110984525,0.8412070069959261,0.7208228316030824,-0.1214034788050848,0.328147108001186,1.155209984790938,-1.016685521236572,1.0,0.9055280335953338,0.8234621018283339,0.9529919782186796,0.907628483725382,0.9055280335953338,0.9055322399320087,0.905549065063011,0.9055700959913454,0.9057383239817467,0.9059485602843782,0.9063688699734422,0.9076284837253817,0.9097233754611909,0.9138958126360761,0.9262621071326748,0.9462857506341525
synthetic_cell_00222,0,11,5,3,14,0.1883120023149458,0.1913507767588663,-0.0162967317868776,1.0827567468855623,0.1860667104358234,-0.2268418677497894,0,-0.6797982721074899,0.1225097691359361,-0.8871908283753902,0.0055127162286045,-0.621495467179067,-0.4086460697045406,-0.7078413430576214,-0.2983824496816807,0.4279234739191241,0.0,-0.5459282817954415,-0.5133657358389588,-0.1498138905860924,-0.5488635649800196,-0.5459282817954415,-0.5459341504131849,-0.5459576249641352,-0.5459869683326853,-0.5462217224589098,-0.5465151829804388,-0.5471021630299452,-0.5488635649800195,-0.5518007055126026,-0.5576799801612462,-0.5753470395607876,-0.6048145078902484
synthetic_cell_00223,0,10,7,3,14,0.1773141592054274,0.0472128121566311,0.169820533109676,-0.1893950559302658,-0.3153061138189827,0.0237719960638584,0,0.5280633569576849,0.2132968427439264,0.2637652146574465,0.8742046561941066,0.4020323262562658,-0.410725126472079,-0.506881184550085,0.12061024888114,-0.3094007590850822,0.0,0.2681858100820395,0.1556480463757233,-0.4674716854289809,0.262452783255159,0.2681858100820395,0.26817436553878726,0.26812858650218674,0.26807136076341986,0.2676134771454654,0.2670409284157759,0.26589518401568707,0.26245278325515886,0.2566982774450345,0.24512529213203102,0.20990359934085795,0.14959458063968342
synthetic_cell_00224,0,11,7,3,7,0.2841680466560496,0.1158607655844833,0.195787353183436,1.355468960878876,-0.3615300717570665,-0.6201496993703748,0,-1.1294109339759222,-0.8740617317912021,-0.6503883342340635,0.3205303281946672,-0.980438831254328,1.4854583354978463,-0.9148003538755992,-1.837319765634088,1.6203205571261543,0.0,-1.6405009088273328,-1.1590087013156345,-0.4879069409398717,-1.6396746386389007,-1.6405009088273328,-1.640499280639047,-1.6404927669123144,-1.6404846225632088,-1.6404193801209324,-1.6403376078388194,-1.640173331806149,-1.6396746386389007,-1.6388238446007466,-1.637047951624082,-1.6311128877097427,-1.6191140343664627
synthetic_cell_00225,0,5,1,2,21,0.4351266774344849,0.6009514037754097,0.1069444111908784,1.1190975850048628,-0.7076677680066641,-0.1840738248120443,0,0.678087505095027,0.9232152303402004,-0.4538716269876926,0.8756604081610808,-0.0188008396714367,0.1285190954017911,-0.3471286819364332,-0.3166631009636563,0.2245374745307797,0.0,0.1134211554614011,0.2791137520145935,0.470932678744045,0.1082199850817164,0.11342115546140107,0.11341077091231203,0.11336923200133098,0.1133173067547674,0.11290184048232728,0.11238234695776887,0.11134282473537599,0.10821998508171633,0.1030010658293842,0.09251046586417311,0.060625942642909325,0.006179961983780653
synthetic_cell_00226,0,11,3,2,7,0.2960473560111063,0.5628320683955689,0.1893802102881762,-0.0294632197727877,0.370969703862715,-0.5813263393784429,1,0.715477266144883,1.0180575156335296,0.4863846329644123,-0.833608306871779,0.8130130103962968,-0.0257898282173602,-0.1432259619112031,0.8960213471965338,-0.9504310091778692,1.0,1.0007447420484017,1.2366372247127686,-0.7392005975198701,1.0025179752154054,1.0007447420484017,1.000748296239046,1.000762512694276,1.000780282571681,1.0009224139056387,1.0011000087630306,1.0014549667983224,1.0025179752154054,1.004283355091742,1.0077898703844814,1.0181030197183465,1.0345195141245278
synthetic_cell_00227,0,9,2,1,21,0.3191860420994687,0.3389616718503644,0.0398902428570779,0.5514630398368225,0.0842900816048394,-0.4312160943030603,0,-1.2832600543610329,0.2465532759590791,-0.9145864970989024,0.6880967120760987,0.2680555157213015,0.8163097179987562,-0.2595737730424772,-1.1424453865922477,1.2273235233649804,0.0,-0.7713810256294964,-0.9889231784168856,2.351788849921425,-0.7735415292260603,-0.7713810256294964,-0.7713853501053095,-0.7714026478715316,-0.7714242697709011,-0.7715972326117974,-0.7718134051918336,-0.7722456465416266,-0.7735415292260603,-0.7756984563480884,-0.7800009708046602,-0.7928066228110227,-0.8137331357329144
synthetic_cell_00228,0,6,1,3,21,0.1687484840370972,0.205924543960958,0.1084759184449362,-0.1081961770753077,-0.9565629624894944,-0.2755406241547635,0,-0.8267882509188772,-1.5863525476741285,-0.7808111210222517,0.9650418659096248,-1.435760274295122,1.2051870315418765,-1.858285747859155,-2.2437359809440798,1.9284824667645024,0.0,-2.181275695903357,-1.575288527281175,0.6238922200468636,-2.178591026213487,-2.181275695903357,-2.181270363909966,-2.1812490344422963,-2.1812223692458454,-2.181008913175302,-2.1807417567217944,-2.1802063218113616,-2.1785910262134864,-2.175868799014699,-2.1703108622152936,-2.152715143818651,-2.120229809524163
synthetic_cell_00229,0,8,3,1,14,0.2701386064501123,0.3120637416216831,0.0392378625902797,0.1323678142077702,-0.4660407174712393,-0.167652806783938,0,-0.7642505590289299,-0.7625590757767713,-0.5845602729830657,1.0877678823979615,-0.5854892318717795,0.2372244346133175,-0.3021820036520638,-0.5388912225113248,0.2152084427374908,0.0,-1.0049371842752397,-1.1902653488958688,1.4834647673653385,-1.0062950604950134,-1.0049371842752397,-1.004939909108256,-1.004950808078485,-1.004964430977043,-1.0050733815775308,-1.0052094882669609,-1.005481429166716,-1.0062950604950132,-1.0076437311106257,-1.0103128121154543,-1.0180823238777281,-1.0301608950880539
synthetic_cell_00230,0,8,6,1,14,0.1304454973214607,0.0176237665240222,0.0647413933122526,0.298600559938152,0.3044265466290421,-0.3193663746843695,1,0.8916728687543465,0.9911538526918364,1.3744204075612845,-0.7687674256418981,1.156151319997133,-0.2382013035284913,1.1344235664896858,1.377429485386448,-1.2757943806739902,1.0,1.6949886196129809,1.5742802332057284,1.13037098150833,1.6943760491020454,1.6949886196129809,1.6949874188777678,1.6949826149613334,1.69497660787061,1.694928463314391,1.6948680629303925,1.6947465291161223,1.6943760491020452,1.6937388927561114,1.692390039730339,1.6877333010882751,1.6778493570991655
synthetic_cell_00231,0,7,6,2,14,0.5027032141468576,0.3909200721324586,-0.0195772042770285,0.0773216090622006,0.1479855570123852,-0.3564245875699436,0,0.0992021711518403,0.8094158362048093,0.1632788780685022,0.2056184144227728,-1.091575787247305,0.0742191434296649,-0.7867766507554239,0.0959660386588567,0.255467345079837,0.0,-0.2788766380850454,0.3993519976243618,-1.599725805809434,-0.2827296575498471,-0.2788766380850454,-0.2788843357585529,-0.2789151267896065,-0.2789536163366482,-0.2792615630265701,-0.27964657209820176,-0.280416842106399,-0.2827296575498471,-0.2865909707945924,-0.2943379379532898,-0.31776339626613,-0.3573477349501487
synthetic_cell_00232,0,9,1,3,7,0.0998314765955879,0.0511307164689636,0.1078251358374136,-0.3249487184213327,0.744200809459999,0.2528844296654963,0,-1.6899254009700608,-1.1603792068664118,-0.3582424729787407,0.332744503378005,-0.1941293921394214,0.8380508098012884,-0.3469313630761537,-1.2610868253081924,1.6379261915635108,0.0,-1.2529658000810835,-1.4438777914348746,-0.3941703224814631,-1.2534713136039046,-1.2529658000810835,-1.2529668261484113,-1.2529709298171496,-1.2529760580516804,-1.2530170298522294,-1.2530681093167921,-1.2531698166463148,-1.2534713136039042,-1.2539616435803118,-1.2548960743819688,-1.2573173782400358,-1.259999739356072
synthetic_cell_00233,0,5,3,2,14,0.5096383310434456,0.543575287378551,0.0975625743349976,1.305315575441392,0.1443930857770515,-0.7043870899494731,0,0.3753985382082777,-0.074492950999747,0.2017375849752612,-0.5243668573581105,-0.2398221737901962,0.1554588017938057,0.2773607571901403,-0.1342557382878371,0.0054156095343467,0.0,0.2334184922698438,0.4346767619240493,-0.52234340380247,0.227804945063006,0.2334184922698438,0.2334072858504322,0.23336245934265898,0.23330642434022295,0.2328580696249489,0.23229743955448365,0.23117555758099156,0.22780494506300597,0.22217075682872817,0.21084092545467936,0.17636891569232596,0.11737700720247495
synthetic_cell_00234,0,10,1,0,21,0.5658834358491602,0.4373500855689915,0.1496737921400771,0.3341790559267974,1.3194211301358436,0.3679771842050052,1,0.808446001033879,0.3530641133371986,0.6766377824924119,0.505032975222782,0.702364399570289,-0.3561133435724984,0.9058234872477318,1.4823595406304908,-1.2285872542110028,1.0,0.9707853088064604,0.6054220233990614,-0.1000632021914517,0.9726614990586148,0.9707853088064604,0.9707890681914007,0.9708041054526522,0.9708229014024685,0.9709732439112219,0.9711611092265559,0.9715366298137386,0.9726614990586148,0.9745305580971138,0.9782466021847109,0.9892057627747755,1.0067572275477126
synthetic_cell_00235,0,11,6,2,7,0.0600066213310485,0.2665312679181411,0.1257911794275233,0.6020261248869846,-0.7346395283892837,0.2755513617432297,1,0.8077288726153475,0.7294664426185482,1.1609011331715433,-0.2896513051371741,1.154697647382311,-0.4226866951213148,0.2260830165509395,1.2603460175562269,-1.2424059434944597,1.0,1.2952210736529146,1.1926364458156675,-0.2284172795184583,1.2959823242332336,1.2952210736529146,1.2952226109541505,1.2952287595683025,1.2952364440066026,1.295297866316048,1.2953745111069157,1.2955273563452026,1.2959823242332333,1.2967286241059217,1.2981756454697553,1.3021390410093974,1.3073997199038812
synthetic_cell_00236,0,3,1,1,14,0.2416530359771813,0.0707332166413509,0.234204996553426,0.9020392502737729,-0.4266305556737446,-0.8987150309392711,1,-0.4761194692135655,-0.1335743009840828,0.3561561750975751,-1.176756676279732,0.4879072393562013,-0.679396354962548,0.1824592547671368,0.7642127606689606,-0.8865985310997385,1.0,0.5554192392878098,0.2938906807475344,1.1356829637963526,0.5587228557346686,0.5554192392878098,0.5554258435445998,0.555452260693056,0.5554852824014499,0.5557494669636677,0.5560797248173808,0.5567403304490359,0.5587228557346686,0.5620293520481225,0.5686503627039529,0.5885660063551411,0.6218530218126477
synthetic_cell_00237,0,10,2,1,14,0.5791769027863991,0.2377151491736841,-0.0083706961848008,0.9274379804519236,0.5048054419587296,-1.718228974211196,0,-0.6175087696427024,-1.328938725696606,-0.4596413362520101,0.8621382772226129,-1.1605232199184878,0.1091593833310371,-1.2355968367572214,-1.3390577112512247,1.8501778483926448,0.0,-1.422774041768093,-1.2332235269581946,1.364472310852645,-1.4226960008071747,-1.422774041768093,-1.4227739048066563,-1.42277335619689,-1.4227726687155304,-1.422767100077783,-1.4227599672126785,-1.4227451272513036,-1.4226960008071745,-1.4225986836113458,-1.4223455179738358,-1.4211052694040132,-1.4173546876539649
synthetic_cell_00238,0,2,5,0,7,0.2017285716892729,-0.1493151913268764,-0.0193838864792968,-1.5102019269700355,-0.9999688767253648,0.7730156841308763,1,1.6953205443150194,1.4339247538160478,1.3486481889554345,-0.3941515093593186,1.163071813870059,-1.1827264103022257,-0.1035186185756116,1.7326020332955878,-1.5446143976269615,1.0,1.923891068771676,1.987492582117784,-0.8071611378771364,1.922491863588487,1.923891068771676,1.9238883002672547,1.9238772250536598,1.9238633783457446,1.9237524970212445,1.9236136260948282,1.923334985887699,1.9224918635884864,1.9210625556035648,1.9181128160081136,1.908520284437861,1.8899646978787823
synthetic_cell_00239,0,2,7,0,7,0.3224889541289438,0.0653767266961521,0.168357756551995,-0.562445716348976,-0.1336229858395145,-0.2650014598056652,0,-0.1581010058353478,-0.9030010509347568,0.0582627748307431,0.88986471981655,0.0980998009797834,-0.2288785955965478,0.1998039875321944,0.2439735431053642,-0.1417048522612157,0.0,-0.2297410059646437,-0.6881854062503726,-1.063072429725184,-0.2337628824775507,-0.2297410059646437,-0.22974904017160178,-0.22978117738375264,-0.22982134976358082,-0.23014276337261175,-0.23054461673629303,-0.23134861081320018,-0.23376288247755064,-0.23779423702879993,-0.24588484652877987,-0.27036980991215703,-0.3118155818869232
synthetic_cell_00240,0,10,2,2,7,0.4897761100259665,0.4034609743354602,-0.0093879771319273,0.3657625313530577,1.4496371017173462,-0.2691854575834251,1,0.7162830126098789,0.5726269995807268,0.8357774243376574,0.5374651883801195,0.4555731880598497,-0.203932955475781,-0.1694923823782304,0.5559148358092382,0.3407953281945582,1.0,0.6318626501694181,0.6925855420631929,-0.283622368665494,0.6349035650257706,0.6318626501694181,0.6318687308598322,0.6318930536692048,0.6319234572881883,0.6321666905125207,0.6324707426356347,0.6330788816004387,0.6349035650257705,0.6379455173230191,0.6440319018519967,0.6622992064477367,0.6926902723929903
synthetic_cell_00241,0,3,5,1,14,0.4975035863481366,0.3960233788546919,-0.0444400919928063,0.248093310125126,0.8008588831879134,0.6857928678299293,1,0.4957811254368817,-0.0263343903204153,0.5529885234921551,-0.1039702313849728,0.3059452359837237,-0.1524565127632446,-0.2080129116787339,0.2709337687203422,0.1855613993947719,1.0,0.4062706406257154,0.4781653366610608,1.101656808903788,0.4100868136636323,0.4062706406257154,0.4062782664119006,0.4063087698214985,0.40634689967933574,0.4066519623584462,0.4070333501650314,0.40779632341407984,0.4100868136636323,0.4139094613215442,0.4215735800321905,0.44470529498899974,0.48364259222445594
synthetic_cell_00242,0,0,0,2,21,0.151045024069955,0.3677437290153581,-0.1531312522582868,1.132617923604247,0.941301832270902,-0.4853251187558545,1,0.2312891397012667,0.3672628107990792,-0.0212862670696791,-0.930136263465198,0.0798693207546792,0.0807020053836681,-0.6356946039880597,0.3355745929839428,-0.7757033037771263,1.0,0.2264525002904133,0.6160304970185375,0.6082604081962123,0.2308866273275462,0.2264525002904133,0.22646135766387315,0.22649678759565112,0.22654107599565157,0.22689542259044068,0.22733845424164373,0.22822484504040644,0.23088662732754622,0.2353315629299947,0.24425328481136044,0.27126239430321747,0.317011845127748
synthetic_cell_00243,0,11,0,2,14,0.3453633014641494,0.4728581316302787,-0.2358341572743885,0.5574250182575884,0.2716150671836705,1.609048580983676,1,1.0192249871718877,0.4699375590920593,1.6934076544966137,0.1276420651677602,-0.2215694319663689,-0.5040544737510715,-0.8306521244842968,0.8524263677044637,-0.6368122072260053,1.0,0.6379052158746292,1.2134467954347312,-1.0914996863044584,0.6409253651528475,0.6379052158746292,0.6379112551790797,0.6379354124387812,0.6379656091075894,0.6382071862070273,0.6385091668651561,0.6391131585361888,0.6409253651528475,0.6439464062351018,0.6499905305684396,0.6681275401272085,0.6982896920953784
synthetic_cell_00244,0,8,7,1,21,0.5264949721294823,0.5142621683624344,0.1725369912103986,0.2231879451693301,-0.206835077066896,0.6939690509746578,0,-0.2046633763992404,-0.7470271057106873,0.5121632325658404,0.5610253268637472,-0.4596469627414486,-0.7050982106594512,1.0595375005884466,-0.6399072336737323,1.03983262557858,0.0,0.1188312077530738,-0.3838626453636862,1.3833853379777403,0.1136114454591174,0.11883120775307378,0.11882078615015054,0.11877909901862534,0.11872698848466481,0.11831003944435456,0.11778869128809868,0.116745455895297,0.11361144545911737,0.10837380390038087,0.09784536738039795,0.06584418792439088,0.011193255156053006
synthetic_cell_00245,0,6,6,1,21,0.3192422868607972,0.3607406489661022,0.0601814622736833,0.6773402434987135,0.1173770278530283,-0.174254960388502,1,0.254188367203408,0.3501917077761042,0.1141066248806963,-0.0212184760327444,0.934791805414442,0.0745565404218807,-0.4538519953434624,0.1894991618080913,-0.2283064328079071,1.0,0.4045383030790926,0.3474126605027172,3.052659908667368,0.4083604293813073,0.4045383030790926,0.4045459407301813,0.4045764916010605,0.40461468078925117,0.40492021826126867,0.40530219993422545,0.4060663621670709,0.4083604293813072,0.4121890720560128,0.41986530630287433,0.4430343754227486,0.48203729979356336
synthetic_cell_00246,0,3,5,2,21,0.1946989798038056,0.3889808738486197,-0.012615229940837,0.3779263854169916,-0.1361835630166877,-0.6586092081252704,1,-0.17756007302386,0.1419347809063259,0.8809692794849221,-0.8252759210033878,1.0151429375287968,0.0959007516371173,0.1675654867967482,0.5603266147831951,-0.219648946226544,1.0,0.6957432428620202,0.5928609503033588,0.1244755475101334,0.6985646288785511,0.6957432428620202,0.6957488860296965,0.6957714586866307,0.6957996744767179,0.6960253995356456,0.6963075526149662,0.6968718473591051,0.698564628878551,0.7013855126971225,0.7070251323125721,0.72391498822299,0.7518860290919547
synthetic_cell_00247,0,7,7,0,14,0.191072619592579,-0.0342904379028059,0.2357640768381203,-1.3606902327256905,0.4237214442142916,0.2089393799004861,1,0.0889932886238774,0.6905846520267274,0.3130899424010865,-0.957437300068257,1.1499030540903168,-0.5016220723897946,0.3608960299335159,1.2310841203076683,-1.4096942714014378,1.0,1.0884329716739711,0.8000886621637373,-1.1086659068346778,1.08990485987055,1.0884329716739711,1.0884359252816735,1.0884477393207326,1.0884625059880142,1.0885806040442016,1.0887281383104217,1.0890229118369708,1.0899048598705496,1.09136678133011,1.09426002704167,1.1026823667958998,1.1157769177816368
synthetic_cell_00248,0,6,3,2,14,0.102244008606808,0.2233203132998746,0.0632631273137069,-0.7281364839124359,-0.5248944387929145,-0.3039948984666842,0,-0.9869554982766952,-0.6091131645190175,-1.016165173512706,0.6680759094888993,-0.318644238006989,0.1853572738852427,-0.8858800583317705,-1.3342873290033617,1.1081381502167005,0.0,-1.0859494846929334,-1.2256416088232134,-0.3945402277766561,-1.0870289581056518,-1.0859494846929334,-1.0859516546669232,-1.0859603341230692,-1.085971182453572,-1.0860579294911976,-1.0861662641791503,-1.086382602570751,-1.0870289581056516,-1.0880972733699348,-1.0901997745754028,-1.0962224289275986,-1.1052319647668514
synthetic_cell_00249,0,6,6,2,7,0.1328468845211527,0.3189182041626031,-0.0235939215440426,0.0323059850983455,-0.0285097521831029,1.1786648462445968,1,2.421475960655532,1.647195422123083,0.955754263540652,-0.4941782358242195,0.7956537326270897,-1.2663882698389013,0.3036622389182917,2.614968471213298,-2.5681382987940644,1.0,2.146330571009329,2.3170849653492303,-0.4896640265777695,2.144166941393015,2.146330571009329,2.146326279000884,2.1463091095570883,2.1462876445796772,2.146115797828377,2.1459006719363205,2.145469361157275,2.144166941393015,2.1419678477770487,2.137462421848808,2.123073457011329,2.096091067401709
synthetic_cell_00250,0,1,5,2,7,0.4039341524566314,0.3412296370014608,-0.0176308227992864,-0.2393553748623707,-0.4865983840824495,0.101493453964842,1,1.8509139292447148,0.6240575052980175,0.9720673450295572,0.3577951214086347,0.8821207583395685,-0.5011413887388187,0.0553324868488962,1.0103328688109614,0.0617878576662779,1.0,1.313204329174513,1.3458118530542964,-0.713128428297746,1.3139037794011648,1.313204329174513,1.3132057433071487,1.3132113992295897,1.3132184677643046,1.313274961287104,1.3133454411993504,1.3134859436933053,1.3139037794011645,1.3145878454909112,1.3159090964562654,1.3194847214597878,1.3240641303866463
synthetic_cell_00251,0,3,1,3,7,0.2248019279164537,0.1541303077583334,0.1571699325577069,-0.2902466989635554,1.1631332059649415,-0.8014746543516635,0,-0.48606411767099,-0.2510387671203947,0.7600869506057782,0.7313350623393637,0.3940738982209621,0.0994201685924452,-0.6188711972945107,-0.1224789992939375,0.3228124198923182,0.0,-0.2015082074416756,-0.2910228694179679,-0.0127230172663877,-0.2056271073734868,-0.2015082074416756,-0.2015164350170854,-0.20154934573021827,-0.20159048504741864,-0.20191963660134873,-0.2023311685115995,-0.20315454007071607,-0.20562710737348677,-0.20975616580560486,-0.21804422844837987,-0.243137971894202,-0.28565330314385123
synthetic_cell_00252,0,8,5,2,7,0.2860540158258648,0.3364094345546028,0.0157572368064876,0.6152282714578319,0.1886052751726364,0.5487602045265519,0,-0.1281297540128176,-0.715214985824374,0.0243096317971717,-0.3399768889024255,-0.4149256882311306,-0.5055485562590204,-0.093308231842606,-0.2286818024310259,0.3325193822566529,0.0,-0.1114270427438307,-0.1809034751267046,-0.3894803847423889,-0.1158555110866779,-0.11142704274383072,-0.11143588729156555,-0.11147126598070498,-0.11151549046300531,-0.11186933114183083,-0.11231174397048767,-0.11319694242093839,-0.11585551108667795,-0.12029630905028468,-0.1292143768645895,-0.15625052842929707,-0.20217845602912632
synthetic_cell_00253,0,7,5,2,14,0.2445010854178338,0.1534688420853734,-0.0915801974051869,-0.3337151263525179,0.6045046172989275,-1.007291818707292,0,-0.9236319815757588,-0.8282097268077997,-0.2998631034795209,0.2004494348955621,-0.4384338875178313,0.3813729663602705,-1.1083850512836309,-1.21522457396017,0.8010961699957202,0.0,-1.0486439945794537,-0.8889935136252622,-0.7550488650257811,-1.0498516701677996,-1.0486439945794537,-1.0486464200614074,-1.0486561215853165,-1.0486682475813174,-1.0487652191748507,-1.04888634263835,-1.0491282855222008,-1.0498516701677996,-1.051049086738099,-1.0534124932257842,-1.0602395608770139,-1.0706623619624474
synthetic_cell_00254,0,8,0,3,14,0.2738566747388282,0.2269745308550355,-0.0805278804488338,-0.9809737134589992,-1.9568170109413117,0.3866235964723674,0,-0.5173876429070239,0.615708462955006,0.1142183280459409,0.8636157546655543,-0.2487639966875244,1.1031081161844054,0.3690624984529658,0.0679153881907644,-0.2732195637350119,0.0,-0.3700051662882457,-0.2099267078227767,-0.382083911579852,-0.3735450180251373,-0.3700051662882457,-0.37001223981596076,-0.37004053417613014,-0.3700759026872065,-0.3703588731945725,-0.3707126422988552,-0.37142036656145117,-0.37354501802513723,-0.3770909671781481,-0.3842006041664987,-0.4056610702011228,-0.4417931346634811
synthetic_cell_00255,0,5,0,0,14,0.0213613644701519,0.1414299704316399,-0.22373194225991,-0.4482369245370683,0.33685757639786,0.5745904056851823,0,-0.5076345449484367,-0.7893635251995387,-0.4890449005609265,-0.5023080205039792,-0.3782920175624931,0.5427909973210004,-0.3754165798668724,-0.335876263664606,0.3314927024470052,0.0,-0.663416372451793,-0.4976300463868571,-0.600900120368721,-0.6659479019586501,-0.663416372451793,-0.6634214363852198,-0.6634416920858169,-0.6634670116369779,-0.6636695650456197,-0.6639227492213285,-0.6644290917320285,-0.6659479019586501,-0.6684784571361305,-0.6735360494169349,-0.6886697288149107,-0.7136863285226308
synthetic_cell_00256,0,9,5,1,14,0.2262901996619636,0.0761017886597976,-0.1539269949887661,0.843437556268755,-0.0236848597005445,0.1123454109259696,0,-1.0287634839978856,-0.5608467009677862,-0.9390369296722312,0.7513656991578935,-1.6684567615166688,1.4193137717533688,-0.6224956442090301,-1.1691455897297018,0.7685085205717331,0.0,-1.7897922334807392,-1.229228955264437,1.508274588146901,-1.7884529162162683,-1.7897922334807392,-1.789789582785518,-1.789778978887344,-1.7897657215006118,-1.789659561823611,-1.789526610660421,-1.789259869050874,-1.7884529162162681,-1.7870854769087183,-1.7842654776872948,-1.7751112648858534,-1.757456722794158
synthetic_cell_00257,0,0,1,2,7,0.5746262311488678,0.4788033814360594,0.1222740554666765,-0.151059941235749,0.5776761663560925,-0.7166672005710863,0,-0.1354632700602291,-0.4024354084986499,-0.3374567067160278,1.248198367079007,-0.8126674424277286,1.2811804414094827,-0.5456390980669763,-1.587575125485576,1.9999732883351704,0.0,-1.1342613746576076,-0.7280553708022969,-1.77403371652764,-1.135174821853184,-1.1342613746576076,-1.1342632137400157,-1.1342705695833324,-1.134279763293168,-1.1343532691800018,-1.1344450419647303,-1.1346282216601593,-1.1351748218531839,-1.1360759464956158,-1.1378405664067401,-1.1428214779304446,-1.1500007867747786
synthetic_cell_00258,0,9,5,0,14,0.5783744729963197,0.2584433437155989,-0.0312728164442669,0.1121917970134273,-0.0033852725968497,-0.5757292686046138,0,-1.4254958677728888,0.088172751411659,0.6325047493402846,0.2292033440550169,-0.6170413919276915,1.2014942762390612,-1.1592861736350508,-1.7717149411139084,2.243478458819268,0.0,-1.0869213410483385,-0.4549078214698114,-0.9267665981912072,-1.087997474628266,-1.0869213410483385,-1.0869235043660148,-1.0869321571959714,-1.0869429722416324,-1.0870294529163282,-1.0871374544401071,-1.087353125801508,-1.0879974746282657,-1.0890624266362465,-1.0911581309210494,-1.0971598292645004,-1.106132547712876
synthetic_cell_00259,0,6,7,3,7,0.5332327518604584,0.3483360262448642,0.1504637340136115,2.261298055329454,-0.3936336484880293,-0.4043257694466478,1,1.3346231679701892,0.957759857586462,0.5393964873927576,-0.9979539221275768,0.0768933057889507,-0.5304758713264613,-0.0230944704057361,1.2764802381389448,-1.0484569330448124,1.0,1.1476793533654768,1.5732965588551453,-0.6757793152392342,1.1489476384192518,1.1476793533654768,1.1476819011904833,1.1476920920417317,1.1477048295959384,1.1478066896147727,1.1479339135010702,1.1481880234814157,1.1489476384192518,1.150204528790095,1.1526834201026497,1.1598282380442102,1.1706783244229453
synthetic_cell_00260,0,10,7,0,14,0.1272704562928196,0.0205919358724684,0.206218796399818,0.9739428814564128,-1.27478050115421,0.886173203240715,1,0.5849731885377096,1.425426208284391,0.9098629074839336,-0.6206651024193514,1.2349915334677002,-0.278127881107718,0.6165129730890819,1.5867490781478648,-1.4870763746808622,1.0,1.504189858455135,1.4057284446932068,-1.0110731113311755,1.504232977394013,1.504189858455135,1.5041899645142522,1.504190387958789,1.5041909154825,1.5041950643714193,1.5042000721223514,1.5042094923683709,1.5042329773940128,1.504256109096213,1.5042416549611974,1.5036990845138878,1.5010432792608854
synthetic_cell_00261,0,10,3,0,21,0.4976172584951255,0.3485549566093311,0.0862310288550472,-0.4780679825814494,0.6730812211666848,0.9891781928197972,1,0.3914517371066044,-0.7679963905242848,0.6190692358359542,-0.3646930220075764,0.6647534369078477,-0.642980330272769,0.2418555476917417,0.5954824520792352,-0.7298265470980219,1.0,0.6103832329296954,0.2407559014892957,0.1459570318477256,0.6134979628736656,0.6103832329296954,0.610389460734171,0.6104143720204638,0.6104455112821164,0.6106946315086507,0.6110060470371271,0.6116289283245914,0.6134979628736655,0.6166142479516837,0.6228508541611631,0.641581316561038,0.6727860995704764
synthetic_cell_00262,0,9,0,2,14,0.6857432169771304,0.5173051026708786,-0.182548734106674,0.6251338739804175,1.3918555205533458,0.1914161035516773,0,-0.505183649879051,0.1775840100001876,0.1318771156240442,0.9620214217986168,1.0043718950030494,0.0112722142021731,-1.0892167854185566,0.2312477766491773,-0.2725298089142585,0.0,-0.1625264153574929,-0.4108365861508848,-0.6893360220900288,-0.1667792781601807,-0.1625264153574929,-0.16253490992197836,-0.1625688886289352,-0.16261136302283977,-0.1629511985675535,-0.1633760939100458,-0.16422622048538893,-0.16677927816018073,-0.17104323899550017,-0.17960393055788237,-0.20553823317816677,-0.24953033398154206
synthetic_cell_00263,0,2,5,2,14,0.1635850013497383,0.2481377595955584,-0.088705214142577,-0.5323587847799017,0.2130698599314204,-0.2034593747813033,1,1.724057833265877,1.124124072881275,0.9385369600768648,-0.0391415812133794,0.1546488038317293,-1.3940472580471297,0.175572654033358,1.9751164009604285,-2.031072488060504,1.0,1.5208964089660002,1.6175674990699356,-0.3587118122698066,1.520882115011596,1.5208964089660002,1.5208964006007606,1.520896366331791,1.5208963216774358,1.520895891694473,1.5208951722367827,1.5208931260004752,1.5208821150115956,1.5208474311621596,1.520716135584701,1.5198133240208411,1.5165246149472817
synthetic_cell_00264,0,4,3,2,14,0.1578389982629246,0.3476028691183683,0.0112649790092052,1.3314692510298385,-0.8438134776538206,0.0013657335280261,0,-0.631418994734594,-0.7920103029475523,-0.1274154145988543,-0.4183786582320934,-0.1287156925032812,-0.459451824967271,-0.4762298425670473,-0.3098216666435616,0.1911558386555136,0.0,-0.3137373913076819,-0.4673160709173249,-1.0522242047421717,-0.3174706100569973,-0.3137373913076819,-0.313744850217403,-0.3137746861597562,-0.31381198177042324,-0.3141103739492201,-0.31448343233083287,-0.3152297757833672,-0.31747061005699717,-0.32121128237848817,-0.32871444213430223,-0.35138820268305115,-0.3896518914885838
synthetic_cell_00265,0,7,1,3,14,0.1485104802077861,0.1359401544239248,0.1082533324688304,-0.2112872647047407,0.6630568579228573,0.3379510686652113,0,-0.8343193049067166,-0.6932427598967087,0.4025106321443392,1.0795156004124156,0.2224754344618309,1.0289473532108342,-0.0945163035439313,-0.6915460634156925,0.4446291482217728,0.0,-0.7309531536484472,-0.8697969499235556,-0.651033370601917,-0.7332525896415085,-0.7309531536484472,-0.7309577550176402,-0.7309761603962959,-0.7309991668987633,-0.7311832100668728,-0.7314132418129196,-0.7318732306908028,-0.7332525896415084,-0.7355494235455228,-0.7401346804433967,-0.7538120732518309,-0.7762701384003268
synthetic_cell_00266,0,9,3,1,14,0.4708668474046476,0.1973784135436888,0.0894574277457018,-0.3289205610197938,0.7221647301309534,0.1333197824954851,0,-0.4730036271637717,0.094852548314565,0.2310285619113565,0.7406350063976197,-0.4409915370432768,1.5138717638089316,0.2089145418368893,-1.3922905386525048,1.0159152930705195,0.0,-0.6609275451293031,-0.3201552765408995,1.0046222782032612,-0.6634676276152669,-0.6609275451293031,-0.6609326261088858,-0.6609529499965023,-0.6609783547868273,-0.6611815903244006,-0.6614356277003732,-0.6619436784089736,-0.6634676276152669,-0.6660067957571342,-0.6710817942747415,-0.6862691399237468,-0.7113800253022334
synthetic_cell_00267,0,1,7,1,21,0.3460831043634579,0.3763873442593389,0.1228254090379376,-0.0384743692733194,1.5783830694276295,-1.1285103385863815,1,0.530047630426387,0.1939651914510977,0.3816463131617418,-0.185405484102606,-0.5324805245623033,0.3352601293837491,-0.7719765468229615,0.0546391111672263,0.1463449107933373,1.0,-0.0882882426994429,0.5560426087801723,2.5250787643543178,-0.0827724934161667,-0.08828824269944292,-0.08827722964417507,-0.08823317668221545,-0.08817810881284342,-0.08773749919581855,-0.08718657059150722,-0.0860841585880839,-0.08277249341616671,-0.07723834974131857,-0.06611540969808918,-0.03231958761677823,0.025353367021039762
synthetic_cell_00268,0,0,4,3,14,0.1822126208914341,0.0993012395620065,0.005653067639358,1.1026761208936016,0.4502900506764199,-0.9273414056879328,1,0.9005310864767577,0.2862563778442589,-0.4390338780652508,0.9334261633021762,0.2095004849128355,0.0525088361215381,0.3446133440373918,0.5724813944847169,-0.6274870430749026,1.0,0.2765399302009155,0.1079640621952781,-0.7354969570052452,0.2808019292894114,0.2765399302009155,0.27654844452199373,0.2765825021960343,0.2766250751653871,0.2769656939757176,0.2773915550470172,0.2782435685139962,0.28080192928941133,0.28507352974476063,0.2936449526487752,0.31957403358151454,0.363425993614537
synthetic_cell_00269,0,10,7,1,7,0.0197838283650497,0.061030650528908,0.2637383400204361,0.2830091369065945,0.9059364531278984,-0.9937986099256758,1,-0.286245771635676,0.4607985749334026,0.787585861219948,-0.4020574880986525,0.3089726936775702,0.0574913028058697,0.2800072542430946,0.6306514165907442,-0.8314624572183238,1.0,0.4660111225842477,0.4943397858470749,1.65380220771407,0.4696219944791737,0.4660111225842477,0.466018339203609,0.4660472058884089,0.4660832897108667,0.466371978931382,0.4667328869744662,0.46745485755332616,0.4696219944791736,0.4732379011394626,0.4804842098372189,0.5023277487633161,0.5390018631083922
synthetic_cell_00270,0,5,4,0,7,0.4301924881847798,0.2433662360521374,-0.0340319616001683,-0.6142930486133567,1.0485086318594266,-0.6102294792568383,0,-1.1238757153955172,-0.8821017225465715,-1.4234233890436443,1.3005183186120646,-0.3434065480455311,1.199885529973688,-0.0877732557177416,-1.5658129579252402,1.7480640597248551,0.0,-1.4798376251524037,-1.7529601593713189,-0.6058036946397101,-1.4795634823438286,-1.4798376251524037,-1.4798370973584125,-1.4798349853635022,-1.4798323435271283,-1.479811135105616,-1.4797844401503857,-1.4797304347987668,-1.4795634823438286,-1.4792686879638521,-1.4786164338736258,-1.4761457308793942,-1.4702333767206668
synthetic_cell_00271,0,4,5,1,14,0.3572930923357779,0.1785459441438527,-0.0439954996833683,-0.8907021716066433,0.0356450516983158,0.2920734995557522,0,-1.0287381892604657,-0.2983211181066728,-0.1539218610945021,0.5260703832650813,-0.4523399525018823,0.0695157432277953,-0.3330807601527302,-0.670915140018354,0.9322299688336348,0.0,-0.6971546296058814,-0.7880770014013659,0.9022555911887112,-0.6995702159109232,-0.6971546296058814,-0.6971594624635774,-0.6971787938287773,-0.6972029578876235,-0.6973962644348664,-0.6976378827258551,-0.6981210691021305,-0.699570215910923,-0.7019840147330243,-0.7068056500681477,-0.7212118359347847,-0.7449503099254177
synthetic_cell_00272,0,10,6,2,21,0.469432925426982,0.6880329130565247,0.0610020093449421,-0.4872124615293735,-0.6651875647276964,0.5138904297836979,0,0.2028072764691905,-0.4271990805562958,0.0390507845206556,0.0618764232958453,-0.885174846335961,0.0784006270267549,0.4811376339991989,-0.2348938594291347,0.6097915469695951,0.0,-0.177212146173927,-0.0457215291917887,-0.6329641543537364,-0.1814145407309056,-0.177212146173927,-0.17722054015479413,-0.1772541165131422,-0.17729608793948043,-0.17763189847137906,-0.178051759366808,-0.1788918064423312,-0.18141454073090557,-0.185627679367604,-0.1940856625958624,-0.21970329876467173,-0.263139051617263
synthetic_cell_00273,0,6,2,0,7,0.0467353924621549,-0.0175402525228081,0.0184754792934659,0.8335902217090039,0.531014619177439,0.9281160939242032,1,0.4021373697867444,0.9866877033598916,0.3375259568889718,0.2828819398850282,0.6127838449403427,-0.537354866320211,0.5327660053115097,1.502783546699603,-1.8589606102628529,1.0,0.9169138653495604,0.6415763064738773,-0.607000717697134,0.9189751875014536,0.9169138653495604,0.9169179937038611,0.9169345068944075,0.9169551478725134,0.9171202552746855,0.9173265883757703,0.9177390834391578,0.9189751875014533,0.9210306768397848,0.9251234843505621,0.9372442676782737,0.9568365751949366
synthetic_cell_00274,0,4,2,2,7,0.2636902209838193,0.4574095843252222,0.0495830023958612,-0.4400498966904984,0.009268060580057,0.3353696980191522,0,-0.9392088562326946,0.1436107979004499,-0.7232314099958297,0.1681730485330693,-0.8865285801635416,0.9552189017693722,0.8076654410570652,-0.9136784717425502,1.1645718010922927,0.0,-0.696323461671125,-0.6280611270073275,-0.7209546939580113,-0.69874190432619,-0.696323461671125,-0.6963283002215496,-0.6963476543584635,-0.6963718468837523,-0.6965653812345433,-0.696807284460005,-0.697291041305476,-0.6987419043261899,-0.701158579530978,-0.7059860278470843,-0.7204101360768485,-0.7441800976783496
synthetic_cell_00275,0,9,5,3,7,0.2548349137626065,0.2055713894012786,-0.0267559467061137,0.0407988752827513,0.7095424497624415,0.3801220785185806,1,0.8701926166688807,0.5839666040224749,0.0874774675793348,0.4750948078228808,1.1541985455776629,0.4452791266795873,0.3803138601985374,0.5603800284523242,-0.2135178418340969,1.0,0.7262502878888876,0.5461604797985892,-0.9755431853750216,0.7289668349250827,0.7262502878888876,0.7262557221116356,0.7262774589594924,0.7263046299221626,0.7265219937188067,0.7267936886122076,0.7273370449530284,0.7289668349250827,0.7316821444878631,0.7371084054483765,0.7533404420228417,0.7801557670341941
synthetic_cell_00276,0,3,7,2,14,0.1018955489126754,0.3523442149211773,0.2252691859275701,1.0159835816897536,0.033980560626291,0.5310302897620559,0,0.031408752870173,0.3859831232942348,0.0632162403739221,-0.0923086800469848,-0.9218276030092912,0.2672755165999793,0.5510220835501626,-0.15847732892476,-0.1895305385656426,0.0,-0.0332869778645364,0.2669671561007523,-0.2690478103341328,-0.0379839784338938,-0.03328697786453643,-0.03329635759915152,-0.033333877111024784,-0.03338077779097292,-0.03375603482057065,-0.034225235013443746,-0.03516406462326438,-0.03798397843389379,-0.0426951919421671,-0.05215975185770918,-0.08088082720133195,-0.1297689796284529
synthetic_cell_00277,0,1,7,0,7,0.5564925495716929,0.1345508553822927,0.3505484735335329,0.9586149078926174,-0.0799453222666894,-0.7659648461377189,0,-0.5188237674520721,-0.4047282816349742,-1.889571080560021,1.9736724675819808,-1.0469102194821904,1.4635840630448351,-1.1744393090492546,-1.9335841762703847,2.2897909175830606,0.0,-1.963062398637892,-1.665166242249014,-1.3032946462559314,-1.9611276298171765,-1.963062398637892,-1.963058561202945,-1.9630432101790911,-1.963024018510001,-1.9628703695630452,-1.9626780192807343,-1.9622923543012625,-1.961127629817176,-1.9591605628262119,-1.9551287553373555,-1.9422383411147761,-1.9180197061275925
synthetic_cell_00278,0,0,4,1,14,0.1094490438358131,0.1580562004139873,-0.0661908249035102,-0.3704730610641301,0.5280469083919476,-1.774365041539698,0,-1.2599989032962062,-0.6194181970496991,-1.4937575151082456,1.457342502785535,0.0834093995465606,1.6995925743318572,0.3375184504431293,-0.8102163413762323,0.5800914599164484,0.0,-1.3925190425981184,-1.7867585457891222,1.5234230250361709,-1.3925449744493896,-1.3925190425981184,-1.39251911285533,-1.3925193931492783,-1.3925197418630864,-1.3925224654077915,-1.3925257043242227,-1.3925316297753765,-1.3925449744493896,-1.3925523592664408,-1.3925107895380828,-1.3919229254730758,-1.389318511183101
synthetic_cell_00279,0,0,0,0,7,0.1342035366264886,0.0862831743297383,-0.1515777939787823,-0.6546531667110403,-0.4552852679747785,0.0691300763409711,1,0.5221734346725605,-0.3370006180645909,1.4192744862467357,-0.8844824215978166,0.6436046890032195,-0.3810749026525742,-0.6490228798839809,0.6285530222713628,-0.7112131414169073,1.0,0.7030928384131696,0.918334595308122,-0.556715735431658,0.7058889671783743,0.7030928384131696,0.7030984312429417,0.703120802541184,0.7031487666169891,0.7033724773249357,0.7036521108735498,0.7042113612485688,0.7058889671783742,0.708684416606955,0.7142726349864037,0.7310040125499113,0.7586966244816249
synthetic_cell_00280,0,9,1,2,14,0.21538393189587,0.2993785740554022,0.1122876428396688,1.2989230715136786,0.3702765262145,-0.2854622401845393,0,-0.773798418019001,0.1774703901575591,-0.4530931485443651,-0.2084948547115822,-0.5929737432555285,1.5817997577049412,-1.3748527022750157,-1.342472939856218,1.5965491093119075,0.0,-1.1525487827575047,-0.3184946899599364,-1.024311049167426,-1.1533993843639234,-1.1525487827575047,-1.15255049658815,-1.152557351406812,-1.1525659187962243,-1.1526344125353563,-1.1527199161742618,-1.1528905443713042,-1.1533993843639234,-1.1542372226572908,-1.1558739450027535,-1.16046052758893,-1.1669470440793315
synthetic_cell_00281,0,10,2,3,14,0.4149358297799836,0.143004498421695,-0.0475079836516985,0.7633695916376763,-0.0273418013373326,0.7065330439325299,1,2.047512806475952,0.959405077811318,0.633903749640948,0.3033023733749928,1.403301262711787,-0.6493519929440048,0.8266328812649679,1.692209785215164,-1.599615204855844,1.0,1.803051197215701,1.481828483781912,-1.2003881445769713,1.8020672642723063,1.803051197215701,1.803049256352183,1.8030414918185136,1.8030317837222125,1.80295402175947,1.802856576210115,1.8026608740248529,1.8020672642723063,1.8010561409885968,1.7989515252796162,1.7919646477146458,1.777986907212635
synthetic_cell_00282,0,2,7,3,21,0.3234703758730749,0.2967424960597476,0.2438619133891387,-0.2717789806301147,0.2695744711302839,-0.0749146541077986,1,-0.0303051961031777,-0.0275949656189905,-0.1764353216437919,-0.206126080847333,-0.8253795541089708,0.8250600382374017,0.2804020002353955,0.0274363770950664,-0.1703132986415263,1.0,-0.3761178046588561,0.0317885996225383,0.6120329341218277,-0.3696129147439744,-0.3761178046588561,-0.3761048202383795,-0.376052881538538,-0.37598795587345163,-0.37546845895487324,-0.37481885887747934,-0.37351889606407584,-0.3696129147439744,-0.36308269321983566,-0.349946745094819,-0.30994449262508544,-0.24136752585652607
synthetic_cell_00283,0,5,5,1,21,0.0863809495597136,0.2198400421715521,-0.0629870985549917,1.100147635655452,0.086563182413126,0.1077671166926658,1,-1.428984037856988,-0.4096845542002189,0.895706379945598,-1.0439363110739943,-0.2861278346234124,-0.855526716608001,-0.3413047469353809,-0.2136961022430174,-0.280368361117273,1.0,-0.0446038961441153,-0.1298012898977215,2.1914760411691283,-0.0392382702944741,-0.04460389614411533,-0.04459318228605425,-0.044550326154969594,-0.044496754418799876,-0.04406811765194514,-0.04353216457271859,-0.04245973516728385,-0.03923827029447413,-0.03385530292572979,-0.0230378802937935,0.009815982059289107,0.06583401757927872
synthetic_cell_00284,0,1,4,1,7,0.5586857744294235,0.2648306295619726,-0.0494593934687595,0.256913286929031,0.80776410585723,-0.0347196070239905,1,0.2870799265170294,0.4638469739647919,0.8806892933539696,0.1222717145199521,-0.4406681131620067,0.806301173657847,0.0924221554250885,-0.228341429590761,0.1065191918890944,1.0,0.0642999090452054,0.6088464180577825,1.1107058347573704,0.0692912815418695,0.06429990904520537,0.06430987701333354,0.06434974947986268,0.06439959139948137,0.06479838019915089,0.06529699972997756,0.06629468339081743,0.06929128154186956,0.07429737077720028,0.0843531473902526,0.11485873154237279,0.16675110184304173
synthetic_cell_00285,0,2,7,2,7,0.4388849887007867,0.3338248176085012,0.2642652101268873,0.0752026489935998,-0.6130757871183616,-0.4058372093157742,0,-0.6711867113213126,-0.1914035417473857,-0.4289838754919314,0.1476690951191519,0.4057177577570899,-0.5320103891883041,-0.2774738740398774,-0.258463090959983,-0.0224182981160606,0.0,-0.0949085286447406,-0.5370344431896676,-1.5582638310297543,-0.0993937636843716,-0.09490852864474063,-0.09491748632895725,-0.09495331757992352,-0.09499810780028212,-0.0953564758146394,-0.09580455139075066,-0.0967010872653969,-0.09939376368437162,-0.10389172647109551,-0.11292532064813465,-0.1403176587253681,-0.18687136665468176
synthetic_cell_00286,0,0,1,1,14,0.3522623180406939,0.3050147170017119,0.1136982833328931,-0.9055394474940396,-0.0091228558276174,-0.1538168221375905,1,0.4494511033905628,-0.7196065049713688,0.6434709171958423,0.4026685643690999,0.8397814663367716,0.8629884701269156,-0.0127045441101452,0.5976155229878488,-0.8364869664680169,1.0,0.0734091212231141,0.0280828212620531,1.6899027937319506,0.0783691894582363,0.07340912122311408,0.07341902680159802,0.07345864970078232,0.07350817964149182,0.07390447182072007,0.07439996860286834,0.07539140018789023,0.07836918945823632,0.08334375488338874,0.09333582394115031,0.12364498736813478,0.17519226816717914
synthetic_cell_00287,0,2,1,2,14,0.2236069954429212,0.4268934094507396,0.0579723456409632,-1.255546277478408,0.5314952790416864,-0.0674451099448304,0,-0.082698305956889,-0.2854741958649641,-0.4685373768061028,1.0310570620820323,-0.5903638601559151,0.28676095698096,0.2441081098402472,-0.6112846514293899,0.4381422600791188,0.0,-0.5262842400903186,-0.6232380193679314,-0.7193865236589134,-0.5292870310030371,-0.5262842400903186,-0.5262902432515054,-0.5263142559951375,-0.5263442721470835,-0.5265844102423178,-0.5268846049801627,-0.5274850676487709,-0.529287031003037,-0.5322921527210124,-0.5383088128919846,-0.5563994541382277,-0.586611108949408
synthetic_cell_00288,0,1,4,2,7,0.0872092400383605,0.1859936290837492,-0.0702903635259102,0.6206966408698897,-0.130315989814742,0.0931731285974642,0,0.3708464732291123,-0.5373855978572288,-0.0652868981623747,0.0981217463419159,0.3589039583908412,-0.3885174182201724,0.2542075820848419,0.0738222001781561,-0.2408475104995618,0.0,0.282508211247427,-0.0593420378370069,-0.6126498922396378,0.276725964775287,0.282508211247427,0.2824966686090271,0.2824504971780503,0.28239278091529474,0.2819309718646223,0.28135351324169094,0.2801979387118134,0.2767259647752869,0.2709218941238988,0.2592487415136231,0.22371821669969705,0.16286661427298169
synthetic_cell_00289,0,5,2,0,7,0.308197430408003,0.2228310333658238,0.0376628155231872,-0.1904851239264941,-0.0395301424323948,-0.0898791491063466,0,0.2747433818825931,0.1194985254194027,0.3998561578203292,-0.1103906651131455,0.626997399910711,0.3508152842671759,0.5659161701090862,0.2073803027928151,-0.0328036802535032,0.0,0.5067673615460395,0.3873951524687676,-0.6267055066777654,0.500214437329544,0.5067673615460395,0.5067542829407167,0.5067019674261898,0.506636570573311,0.506113297373177,0.5054589599871278,0.5041494659762721,0.500214437329544,0.49363428387904207,0.48039271877182654,0.4400265238626537,0.3706791836158229
synthetic_cell_00290,0,0,7,2,14,0.3115242190860385,0.3479691972228014,0.2140716339287142,-0.2211422627084006,0.3688490519919448,0.4068573073705909,0,0.1368931508948412,-0.3033648947897868,-0.0223437625379348,0.7144919348225276,-0.1055429434985164,-0.1030326417876736,-0.8082407742321516,-0.6596604904246733,0.8103113882949098,0.0,-0.3269526122659554,-0.2731336025946517,-0.443674950630077,-0.3306404162499614,-0.3269526122659554,-0.32695998066368515,-0.3269894545453527,-0.3270262975515423,-0.3273210677496303,-0.32768959579283663,-0.32842686902483276,-0.3306404162499613,-0.3343353552952023,-0.3417460910956363,-0.3641348936005109,-0.4018979426223518
synthetic_cell_00291,0,11,3,3,14,0.2324940481506461,0.2281126738356451,0.0837945116897483,0.2106102605934744,-0.5210599269680268,-1.0183125106489426,1,0.3977417202683674,1.057600065019444,-0.1035847943815682,-0.4804312247965061,1.4511708958319722,-1.067294255024859,0.5695083091795251,1.279800583122741,-0.9460852307076196,1.0,1.411316306281382,0.7902630359354942,-0.7228334091163077,1.4116785898099955,1.411316306281382,1.4113170484380855,1.411320016362361,1.4113237246868846,1.4113533280283166,1.4113901739620294,1.41146333764473,1.4116785898099955,1.412023124524018,1.4126582048212455,1.4141182543708812,1.4149808310819605
synthetic_cell_00292,0,6,3,3,14,0.11784511300159,0.0161936356691196,0.0694024079198609,-0.7815825004013564,-1.16279421651549,-1.1520610489778544,0,-0.2585586374059206,0.0436699305335829,0.1711742642912844,0.3515039688390686,-0.5869374873277096,-0.2283637656325879,-0.7212044131565128,-0.4944872836441547,0.1680002150664019,0.0,-0.3455178720161259,-0.12571391187425,-0.4640285402289401,-0.3491418755599332,-0.3455178720161259,-0.3455251132590668,-0.34555407850370945,-0.34559028567341027,-0.3458799675712058,-0.34624213121766545,-0.34696666224876965,-0.34914187555993315,-0.3527725667083369,-0.36005346171805025,-0.3820419440073847,-0.41910167466210546
synthetic_cell_00293,0,0,3,1,7,0.697126232416616,0.3579001169261261,0.0644226556151055,0.6979277287301797,1.057780259986305,-0.9222104405791742,0,-1.424775561101599,-1.106002861591087,-0.5791646364897497,1.0372474898608486,-0.422938813147785,0.5981188488467234,-0.8079835036105029,-1.110070309208916,1.241844386599268,0.0,-1.454822624804376,-1.6163196484529303,0.6415433054436981,-1.454634447290941,-1.454822624804376,-1.4548222683399072,-1.4548208416871644,-1.4548190565826757,-1.4548047041833954,-1.4547865846744004,-1.4547497482805034,-1.454634447290941,-1.454426221113261,-1.453948915688918,-1.452017607805006,-1.447052911230123
synthetic_cell_00294,0,3,0,0,21,0.2398455684610245,0.1257376281471358,-0.1358423525795251,1.6602040258922564,0.0574623297872301,-0.9855545078761424,1,0.1753002701237576,0.1902765696488819,1.3050490782375537,0.2319826300551005,0.1634520249672791,0.0181981478802469,0.4493786460983389,0.0763046108960269,-0.2017099451346696,1.0,0.5233036303372671,0.5460913115310161,0.7008758245820701,0.5267176136745367,0.5233036303372671,0.5233104545561545,0.5233377515839127,0.5233718732109882,0.5236448599049628,0.5239861273798646,0.524668775447043,0.5267176136745367,0.5301352509231828,0.5369808701283533,0.5575890183644651,0.5920926878279009
synthetic_cell_00295,0,1,1,1,14,0.1076650806097507,0.0968198582357261,0.2294266931666415,1.3348620331455068,1.671148195627037,-0.5713812014233164,1,0.0603727961031672,-0.0881731818662179,-0.776025692557092,-0.0598268236122091,-0.8999753654949283,0.6085057729695407,0.8118235827424971,-0.59743254239392,0.6321457122850029,1.0,-0.3353189842961138,-0.1972958257845298,1.993777547424584,-0.3289543015603267,-0.3353189842961138,-0.33530627930966916,-0.335255458385226,-0.33519193002774694,-0.33468361510459343,-0.3340480013588251,-0.332776040672632,-0.3289543015603267,-0.3225652705413045,-0.30971465917794105,-0.2705921462206723,-0.20356078452869647
synthetic_cell_00296,0,6,1,3,14,0.2152055494396487,0.2033102507719033,0.1185166707837053,0.0914128953123394,0.02674635213283,-0.0927060861317355,0,-0.7837898579540569,-0.0435231195978703,0.5212365275430023,-0.2680943451126787,-0.1977564918614098,0.464236301809295,-0.6375258475584902,-1.0190901885581631,0.6379940816943371,0.0,-0.3910093469829159,-0.0744749261765601,-0.7523057925600892,-0.3944770168062568,-0.3910093469829159,-0.3910162766514986,-0.3910439955549211,-0.3910786446995744,-0.39135585845587884,-0.39170242707166436,-0.3923957351885352,-0.39447701680625674,-0.397950277806633,-0.4049130168002056,-0.42592057249282067,-0.4612569235491903
synthetic_cell_00297,0,9,6,1,7,0.2784872364061009,0.0499040260418255,0.069096408151224,0.1208207302687429,0.0487212958934695,0.0328756998157911,1,-0.1349893378417192,-0.2280927020393758,0.2219474426090412,0.4852143682861578,-0.1216937078187899,0.6002891947401646,0.2541017592824544,-0.2410961669056731,0.1076870781888337,1.0,-0.2313821052107726,-0.2089432510562484,1.227531764506448,-0.2253746067389149,-0.2313821052107726,-0.23137011209542954,-0.23132213875543584,-0.2312621701036181,-0.23078234183022747,-0.23018235891020603,-0.2289817349363031,-0.22537460673891485,-0.21934526505227575,-0.20722156226692715,-0.17034022634665788,-0.1072463649679326
synthetic_cell_00298,0,7,6,1,7,0.2526402814954248,0.1218410192349931,0.0111682396859401,0.8989538591130102,-0.3587665722450779,-0.4956237692052873,0,-1.068405315311168,-1.7526407249057616,-1.4575472326810264,0.8984676202255242,-1.2417191007334922,0.8424643697877982,-2.1703378364000803,-1.6826236099635337,1.732598913470237,0.0,-2.3291078549142843,-1.952232757566088,1.0823651112459944,-2.3259151526438124,-2.3291078549142843,-2.329101510407887,-2.3290761307458996,-2.3290444024863857,-2.328790429104042,-2.328472593989179,-2.327835694995089,-2.325915152643812,-2.3226813298396216,-2.316089491835589,-2.295306088345638,-2.257220343710408
synthetic_cell_00299,0,1,3,1,14,0.4363084712320167,0.2720347846011618,0.1018051620596016,-0.3417681040962242,-0.1460136646523207,0.967634480456803,1,1.2877002208780235,1.3464018174308778,0.9436174505657312,-0.4886750214252572,0.1242570032427772,-0.339586820765814,0.3931318589750697,1.099830609613998,-1.442053890211869,1.0,1.2839235015982435,1.6640288814613544,0.3302916980010295,1.2847235768478622,1.2839235015982435,1.2839251162773566,1.2839315744138917,1.2839396457796382,1.2840041644874083,1.284084682223325,1.284245281510553,1.284723576847862,1.285508973681953,1.2870350074435952,1.2912420110200147,1.2969306823065707
synthetic_cell_00300,0,7,3,2,14,0.3928469365061057,0.3345215507431983,0.0596489063471097,-0.4722290980056941,0.6174829691907008,-0.5179794622838225,0,-0.4282698609254387,-0.5311041377318558,0.3398012337184772,0.4124993026207879,-0.3576116223348882,0.997442213928842,-0.0610083834162596,-0.6509925388451506,0.8305368139247998,0.0,-0.6244098332832616,-0.4041343186983264,-1.0541503532756114,-0.6270754107055838,-0.6244098332832616,-0.6244151643752586,-0.6244364887476818,-0.6244631442231029,-0.6246763884051212,-0.624942944496673,-0.625476059008674,-0.6270754107055838,-0.6297409539273041,-0.6350713482026438,-0.6510461203931553,-0.6775404271625701
synthetic_cell_00301,0,8,5,3,14,0.1316910158351039,0.0522512289438661,-0.0644660577974347,-0.2459061094553331,1.6339646597890627,0.3774432604103085,1,0.6012365043584653,0.5618661800281596,-0.0095362690603601,-0.1855534615151845,0.8552086327977441,0.5822821157489171,0.8723313408414967,0.5276428637662799,-0.7609571726832163,1.0,0.7364348725790731,0.611016589362059,-0.6162973776974511,0.7391164197825044,0.7364348725790731,0.7364402370468739,0.7364616948651385,0.7364885170187614,0.7367030894606947,0.7369712929546463,0.7375076591414984,0.7391164197825043,0.7417964840454445,0.74715151656385,0.7631639442993747,0.7895934408563727
synthetic_cell_00302,0,9,1,0,14,0.5075825054509904,0.2396873366208484,0.0940333164041611,-0.9609110101584376,0.0985174530652542,-0.8244123078061134,1,0.6892656590262938,0.3581199417996257,0.0735438257240495,0.9688125555131876,0.5848720013827756,-0.8456596404268294,0.6579680969183902,0.9877367452165116,-1.4495650831207811,1.0,0.7727837651912581,0.1941777676095183,-0.5049620566003987,0.7753403976140401,0.7727837651912581,0.7727888807028996,0.7728093426615399,0.7728349199119103,0.7730395299787732,0.7732952726304313,0.7738066908823718,0.77534039761404,0.777894671021688,0.7829954884619262,0.798224129882529,0.8232766005243147
synthetic_cell_00303,0,0,1,0,21,0.2406520183373171,0.4217596394101586,0.1148695526438948,0.3819302730985092,0.1859967998566699,1.2911361303467157,1,0.5840391684469767,-0.0621986706834436,0.4704966448463321,0.4156077292901637,0.7787380951620222,-0.8430069152191492,-0.2271269492628573,1.108434733500703,-1.750931765191487,1.0,0.6485762469752775,0.2966675108331079,0.1482549699015428,0.6515597247234038,0.6485762469752775,0.6485822131930744,0.6486060780958908,0.648635909295482,0.648874561716709,0.6491728842156451,0.649769551861922,0.6515597247234037,0.6545438370842436,0.6605133308907501,0.6784202424316227,0.7081781376174909
synthetic_cell_00304,0,4,4,1,14,0.2823236408853735,0.1997900426222957,-0.0603078654041961,-0.2633907540697472,-0.07940048196609,0.6331937525454367,1,2.3727850250418614,0.8165886419086462,2.0051900531998648,-1.1866573535039449,1.546197750694615,-1.055926913325219,1.5740538801670736,2.7697405811634184,-2.6694866882892483,1.0,2.747596229419336,2.540254160138665,1.4771972782186045,2.7433663204081133,2.747596229419336,2.7475878192994916,2.747554176831357,2.747512119271342,2.747175479769131,2.7467542326995775,2.7459102453454665,2.743366320408113,2.739086455797659,2.7303759279978768,2.703021952101537,2.653261471219884
synthetic_cell_00305,0,9,7,0,14,0.2913355831977529,0.3062672776110748,0.2121859048944443,0.903865254625332,0.3102892447227505,-0.6445176231422527,1,1.2667790366615743,0.9957396270483408,0.296515902511214,-1.166829686322142,1.1985996353016173,-0.4131682746851672,0.5346297148568767,1.4931994258648558,-1.1154150098941829,1.0,1.5838744406167038,1.5369138752607707,-0.8213981098889139,1.5836437195184712,1.5838744406167038,1.5838740009104317,1.5838722412167119,1.5838700396450263,1.5838523488673755,1.5838300397747898,1.5837847687874218,1.583643719518471,1.583391090639719,1.582819342435279,1.580558543989255,1.5748840020762378
synthetic_cell_00306,0,5,2,3,21,0.3140762262469143,0.3517484557258057,-0.0505001151052067,0.5063919984042391,-0.0435355469669584,-0.7766439273175387,0,-0.1644375513317851,-0.313759214750541,-0.6203078518984348,-0.0471367086091472,0.1771191535290635,0.1121510870078142,0.8974166477234639,-0.3853602343436758,0.1199200959684392,0.0,0.0679137732298037,-0.3467048767815081,-0.1335025112010897,0.0628689912366934,0.06791377322980367,0.06790370036402285,0.06786340823007722,0.06781304155336478,0.06741004778222222,0.06690615474154167,0.06589786635127755,0.06286899123669344,0.0578075571818911,0.0476352244842587,0.016731970865939905,-0.03599002757081512
synthetic_cell_00307,0,5,5,1,7,0.1882161700868541,0.2101774963029367,-0.1071584247585015,0.4489157913752403,1.983742541725085,-0.1258627911041606,1,1.234174316208481,-0.3594368043345723,-0.4674946643478742,0.8806567294633614,-0.988845766500405,0.3605673223525599,-0.2934692502132674,-0.0333800717129346,-0.0847038391706004,1.0,-0.4111934631534581,0.0091128064391979,1.903935131519276,-0.4045680339904146,-0.4111934631534581,-0.41118023849729357,-0.41112733882093866,-0.41106121185924593,-0.41053210152907066,-0.409870477089518,-0.40854644022097214,-0.40456803399041463,-0.39791642783073705,-0.38453516930902937,-0.343776585101538,-0.27387082707500215
synthetic_cell_00308,0,11,7,1,21,0.1684078711969723,0.2408814748014868,0.0332371124698545,0.2843101106974277,1.899629640318585,-1.6970388830336032,1,0.1510076180524152,-1.5555594731423603,-1.1139621243824531,0.5310137964181915,-0.2778031843422935,0.3255843144315874,0.6738954939211454,-0.3590325270206622,0.0704542431547313,1.0,-0.6174552661767913,-1.0675877285481272,2.09092554320988,-0.6101210080500732,-0.6174552661767913,-0.6174406288188193,-0.6173820781367005,-0.6173088869710948,-0.6167232451403214,-0.6159909116470966,-0.61452530771373,-0.6101210080500731,-0.6027556016408742,-0.5879317995749126,-0.5427256196668957,-0.4650059276338447
synthetic_cell_00309,0,9,4,1,7,0.2764393990949696,0.0846098612431131,-0.0681531220272707,-0.0615125618489415,-0.0939506271487822,0.1064933661281752,1,0.5507628997396286,1.2822423970860797,1.3806603112808993,-0.2642036924170386,1.0162330122354026,-0.3782794686519594,0.8582202720861711,1.473973443866601,-0.9580419794188844,1.0,1.502261838747061,1.361117174872173,1.4163274905772338,1.5023115834217349,1.502261838747061,1.5022619580113226,1.5022624342782938,1.5022630278342228,1.502267705147919,1.5022733738474467,1.5022841173830284,1.5023115834217347,1.502341387328524,1.5023404172818968,1.501839420465955,1.499256655487697
synthetic_cell_00310,0,11,4,2,7,0.3638454309016159,0.3141808765199916,-0.102837225386493,-1.6937800295130565,0.3739272342902492,-1.0849394878397758,0,-1.6493840133597533,-1.6778342886142634,-0.6777608422185881,0.4250165503616618,-1.048906615235712,0.7589627231647929,-1.2973249345812363,-1.3876575999818586,0.6114315192875687,0.0,-1.9395254001557256,-1.771720558719755,-0.7141225235044638,-1.9376715174030923,-1.9395254001557256,-1.939521723927361,-1.9395070177524907,-1.9394886321956053,-1.9393414341853925,-1.9391571526723088,-1.9387876422291639,-1.937671517403092,-1.9357859037648248,-1.9319187081658766,-1.9195358190968552,-1.8962088497024052
synthetic_cell_00311,0,6,2,1,21,0.640458311039653,0.6055835299332373,0.0206786157911585,0.7336523238079562,0.039287514551514,0.5138770406669043,1,0.5260722381447384,-0.1380043124220793,0.7932211035134953,-0.7219548665611051,-0.2275233568767167,0.4401950986061714,0.5296859053325471,0.3979345961469624,-0.6615875625883955,1.0,0.3996515567014905,0.7402871814177804,2.453954542113834,0.4034904765511279,0.3996515567014905,0.3996592278222538,0.3996899125765353,0.3997282691295622,0.4000351459436281,0.40041880285265297,0.40118631908672925,0.40349047655112785,0.4073360305527614,0.41504644148350767,0.4383208828626175,0.47750893464501054
synthetic_cell_00312,0,1,2,2,14,0.432271686688302,0.3622591724028406,0.0651565970695734,0.0980181423829471,1.4078646554100775,0.3174873881082026,0,0.309620192706039,-0.967103777647251,1.0634143456427356,-0.1018267404767051,1.082954957503108,0.3498379763747311,-0.2995175901854479,-0.3478056353163833,0.4510159364402845,0.0,0.2896393742947949,0.1753266744750265,-1.0340906285061222,0.2838326212255119,0.2896393742947949,0.2896277828145505,0.2895814160093314,0.2895234555133287,0.28905969197887804,0.28847978870655805,0.2873193197279431,0.2838326212255119,0.27800387210293825,0.26628084591904777,0.23059655278910626,0.16947479642877317
synthetic_cell_00313,0,4,0,0,7,0.0739055518675538,-0.0060093264262813,-0.1400194465705465,-0.1462933727286521,0.1946270918778077,-0.3120238692332935,1,2.2578787982697115,2.07413087772397,1.6835130970461565,1.0066298711904795,0.2930799951049168,-0.5439855761243173,0.9010336550447756,2.3731461571296064,-2.1768902267289194,1.0,1.8614400719155488,2.129668378463625,-0.8155247795682073,1.8602554826948552,1.8614400719155488,1.8614377311424615,1.861428366914313,1.8614166590734589,1.8613228940958264,1.8612054321303708,1.8609696549458197,1.8602554826948552,1.8590422958554165,1.8565293229372002,1.8482834138682525,1.8320936941876844
synthetic_cell_00314,0,11,7,1,21,0.6077741537597192,0.4871008444130021,0.2621858801390336,0.3465611114553686,0.2797838276559861,0.1416554145487603,1,1.2812353508698466,0.3666134113698898,0.4215036019123045,-0.2685364346267289,0.2485965408223662,0.0663978974066158,0.8507915531380963,0.2169806230809601,0.2761007746430685,1.0,0.9323654024922212,1.0159457005377492,1.7800764122728816,0.9343736246668064,0.9323654024922212,0.9323694250178415,0.9323855148787932,0.932405626661442,0.9325664991613277,0.9327675352876303,0.9331694252427128,0.9343736246668063,0.9363756416175884,0.9403603849360274,0.9521479888327689,0.9711549369190269
synthetic_cell_00315,0,3,2,1,14,0.3126026817809944,0.2269576507400456,-0.0869980983433362,-0.3116448099612173,0.2453154405169213,0.3659878656568298,1,-0.6782209836477082,0.235958000585165,0.7091420275475654,0.0651474371900783,0.0089444257600141,0.932118396965254,-0.5749731706608237,0.0202547016889711,0.1333604593062123,1.0,-0.3634047661879653,0.0332455756730384,1.093541469405136,-0.3569435652632524,-0.3634047661879653,-0.36339186883999636,-0.3633402784424223,-0.3632757881827033,-0.36275977560844547,-0.3621145337151962,-0.3608232964511426,-0.3569435652632523,-0.3504573391367088,-0.3374103028281565,-0.297682179908417,-0.2295868284567886
synthetic_cell_00316,0,11,2,0,14,0.2685512768856103,0.2293648360211648,0.0112335832691421,0.0842978501710563,-0.7098423196101276,-0.5021227148912925,0,0.0975806140936619,-0.0693781567663253,-1.0263301933627245,0.2267697621331123,-0.0393210697370893,0.5270923711738207,-0.6909014652733523,-0.1227965147742577,0.1634336203019521,0.0,-0.5066994874568537,-0.3538259096027197,-0.5053342548325017,-0.5097695823478634,-0.5066994874568537,-0.5067056247554088,-0.5067301740673651,-0.5067608609721319,-0.5070063667866385,-0.5073132754157846,-0.5079271800106483,-0.5097695823478633,-0.5128424800724075,-0.5189961111127462,-0.5375090557633603,-0.5684626509744047
synthetic_cell_00317,0,0,0,3,7,0.4073899655285002,0.2870597558403204,-0.1444392938343624,0.125106704782009,0.7170933387874546,-0.7216735175345821,1,1.4852616686619136,0.8768107255403081,1.2316956058894166,-0.2917390328754675,0.0846339073357032,-0.9548810311742296,-0.2530215459684419,1.2227980766805209,-1.2647981950306708,1.0,1.2367698471141344,1.5900271924175258,-0.8876521824862476,1.2377319682469534,1.2367698471141344,1.2367717847519917,1.2367795347688915,1.2367892210872158,1.2368666635007213,1.2369633460826581,1.2371563091151991,1.2377319682469534,1.2386805474533655,1.2405363620996261,1.2457601336276178,1.253235153811081
synthetic_cell_00318,0,4,7,1,14,0.2037744235411839,0.0844778201581702,0.2022958998618736,1.2117921216352008,-0.368553508326856,-0.7161086004727848,1,1.059877348507064,0.4615612933941407,0.9838764932029191,0.0750098415618379,0.1739582505444262,0.242685623223656,-0.4846578531943493,0.77029735009782,-0.5765932960513437,1.0,0.5251391269021847,1.0158226021410115,1.3389660872513764,0.5285468024640501,0.5251391269021847,0.5251459385496253,0.5251731852898289,0.5252072440534858,0.5254797276810971,0.5258203659254616,0.5265017542060128,0.5285468024640501,0.5319580876984752,0.5387908698990166,0.5593594395679345,0.5937935738638445
synthetic_cell_00319,0,3,7,2,21,0.3105493040637229,0.477938032120245,0.2157630239298471,0.8884323408679722,0.3586873753316723,-0.1132319594849334,0,-1.0543661132504385,0.2002020442666384,-0.4828566347312868,0.0273038285384644,-1.2682069769802895,-0.1521789763583934,0.0883997052516149,-0.4517100147471475,0.1089248451174262,0.0,-0.6369092316608506,-0.5309550858779111,0.3042200334866434,-0.63953185427783,-0.6369092316608506,-0.6369144771435762,-0.6369354590668824,-0.6369616864538373,-0.6371715048452512,-0.6374337759910796,-0.637958311584859,-0.6395318542778299,-0.6421541414358969,-0.6473971180402363,-0.6631023673735418,-0.6891231522760282
synthetic_cell_00320,0,8,3,2,14,0.0709470311729839,0.1992956116340505,0.0671250868620018,-0.4341434873765422,0.0995889750238118,0.0699087109629288,1,0.5280149230386827,1.032030436977574,0.4173359598859315,0.3057379402262158,0.0236069488207194,-0.6429403122438897,-0.4939074857858156,0.5839682479212616,-0.5298686374563989,1.0,0.5606544624095882,0.7363527689014268,0.0028052609866455,0.5639400877513291,0.5606544624095882,0.5606610308099614,0.5606873045277115,0.5607201469363848,0.560982896647289,0.5613113598028694,0.5619683722575032,0.5639400877513291,0.5672284667812343,0.5738128635938501,0.5936156208283271,0.6267043073301891
synthetic_cell_00321,0,10,4,1,14,0.2872941352387044,0.0798818371042092,-0.0256339212425919,-0.019020241261984,-0.1608949628795179,-0.0405570331466172,0,-0.6559944114664317,-0.3694665807702306,-0.4743636216375534,0.3443992211250831,-0.1608677880217088,1.620338007620433,-0.3632412797398743,-1.3877125745183598,1.890462309582438,0.0,-0.9821879893623148,-0.6856548877094503,1.2727276094129685,-0.9836240443239505,-0.9821879893623148,-0.9821908700061904,-0.9822023922417537,-0.9822167942712478,-0.9823319798900813,-0.982475885280097,-0.9827634400099634,-0.9836240443239503,-0.9850514419785359,-0.9878796251718338,-0.9961396747845583,-1.0090800667738424
synthetic_cell_00322,0,6,4,3,14,0.1833395726351772,0.0294038147609569,-0.0987956222304518,0.7436413632671568,0.347752595942011,-0.3465893962237186,1,1.770338174188265,0.9123651811106328,0.3806020485320439,-0.658838378839146,0.987924595929762,-0.3771031905553431,0.6530461270352301,1.371873624687663,-1.6160058654234375,1.0,1.587092429375277,1.586742857205952,-0.3651475673193023,1.58685064949833,1.587092429375277,1.5870919676287703,1.5870901197710146,1.5870878079873143,1.5870692352347622,1.5870458229765079,1.586998343333846,1.5868506494983299,1.5865868842814623,1.5859926302672158,1.5836624427595374,1.5778659919354925
synthetic_cell_00323,0,11,1,1,21,0.0742656461117843,0.0256311709368033,0.1394220794206481,0.1972720490009106,-0.6736877577084883,-0.7114678641589742,1,-0.3214592755240024,-0.2381834806055282,-0.6720948525008349,0.7133881143306957,-0.7418916616507034,0.1636748669221577,-1.07073020212315,-0.4932045839560641,0.3534708728343489,1.0,-0.9112960449428636,-0.6703472609184064,2.318052735890078,-0.902951988338458,-0.9112960449428636,-0.91127939504843,-0.911212793937632,-0.9111295390997963,-0.9104633624345695,-0.9096302967500604,-0.9079630162291492,-0.9029519883384578,-0.8945697013525916,-0.8776908502555711,-0.8261486208942718,-0.7372971903616723
synthetic_cell_00324,0,11,6,3,7,0.4515754350686076,0.2394861385205017,-0.0151819976517389,1.0188991002049816,0.1254177857554422,-0.5864209624578517,1,-0.7467123249835266,0.8983928261686647,0.4224467394214854,0.5312945799164066,0.1848469046270779,0.4512469512224873,0.7247778055284054,0.4381573897396666,-0.3823213422807195,1.0,0.1637129237165474,0.0149853050088065,-0.3217410027937702,0.1683626584347554,0.1637129237165474,0.16372221079784416,0.16375935962135899,0.1638057967719077,0.16417733880646623,0.16464187834726535,0.16557133023428325,0.16836265843475542,0.1730247138565639,0.1823852206696488,0.21074717526870757,0.2588734254024607
synthetic_cell_00325,0,9,3,2,21,0.199755952269045,0.5821389102474736,0.1697884119230805,1.272117313344292,1.5115859337566375,-0.2941528061170891,1,0.951355066512088,0.8326818573697696,1.084794256436781,-1.2218865974661353,0.2586473142816146,-0.0288099532395037,-0.6335803799589941,1.627172995961273,-1.5710776579187131,1.0,0.911157662800426,1.6008153079869722,0.4320075354056601,0.9132387664291984,0.911157662800426,0.9111618305793686,0.9111785014740237,0.9111993395947316,0.9113660246364043,0.9115743310337028,0.911990776846514,0.9132387664291982,0.9153141759793947,0.9194472409334066,0.9316921444876151,0.9515025175219246
synthetic_cell_00326,0,4,6,1,21,0.1879229983190385,0.2827057157746714,0.0056471384124332,0.406633099895317,0.0039577534928284,-0.131696250152129,1,-0.8577828299852124,0.9237480189943814,-0.2419239425896351,0.549010437617982,0.3944413126260659,-0.6037580237837641,-0.028469539078817,-0.2031447790242181,0.2397081386003883,1.0,0.1767814543419589,-0.2489424211214793,1.827225093924314,0.1813862784034958,0.1767814543419589,0.1767906519159569,0.1768274426976976,0.1768734322677257,0.1772413925259396,0.1777014520155617,0.17862193436243673,0.18138627840349578,0.18600310819319707,0.1952722169664595,0.22335237658569262,0.2709835440896409
synthetic_cell_00327,0,11,1,2,21,0.2247729480056939,0.5001074202397177,0.1016804550109478,-0.3166917594240444,0.0696297174363318,-0.0880381238051695,0,-0.6340284082183837,-1.3274548205048902,-1.3451204768048974,1.1091116230634226,-0.3283937205592375,0.4327811328155179,-0.1267424677952569,-0.6170397922703725,0.4477953755620119,0.0,-1.1899714976756166,-1.614989365710623,0.3300006340027726,-1.1906934942575254,-1.1899714976756166,-1.1899729551954168,-1.1899787847346788,-1.189986070443793,-1.1900443074984601,-1.190116982175731,-1.1902619254236897,-1.1906934942575251,-1.1914018255706629,-1.1927768227928972,-1.1965564643772393,-1.201625274727054
synthetic_cell_00328,0,0,1,2,21,0.3005403734851917,0.3749733088704923,0.1586367594975384,-1.3341862263091997,-0.781608773697899,0.204559070314228,0,0.5947361792826648,0.2233245878538585,0.3449644509776721,-0.2166072168018209,-0.1525533130948315,0.8401780680701638,0.2645526048198363,-0.0123407341160507,0.0262872595221814,0.0,0.1781330638663515,0.5968266344999664,0.1789180543775683,0.1727095077889771,0.1781330638663515,0.17812223610078406,0.17807892426160193,0.17802478271463817,0.17759158043274273,0.17704990287925815,0.17596596586557794,0.172709507788977,0.16726664316387396,0.1563234642706325,0.12304356681441113,0.06614606786978226
synthetic_cell_00329,0,9,4,2,21,0.4323633961402729,0.6604685125708561,-0.0626454820521093,0.374463215605419,0.0969035356836131,0.7511339512594666,1,-0.0528541555382994,0.6276131887069509,-0.4674511436447941,1.011823507236882,0.6421997618688193,0.122790707431721,-0.3415196804674167,0.3332912771173826,0.165895045375456,1.0,0.0058879922206304,-0.2312794329390794,0.4170004688640754,0.0110801001800032,0.005887992220630374,0.005898360256145041,0.0059398330484437545,0.005991675501779065,0.006406473631642094,0.006925117477689968,0.007962891952699986,0.011080100180003213,0.016288332711830205,0.026752627684984622,0.058517740195339174,0.11262296259257226
synthetic_cell_00330,0,2,3,2,21,0.5621880478919079,0.6469236288475317,0.0838693575656633,-0.1955695253800501,0.2945042093249903,-1.6076432471219873,1,0.0238406780324897,-0.247826391251586,0.791407848169072,0.3610469069824974,0.9232367045975692,-0.4827709257379541,-0.0776673160075707,0.5164924641672891,-0.1965887694822258,1.0,0.4902401791143515,0.0854933112039435,-0.2572280278634306,0.4937677866492296,0.4902401791143515,0.4902472297871757,0.49027543266250584,0.49031068667065264,0.4905927352776193,0.490945337305564,0.4916506783564839,0.4937677866492296,0.49729984498499435,0.5043767017116705,0.525697792728986,0.5614540238499687
synthetic_cell_00331,0,0,7,2,7,0.119788233937958,0.309437383104346,0.1825449823498918,0.2138697988643534,1.7931529165982454,-0.2051503268101061,0,-1.3963425967239849,-0.1406252976804362,-1.1409200514145148,0.8328667538007885,-0.1556617302304181,1.598228310691966,0.3179362137057818,-1.2004192504919624,0.7815563618505875,0.0,-1.179545817863168,-1.322838283923056,-0.4422224736520825,-1.1803036428132414,-1.179545817863168,-1.179547346789193,-1.17955346196339,-1.1795611047387524,-1.179622199226623,-1.179698447953682,-1.1798505468304008,-1.1803036428132414,-1.1810480537724524,-1.1824959655958753,-1.1865004147210672,-1.191964187069824
synthetic_cell_00332,0,8,5,1,7,0.4049613809676867,0.294781232002524,-0.0654733915589906,0.4698830004424744,-0.4190132677311771,-1.1630554287170252,1,0.8414257624987949,-0.527603411232713,0.825680968800136,0.1304118552062054,0.126355154299969,-0.2717229323203211,0.8354485391874036,0.2010928088532882,-0.019563336093983,1.0,0.62988427356037,0.4417980580008472,0.8076225084414613,0.6329319872065178,0.62988427356037,0.6298903678008266,0.6299147448122738,0.629945216188135,0.6301889916388848,0.6304937219735522,0.6311032187902004,0.6329319872065177,0.635980785976048,0.6420810067770044,0.6603909708432399,0.6908569847625564
synthetic_cell_00333,0,9,7,3,7,0.1144033702932056,0.0369881857618336,0.2127926720867728,-0.3928405482903409,-0.2447131120229859,-0.553194291822602,1,-0.4554427755225692,0.0008318893208674,0.1403340027357745,-1.34850496976798,0.1930000240027642,0.3854039075509561,0.77454592791319,0.9134101803559386,-1.133683109442162,1.0,0.3457672097475991,0.3475052428306471,-0.8656869017849916,0.3497913058404854,0.3457672097475991,0.3457752499260998,0.34580741096319645,0.3458476129864414,0.34616925823047057,0.3465713873487217,0.3473758869152727,0.3497913058404854,0.35382333479645955,0.3619105993942218,0.3863469417473605,0.42757632510404525
synthetic_cell_00334,0,1,1,0,7,0.3820968171817316,0.1782603495863399,0.1069312979539046,0.6367761433746165,-0.035367525166077,-0.6363160554688823,1,0.4159472646732042,1.2590368693746194,0.0350483493205743,0.0643145282084116,0.4662013611405456,0.1154171266158817,-0.4382313481344148,0.392127593696321,-0.2606414434024601,1.0,0.4986964633971988,0.7361162421576295,-0.3191725132830935,0.5021950104897805,0.4986964633971988,0.49870345615232853,0.49873142734874126,0.4987663917399272,0.49904612267860543,0.49939582578949204,0.5000953628993638,0.5021950104897803,0.505697804571366,0.5127155201574052,0.5338542694465503,0.5692901463072776
synthetic_cell_00335,0,2,1,3,7,0.2540346838924588,0.1254483272951828,0.2192881672265739,-0.8421417712681483,-1.2509623489207156,1.1969295312857096,0,-0.7445236555339975,-0.6702313436377718,-0.2971543936179102,1.5963294942166808,-0.927926568634684,0.5772228719868733,-0.1328933430334313,-0.7417586423608351,0.2593066808583813,0.0,-1.174099399489715,-1.2269418101416243,-0.4603302144339035,-1.1748759413279124,-1.174099399489715,-1.1741009657186483,-1.1741072301097202,-1.1741150594179712,-1.174177646640798,-1.1742557624662897,-1.1744115994731499,-1.1748759413279122,-1.1756392004438687,-1.1771252031573585,-1.1812470926742564,-1.1869171948093247
synthetic_cell_00336,0,7,0,0,14,0.3902054428994744,0.2974396325293392,-0.1141787337460409,0.3919818844876575,0.4712290558288299,0.4504594347818661,1,0.9302099642200198,1.6388377846251778,0.902206122279374,-1.138495263560836,1.2807139499145657,-1.6360202797092078,-0.2529862327312494,2.441399250663072,-2.73928564638951,1.0,1.9280169592495493,1.8300867953767876,-0.5773504785228696,1.926603575238149,1.9280169592495493,1.9280141624866096,1.9280029742349702,1.927988986220564,1.9278769740866915,1.9277366887548595,1.9274552167572765,1.9266035752381485,1.9251599889835256,1.9221813939403574,1.9124998963449793,1.8937880063141006
synthetic_cell_00337,0,3,5,0,7,0.3576578790512858,0.1746870502988224,0.0196383196903821,-1.1018974243318036,0.0089115475557637,0.66375041080905,0,0.0343126944152071,-0.5655685264263892,-0.1786008577698584,0.4173881586053735,0.286027104664045,0.548629889217916,-0.4466565850301411,0.3016381601990741,-0.3790071745155053,0.0,-0.3665334742898154,-0.3747098155713684,-1.0240004742275854,-0.3700852566692466,-0.3665334742898154,-0.3665405715953967,-0.3665689610703726,-0.3666044484824759,-0.3668883704988243,-0.36724332974133056,-0.367953436787549,-0.3700852566692465,-0.37364322013890944,-0.38077713727417317,-0.40231246293951634,-0.43857604749802936
synthetic_cell_00338,0,6,4,3,14,0.3814959435927585,0.1302170677368774,-0.1650162858410572,0.5366937500228346,-0.3095714368526848,-1.3112083715452283,0,1.627711825329303,1.35021753268837,0.3590907548145082,-0.1441906272647862,0.1578408386287081,0.8956879535073258,0.4727681921297438,0.4979826623502519,-0.6429216078407433,0.0,0.8954673440982275,1.5124716605333663,-1.1647643306206843,0.8875786330236021,0.8954673440982275,0.8954516032589872,0.8953886384346529,0.8953099291026941,0.8946801223952696,0.8938925339296423,0.8923162570495436,0.887578633023602,0.8796533243360766,0.8636932886140237,0.8149456079142029,0.7308729236265622
synthetic_cell_00339,0,11,6,0,14,0.1370580169188412,-0.1237616625443001,0.0765877360244276,0.5663861985365992,0.4009385270135666,-0.2967045233698353,1,-0.7443819113668999,0.7755131909001399,-0.4202778973360538,-0.1961296119705641,0.3911739824643971,-0.6313038984464612,-0.1996085487063754,0.4789797704237133,-0.7137151931122379,1.0,0.2387278386362666,-0.0554268950235774,-0.291955456597501,0.2431197808615202,0.2387278386362666,0.23873661193505816,0.23877170555634758,0.2388155735416522,0.2391665557554126,0.23960537927139516,0.24048334493475312,0.2431197808615201,0.24752223579403457,0.2563581070243113,0.28310252503549055,0.32838694218759024
synthetic_cell_00340,0,11,6,0,7,0.7103915491480022,0.4902598595426161,-0.0367777674856811,0.2055986061894031,0.0845443817375732,-0.4064191122004468,0,-0.1858318400367071,0.0266049034993723,-0.5424876158120787,0.421883380523708,0.0333809125615511,0.5701573596785322,-0.7478891431138964,-0.4511871000296625,0.4333443179617382,0.0,-0.5124420968718693,-0.3561912523895691,-1.170276211861115,-0.5154924569994823,-0.5124420968718693,-0.5124481948388827,-0.5124725868191449,-0.512503077046857,-0.5127470089474211,-0.513051948940245,-0.5136619121152851,-0.5154924569994823,-0.5185454815532635,-0.5246589502173534,-0.5430480677484055,-0.5737841123982874
synthetic_cell_00341,0,2,1,0,7,0.4775673232138825,0.249793150414682,0.1514778557453031,-0.275492528025037,0.8758810517332323,-0.5220245846903262,1,0.584073454770173,-0.7701926474173332,0.2714966240606945,-0.3972645283414722,-0.2048746553889596,0.0780215545260089,0.6606482490294764,0.5228517126590747,-0.7243198843837753,1.0,0.2365901759988943,0.2270491130161096,-1.2121095434849352,0.2409894644083164,0.2365901759988943,0.23659896393868982,0.23663411612605256,0.2366780573235785,0.23702962542030362,0.23746918175302656,0.23834861459363552,0.24098946440831628,0.2453993170465697,0.2542501385555317,0.2810406507005535,0.3264060501505473
synthetic_cell_00342,0,9,4,0,7,0.1206941380924525,-0.0286954515474397,-0.0451052509989304,-0.1685593419832678,-0.847554828472315,-1.418227979712174,1,0.3866927651264376,0.5630254374151269,-0.0727060939339189,-0.2656772725239046,0.2782166660446432,-0.8615867893462402,1.111221054298006,0.7302940245387264,-1.173823253962133,1.0,0.95788110596026,0.5194501828305349,-1.0506101377471824,0.9598016421484844,0.95788110596026,0.9578849537270063,0.9579003445279031,0.957919582430223,0.9580734616769483,0.9582657507098988,0.9586501280514298,0.9598016421484841,0.9617153581378898,0.965521650997856,0.9767590631897984,0.994799385269173
synthetic_cell_00343,0,6,3,0,21,0.2054683355499487,0.3836552077172865,0.0657988526904304,0.2366247201907513,1.7403184199903472,1.5202469322099912,1,1.197648181472294,1.294987981852163,1.8884083931898183,-1.0464507521294308,1.5676223286990356,-1.0337838390012186,0.9844352864913668,1.63625256645726,-1.6572251935118736,1.0,2.3265240954862607,2.103703567699277,0.6028288992450683,2.323741221844424,2.3265240954862607,2.3265185693195085,2.32649646306904,2.326468826693038,2.3262475931421096,2.325970694719188,2.32541570874684,2.3237412218444233,2.3209185412101707,2.315152886768262,2.296878433037643,2.2630696689465357
synthetic_cell_00344,0,9,2,0,21,0.451098773285767,0.39181199798228,-0.0121451417441147,0.2516979608044478,-0.642988444317443,0.1976074789822212,0,-0.7404104084556397,-0.162115109035828,-1.0159658948332382,0.283132049765469,-0.8021254285747533,0.9055439150532693,-0.1274493888639573,-0.977413873901278,0.8941448525361215,0.0,-0.9894298495433246,-0.7957461730044544,0.4450907132610121,-0.9908410174916018,-0.9894298495433246,-0.9894326805871831,-0.9894440044157072,-0.9894581584207185,-0.9895713592162974,-0.9897127820086015,-0.9899953663131412,-0.9908410174916017,-0.9922433535907832,-0.9950208890223561,-1.0031247833715622,-1.0157908278243206
synthetic_cell_00345,0,0,5,2,21,0.2090473913526949,0.2953037449828798,-0.0113239525965143,-0.8983571341992975,-0.8017497380460721,0.3109809069881973,1,0.3854659442870926,1.1621879161824995,0.1539894382870626,0.7478701518589447,0.4038588763921789,-0.6241090536175051,-1.0830629922874382,0.807983296072244,-0.8464382158084778,1.0,0.3854313807469933,0.4834536864560259,0.8364033907195612,0.3893191689398593,0.3854313807469933,0.38543914926275646,0.38547022361072475,0.38550906718665723,0.3858198414159192,0.3862083731741408,0.386985649376091,0.38931916893985924,0.39321393401691146,0.4010237973073318,0.42460486644063034,0.4643316292923574
synthetic_cell_00346,0,10,5,2,14,0.2860661725772311,0.3250686310927147,-0.0673175351918121,-0.6303197385956377,0.4957386027413922,0.0912555638233229,0,-0.4843966148084087,-0.1253480994004463,-0.4735574751146405,0.6579631793080571,-1.5886493185635753,1.168193047258408,-0.9590901670898068,-1.7623122787250012,2.165136182072919,0.0,-1.401306005466208,-0.6158940336090399,-1.705933085030649,-1.4013017404817474,-1.401306005466208,-1.401306015540884,-1.4013060550962317,-1.4013061028677587,-1.4013064181129662,-1.4013066447516997,-1.401306539301719,-1.4013017404817474,-1.401278716681227,-1.4011756931287815,-1.4003983569574516,-1.3974610611210025
synthetic_cell_00347,0,8,1,0,7,0.1004910447515749,-0.036658529774217,0.142664825868037,0.984958653451726,-0.3253539550657268,-1.0036145902569475,1,1.5238299310498855,1.7855928042835885,0.6009440094404029,-0.6549563417126789,0.7512486647892094,-0.21983186192412,1.585387772670674,1.7957268154713502,-2.2313876306444818,1.0,1.8968012404962145,1.897999122973763,-0.8170886813756526,1.895495130857722,1.8968012404962145,1.89679865753196,1.8967883245051078,1.8967754055892907,1.8966719489484734,1.8965423647445303,1.8962823175459913,1.895495130857722,1.894159571331793,1.8913992912306394,1.882390894008094,1.8648615669274526
synthetic_cell_00348,0,10,2,3,7,0.3339476793392847,0.288340086674205,-0.0632524409140611,-0.7747843539682079,-0.204474167354091,0.7626430918028633,0,-0.3141641437149897,-0.5128160499647608,0.2215388047231462,-0.1048337477536172,0.4908037223294865,-0.4640694556447613,0.4611157539283905,-0.2436868915744953,0.4404090503828766,0.0,0.2941922954341034,-0.2023295440681473,-0.8237717130126625,0.2883698960244629,0.2941922954341034,0.29418067277057725,0.2941341812278487,0.29407606480009874,0.2936110534172325,0.2930295893481945,0.29186599548812986,0.28836989602446284,0.2825253908278239,0.2707705226504051,0.23498805549023977,0.17369381821100677
synthetic_cell_00349,0,11,7,3,7,0.3492709753672563,0.2604058503693014,0.2651633874277983,0.068252431585423,0.6931988282544375,0.4865521100479082,1,1.1100626285666937,0.8414542757460369,0.7255868523603799,-0.6120797559106053,1.276806280020882,-0.5397563768101666,1.6467478287421875,1.6530245093914844,-1.221517071406951,1.0,1.8197347889119917,1.3484320983799811,-0.9476965500816268,1.818693521974425,1.8197347889119917,1.8197327337813636,1.8197245121631953,1.8197142326751385,1.8196318981329844,1.8195287332455679,1.8193215803356804,1.818693521974425,1.8176246625915387,1.8154033660083309,1.8080567423846616,1.7934469678240148
synthetic_cell_00350,0,4,2,3,7,0.1802892869532265,0.2099077727519715,-0.0119083961068791,0.3419948686240572,-0.632224996704432,-0.5590729938993214,0,-0.5099514642303368,0.178338254505651,-0.2261413471156897,-0.1852867064809638,1.0628534779114438,-0.259445866884157,-0.5151261195375354,0.1380399828240671,-0.2809330411239991,0.0,0.2183171697729495,-0.13005610599442,-0.2157208572156279,0.2127555190133389,0.2183171697729495,0.21830606678357325,0.21826165401047717,0.21820613620909296,0.2177619204105221,0.21720646725700077,0.21609495002322035,0.2127555190133389,0.2071735911957179,0.19594937470022772,0.1618029927372291,0.10338317629579523
synthetic_cell_00351,0,4,5,0,14,0.13832822320424,0.1040704281302046,-0.1064672099328264,0.5980866086445266,0.6025847280693547,1.3654195974035914,1,0.2452617543208614,0.718207076367209,0.966373725861704,-0.4669051007013592,0.817649333958925,-0.4742835142235793,-1.045620382149569,0.9806634550451307,-1.2053326895233634,1.0,0.7081118313895467,0.9259166093817652,-0.4985334993473768,0.7108907121353024,0.7081118313895467,0.7081173898438777,0.7081396236355249,0.7081674158172164,0.7083897509374376,0.7086676639142419,0.709223469521041,0.7108907121353023,0.7136687925775446,0.7192219093734202,0.735845063061952,0.7633475376084506
synthetic_cell_00352,0,3,2,2,21,0.1461897482044754,0.4437240912196276,0.0215153357271213,-0.038919063778787,2.168279817573012,0.4387275800573581,0,-0.5022852174949721,-0.7487850492276945,-0.6400596578449136,1.0514698841662666,-0.9254443955875662,0.7886417286381529,-0.8196352304026859,-1.0178488706707554,0.905940469720496,0.0,-1.3201941457990118,-1.068838454006862,1.0862217825452514,-1.3204686257619282,-1.3201941457990118,-1.3201947114146024,-1.3201969732116827,-1.3201997989610421,-1.3202223450559565,-1.320250377826289,-1.3203059432166038,-1.320468625761928,-1.3207263018526187,-1.3211905543920635,-1.3221622224136071,-1.3222977336082955
synthetic_cell_00353,0,4,7,1,7,0.278605673283999,0.1401983625378767,0.1543813814474283,0.4177905632048006,0.6361859002218954,1.3013405699968552,1,0.1488456452918023,0.518456607170828,1.1592432142261688,-1.3579584264037077,1.6070277001921578,0.1817576643918531,0.8334172271993525,1.8344073095260944,-1.7339371612869137,1.0,1.3709288916638365,1.1731982656849498,1.0503407111872856,1.3714299685552018,1.3709288916638365,1.3709299104368244,1.3709339848651132,1.3709390764071214,1.3709797489873565,1.371030440217804,1.3711313236608254,1.3714299685552016,1.3719142700423685,1.3728318098322005,1.3751627278071843,1.3775553240753968
synthetic_cell_00354,0,9,4,1,7,0.744391808001215,0.3950310171686875,0.0129668420723096,-0.3658989958121528,-0.2005827093165387,-0.8846099377285929,1,0.8846986648688967,1.2281228328320917,0.9845778723698208,0.2198242165060708,0.6733934057000615,0.4792254209964103,0.2807606022674487,1.1211891248803276,-0.8399092252526597,1.0,0.9281384784667702,1.1960686885259333,0.4076771563474554,0.9301612266763872,0.9281384784667702,0.9281425299428947,0.9281587356099321,0.9281789921593424,0.9283410231595155,0.9285435083267622,0.9289482994163191,0.9301612266763873,0.9321778715387838,0.9361921769083423,0.948070925403097,0.9672380044728979
synthetic_cell_00355,0,0,2,3,21,0.2845366189408398,0.2408829201726056,0.002891249748824,-0.274139320758661,0.3409009418048085,-0.6732215774680124,0,-0.932683480084333,-0.8827872848446481,0.0657602125789469,0.089275048779855,0.096782087667527,-0.236285729397631,-0.6624629235109716,-0.7139835756728365,0.2386072382671894,0.0,-0.520676816515503,-0.7574378305518547,0.2531036347114296,-0.5236988776187422,-0.520676816515503,-0.5206828580823339,-0.5207070244539402,-0.5207372326529981,-0.5209789076109211,-0.5212810246417388,-0.5218853359458435,-0.5236988776187421,-0.5267234046763791,-0.5327792817675916,-0.550990835139186,-0.581414919188926
synthetic_cell_00356,0,5,6,3,21,0.2465206063523268,0.1372039145129745,0.0437280299712128,0.3255964910361739,0.6022295408432822,0.7470487662317766,1,0.8001918048988255,1.3374625998850245,1.3455906924057937,-1.0501344499041083,0.5563466483511557,-0.9644883234699586,0.8684358554729058,2.354797758817885,-2.2469427294948483,1.0,1.7493420863892306,1.761223552686486,0.5322695589563136,1.7485427274814016,1.7493420863892306,1.7493405133832451,1.7493342203314033,1.749326351703706,1.749263310142833,1.7491842767296295,1.7490254376041408,1.7485427274814014,1.7477174727208384,1.7459884851211573,1.7401597299370128,1.7282166824387242
synthetic_cell_00357,0,2,0,0,7,0.3423645573294392,0.2628795329257907,-0.1574282787093805,-1.878185049486398,-0.2947811070645798,-0.289719658579018,0,-1.8754448356420623,-0.949306788175161,-0.7395196977483531,0.3981099973663171,-0.8698200483923504,0.3272688545158134,0.0968939052893456,-1.0089685300018918,0.8146841941205357,0.0,-1.2968245104614764,-1.5910744322860806,-1.1824720813888534,-1.2971793013406894,-1.2968245104614764,-1.296825236137367,-1.2968281381981417,-1.2968317643277312,-1.2968607154890937,-1.2968967596545327,-1.2969683647120673,-1.2971793013406892,-1.2975178515985335,-1.2981455455318456,-1.2996211298778204,-1.3006419663513884
synthetic_cell_00358,0,9,3,3,7,0.1094565897000363,0.0371154835432174,0.0248380999928662,-0.2777220005208554,-0.5547790900796404,0.7848997772179311,1,1.101388675766349,0.7008195865215556,-0.3494535589675061,-1.240611446111016,0.8010919533756153,-0.0638274807303354,0.3951390976098317,0.979991740201364,-0.7933167560544427,1.0,1.091256391456372,1.1555264900543347,-0.211609705633037,1.0927185768301837,1.091256391456372,1.0912593257262708,1.091271062411398,1.09128573238015,1.091403056603496,1.0915496229670891,1.091842458649377,1.0927185768301833,1.0941707274174075,1.0970442268360516,1.105405685566743,1.1183932753239392
synthetic_cell_00359,0,4,0,3,7,0.7055744794028111,0.3723760280324389,-0.2235284485178038,0.6974995222642303,0.9908707067130712,0.2626239095441104,1,-0.3549538892556756,0.3700294791947795,0.4028924801186097,0.5611753535846413,-0.3256137528133955,0.1154502367561423,0.3047520778921939,0.4990403505013471,-0.1464945198974072,1.0,-0.0386104124588459,-0.0351439946853574,-1.0545004415764772,-0.0332653835145316,-0.03861041245884593,-0.03859973965058229,-0.03855704772445635,-0.03850368125746533,-0.03807668716327987,-0.03754278872312546,-0.03647447292418954,-0.03326538351453165,-0.02790315750500815,-0.017127651801320577,0.015596973863829284,0.07138795480900494
synthetic_cell_00360,0,10,4,3,14,0.2748836122060765,0.1652707493601062,0.0440806373554599,-0.1099160078797235,-0.1909212292788742,0.4361395558568338,0,1.145892995005402,-0.3044552734210565,0.4389606876208184,0.1659796178438892,-0.1033010181055274,0.2178754036399305,-0.1467210321191627,0.1049759444352167,-0.0105273295694087,0.0,0.238380420632293,0.5349710276437306,-1.002760493125456,0.2327498215113953,0.238380420632293,0.23836918022827996,0.23832421777732501,0.23826801283516555,0.23781829817223238,0.23725596709240063,0.2361306795167863,0.23274982151139534,0.22709846177152945,0.21573392790956777,0.18115492474888437,0.12197504068526777
synthetic_cell_00361,0,8,3,1,14,0.1769859973962314,0.010727556519429,9.871793512644668e-05,-0.4789832122117031,-0.5005793926079647,-0.940814988710862,1,0.6090900260120949,0.3693616544038213,-0.0280115330024367,8.674954898973963e-05,0.3947864221308407,-0.0089872485490926,0.23875524304278,-0.2057608891973403,0.0991149488840136,1.0,0.5113766813925464,0.4657630160605242,1.621573197391084,0.514831652284159,0.5113766813925464,0.5113835872999584,0.5114112110932942,0.5114457412031724,0.5117219967928491,0.5120673529708492,0.5127581870575892,0.514831652284159,0.5182905645483822,0.5252195978561673,0.5460849252988474,0.5810404301995145
synthetic_cell_00362,0,4,5,3,7,0.6224655779587539,0.2435721839787931,-0.0741650718805129,-0.0200386740592012,1.8335714127050176,-0.0397501898815058,1,2.1340872165207294,1.6795276405911277,1.5018104809039956,0.3207369729596762,1.8905227405951424,-0.4721736555290219,0.682946567101882,2.165847751300621,-1.6374067241540384,1.0,2.2437214854215317,2.091518574822097,-1.623974478813654,2.241223167075059,2.2437214854215317,2.2437165263757644,2.2436966886889365,2.243671888196813,2.2434733488904413,2.243224836208909,2.24272668151746,2.241223167075059,2.2386870374301746,2.2335004837662353,2.217011491653415,2.186339586259019
synthetic_cell_00363,0,9,4,1,14,0.4044616026769793,0.1990403695462768,-0.1026742278382511,-0.281407203262505,1.1320869050672944,-1.1415008079794693,0,-1.6641730802956047,-1.0939158320925764,0.9440581346033252,0.5313431685850318,-0.3085518851984584,-0.1827989858944433,-0.1299378979128995,-0.7162578455101004,0.5621728623795328,0.0,-0.7113624310643235,-1.0494264014625172,1.2372636606529437,-0.713729191551709,-0.7113624310643235,-0.7113671666117736,-0.7113861087223138,-0.7114097861820651,-0.7115991987056696,-0.7118359463895895,-0.7123093812911827,-0.7137291915517089,-0.7160938221222116,-0.7208160916417963,-0.7349159165838498,-0.7581161482952695
synthetic_cell_00364,0,7,6,3,14,0.3923854719136854,0.2707113987613392,0.1061545716775198,-0.2635555417622964,-0.2734542327645661,0.9240191063313212,0,-1.054603740880346,0.3573299650338718,-1.2717436131543307,0.691477156473184,-0.8877314332419111,0.3994426362713099,-0.9663856822231836,-0.8073250505487671,0.3010905557111944,0.0,-1.1714826894461243,-0.9556740131061686,-1.186332119396981,-1.1722682237387716,-1.1714826894461243,-1.1714842735970914,-1.1714906096788171,-1.1714985286060526,-1.171561833007452,-1.1716408458729584,-1.1717984788495763,-1.1722682237387714,-1.1730405383766647,-1.174544841706775,-1.1787231549927313,-1.1844923874529258
synthetic_cell_00365,0,7,5,1,21,0.0578181292731766,0.1070233879412424,0.0381483634849182,1.4092477116162234,1.0610423071596335,-0.3814238514272767,1,0.947741375254454,1.1606498754884305,0.8131515010974917,-0.4738630134413151,0.1356245027502364,0.0732913878464212,0.1218379292335616,1.1375647483637874,-1.2837501769806632,1.0,0.9280298220661372,1.3834372625363194,3.097574559031406,0.9300529436788894,0.9280298220661372,0.928033874286457,0.9280500829303808,0.9280703432011344,0.928232403981467,0.9284349263974486,0.928839792062945,0.9300529436788891,0.9320699645632381,0.9360850298485298,0.947966121286734,0.9671373166491858
synthetic_cell_00366,0,3,3,1,7,0.3136549235480169,0.1901709924261289,0.1655796190553323,2.0560089941187214,-0.2798425502460921,-0.2983721302117498,1,2.233710384282841,1.666536315359776,1.863302097180205,-0.3688022932740079,0.9079535175514056,-1.5767109582891048,1.2047891141863645,2.614490102828638,-2.6089068397449617,1.0,2.596937271057884,2.490296789197528,0.6490046811903258,2.593225109064084,2.596937271057884,2.596929892811996,2.596900377984703,2.596863480302026,2.5965681328707166,2.596198533523703,2.5954579504170647,2.5932251090640843,2.589466622626878,2.581809765960493,2.557704429054177,2.513651447771921
synthetic_cell_00367,0,6,1,1,14,0.1370158302940374,0.1733292898256325,0.2245008150192851,-0.0015037035931281,-0.6580070763205927,0.7844183077318582,1,-0.0211416297165368,-0.1463302451637897,0.3934481168027619,-0.056704358989386,-0.359937583900351,-0.2610750672776118,0.1249921371624066,0.1814998245892181,-0.2133088938339505,1.0,0.0885741381104181,0.1215846984403005,1.2961642925942438,0.0934820910093668,0.08857413811041807,0.08858393982261921,0.0886231472420754,0.08867215780028138,0.08906429360567467,0.08955459163566763,0.09053561476455647,0.0934820910093667,0.09840417559376488,0.10829018431030657,0.1382723465043059,0.18924512228386448
synthetic_cell_00368,0,0,2,1,7,0.1831711778978951,0.0251514854814375,-0.0543541337667947,-0.0085499850042544,-1.0010439342759898,-1.4253023597334311,1,1.2212039602671223,0.1213116017632611,0.9914166008713156,-0.0998580638009836,1.230475248428351,-0.9996032562013992,0.9245090026416616,2.05222367392406,-1.4573831201243512,1.0,1.5558685363845308,1.0155719832741308,0.7511524178317642,1.5557340589716664,1.5558685363845308,1.555868288492695,1.5558672960836781,1.5558660536785243,1.5558560386593934,1.555843330331256,1.5558172810979969,1.5557340589716662,1.5555783487716806,1.5552024668680242,1.5535455559931675,1.5489319777886768
synthetic_cell_00369,0,5,4,3,7,0.0811127076748756,0.0384962426531398,-0.0731004557458721,-0.3582211925705562,-0.062019141222878,-0.6475539208514849,1,0.3926978996194812,0.7392303137775283,0.5524662648117289,0.1162915530964597,0.8699902558251542,0.9518243682046692,0.4818738387868394,0.852695293945958,-1.21628352219311,1.0,0.5750965640192578,0.6647210335575043,-0.878904554659405,0.578332558359198,0.5750965640192578,0.5751030335046466,0.5751289115485577,0.5751612593336545,0.5754200508047691,0.5757435630323402,0.5763906632012052,0.578332558359198,0.5815709583062993,0.5880543506666261,0.607545694793663,0.640087262889503
synthetic_cell_00370,0,9,1,0,7,0.1780963038866453,0.1602561475843657,0.1331048559514036,-1.152174321997273,-0.7321690679986615,-0.4963826285195478,0,-0.5829686169036385,-0.1620701055529928,0.7241478006060156,0.2565072564814821,-0.0579389007341301,-0.1255829038728831,0.2195370200020521,-0.078909277917763,-0.4071519705121845,0.0,0.0058357126987695,-0.146143613163426,-1.2724478061285396,0.0010042650538913,0.0058357126987694736,0.005826065010055001,0.0057874736441271635,0.005739233061881495,0.005353253424546581,0.004870641497720385,0.0039049601664964064,0.0010042650538912357,-0.0038423384581380156,-0.01358051270206622,-0.04314518539523155,-0.09351544511385332
synthetic_cell_00371,0,10,5,2,7,0.0419117863856903,0.2848649221240433,0.1126156252246441,1.96919169026992,-0.0080710985453591,0.3668413555870882,1,0.7552743986777741,0.6437789315389167,0.5751888754607426,0.3008266239620799,-0.1057180627273378,0.7105603593692398,-0.4773491805816124,1.0337487219126698,-1.2067976609262792,1.0,0.1450264620993885,0.736965862032204,-0.0195189538155429,0.1497404137740504,0.1450264620993885,0.14503587716559432,0.14507353794673172,0.14512061508477855,0.14549727863820586,0.1459682241252251,0.1469105013996111,0.14974041377405034,0.15446713653013736,0.16395833178953495,0.1927232200637983,0.24155738012440903
synthetic_cell_00372,0,11,3,1,21,0.1133366369591826,0.1766560123763816,0.0747760483907349,-0.5986962004450727,0.3354056397930695,-1.097999413692201,0,-0.4970504457005539,-0.7995313503795223,-0.7981886218148118,1.5994047741195407,-1.3736815470286077,1.066809923478421,-1.063169805751321,-2.208822318840784,2.0404540112500857,0.0,-1.7434802775181557,-1.3293602544910357,1.7783222806118943,-1.7423001135979757,-1.7434802775181557,-1.7434779440168255,-1.7434686089387932,-1.7434569376775368,-1.7433634710165373,-1.7432463961548816,-1.7430114405938208,-1.7423001135979757,-1.7410929438373677,-1.7385968388712854,-1.7304412445886534,-1.7145411648467481
synthetic_cell_00373,0,1,7,2,7,0.2451940150186351,0.2229299932886684,0.2122350419786149,-0.05055959306294,-0.454582288154971,0.5842596636559799,1,0.4854545210056261,0.5022412887052137,0.6559166648787524,-0.5334260751193131,-0.3548068518759252,-0.2175541534457328,-0.0896594111096278,0.8034800460267386,-1.0029154453973432,1.0,0.4771861248190455,0.8712783204812627,-0.6022884955447381,0.480758593261965,0.4771861248190455,0.4771932649000191,0.47722182542051167,0.47725752651338327,0.47754315292907357,0.4779002300455333,0.4786145307008177,0.48075859326196496,0.4843358271323013,0.4915039806549619,0.5131065545009311,0.549357319836615
synthetic_cell_00374,0,7,0,3,14,0.1146123089791656,0.0312222667799629,-0.1114020544826637,-0.5351922043136468,0.1909765038173193,0.8154508354675163,1,1.7029899986193822,0.2062885047637752,1.6394386640114726,-0.4083250086537646,0.4499108376763487,-0.4226815606932552,0.9846307382838704,1.5523780950541095,-1.6349163254835972,1.0,1.5088861443172992,1.5918720832769169,-0.4597310702775432,1.508913124235806,1.5088861443172992,1.5088862182112193,1.508886512990448,1.5088868796723527,1.5088897414199633,1.5088931392270075,1.5088993361937029,1.5089131242358058,1.5089200037285755,1.50887270494296,1.5082288691110624,1.5053951517712612
synthetic_cell_00375,0,6,3,1,21,0.3044016634627575,0.4051541496804157,0.0742126642127578,1.051664080856132,0.1141525826334352,-0.358341313647938,1,0.0227739107296517,0.874269953636867,0.4530103796361136,-0.4049798141451534,0.3617221497109765,0.3000059105300307,-0.0009064358514931,0.4901627114602447,-0.6259355293345967,1.0,0.4771229381172728,0.6973738313990091,1.6755914768320823,0.4806956237044416,0.4771229381172728,0.47713007863101664,0.477158640882651,0.47719434413958656,0.4774799878732631,0.4778370866508924,0.47855143067414785,0.48069562370444147,0.4842730762419416,0.49144167167661595,0.5130456080089932,0.5492987670826864
synthetic_cell_00376,0,1,1,1,21,0.373373732270106,0.1851193989746097,0.0988186179933446,0.4026702408485149,-0.3463272869333211,-0.5088462300350928,1,0.5967968583827374,0.3616224199751215,0.2099111580756493,-0.0085335121844055,1.027067855860527,-0.6578530372387982,0.3401354584123622,0.6258907942889028,-0.6383759968605859,1.0,0.959091202554543,0.5375093570473688,2.463660965023637,0.9610075801855243,0.959091202554543,0.9590950420332516,0.9591103996808318,0.9591295961388853,0.9592831437266446,0.959475017923771,0.9598585647197501,0.9610075801855243,0.9629171084521511,0.9667149381987129,0.9779262572394705,0.9959207365365622
synthetic_cell_00377,0,4,5,1,14,0.1363846043765176,0.0870383949661278,-0.0067650978821817,-0.2472875537611767,0.2891377785771679,-0.4118027362823668,1,0.3485916177654856,0.4050268607196448,-0.3595447976884846,0.7709273946067629,0.1130268457060345,0.923727590544718,-0.2210372389275585,0.2069269845882509,-0.4585379477025456,1.0,-0.2275167987837006,-0.0168206387588912,1.669889478673267,-0.2215225836299794,-0.2275167987837006,-0.22750483214211709,-0.22745696470088206,-0.22739712843088386,-0.2269183595469167,-0.22631970170093033,-0.2251217306665319,-0.22152258362997942,-0.2155066184224154,-0.2034099486250035,-0.16661195979078833,-0.10366453002903422
synthetic_cell_00378,0,11,1,1,21,0.0602912012952607,0.1631327604790703,0.02392596189086,-1.407002105347212,-0.4472881109801657,0.8317675913380966,1,0.6904014227747255,0.7685303114867937,0.7228170518560835,0.5145804300343947,0.8666676897414924,0.2477061327721098,0.0258121452240019,0.0338320918287648,0.0634525764221321,1.0,0.7097981662745303,0.731352841123662,2.508227444885082,0.7125712518464273,0.7097981662745303,0.7098037131790332,0.7098259007697455,0.7098536351966162,0.710075508132176,0.7103528430128805,0.7109074912096478,0.7125712518464272,0.7153434964710627,0.7208848194618512,0.7374716109365645,0.7649102010928804
synthetic_cell_00379,0,11,2,0,21,0.692855789318182,0.620777969863333,-0.0310119921446821,1.7329750575254177,-0.707894645761564,-1.6305531122260497,0,-0.5251261212352195,-0.1869460724548623,0.0205313297906436,0.745603213735909,0.0974257140979873,0.1523167357985735,-0.212390398084945,-0.3853068964458686,0.754291295655942,0.0,-0.3464341952895741,-0.5291835325740061,-0.5101144810056384,-0.3500550498427937,-0.3464341952895741,-0.34644143025655155,-0.34647037039645817,-0.3465065461832546,-0.34679597693842984,-0.3471578264581313,-0.34788172857397176,-0.35005504984279373,-0.3536825699155468,-0.3609570563891028,-0.3829257801221193,-0.41995079717750944
synthetic_cell_00380,0,9,3,2,21,0.395447881152372,0.5829168077720687,0.0978260535016259,0.959366967512578,0.0908831620884988,-1.0206575909857545,0,-2.062642719361733,-1.3278125946415869,-0.6776725156578678,1.81279726100366,-2.180731994050296,1.3251159157893229,-1.7087998806045608,-2.4467903638594097,2.2787671209884826,0.0,-2.846461345945253,-2.3039195806073693,0.7861876005878652,-2.841490732624234,-2.846461345945253,-2.846451458047879,-2.8464119043240097,-2.8463624573666944,-2.845966689581514,-2.8454714994002814,-2.844479516652794,-2.841490732624234,-2.836466529606277,-2.826256450475459,-2.7943174227805705,-2.7366324795651797
synthetic_cell_00381,0,11,1,1,7,0.1205541031374491,0.140997972409022,0.1847145435850704,0.470002056504204,-0.691838079421346,1.0338320362258453,1,2.409850622318848,1.391610648597144,2.7511253564967317,-1.5191737928049758,0.5512998311101849,-0.2710732867041889,-0.1732289680806138,2.31253272589324,-2.2575637891746543,1.0,2.1349413980082605,3.1501105618572365,1.3095531047947684,2.1328169078524626,2.1349413980082605,2.1349371840050746,2.1349203265932752,2.134899251680527,2.1347305264332124,2.1345193048881224,2.134095811028007,2.1328169078524626,2.130657228196866,2.1262314553005783,2.112088073678846,2.085537146632409
synthetic_cell_00382,0,2,5,3,14,0.2443962728611245,0.1302110941016313,-0.0477168549113772,1.1156115241197295,0.0527467941579328,-1.009535088565765,1,0.9225180106866568,0.4307555866914428,0.7080328777194829,-0.211196752554835,-0.7100587292704797,0.0641252747082979,0.3285931351372132,0.3523665814539449,-0.6768452811777705,1.0,0.4536729823474411,0.9493981901063674,-1.218652104786477,0.457326254876074,0.4536729823474411,0.4536802834716053,0.4537094881874927,0.45374599457553105,0.45403806538959374,0.45440320309715015,0.4551336419152724,0.4573262548760739,0.46098485954176466,0.4683174581113529,0.49042704270691173,0.5275685698844191
synthetic_cell_00383,0,11,5,1,7,0.2239190068171546,0.0150886864270447,0.0009788173344112,-0.0844843678269453,0.5162220011717891,0.3170390030084597,0,-0.6587428864000293,-0.5473739465253765,-0.5507683219307327,-0.9511135288754288,-0.6147251535536903,0.3283408998473388,-0.0572927875662175,-0.5001601382326397,0.4188902739373105,0.0,-0.509340942076106,-0.3331245907185392,0.8415258860412193,-0.5124019594766986,-0.509340942076106,-0.5093470612831499,-0.509371538226519,-0.5094021346648311,-0.5096469165188603,-0.5099529196252499,-0.5105650112670035,-0.5124019594766985,-0.5154657160469491,-0.5216008734132842,-0.5400568607308608,-0.5709103882038485
synthetic_cell_00384,0,0,3,0,14,0.2764040572899516,0.0950296588721528,0.1060903679222959,0.1641796936462248,0.4818128938789818,-0.2820983112823875,0,-1.1133343364232535,-0.1022089325796925,-0.8203823908613651,1.0490646992261794,-1.1989296007025434,0.5507840755444704,-0.4468381467470373,-1.812571265472767,2.024397961132672,0.0,-1.294541016328371,-1.146938813105267,-0.7156966709490763,-1.294903654548954,-1.294541016328371,-1.294541757644076,-1.2945447222663056,-1.2945484266026595,-1.2945780036159635,-1.2946148305909526,-1.2946880029166734,-1.2949036545489538,-1.2952501071845437,-1.2958937713056065,-1.2974185943304823,-1.2985259377200125
synthetic_cell_00385,0,5,2,1,14,0.2509006255007955,-0.0159771754112741,-0.0544862506457019,0.6053012345511303,0.3770069457277755,0.3783188846223776,1,0.4491746424575405,-0.032831256883776,-0.6099900635261847,0.5155338768230405,-0.3895072739431263,0.3421935568454856,-0.7551045110915615,0.3206256028720062,-0.4881247364111521,1.0,-0.4420240399852295,-0.1409549082630246,0.9962628711822654,-0.4352926600086819,-0.4420240399852295,-0.4420106041682442,-0.4419568598189308,-0.4418896769492692,-0.4413521166843651,-0.44067992314825655,-0.43933472582147354,-0.43529266000868183,-0.42853435996233774,-0.4149374800850402,-0.3735141002685131,-0.30244036984371886
synthetic_cell_00386,0,11,0,3,7,0.3508457433500084,0.137941501362163,-0.2119597490531706,-0.3265883946499734,-0.6729082173285533,-0.900229021776229,1,0.2805280707076258,0.1542586209712313,0.9021217393447194,-0.2789279052599805,0.1463075583544317,0.076741747391693,-1.0103292133911326,0.1646587041840981,-0.2373158830011297,1.0,0.1707742706371832,0.6266548916183973,-0.2378162274086124,0.1753997386848467,0.1707742706371832,0.17078350935481104,0.1708204647168533,0.17086666002526826,0.171236266711004,0.1716983855362315,0.1726229908925657,0.17539973868484665,0.18003735724476394,0.18934847876079045,0.2175581704796465,0.26541691156409347
synthetic_cell_00387,0,6,3,2,7,0.4963223317445651,0.3510869291234949,0.1112576091593306,0.6403265628445828,-0.3321037047904757,1.225463374701686,0,1.3191296242053618,0.4678356229940442,1.073364921845828,-0.3393451654121946,0.9284374123515996,-0.222220271101894,1.0780566378657308,0.4458565689349494,-0.0799823266615394,0.0,1.4598414765104744,1.311840387475888,-1.1814040924056304,1.4500132656082574,1.4598414765104744,1.4598218702325287,1.4597434431101413,1.4596454046833325,1.4588609163230941,1.4578798535435853,1.4559162204578528,1.4500132656082572,1.4401348546466586,1.420227727173628,1.359310522461062,1.2538573297079023
synthetic_cell_00388,0,11,0,2,21,0.1064467731243773,0.5432767803828202,-0.1492481069052115,-0.5810536580365748,0.8807943177049598,0.1929126002904592,0,-1.088866751794108,-0.8835454699952036,-0.3043099481132125,0.6948196586996224,-0.5531000872710642,0.6152977068488052,-0.8730156695330389,-1.4508800027326247,1.0817767412353692,0.0,-1.2453428993588378,-1.1615465910766851,1.06115543351959,-1.2458746093598234,-1.2453428993588378,-1.2453439776359565,-1.2453482901511963,-1.2453536794603628,-1.2453967405184012,-1.2454504332060057,-1.2455573724866937,-1.2458746093598234,-1.2463913195402136,-1.2473790630059909,-1.2499647384538568,-1.252935882283458
synthetic_cell_00389,0,3,3,2,21,0.4954231564796489,0.8032369715095122,0.008809642093617,1.072909577718102,-0.4357625094853842,-1.4552221138312884,0,-0.3770542197376674,-0.7843876413680965,-0.1390905100494101,0.4857238352374975,-0.3090812997333657,0.864057978956835,-0.2686708332155902,-1.1652938871887724,1.2740179710148758,0.0,-0.7794333563772575,-0.6650097311715231,0.4748027451352443,-0.7815661877379764,-0.7794333563772575,-0.7794376257020827,-0.7794547028566027,-0.7794760489739051,-0.7796468048606596,-0.7798602170038205,-0.780286931664657,-0.7815661877379763,-0.7836952485482941,-0.7879414470143814,-0.8005734676886793,-0.8211949295534227
synthetic_cell_00390,0,11,2,0,7,0.7096033059709014,0.3681032680760197,-0.0481710071507302,0.0006989552673781,1.2777652686915533,-0.4900887169309854,0,0.268545275784372,-0.0781018656819683,-0.7830964512822414,0.6327585191678645,-1.1214319381968307,0.3670326294609045,-1.2144807964918227,-0.5499252043432786,0.6412930822934075,0.0,-0.9155540791914636,-0.3402421197416481,-1.0514428103166489,-0.9172191249056266,-0.9155540791914636,-0.9155574162157449,-0.9155707640370683,-0.9155874481930736,-0.9157208965967634,-0.9158876449012773,-0.9162209335815995,-0.9172191249056266,-0.9188771193115708,-0.9221713234333024,-0.9318681911482694,-0.9473329137166485
synthetic_cell_00391,0,0,0,3,21,0.0848511872145062,0.2366144761129229,-0.170880672703148,-0.3938907293820988,0.051530171048549,0.2924720574524438,0,-0.5555394800193156,-1.1183665832513845,-0.7381461698195757,1.3537950282015263,-0.092756738476458,-0.162191275079734,-0.2943453988672206,-0.4247745533209113,0.544984193551296,0.0,-0.8440630662919593,-1.3809338159936644,0.2877116232090927,-0.845973794434196,-0.8440630662919593,-0.8440668929632894,-0.8440821994416207,-0.8441013320737165,-0.8442543744796852,-0.8444456307725617,-0.8448279870587563,-0.8459737944341958,-0.8478791943320838,-0.8516733887458555,-0.8629118076202589,-0.8810848651719817
synthetic_cell_00392,0,9,4,3,21,0.1947764364460294,0.4001810072303997,-0.1480860851216519,0.783768367854161,-0.299338676278798,0.2188612327369752,0,-0.5830308878229402,-0.2681694431552076,1.0128489064173527,0.3559049429763422,0.9395745318103292,0.4487811605169713,0.3485049447048436,-0.2834721035216671,0.5330062859541581,0.0,0.2023715361217376,-0.1297567474230776,-0.1086999547851367,0.1968646833267062,0.2023715361217376,0.2023605423451441,0.2023165664385272,0.2022615947547759,0.20182174927870333,0.2012717624822542,0.2001711894781839,0.19686468332670623,0.19133793779253366,0.18022524107698057,0.14642269268195124,0.08860695381191598
synthetic_cell_00393,0,8,1,0,7,0.1367604654779356,0.2023913799989315,0.1394727334688085,-0.6661724800135626,0.1128751006989152,-0.0662127543120544,1,0.7568444546031063,0.3292545311726245,-0.158899849950595,0.2676215022575509,-0.6450690294347105,0.5001337961862743,0.3268815864649573,0.5973515747960719,-0.7306321388324302,1.0,0.0227239244544268,0.3820528914227405,-0.91362015852628,0.0278581748937797,0.022723924454426774,0.022734177179440197,0.022775188713528707,0.022826454557639132,0.023236638355138173,0.023749510638936083,0.024775729830927518,0.027858174893779643,0.03300814412889702,0.043354692796146156,0.07475677434914549,0.12822419148391725
synthetic_cell_00394,0,9,4,2,14,0.2331156095020134,0.5183974716777934,0.0454865835945986,-0.7859135639999241,0.0161109821292554,-0.4211364082091611,0,-0.034302344459665,0.7440908546090275,0.6244419303629948,0.9495936076927738,-0.9856488266580764,0.5445901169150379,-0.732320786077016,-0.6774429456303455,0.6763485450348163,0.0,-0.4677742655511515,0.2023595537539906,0.0126971882772823,-0.4709781289068008,-0.4677742655511515,-0.4677806694513291,-0.4678062852072422,-0.4678383052512565,-0.4680944795519936,-0.4684147322204365,-0.46905535300478324,-0.47097812890680074,-0.4741857332648645,-0.4806115975871085,-0.49996388159698435,-0.5323921032812867
synthetic_cell_00395,0,7,1,1,21,0.4781071349550233,0.4715784960842817,0.1001393963090403,-0.5603301033926353,-0.6968473813762308,-0.5257933576334507,1,-0.908239833177488,-0.8332749012771257,-0.9044071891384567,0.996038188927962,-0.4891028827459323,0.8135906245113105,-0.0865207114107148,-0.6666141356158399,0.5670507031075551,1.0,-1.1858870731912636,-1.3580334411904422,2.0648849393690045,-1.176599370835998,-1.1858870731912636,-1.1858685426032831,-1.1857944184539941,-1.1857017592233539,-1.1849603236267585,-1.1840331247994684,-1.1821773796897412,-1.176599370835998,-1.1672668199544074,-1.1484675477745512,-1.091004348758476,-0.9917504290491898
synthetic_cell_00396,0,7,3,3,21,0.2490727835921226,0.3668671244123399,0.0534669140070168,-0.0303656064919397,0.3591967279595269,0.153033983460152,0,-1.0844341314471024,-0.9862461289794796,-0.3122438266964821,1.0855958610871028,-1.365084273536947,0.7346966543918704,-1.3265980685736745,-0.9045175096201024,1.1046209735376704,0.0,-1.7478839465569984,-1.339865435708255,0.8049568487231191,-1.7466886492087412,-1.7478839465569984,-1.7478815828946246,-1.7478721271681796,-1.7478603050868704,-1.7477656314839398,-1.7476470469910006,-1.7474090689871453,-1.746688649208741,-1.7454662398835956,-1.7429393367559058,-1.7346887867461513,-1.718621880288142
synthetic_cell_00397,0,2,4,3,14,0.3468358627402615,0.2064701361844889,-0.0436418529710262,0.9292636529821616,0.8122923432082696,1.4782989963595132,1,1.6576214998851753,0.6232657500974973,0.3121108042452263,0.346175196394609,0.6263018958522448,-0.7191507755644633,0.88382195726842,1.8205352929528544,-1.2860283876767271,1.0,1.32155088947329,1.0448414181148034,-0.8817036123587029,1.322221656329584,1.32155088947329,1.3215522464397382,1.3215576736893975,1.3215644563650581,1.321618662292328,1.3216862809022318,1.3218210547638103,1.3222216563295834,1.3228768378816378,1.3241397150885004,1.327535364327461,1.3317985757305897
synthetic_cell_00398,0,0,7,3,7,0.5056977264735883,0.1951998144535053,0.3031287501177704,-1.0487867804132278,0.1048967654679244,-0.364958159109674,0,-0.3495107795787953,-0.6331518677011883,-1.3521193011901298,0.4869603026280329,-0.3078588124027013,0.2010298297350555,-1.2765932502905188,-1.100096068671186,1.0887646528361985,0.0,-1.0350213758473088,-0.9867703447209266,-0.5227785329225311,-1.036275866243714,-1.0350213758473088,-1.0350238946315502,-1.0350339693777229,-1.0350465619310558,-1.0351472671634294,-1.0352730606262448,-1.0355243533466667,-1.036275866243714,-1.0375204259520425,-1.0399791056334062,-1.047099915992277,-1.0580387905445794
synthetic_cell_00399,0,6,6,0,14,0.2403410492518498,0.1289793865626312,0.0170272746965679,-0.736536598322147,-0.4968031637966962,-1.2459185612530692,0,-0.5227527150595344,0.179355399159454,-0.1442963854996262,0.1961193444332483,0.1587103353625999,0.216824272707458,-0.0350555066190763,0.1483599676324157,0.1384832766991131,0.0,-0.136205563079456,-0.24166453576601,-0.0965990068171852,-0.1405488788025091,-0.136205563079456,-0.13621423791733692,-0.1362489377432104,-0.13629231359276467,-0.136639363062958,-0.13707328151360285,-0.1379414733135584,-0.14054887880250913,-0.144903926938765,-0.15364869996934155,-0.18015055561064128,-0.22513978433436424
synthetic_cell_00400,0,4,2,1,14,0.2476559314030322,0.1761127819412411,0.0141417693219314,0.1597151650329519,0.1047998145710535,0.0486831773070184,0,-0.3844737403987333,-1.0509138521233967,-0.8515183316693544,1.4920910175691515,1.202563370161487,-0.0222590210703133,-1.1440347559096116,-0.3263785287081051,0.1230244572175612,0.0,-0.6694613754985596,-1.3594321224298898,1.1953092488206465,-0.6719721310512369,-0.6694613754985596,-0.6694663980293292,-0.6694864881134789,-0.6695116006309885,-0.669712497246718,-0.6699636091218912,-0.6704658026659593,-0.6719721310512368,-0.674481766578933,-0.6794970816179393,-0.6945004134228737,-0.7192880068183042
synthetic_cell_00401,0,2,1,3,14,0.3138228219377421,0.2514771253784236,0.0941533814545798,-0.3916954491445575,-1.18137664107959,-0.0632283580732968,0,-0.3183711387978181,-0.1918235834624688,-0.406872054096151,0.7032930164573948,-0.4944096163639918,1.057151483120523,-0.2493716039812368,-0.8334152263047625,0.6126215196873065,0.0,-0.8093963485676522,-0.560077285994503,-0.627044154527832,-0.8114262106127169,-0.8093963485676522,-0.8094004126738057,-0.8094166689247988,-0.8094369888478007,-0.8095995325843358,-0.8098026730495035,-0.8102088227157775,-0.8114262106127169,-0.813451579944591,-0.8174882247254238,-0.8294741574023925,-0.8489605140746974
synthetic_cell_00402,0,2,3,2,14,0.3378482800582856,0.3187778314517154,0.0168118960492956,0.9667405397240896,0.7431600927737372,0.0304978376008758,0,0.6698815080411276,-0.3384220251280759,-0.5009303741772129,0.9589452137020282,-1.0651511317844529,-0.2059791996370983,1.1949274573320898,0.2847593139908976,-0.4225657629289893,0.0,-0.082197292683918,-0.2817712848517353,-1.4813822804609864,-0.0867262105193021,-0.08219729268391802,-0.08220633742829678,-0.08224251693214668,-0.08228774249613893,-0.08264959436079126,-0.08310202750312476,-0.08400728768997445,-0.08672621051930211,-0.09126816246576168,-0.10039065585295995,-0.1280570846129037,-0.1750923395736271
synthetic_cell_00403,0,5,3,2,14,0.4311558970094336,0.4634690545077768,0.0329287903560707,0.287566631562086,1.1670300511059892,-0.0768833716920158,1,0.5443123226485407,0.6142778828379322,0.5177675812542016,-0.2278950961639913,-0.119539520139613,-1.049871357718135,0.6876342962836176,0.4078387433751474,-0.0230570488277305,1.0,0.9437247759007206,0.792646760622165,-0.2704273799569593,0.945693961022574,0.9437247759007206,0.9437287206251818,0.9437444992705634,0.9437642220091483,0.9439219811724142,0.9441191231674124,0.9445132166564112,0.945693961022574,0.9476566671389962,0.9515619658363905,0.9631046290820189,0.9816812435201253
synthetic_cell_00404,0,8,5,1,14,0.1650127059930899,0.0889839194673167,-0.0475601367058294,0.6440281585119163,0.3340380633825587,0.09782084965291,1,2.054441596332163,0.5191965671953085,0.8123357454105266,-0.2297113388829816,0.7640529312815716,-1.1954716401336007,0.5200561779656853,1.623160239183553,-1.6867370359145937,1.0,1.6983000702105564,1.5498773416203764,1.3222031457953944,1.6976761197346395,1.6983000702105564,1.698298846794982,1.6982939521539142,1.6982878316502281,1.6982387795034193,1.6981772439138971,1.698053437297128,1.6976761197346395,1.6970275036117226,1.6956554911273802,1.6909273481185148,1.6809179545500061
synthetic_cell_00405,0,2,7,0,14,0.3966722034022099,0.3630317640704998,0.2353235182424334,0.496321549049407,-0.2931031264324902,0.3446416183993733,1,0.2451965782466142,-0.6154650073152502,-0.4520495605123548,-0.752646629338287,0.2379763366236189,0.2384909543328394,-0.3971850374536767,0.4350813751476408,-0.5307850697942655,1.0,-0.0700032022755449,0.0208206612816156,-0.3324162720185663,-0.0645502904447899,-0.07000320227554493,-0.06999231445582374,-0.06994876245365073,-0.06989432082361248,-0.06945872270536495,-0.06891406243520845,-0.06782420030512569,-0.06455029044478994,-0.059079424925304436,-0.04808436588880188,-0.01468282169113798,0.04229743028877375
synthetic_cell_00406,0,8,5,2,7,0.3319562135064876,0.3525349161685595,-0.0693654562120932,-0.1946455177645683,0.7481603754293313,-0.0758662084947831,0,-0.5194535828566582,-0.1785002927296839,-0.2711294153770447,0.8674519552490476,-1.316730279704959,0.8199866409146103,-0.1330227549430638,-0.317877704998145,0.1834908274604579,0.0,-1.0330096463553906,-0.6606505372027949,-1.0649340634345994,-1.034271050160435,-1.0330096463553906,-1.0330121789181108,-1.0330223087801351,-1.0330349702326396,-1.0331362268326698,-1.0332627099408125,-1.0335153834047128,-1.0342710501604349,-1.0355225717637544,-1.0379953209788313,-1.0451595099919544,-1.056174596044682
synthetic_cell_00407,0,10,0,0,7,0.3648123597531613,0.2125235321470993,-0.1492235383772003,0.2048662377140042,-1.490920499414911,-0.7989787504988446,0,-0.9402565925406868,-1.1531585854296016,-0.2196256724121402,0.5280916605083682,-1.4317122001932558,0.8136752041338349,-0.3526767862392816,-0.8636855918831292,0.71994258449342,0.0,-1.4241383290136802,-1.1166557864814035,0.0984305766727759,-1.424055599611663,-1.4241383290136802,-1.424138182708143,-1.4241375967206606,-1.4241368625142015,-1.424130919957463,-1.4241233193981044,-1.4241075430629655,-1.4240555996116628,-1.4239535610929228,-1.4236908539710964,-1.4224211874576758,-1.4186189216325993
synthetic_cell_00408,0,6,0,1,7,0.2179302811999198,0.2038540186064655,-0.160692381710188,-1.057169576498621,0.0749718066550621,0.4104727591474404,1,0.1755652708155709,-1.431514981028552,0.1182031525845527,0.7197334061654075,0.0139928147374638,-0.8492229371608511,0.3727540826840951,0.4573958905115907,-0.8861703920019721,1.0,-0.0332297375508956,-0.6697183201942689,1.6219089391065764,-0.02790319956401,-0.03322973755089563,-0.0332191015952584,-0.03317655708481715,-0.033123374899085095,-0.03269785552112105,-0.03216580164173981,-0.031101178850148466,-0.02790319956401006,-0.022559594195999393,-0.011821719588997779,0.020786883302008976,0.07637402505822691
synthetic_cell_00409,0,0,7,1,7,0.0523776485366957,0.0600235450026771,0.3020159038815737,0.4063138470020397,1.1427416024373245,-0.4506335723132142,1,0.5575694676996094,0.7566627886018824,0.4027951122421453,-1.6743119695539326,-0.436792726612898,-0.6059052064736237,-0.1050881039536517,0.7398222743013655,-0.5926109105299382,1.0,0.8038877077440845,1.32271821666453,1.997835067923846,0.8063374499184406,0.8038877077440845,0.8038926102226038,0.8039122200188172,0.8039367319987912,0.8041328172078216,0.8043778970498313,0.804867967219931,0.8063374499184405,0.8087840834158876,0.8136673676489458,0.8282253189119934,0.8520994610853582
synthetic_cell_00410,0,1,5,1,7,0.183021935374024,0.0442787054059725,-0.0620140357315742,-1.2952444158170833,0.7549778763079801,-0.5473333676882587,1,-0.154829565717268,-0.3832371359381893,-0.7491491760661484,-0.0608080734027251,0.8605747752485478,1.5039302475249965,-0.4875836954878844,-0.0137332706327505,-0.2086357177109177,1.0,-0.4929801662935729,-0.4077464101336173,1.278839988908942,-0.4860736730499317,-0.4929801662935729,-0.4929663814744424,-0.492911241067501,-0.49284231301544695,-0.49229078687686845,-0.49160112496117025,-0.49022095407587873,-0.4860736730499317,-0.4791390316008635,-0.4651857773005325,-0.4226636373405251,-0.3496595068010959
synthetic_cell_00411,0,1,1,0,21,0.388508121221447,0.4469631036746025,0.0566339399355002,0.0972601246395782,-0.9976405793253112,-0.4894319253881387,1,0.1691955128177362,0.7186055001909615,-0.1700261125697586,0.2662227111495497,0.1203546001760858,0.147947946070514,0.5238706391705743,0.4152703007475702,-0.0881503324967,1.0,0.3365854750765799,0.2650686843979749,0.2421498679444252,0.3406411246581694,0.3365854750765799,0.33659357814143653,0.3366259907327947,0.33666650721875185,0.336990668959929,0.3373959456884509,0.33820674710637855,0.3406411246581693,0.3447049283994074,0.3528564077566675,0.3774907346277713,0.4190679548972196
synthetic_cell_00412,0,4,4,3,14,0.3353636373625316,0.0685709787617363,-0.0227804053759547,-0.7240914641241828,-0.3786793723489948,0.1934042318656632,0,-0.2529174504347071,0.1992148045495952,-0.1768972240454689,1.1656032791286868,-0.6893770350649341,0.0522833984825667,-0.0656819480235487,-0.6111505878983723,0.7519331014136941,0.0,-0.4655053796890214,-0.4568076740811635,-0.3031810930611487,-0.4687170401839897,-0.4655053796890214,-0.4655117991289602,-0.46553747704610193,-0.46556957479656574,-0.4658263709454618,-0.46614740141556177,-0.4667895794417594,-0.46871704018398963,-0.4719324963656619,-0.47837422870905716,-0.49777543640163857,-0.5302896115884079
synthetic_cell_00413,0,10,1,1,7,0.3764265969650618,0.1327193776333637,0.1537900660889538,-1.1749028163183972,1.0856536329542397,-0.5384867950753731,0,-1.4731147266485074,-0.4348243634431112,-1.0591180276963557,0.7280768366141502,0.5035916716346936,0.7056294385088713,0.2953972747266175,-0.769603060701934,0.7512771808849087,0.0,-0.7911572227907144,-1.4147941560315274,1.269592034334616,-0.7932497645003284,-0.7911572227907144,-0.7911614118179419,-0.7911781677707866,-0.7911991123606043,-0.7913666550117937,-0.7915760480710171,-0.7919947160972747,-0.7932497645003282,-0.7953382530929661,-0.7995024577649503,-0.8118816782741682,-0.8320589981935141
synthetic_cell_00414,0,6,4,0,14,0.1171793255215032,0.1824679190027622,-0.120111356894691,0.7683142788549919,0.0697079799649364,0.1619552158683725,0,0.1135592758203306,0.1016592430626264,-0.7434777244062613,0.2112410971671469,0.0989787720764794,-0.6174078010225311,0.812492714735605,0.01346634246986,0.0673111494522622,0.0,0.3425461072371759,-0.1792767172927176,-0.3555280514975131,0.336557537543907,0.3425461072371759,0.3425341533949422,0.3424863370908414,0.3424265646066548,0.3419483005832084,0.34135026023963044,0.34015347891048764,0.33655753754390694,0.3305456966485374,0.31845265398590517,0.28162754004224877,0.21850148761908464
synthetic_cell_00415,0,7,7,0,21,0.1126345374370649,0.2762878483536034,0.2404422591434907,0.6310313945221372,-0.5568465256119441,-0.2222611391239813,1,0.8286707614374211,0.5095053860356953,0.2539351522814879,-0.4123053108502291,0.6812361483758496,0.0123692041916681,0.0996227758859853,0.4356979557802451,-0.6174668897031631,1.0,0.7911219116071908,0.8598930168983497,0.4344468742248361,0.7936155240760636,0.7911219116071908,0.7911269015195589,0.7911468610634544,0.7911718102556786,0.791371394268663,0.7916208503807866,0.7921196823102751,0.7936155240760636,0.7961063355470098,0.8010789005704743,0.8159121189900191,0.8402698751291894
synthetic_cell_00416,0,6,2,0,21,0.4491889754088133,0.5231617959376904,-0.0308587865662502,0.5498784932625951,-1.25094572482763,0.6617613888394179,0,-1.522594385025042,-1.2415161518784388,-0.1957247965794432,1.2801826340608438,-1.1024494630721968,1.2833839557066655,-0.6373246251390352,-0.9751635400790768,0.6430404240370584,0.0,-1.8518862047397888,-1.6762267594329212,0.0969535973051791,-1.850333498449076,-1.8518862047397888,-1.8518831287585273,-1.8518708236564256,-1.8518554396303042,-1.8517322614587404,-1.851578023727305,-1.8512686641384455,-1.850333498449076,-1.848751173537266,-1.8454969045864795,-1.8350037677789826,-1.8149968842139323
synthetic_cell_00417,0,3,4,3,14,0.1905108138030231,0.3252573892766385,-0.0522497489401979,0.5718569718780865,-1.266842146173056,0.0162668393333459,0,0.5391545834442696,-0.0375525243404131,0.867757945094687,0.0874107375691249,0.1712823277256417,0.2600405518224151,-0.007989005532713,-0.158425888630933,-0.179777994918617,0.0,0.3342934940656859,0.5297010967206838,0.2229893982038465,0.3283332848887909,0.3342934940656859,0.33428159674618874,0.33423400654097746,0.3341745166982755,0.3336985145216646,0.3331033032742117,0.3319121860971642,0.3283332848887909,0.3223500034128323,0.31031467746594327,0.2736675135174949,0.21085409956523582
synthetic_cell_00418,0,1,0,3,21,0.1700409153823474,0.2686565741781974,-0.1600397822127656,0.0688069358780629,-0.1484446621829662,-0.3086424221977964,0,0.5627170898189655,-0.8975135181783851,0.2421006202182257,-0.2922015330604194,-0.0539765018282539,0.3505951624290323,0.0740966560630494,-0.5321515917898311,0.7259061419012244,0.0,-0.0042854541102227,0.1192540639283714,0.2521347773618583,-0.0090821198610457,-0.004285454110222726,-0.0042950324783434975,-0.004333346552154534,-0.004381240497334451,-0.004764446161305758,-0.005243588429103328,-0.006202323132998795,-0.009082119861045748,-0.013893697540430218,-0.02356108687107529,-0.0529075181965993,-0.1028943519567781
synthetic_cell_00419,0,8,5,3,14,0.2790760430223768,0.1370499520741097,-0.1332695361385739,-0.7796117695006739,-0.4631491216097357,-0.3229063488007996,1,1.1393559933129611,1.4979255807187313,1.4060047949129897,-0.6100713910366004,-0.0194244026688927,-0.6765378259129059,1.247445108946674,1.3311168894584189,-1.60148945725357,1.0,1.6549930560388906,1.849966242594813,-0.9162436018803474,1.6545179322750707,1.6549930560388906,1.6549921292361467,1.6549884210880847,1.6549837837944477,1.6549466010798928,1.6548999116613268,1.6548058286617888,1.6545179322750707,1.6540191866423204,1.6529500526008043,1.6491557329523925,1.6407869638029304
synthetic_cell_00420,0,2,7,2,21,0.7663902626186085,0.8952231169684506,0.1585883232272438,-0.829608062726334,0.4582593767193587,-0.7994788872064603,1,0.1587854038175422,0.4821650813509182,2.046271916738989,-0.1514141609526319,-0.0217581955772955,0.6028040462955842,0.1248002388696112,0.2785561555858425,-0.3373192039842901,1.0,0.5020916051878532,1.032247790911704,0.0119954600017617,0.5055784847064986,0.5020916051878532,0.5020985746894147,0.5021264528682857,0.502161300980192,0.5024401013904961,0.502788640605501,0.503485847471717,0.5055784847064986,0.5090695293850352,0.5160635001971989,0.5371290404975276,0.5724362972574604
synthetic_cell_00421,0,0,5,2,21,0.3219677151777167,0.4312609937521011,-0.0158063430920871,0.2541320958364392,0.4390770078184194,0.0572225431501892,0,-0.7757955510152075,-1.6666331669210752,-0.2425594371669548,1.188613397410061,-0.9674882284676152,0.5707806415851737,-0.1859057062798982,-1.7497808630081442,1.7189912720441836,0.0,-1.376738816182859,-1.4866262636348575,-0.1660831197809576,-1.3768189775685014,-1.376738816182859,-1.3767389945199675,-1.376739707148692,-1.3767405963151456,-1.3767476448481228,-1.3767562934180146,-1.3767730495722026,-1.3768189775685011,-1.3768809722521764,-1.3769497654868514,-1.3767021683356846,-1.3746955654000628
synthetic_cell_00422,0,1,0,3,21,0.089345028969454,0.1667468338579821,-0.0779509283145142,-0.3233176498591383,0.2235005322414249,0.1512479598945457,1,0.9704495172647076,1.3609177437011215,1.3897840917704205,-1.156734751550055,-0.2169181658733932,-0.3885551644078938,0.5688068017394099,1.1024950253604868,-1.2166303588690732,1.0,1.3533028640900144,1.901107640327054,0.6141682927290948,1.3538645137034049,1.3533028640900144,1.353304003584923,1.35330856091786,1.3533142561288518,1.3533597595879685,1.353416493234954,1.3535294742401582,1.3538645137034044,1.3544098127320252,1.3554506245572742,1.3581616102098675,1.3612219433747816
synthetic_cell_00423,0,9,6,1,7,0.1438726974988445,0.0728618474472256,0.0842396585358003,0.3627267189578398,-0.93041680888486,0.0609174953120699,1,-0.071491589440957,-0.1446630151959051,-0.1082860423249973,0.3795812166105253,0.6153635561748381,0.6741762252568341,0.0462856718311686,-0.0926144078976575,0.0256118320856267,1.0,-0.0760980892736027,-0.2165449876113524,1.5160978317553162,-0.0706242320599837,-0.07609808927360273,-0.07608715970956556,-0.07604344072426213,-0.07598879035211095,-0.07555152176893523,-0.07500477209741815,-0.07391072676302861,-0.07062423205998372,-0.06513227425973536,-0.05409458910553612,-0.020561621673854027,0.03664952640064195
synthetic_cell_00424,0,7,0,1,21,0.386699524388795,0.402865157786514,-0.1211939608078788,0.3980222361434997,1.3786978280979585,-0.6926962577893342,1,0.8545281217067692,-0.6866240985092438,0.058308576088903,-0.1490561135212702,-0.3150947349654298,0.8954725331253107,-0.1837071212794742,0.1876478695939477,-0.2018231162762833,1.0,-0.225574719876884,0.2303042089468664,2.1001945862587403,-0.2195871787740957,-0.225574719876884,-0.22556276653673749,-0.22551495230311983,-0.2254551825468494,-0.22497694594095444,-0.22437895386322784,-0.2231823157678732,-0.21958717877409573,-0.21357793442511025,-0.2014948470426118,-0.16473873499638855,-0.10186487812205654
synthetic_cell_00425,0,11,0,1,7,0.3701018132084539,0.1398575366701366,-0.1246590799262417,-0.9854046766901612,1.3278052498303097,-0.4093478727875717,0,-0.9141663472814624,-0.628739445470992,-0.1971211258486191,-0.0325429719813026,-0.9256013398698416,0.4190791328887713,-0.5107218758997042,-1.7049997283884106,1.743851550233543,0.0,-0.9449931625004911,-0.6889271325547729,0.9341341889673443,-0.9465570393379764,-0.9449931625004911,-0.9449962978943901,-0.9450088391658481,-0.9450245150707646,-0.9451498949153159,-0.9453065511441703,-0.9456196344129526,-0.9465570393379761,-0.9481131553316129,-0.9512014698559799,-0.9602635465508285,-0.9746130114669556
synthetic_cell_00426,0,0,7,1,7,0.3604131463382262,0.2735574945373581,0.3316759859427335,-1.1743205682003652,0.3296321551581659,0.9229140968490436,1,1.1628561252054852,-0.1195355707282733,-0.210427358174771,-0.0054483927209846,0.4486738520364657,-1.1311888547201594,-0.2690113997972354,0.6878795604101194,-0.5121314333000259,1.0,0.7174677702597462,0.4659060184208559,1.162882620820466,0.720214498855388,0.7174677702597462,0.7174732646345842,0.7174952420992542,0.7175227138519618,0.7177424847297682,0.7180171903769845,0.7185665745679659,0.7202144988553879,0.7229602016523163,0.7284478853480262,0.7448692981767207,0.7720173363330145
synthetic_cell_00427,0,2,3,2,7,0.413205773112297,0.4091693019182731,-0.0014261722037115,0.4915703859083122,-0.4552752259504342,0.3505023818683779,1,0.7183919494862075,0.9512656873395108,0.1771950693079899,-0.4806765254271347,1.1336924595318842,-0.9371449810058364,0.7562915507464705,1.1751938808223048,-1.1029435111618875,1.0,1.443433920131744,0.9871505153883564,-1.2105326072295106,1.443685829880009,1.443433920131744,1.4434344423126182,1.443436530302663,1.4434391386398397,1.4434599393000194,1.4434857749252397,1.4435368947963607,1.4436858298800088,1.443919216720579,1.4443296744466978,1.4450971761800233,1.444743022932405
synthetic_cell_00428,0,3,1,1,7,0.1347459665790202,0.0331255325312427,0.0949101161925443,0.1816881732232503,-0.7959867746417671,-0.7270132725555143,0,-1.4002229535578214,-0.4463493764891007,-0.7176888116027943,0.1751689893903907,-0.6693938643911086,0.2588477698282947,-0.2168440088657366,-1.579377186389764,1.4921438464345047,0.0,-0.9798807125070852,-1.0819055680235374,1.291615017102106,-0.9813246965406006,-0.9798807125070852,-0.9798836089536647,-0.9798951944022641,-0.9799096754530502,-0.9800254934421093,-0.9801701897946815,-0.9804593281159223,-0.9813246965406005,-0.9827600788766483,-0.9856043985881164,-0.9939141997034014,-1.0069419995831297
synthetic_cell_00429,0,9,3,2,7,0.7293738928349931,0.5123649696696231,0.0812566338551882,0.2521526961521992,0.8483828978458737,-0.0913767413715215,0,-1.6435383765270284,-0.6356957084004846,-1.115008401905207,1.1121423313347816,-1.0834231449787377,1.2963568410515385,-1.340674237729015,-1.462171306404181,1.4465642488983517,0.0,-2.0535157032529616,-1.72727046947033,-1.418896520573192,-2.0512700871438416,-2.0535157032529616,-2.053511246296877,-2.0534934171014068,-2.053471127521899,-2.053292687455264,-2.0530693286804587,-2.0526215813927267,-2.051270087143841,-2.0489899927747683,-2.0443255774607296,-2.02948473071595,-2.001839401388984
synthetic_cell_00430,0,4,4,2,14,0.2558324571114609,0.3513766823765966,-0.1057443117284344,1.4157390361526545,-0.6764000202642296,0.3757568189667614,0,-0.8307768718027512,-0.5985698581265995,-1.2116836803690418,-0.0518380218316371,-0.9804509315262344,0.6754314183302496,-0.9487963915973464,-1.522167689858224,1.3931839681463127,0.0,-1.3033964416094568,-0.9621698716318468,-0.6625395757844598,-1.3037286477198142,-1.3033964416094568,-1.3033971222737222,-1.3033998442816694,-1.3034032453309916,-1.3034303952808637,-1.303464186508408,-1.3035312809440571,-1.3037286477198142,-1.3040444548132697,-1.3046261863012245,-1.305960060973913,-1.30673192921617
synthetic_cell_00431,0,1,6,1,21,0.6077226210405989,0.4851160507758839,0.0677583183387306,0.1299784569900124,-0.5716770344021774,0.0102994427629633,1,-0.1474486820992947,-0.2539702407910675,0.7950214538852854,-0.4313161892358171,0.2651234986526896,-0.4608810015773913,-0.5082619738148875,1.1659894685039214,-0.94684218949363,1.0,0.2623013795442992,0.2807219938435671,1.169424243938698,0.2666123101216031,0.2623013795442992,0.2623099913862269,0.2623444391573706,0.26238749977893905,0.2627320210405386,0.26316276326010624,0.2640245493063714,0.2666123101216031,0.2709331852408142,0.2796041890125812,0.3058402939107559,0.3502316611124757
synthetic_cell_00432,0,3,7,0,7,0.3375103168205364,0.289701079969659,0.2730166308159473,-1.9446704524399825,-0.0489764040782274,0.1430437083528756,1,0.5664259119616905,-0.2595505534100495,0.1675713893994243,0.9781743762933331,0.0270738736737982,0.6016806980047171,-0.722789399845279,0.5951434068895513,-1.1928654805438883,1.0,-0.3345769627473713,-0.0863246870505504,-0.5543786849113166,-0.3282148300056098,-0.3345769627473713,-0.3345642628430852,-0.33451346224799045,-0.33444995930380383,-0.33394184775127456,-0.33330648837951415,-0.33203503697720754,-0.32821483000560986,-0.3218283668646866,-0.30898294501474327,-0.2698764321689906,-0.20287318090428874
synthetic_cell_00433,0,11,3,0,21,0.4355729695821061,0.3428722621654499,0.1359401328286959,-0.393631676853754,0.2602347334675113,-1.088776257817932,1,1.413480808772262,0.6347390479748307,1.0526984083817357,0.0896288765341176,0.3733618802376118,0.1791416698394672,1.118722720182299,0.6442530740440137,-0.8785142050307138,1.0,1.1706543906916833,1.267274179155897,0.4196001977041833,1.1718437208848898,1.1706543906916833,1.1706567811590196,1.1706663425574735,1.170678293245929,1.1707738563483332,1.17089320411252,1.171131545256606,1.1718437208848898,1.1730211026548394,1.1753393122934819,1.1819887225748082,1.1919684324571063
synthetic_cell_00434,0,4,5,3,7,0.7814903375746128,0.5104596413667755,-0.0635887627447294,0.2516505034116073,1.2148326764937207,-0.7193353698355239,0,-1.0545128010289824,-1.0757625597673932,0.2635050921743711,0.6361092903836445,-1.2248801769754898,0.6409881253851408,0.4981052848849081,-1.91285256785889,1.8579051567192328,0.0,-1.0365550588351398,-1.018166539203356,-1.1189448816359884,-1.037804278653537,-1.0365550588351398,-1.036557567115077,-1.0365675998425565,-1.0365801398692014,-1.0366804247552024,-1.036805692452844,-1.0370559325353281,-1.0378042786535369,-1.0390435308192991,-1.0414914843048253,-1.0485792240623404,-1.059459997223701
synthetic_cell_00435,0,10,1,1,14,0.1254734578651287,-0.0566333712616052,0.1659799820114661,-0.3559380950144063,-0.5168834979004749,1.1460747134432632,0,-1.3248380346758697,-0.0171010747998433,-0.569463165389527,0.5751374355338156,-0.205403480129827,0.370629447555295,0.0852533339988421,-0.8148536664431715,0.4632655310786811,0.0,-0.7016108389366527,-0.96346201488384,2.017912093563219,-0.7040111112562859,-0.7016108389366527,-0.701615641273453,-0.7016348505507809,-0.701658861990136,-0.7018509471953913,-0.702091037843646,-0.702571165716282,-0.7040111112562859,-0.7064094886902016,-0.7111999584100355,-0.725510055630255,-0.749079712490816
synthetic_cell_00436,0,1,2,1,14,0.4525360761291255,0.2846016284339954,-0.006110325184558,0.3080236202042991,-0.1736034662164588,1.909658587183179,1,1.116438009386076,0.8470914719074119,0.0304245215166708,-0.4444384225936065,0.9057297134775432,0.1556475092184891,1.1357031071055237,1.570509093044521,-2.061495414695043,1.0,1.2184135572406285,1.068632172022474,1.0435329144817385,1.2194387606782524,1.2184135572406285,1.2184156206020251,1.21842387353075,1.2184341885286114,1.2185166619686894,1.2186196373099587,1.2188251991176502,1.2194387606782524,1.2204508646095527,1.2224350585633992,1.2280546443174,1.2362250663424725
synthetic_cell_00437,0,5,7,2,21,0.3943691950168977,0.4473777506792694,0.1430498348487234,-1.127283554749292,-0.4309722459016664,-0.0441178345471421,0,0.3929019606820441,0.7356725128509849,0.4592045698748089,0.4909933604381137,-0.0892585978300828,-0.3045532103065559,0.702915944624648,0.0227649808735673,0.5015635340862077,0.0,0.5917618326284966,0.5025096080200937,-0.3894701402670676,0.5849168206770334,0.5917618326284966,0.5917481718899762,0.5916935277608492,0.5916252199556448,0.5910786517734907,0.5903951772494475,0.5890273475815735,0.5849168206770333,0.5780425309697096,0.5642065357559009,0.522007616422652,0.44944038195293484
synthetic_cell_00438,0,4,4,1,7,0.1651743995063707,0.0539884985664222,-0.0872875488538209,-0.5645044485925823,-0.5723497411764209,-0.0141809663388736,0,-0.0303321159057983,-0.2538224581860362,-0.397279492886228,-0.1648804211912109,-0.63169214430404,-0.5050324345891202,-0.3602730223268108,-0.6690883424698854,0.8533638287341553,0.0,-0.2136704311364704,-0.1465382815283357,1.434298740872047,-0.2177475349805368,-0.2136704311364704,-0.21367857541194227,-0.21371115291361673,-0.21375187569015391,-0.21407769386511608,-0.21448505641722396,-0.21530008047677965,-0.21774753498053678,-0.221834504193125,-0.2300375072804344,-0.2548689983216866,-0.29692358108600986
synthetic_cell_00439,0,7,4,1,7,0.4793500159275589,0.2345354941225444,-0.087033052834674,0.8785323375580617,-0.2978126276565727,-0.1867859077011793,1,0.0328722127853881,0.8489326342108887,-0.0028104246572852,0.1790024533919472,0.0481222133646231,-0.4870416859936379,-0.5735998392110465,0.530233005929193,-0.7984965481295976,1.0,0.2546048380671856,0.339808851123212,0.7722574086746651,0.2589422181927778,0.2546048380671856,0.2546135026232751,0.2546481612584741,0.25469148547678044,0.25503811617906524,0.25547149686662074,0.25633856540712485,0.25894221819277774,0.26328972836097175,0.2720145598219093,0.29841662421564147,0.3430995639058155
synthetic_cell_00440,0,10,6,0,7,0.1664413189872804,0.1366626390249165,0.0742428518542344,0.0492054248118205,0.3670338797602467,-0.7777827643793168,0,0.4991294417733319,-0.1531814486278808,-0.8127254218976981,0.3112274525576484,0.0097774716233132,0.5915970023053766,-0.1541877585565506,-0.0171435265093719,-0.2196331820152924,0.0,-0.2510074523197734,-0.16171875815852,-0.9914274552537649,-0.2549562456301195,-0.2510074523197734,-0.2510153408713229,-0.25104689544136954,-0.2510863394725099,-0.25140192444964093,-0.2517964874169682,-0.25258588534303433,-0.25495624563011937,-0.25891400441864265,-0.2668558817033063,-0.29088227954527857,-0.33152240255384585
synthetic_cell_00441,0,3,3,0,14,0.3462054285655636,0.217644789608475,0.1050535447450704,-0.4382386304204411,-0.0680272320676402,0.4323276219654838,1,1.1352359024703689,-0.3800946836346399,-0.256249596386746,-0.0271292359533183,0.8835350199237293,0.0866965006586832,0.9641209110171252,0.9854312428984648,-1.416586194107309,1.0,0.746989869956785,0.3398294640973903,-0.8446953245823382,0.7496351443857948,0.746989869956785,0.7469951621326556,0.7470163307730395,0.7470427914314526,0.7472544709972846,0.7475190561098144,0.7480481779112492,0.7496351443857947,0.7522786814796155,0.7575598949820729,0.773344726719366,0.799374362266039
synthetic_cell_00442,0,7,4,1,21,0.1450191052604188,0.1204751993722982,-0.1070045498131687,0.2676333457246984,-0.3543598157690329,-0.3944966887348403,1,-0.0447031507266306,-0.2647314607210455,-0.8167747183845735,0.2642291748875882,-0.8281915362546617,0.5491886864944069,-0.4280670981359716,-0.5395610379061502,0.673766695873578,1.0,-0.7536351471373339,-0.443806043264944,1.6527050556310876,-0.7458329000641425,-0.7536351471373339,-0.7536195770736398,-0.7535572954375539,-0.7534794402845599,-0.7528564747568678,-0.7520774571448642,-0.7505183866279972,-0.7458329000641424,-0.737996222524833,-0.7222200123772128,-0.6740774038906593,-0.5911987314393076
synthetic_cell_00443,0,1,0,0,7,0.2472029785209639,0.1709496901082566,-0.1421009318444152,0.5641847974614553,0.524629594645237,0.0734047392288101,0,-0.7038419863926968,-0.3819771860642428,-1.7724112270760104,-0.7887356581378584,-1.1827184227530942,0.3429128714902728,-0.1864293659017552,-1.0513542344950817,0.909108185840048,0.0,-0.9602379153864432,-0.7416721744947555,-1.2953718004691424,-0.9617494028710224,-0.9602379153864432,-0.9602409463679419,-0.9602530699751247,-0.9602682237666814,-0.9603894253836391,-0.9605408555258684,-0.9608434756119948,-0.9617494028710222,-0.9632527620853891,-0.9662344586148728,-0.9749678147400506,-0.9887397539521918
synthetic_cell_00444,0,0,7,3,7,0.419557543871057,0.2040594652582495,0.1743639821182252,-0.1510217981009799,0.9145567895565024,0.1098662213967809,0,-1.1404588324939575,-0.1012407017558271,-0.2227913234537009,0.6502900516508079,-1.139351170461433,0.5358849339659479,0.236555102117442,-0.56070881605468,0.282787468421934,0.0,-0.9183382320864624,-0.8254104470375508,-0.748740686862795,-0.9199937099204736,-0.9183382320864624,-0.9183415500418818,-0.918354821585078,-0.9183714103873946,-0.9185040957203715,-0.918669889583425,-0.9190012673701762,-0.9199937099204734,-0.9216420693431,-0.9249168017947211,-0.934553635192796,-0.9499128841026175
synthetic_cell_00445,0,4,5,2,21,0.524834064374705,0.5800214110959773,0.0061335123097093,0.7452912073372111,0.8654595111669583,0.0252216337422517,1,2.36505264654282,2.1552597015726804,1.7204890355994888,-1.072163637126179,1.7785942283502414,-1.1745884533326143,0.7865985773073705,2.2922928011978616,-2.3188459627173312,1.0,2.919172302239418,2.94803161620699,-0.718778800968264,2.91435276350468,2.919172302239418,2.9191627169828074,2.91912437380246,2.9190764399805915,2.9186927755192213,2.9182127100859963,2.917250962096292,2.91435276350468,2.909479133874257,2.8995686458658123,2.8685149980350557,2.812254602528097
synthetic_cell_00446,0,7,6,3,7,0.2840724251216909,0.1455033028209262,-0.0391909995213947,-0.6482905188578143,0.2828024730068319,0.5191437028632404,1,1.2878902187596992,0.9782800737233204,0.8124297190315679,0.9109626827414916,0.0948468788228483,-0.7446497391008737,0.1193777742835445,1.5072550760297874,-1.2491645567792578,1.0,0.941338430545111,0.9844583559676956,-0.2895063805089576,0.9433158164616856,0.941338430545111,0.9413423916138218,0.941358235638499,0.9413780401063713,0.9415364533106759,0.9417344133738738,0.9421301447226347,0.9433158164616855,0.9452867808881066,0.9492087690890184,0.9608028887807167,0.9794699065065486
synthetic_cell_00447,0,11,5,2,7,0.2173804726151389,0.3338382486009911,-0.0095094394266466,-0.60837022106329,-0.4334364256491777,0.1913843860905855,1,1.3918223284377709,0.2422317721045248,1.1536210169885206,0.1079373131816391,0.3990351250053043,-0.1816104115636625,-0.3193160929011391,1.3328818453710791,-1.2105812478145992,1.0,0.8246641634491464,1.1242614053032018,-0.8173703046134976,0.8270425062982256,0.8246641634491464,0.8246689236282382,0.8246879642067426,0.8247117646195843,0.8249021554916075,0.825140112912015,0.8256159232346372,0.8270425062982255,0.8294172397198997,0.8341552186098914,0.8482651699344552,0.871352225738027
synthetic_cell_00448,0,4,2,0,7,0.2677573487107894,-0.0031359225801875,0.0536612233431409,0.5728287114324269,0.1904723945568239,-0.2734234844650949,0,0.0527588220907945,-0.5122063244896122,0.1426245834927218,0.5092777953583105,-1.0631258436524689,0.4628937065320638,-0.4307827959284847,0.0311019001405069,-0.1986546950237159,0.0,-0.7000402744252592,-0.2717268862894391,-0.6953382674028893,-0.7024459440680938,-0.7000402744252592,-0.7000450875189679,-0.7000643398254411,-0.7000884050546294,-0.7002809207146141,-0.7005215497714772,-0.7010027555955552,-0.7024459440680937,-0.7048497566786814,-0.7096512105345189,-0.7239951736274587,-0.7476243290828402
synthetic_cell_00449,0,11,5,0,7,0.0170365210215216,0.0501606978460938,-0.0795012913431403,0.956782260043026,-0.3593492560875472,-0.5261119057305543,1,2.0812644139638845,1.6087359476988774,0.5544013865186911,-1.4870548089269957,0.4706563523472726,-1.1862343268172952,0.0518369047416382,1.2366040477556302,-1.2600359508369874,1.0,1.9535716781567896,2.358724120257819,-0.7548202876384111,1.9520704740805277,1.9535716781567896,1.9535687063677567,1.9535568179871465,1.953541954756182,1.9534229386759365,1.9532738928757858,1.9529748814865415,1.952070474080527,1.9505384518456834,1.9473811334798032,1.9371486028949236,1.9174686088129345
synthetic_cell_00450,0,5,3,1,14,0.1516485764238653,0.1740854298026557,0.0094589264766014,0.6896130351276641,0.0067360987529359,-0.8849252572592787,1,-0.6809041216009057,-0.3384764151253011,0.7802755189614256,0.4888510536194819,-0.5140294869387338,-0.0740613357545795,0.5944025168586985,-0.3305416724677284,0.7356516649053632,1.0,-0.1634703535119968,-0.3257675264483485,1.0604920741947128,-0.1576962371587494,-0.1634703535119968,-0.16345882552908714,-0.16341271278419478,-0.1633550700233324,-0.16289385476105436,-0.16231715281514175,-0.16116313983374406,-0.15769623715874934,-0.15190191438786432,-0.14025316943550317,-0.1048362055436141,-0.04431508394638412
synthetic_cell_00451,0,9,2,0,7,0.314607896039252,0.1854158423986915,-0.0016761015628242,0.2843028450489028,1.1001635744167,-0.2945646264284085,0,-0.212953604905991,-0.8353176040219934,0.0390584395773162,0.6501293795469227,-0.0348958431377017,0.6005695707934532,0.5100654900539732,0.0359369221179694,-0.1949006120477902,0.0,-0.3831033267359574,-0.6088751514463528,-1.0512124986304625,-0.3865981659918171,-0.3831033267359574,-0.3831103105534369,-0.38313824606005653,-0.38317316597582857,-0.38345254658601374,-0.38380182548165614,-0.38450055986778464,-0.386598165991817,-0.3900987869742272,-0.3971168186991771,-0.41829485085007606,-0.45393071019910275
synthetic_cell_00452,0,5,5,2,7,0.4327822391651127,0.3329009633067131,-0.006620342213889,0.0110080310786866,-0.1866299481338922,-0.7660568721260332,0,-0.6593007074537085,-0.7159100961534702,0.2750072513657625,0.1521051409372414,-0.0925666559986473,0.4750972258026081,-0.1573362443863119,-0.6564810316904146,0.9744822704145584,0.0,-0.4992720007729788,-0.5166830491777662,-1.0055276944976026,-0.5023676205920734,-0.4992720007729788,-0.49927818894292025,-0.4993029417475711,-0.49933388303429177,-0.4995814245479038,-0.4998908794097838,-0.5005098818340731,-0.5023676205920733,-0.5054662222606855,-0.5116717992881571,-0.5303449018417696,-0.561579876784453
synthetic_cell_00453,0,3,4,3,21,0.5736030343851933,0.5925813465538137,-0.1308222524703946,-0.3599259885826132,1.342503598508436,-0.6430952315512565,0,-1.0485259598865309,-0.7105840537091541,-1.4636338663642503,0.9632654313350696,-0.775687853045534,1.243915382112975,-0.8777869157529593,-1.4998766845342677,1.470191287782914,0.0,-1.7078132071729475,-1.5440667490572253,0.0148603403989501,-1.7067556149172227,-1.7078132071729475,-1.7078111179579272,-1.7078027600594654,-1.7077923103499177,-1.7077086191925694,-1.7076037714362449,-1.707393295843775,-1.7067556149172227,-1.7056718764625518,-1.703425218079961,-1.6960387080698045,-1.6814898243797032
synthetic_cell_00454,0,2,7,0,14,0.2285542284341095,0.1024231260168627,0.3063038572605816,-0.2744976289683314,0.1750468410310033,0.4321517174035996,1,0.9899660795534282,1.2166196631213846,0.3616818088726774,-0.7882321022743904,0.5902868566704581,-0.2325914028492285,0.1134157899603293,0.4128427993351294,-0.03670046642754,1.0,1.1527316138800043,1.3879626401149423,-0.6393409493367339,1.153982536588778,1.1527316138800043,1.152734127101718,1.1527441795349325,1.1527567440556548,1.152857219368915,1.1529827112788864,1.1532333536579538,1.153982536588778,1.1552219428459218,1.1576654999100489,1.164701376633153,1.1753600653334735
synthetic_cell_00455,0,0,1,2,14,0.0901331592984018,0.2789605784693524,0.07724537926417,-0.6359672802458722,0.3112191810337195,-0.3495827657754196,1,0.0177070311391315,0.4216772720713382,0.1925121317273344,0.8379305574985698,0.8306165620078303,0.1445775117367415,0.9270876253611882,0.5319589217838624,-1.1047041840740797,1.0,0.5069843671675947,-0.0065633591415831,-0.1697822520548844,0.5104544324659008,0.5069843671675947,0.5069913031582801,0.507019047288938,0.5070537278299813,0.5073311872495023,0.5076780491662175,0.5083718979024151,0.5104544324659008,0.5139285449996058,0.5208882970562658,0.5418483353837336,0.5769702368395873
synthetic_cell_00456,0,10,2,2,7,0.387192858378742,0.3118352804808278,-0.0300265451413489,-0.0762018622122311,0.0762156944073174,-1.384517959201772,0,-0.9685944595770692,-1.411841350829886,-0.8364171984442673,0.6306666853553102,-1.385926180345972,0.8021031579560214,-0.7283691673194259,-2.394141653497864,2.288228471457703,0.0,-1.7132595652582867,-1.4717434097055946,-0.2597018180981887,-1.7121832563216215,-1.7132595652582867,-1.713257438740771,-1.7132489316270865,-1.7132382953867147,-1.7131531115109335,-1.713046396676844,-1.7128321829956112,-1.7121832563216213,-1.711080669918841,-1.7087959210678236,-1.7012919719659456,-1.686536760773462
synthetic_cell_00457,0,11,6,1,21,0.5491260938967214,0.4375015672470707,0.0849684248443637,-0.0935081286657887,-0.7272553755266012,-1.2554581607070563,1,0.3063833911853687,0.3678191797933868,-0.0134443859826017,0.0341193835424683,0.909076475944024,0.635232282331242,-0.0651474913411775,0.0346385188153143,-0.2192568145402642,1.0,0.3235197965847256,0.3178854350962566,1.9956009904696197,0.3276203470214872,0.3235197965847256,0.3235279891373466,0.32356075969233833,0.32360172366113416,0.32392946639695325,0.3243392221989061,0.3251589911994248,0.3276203470214872,0.33172936652459173,0.33997222397456434,0.364888284325319,0.40696047917556327
synthetic_cell_00458,0,6,3,1,14,0.6236633975864202,0.3227990809128107,0.114717480947323,-0.848020600662565,1.7209646204305509,0.3601812254720254,1,-0.1154069790894395,-0.308327932292562,0.6078296220217828,0.2097707783942504,-0.0511956717040257,-0.4606150761400928,-0.3634312072495261,0.2645798382032524,0.1529069158127378,1.0,0.0407368536833003,-0.0107628837946617,-0.0272404326231798,0.0458092017938124,0.040736853683300274,0.04074698303647604,0.04078750106587582,0.04083814999011413,0.041243396868103355,0.04175009410077224,0.04276395018198708,0.04580920179381236,0.05089683455562387,0.06111740529389468,0.09213107646058925,0.14491609948168926
synthetic_cell_00459,0,5,2,2,14,0.0539549083542761,0.110624359399955,-0.0368887848613716,-1.166435775507766,-0.2370032147997274,-1.4376811003873715,0,-0.5090313981391783,-0.8903504577982688,-0.0838918853874027,0.2927013052219427,-0.159092220565314,0.1308850457947816,-0.553594957711159,-0.0611712416519539,0.2148121409687422,0.0,-0.6194488638524505,-0.6839812921171364,-0.3029100255288615,-0.6221314898934162,-0.6194488638524505,-0.6194542289224811,-0.619475689211814,-0.6195025145941163,-0.6197171184609731,-0.619985375233158,-0.6205218946891219,-0.6221314898934162,-0.624814201302196,-0.6301792913589204,-0.6462610362704471,-0.6729432822858711
synthetic_cell_00460,0,11,2,2,21,0.4453303552341308,0.5923206816773259,0.0970433435086498,-1.0073206121456446,1.2750713938130582,-0.4137821555200127,0,-1.3823654637184055,-1.1327983670153217,-0.947428347925833,0.882082585000243,-0.5302766148243,0.8184557970352032,-0.1646158875579332,-1.830943378099446,1.6828435783464208,0.0,-1.4236993854703088,-1.6736388315512063,0.1066640914216225,-1.42361816451965,-1.4236993854703088,-1.423699242171127,-1.4236986682094899,-1.4236979490362878,-1.423692126783633,-1.4236846766994575,-1.4236692016316794,-1.42361816451965,-1.4235176450316087,-1.423258007771315,-1.421997806138874,-1.4182121690634264
synthetic_cell_00461,0,1,6,0,7,0.0796426760173484,0.0252919447473206,0.0448412103762829,0.1678642290575813,-0.848122120637355,-0.7296818179889978,0,-1.016957310108041,-0.6869809063035306,-1.5922874578555628,0.4286385656342476,-0.9264659795087088,0.8700826303762124,-0.872007170285282,-1.0015491386779882,0.609938505337085,0.0,-1.560313406631557,-1.3756840684269165,-0.0307384228513542,-1.559762704789993,-1.560313406631557,-1.5603123276531956,-1.560308010843345,-1.5603026128140058,-1.5602593478768318,-1.5602050648453385,-1.5600958252234567,-1.5597627047899927,-1.5591894117638379,-1.5579743301537319,-1.553768338635611,-1.5448072743600147
synthetic_cell_00462,0,2,0,3,14,0.5951665592179448,0.2521416511035224,-0.119950537234989,1.39798354469044,0.1640127192268725,-0.9432524698499756,0,-0.307561711567743,-0.7943129084460961,-0.3662827912944792,0.7944971911316824,0.0209033840950985,0.7984943524181267,-0.1153196247850553,-1.2962681937785605,1.7010388078672274,0.0,-0.7007985701676575,-0.8184485216574618,-0.9241770503828453,-0.703201633889389,-0.7007985701676575,-0.7008033780677446,-0.7008226095990013,-0.7008466488575267,-0.7010389566865143,-0.7012793257903779,-0.7017600111608336,-0.7032016338893889,-0.7056028223025625,-0.7103989728273333,-0.7247265848904936,-0.7483270133940028
synthetic_cell_00463,0,2,6,1,21,0.0316550109550464,0.1417106166445905,-0.0062459778259484,0.0543828506691732,0.948822003768657,-0.4794212593713461,1,1.564195652485588,-0.056740696037553,0.4205490608837151,-1.2885014925473148,1.3148402672558577,-0.299482981792773,0.3190072728802741,1.6026642857582432,-1.9649560685066627,1.0,1.3988442620701758,1.329679433943363,2.5457824250210237,1.3992494064001766,1.3988442620701758,1.3988450896487998,1.3988483992727636,1.398852534748908,1.3988855563838118,1.3989266778859073,1.3990084017123934,1.3992494064001764,1.3996371025146108,1.4003594091746299,1.4020883917472367,1.4034234540516939
synthetic_cell_00464,0,1,1,3,14,0.1104958023821122,0.0831687138531012,0.1266502810489086,-0.2192503373686247,-0.6770827786119522,-0.8653606810015502,0,0.0503093855055438,-0.5576413254418613,-0.1683462272285679,0.0832715510319032,-0.0884965976179989,0.5918116519936623,-0.2993934562572881,-0.3912195203154367,0.1290503393544757,0.0,-0.3890900628997469,-0.2444181681499135,-0.2185350028915231,-0.3925643284384735,-0.3890900628997469,-0.38909700571364325,-0.38912477720016764,-0.38915949207785505,-0.38943723186470763,-0.3897844584344103,-0.39047908384517765,-0.39256432843847344,-0.39604423141248407,-0.4030203933996656,-0.42406933435853594,-0.45947839475296914
synthetic_cell_00465,0,10,0,0,14,0.1647583762170267,0.1069128482440279,-0.1859872747976189,0.0263825503962223,-0.720766944872747,0.3703769754495831,1,0.7729542893489784,1.0412892398287652,0.2136005396100516,0.0986138229742634,0.2986704388728098,0.0654724626877252,-0.2085508472117365,1.03422989902674,-1.5219359260449126,1.0,0.5954725241580924,0.8591960631047966,-0.708468942285355,0.5986384954957249,0.5954725241580924,0.5954788540870762,0.5955041738857547,0.5955358238201821,0.5957890307206883,0.5961055578214063,0.5967386730215206,0.5986384954957248,0.6018063813426965,0.6081472693259384,0.6271992493468769,0.658968903275816
synthetic_cell_00466,0,11,2,1,7,0.2261425546476969,-0.0658350673397228,-0.0020747748588699,-0.7167750478942649,-0.9605878705215476,-0.4706095989104146,0,-0.2881112554950068,-0.9275043643615573,-0.9401353196031456,1.4590565908851514,-0.8828900245504834,0.4785401821710213,-0.000955630076641,-1.0774839771494036,0.5093942813889675,0.0,-1.1281577221397048,-1.282057014060173,0.7304593181049075,-1.129092144841291,-1.1281577221397048,-1.1281596030264645,-1.1281671260930628,-1.1281765288452195,-1.1282517075994039,-1.1283455727904195,-1.1285329417063392,-1.1290921448412907,-1.1300143920988965,-1.1318216994315742,-1.1369342231990305,-1.1443447602071566
synthetic_cell_00467,0,1,3,2,7,0.4100896941903425,0.3882727431435571,0.0799000558964549,-0.2085569669600358,-1.7750837124248318,-0.5788730263168042,0,-0.2011963112953685,-0.4864839170366665,0.6496329716019751,-0.4250804585460729,0.3682986971562292,-0.3945138854199415,-0.3298755368764963,0.4932474332579486,-0.3496381943744556,0.0,0.2170808665241905,0.1117608640208404,-1.3625300613048,0.2115234643822966,0.2170808665241905,0.21706977200234345,0.21702539310055402,0.21696991764098064,0.2165260406840025,0.21597101135026497,0.2148603426488817,0.2115234643822966,0.20594581497955666,0.19473024488026827,0.16061052115904362,0.10223754030159206
synthetic_cell_00468,0,5,0,1,14,0.1080112618605246,-0.0053838624181453,-0.0825238964280121,0.8057064389356015,0.7484383393012164,1.1223584910120912,1,1.3772864082241765,1.1829759504223376,-0.1770158314094874,-1.243154205340571,1.7767112303297998,-0.2471746528900106,0.7141611854990485,2.0632498857081134,-2.08077970283271,1.0,1.7689345299994608,1.536335362930247,1.141040920403583,1.7680678406829151,1.7689345299994608,1.768932822803431,1.7689259929725532,1.7689174533286292,1.7688490419405682,1.768763291999503,1.768591005669084,1.7680678406829153,1.7671747832999922,1.7653087710421735,1.7590575466141538,1.7463722673543238
synthetic_cell_00469,0,8,5,0,7,0.404100771558214,0.3514979419214662,-0.064739143726174,-0.1138429038703551,0.9258310108439592,0.7072926387432583,0,-0.3075457960234268,-1.0106482849342104,-0.0937605774963113,0.7294328667238129,0.4811869876950163,-0.1902816123159536,0.0140682251009314,-0.0516116895764149,0.2901303154475043,0.0,-0.2379963213222805,-0.794846520372082,-1.0807755804066406,-0.2419898280326162,-0.2379963213222805,-0.2380042989879946,-0.23803621002722355,-0.2380760996730205,-0.23839525069461046,-0.23879427403582443,-0.23959260210600022,-0.2419898280326162,-0.2459926138131295,-0.2540254876989512,-0.27833244282024144,-0.3194654739556373
synthetic_cell_00470,0,7,7,2,14,0.0311697598463679,0.2610194711833368,0.2199879011499338,0.8975211792989102,0.5320748872110057,0.9310994230186064,1,1.0949128811545277,1.8644330011262904,0.4567811126305374,-0.9923448042458736,1.0577359551032353,-0.3237965795498508,1.2199024770187603,0.8778444117784355,-1.1358469160712783,1.0,1.858108248712504,1.8019027484799428,-0.6345667342910286,1.8569351094682651,1.858108248712504,1.8581059307593113,1.8580966578139497,1.8580850640837945,1.857992212280403,1.8578758925044472,1.8576424021050617,1.8569351094682653,1.8557334529083007,1.8532437819295695,1.8450697165191934,1.829006218205104
synthetic_cell_00471,0,11,6,0,7,0.5334157189628221,0.3721265871065808,0.0392685235612211,1.2130931503023046,-1.0646628642227398,-0.257050801915317,1,-0.0600122960875032,0.6207666897205871,0.582380415619097,0.2772154295385826,0.727746132037321,-0.2788700784308358,0.0373137984518206,0.7204746123644941,-0.3739044041598697,1.0,0.5736465971531358,0.3607021492753716,-1.2635852830506071,0.5768875743764602,0.5736465971531358,0.5736530765694513,0.573678994338464,0.5737113917830784,0.5739705806559491,0.5742945899497897,0.5749426852983259,0.5768875743764602,0.5801309921537932,0.5866245252203072,0.6061471347891522,0.6387436328101526
synthetic_cell_00472,0,10,7,0,21,0.0415749684291198,0.2432453204700554,0.2906040949392319,0.3827923848916935,-0.0861004367012172,0.0275801053139693,0,-0.1226042217029803,-1.0447793599709267,-0.3686943134466802,-0.7956876929339424,-0.7996417190507207,0.0964336380330986,-0.308136378270732,-0.7163415963779756,0.7271280683121545,0.0,-0.5292185295827114,-0.2817844011706558,1.1489358072891085,-0.5322112366633799,-0.5292185295827114,-0.5292245126467402,-0.5292484449989152,-0.5292783606551854,-0.5295176945308029,-0.5298168833585365,-0.5304153320878469,-0.5322112366633798,-0.535206203827574,-0.5412023423105642,-0.5592297118645252,-0.5893302053064481
synthetic_cell_00473,0,8,7,0,14,0.1010777261829008,0.1355671924930193,0.190918633617752,1.7390532724957302,0.5527727129414081,1.1108560393811924,1,1.2006880989751814,0.696527094198119,0.5465889785892843,-0.6530121763159737,0.0774522205209426,-0.4087134363377672,0.3453638682131892,0.987862790908622,-1.461365478078986,1.0,1.0386177136852128,1.2873734911007109,-0.2064284874413347,1.0402607944980575,1.0386177136852128,1.0386210084811718,1.0386341873212064,1.0386506600975947,1.0387824113423294,1.0389470228846092,1.0392759869386985,1.0402607944980575,1.0418951092125066,1.0451367503989613,1.0546332499055244,1.0696149808379898
synthetic_cell_00474,0,4,7,3,21,0.2741703795229271,0.4297484746768342,0.2369524368160014,-0.927905901789904,0.2861241435311454,-0.5429079863066573,0,-0.4329514386673228,-0.8683399514710783,0.1651745266630472,1.0756091603870934,-0.1087470223827591,0.4815723067498107,-1.3541339719083625,-1.021972864462812,0.9091638310985308,0.0,-0.9725401337032378,-0.8311571709872351,0.060579326720253,-0.974009344001578,-0.9725401337032378,-0.9725430804259653,-0.9725548669862224,-0.9725695994424784,-0.9726874293112407,-0.9728346421034688,-0.9731288186052167,-0.9740093440015778,-0.975470129523795,-0.978365787410385,-0.986833872445663,-1.0001397596760406
synthetic_cell_00475,0,8,4,0,7,0.3018923976764984,0.1194673488279631,-0.0900168405599607,-0.1717229032845609,-0.558406905305071,0.0567514249624575,0,-0.5889007626497295,-0.1585678421401512,-0.3080406890230304,0.5049432913690834,-0.0406904539195904,0.2828796534145121,0.720719164227178,-0.6678362226179646,0.3114399150465343,0.0,-0.2204473757892945,-0.5705356799632078,0.0686591391049633,-0.2245011903253808,-0.2204473757892945,-0.22045547364898882,-0.22048786548103014,-0.2205283561558489,-0.22085231692994928,-0.2212573562630405,-0.2220677289904111,-0.22450119032538077,-0.22856470689325592,-0.23672031372194935,-0.2614056744111014,-0.30320352230010233
synthetic_cell_00476,0,8,6,1,21,0.0289068773236894,0.2106938461913757,-0.0251761362067813,2.1391219074003995,-0.2880487366325135,1.205627535694903,1,0.0902198484115875,0.8711816618892659,0.3450198272363975,-0.2359850426498611,0.8378154904804572,-0.064053535326091,0.6575288249658058,1.2097795396755906,-1.574472140400815,1.0,0.8627478248569497,0.633298296045928,2.010928576797902,0.8649952913059735,0.8627478248569497,0.8627523241983269,0.8627703213893161,0.8627928174852848,0.8629727705229825,0.8631976724012632,0.8636473441364974,0.8649952913059734,0.8672382304418559,0.8717098617139166,0.8849986201357963,0.9066429307843992
synthetic_cell_00477,0,1,1,1,14,0.1451794914579687,0.14239462250581,0.168469944507986,-0.6473345599740287,-0.2352798302082547,1.0049050582312882,1,-0.0301771086138396,0.3012329508272553,0.0892247473924936,0.0794381007423714,0.2107532068808236,-0.0562523282520346,0.0226580463046255,0.2390036518593093,-0.6691390565290095,1.0,0.2137724486359057,0.1526982742789862,0.859891525144039,0.2182501513023693,0.2137724486359057,0.21378139285594416,0.21381717018624155,0.2138618928618529,0.21421971476005344,0.21466709328711936,0.2155621869948463,0.2182501513023692,0.22273896814653216,0.23174937114280578,0.25903189889434247,0.30526171537734786
synthetic_cell_00478,0,10,2,0,14,0.3375232147373789,0.2249895871442761,-0.0104602124941138,0.3313758688682231,0.4016996670082824,-0.8355792568371356,0,-0.4856618545071332,-0.176010253809352,-0.3495346358866665,0.3639919364746574,0.0764466601968305,-0.7259717807146101,-0.0480360773649455,-0.2152764419854499,0.3235326540071965,0.0,-0.0524212820347471,-0.4942845788017845,-0.7338564736226854,-0.0570525266144021,-0.05242128203474713,-0.05243053071714757,-0.052467526001744764,-0.05251377135615802,-0.05288378412379456,-0.053346424844575795,-0.05427212169186328,-0.05705252661440208,-0.06169752296132549,-0.07102826233157054,-0.0993367472308523,-0.14750002385520672
synthetic_cell_00479,0,8,6,2,14,0.485726555075859,0.5521277727678698,-0.011447363711532,-0.1272576295388624,0.0717294003032815,-0.0900596867277284,0,0.1870760934791711,-0.3682514495901835,0.2244005787206776,-0.1898946242741657,0.0228756294650944,0.6095671199815689,0.3894368621678772,-0.3910784734062303,-0.14666768071693,0.0,0.0298181546052734,0.1190430712989407,-0.849971089536624,0.0249042901037896,0.029818154605273373,0.029808342659102947,0.02976909424026729,0.029720032289947282,0.02932747963032172,0.02883664623084718,0.02785450463476479,0.0249042901037896,0.019974691714540842,0.010068790260627188,-0.020013012623140636,-0.07129181292283793
synthetic_cell_00480,0,4,1,1,21,0.627297405155257,0.6232012156416693,0.0446367649372144,0.2254967638935599,-0.4485416259173002,-1.5077220106176548,0,-1.6353945649432264,-2.0555534751437645,-2.359298201017612,1.5943145316606335,-1.2929754552129633,0.8177163033306245,-1.2790893410372328,-2.68554135829754,2.707771915968223,0.0,-2.658563569394261,-2.874152990051309,1.832292842634543,-2.6542386761449044,-2.658563569394261,-2.658554968422166,-2.658520562580274,-2.6584775508823664,-2.6581332814507923,-2.657702504911699,-2.6568394851438946,-2.654238676144904,-2.6498647218779072,-2.640968752875917,-2.613081339832297,-2.5625146356918087
synthetic_cell_00481,0,10,0,2,7,0.2098311483640044,0.2705510464617727,-0.2452174843314326,-1.2971090954527351,0.9632799952294542,-0.1136393923726918,0,0.1493936766736956,-0.9372046401026144,0.4226120393519703,0.3680704321058413,-0.4322791296603272,1.0222896981514964,-0.4815021180712269,-0.943322818084469,0.7227156552899899,0.0,-0.6707794787244026,-0.2592510417157904,-0.7284636357533204,-0.6732857045496661,-0.6707794787244026,-0.6707844922273891,-0.6708045461991379,-0.6708296135732917,-0.6710301489279821,-0.6712808089413449,-0.6717820978098886,-0.673285704549666,-0.6757907785812552,-0.6807968751354464,-0.6957717848566302,-0.7205094437927009
synthetic_cell_00482,0,11,1,1,7,0.2678322351227853,0.0709625460618923,0.0127712839787051,-1.074271132514947,-1.476506129752533,-0.4136832211544407,0,-0.4144682556916593,-0.1978315552329299,-1.4413010739597654,1.1261067721288294,-0.9632271888011013,-0.529845684459097,-0.1970392610435753,-1.4917437032319496,1.2515284392184822,0.0,-0.8068881407927627,-1.0915192620791874,1.69146605890326,-0.8089266224188244,-0.8068881407927627,-0.8068922220778103,-0.8069085470467937,-0.8069289528727157,-0.8070921840499076,-0.8072961843591936,-0.8077040555250736,-0.8089266224188244,-0.8109606717840802,-0.8150148583437604,-0.8270548751698643,-0.8466362517137127
synthetic_cell_00483,0,0,0,3,14,0.0960633922560146,-0.0507771565183047,-0.1327374059134942,0.5657853552554215,0.652894176584343,-0.1991407084697651,0,-0.9610572897795948,-2.008779300973877,-1.786989107038656,0.9550524182626604,-0.6318462664800588,2.124335232225289,-0.6518123242777272,-2.089112271722042,2.179002719744028,0.0,-2.21791787655546,-2.133753424990014,-0.4963282338375595,-2.2151072841859767,-2.21791787655546,-2.217912293597159,-2.2178899602345803,-2.217862040090135,-2.2176385412611794,-2.217358823422672,-2.2167982392801107,-2.2151072841859767,-2.2122582511641573,-2.2064440481032714,-2.188058219260887,-2.1541847482524097
synthetic_cell_00484,0,5,3,3,14,0.3609775559789732,0.1976048881860687,0.0238493442707491,-0.290345859487633,0.8911322804278632,-0.0403338965066403,0,-0.8475455204490434,-0.9135083679273852,-0.320662088818734,1.241275835334954,-1.3239985378577337,0.7260960553646205,-0.5279655229695575,-1.0918257856443672,0.9970162262324792,0.0,-1.472212927682799,-1.257568458237523,-0.9709806801888908,-1.471964987527001,-1.472212927682799,-1.472212452110905,-1.4722105490117219,-1.4722081683115202,-1.4721890496399432,-1.4721649685237017,-1.472116196356439,-1.471964987527001,-1.4716965795689236,-1.4710976507088198,-1.4687913580474106,-1.463167854669457
synthetic_cell_00485,0,1,0,2,14,0.2492408022152098,0.2004462641719533,-0.1507478360843381,-0.2039565923422399,0.4698291028998125,-0.3002184301080809,0,-0.1974929469507454,-1.7247582296353838,-1.0746856448177362,0.4093344356285767,-1.2885658438722047,0.3102601390298719,-0.184055391263934,-1.2573870615461629,1.1482924342388772,0.0,-1.2650168447362302,-1.242538539809077,-0.3577952726751954,-1.265480944243616,-1.2650168447362302,-1.2650177882650933,-1.2650215617683729,-1.265026277269981,-1.2650639461631172,-1.2651108943830636,-1.2652043305203693,-1.265480944243616,-1.2659295697524207,-1.2667797185570526,-1.2689411673493272,-1.2711669918392667
synthetic_cell_00486,0,8,0,1,14,0.3550020985908803,0.2174727877186877,-0.1585926879302406,-0.307234062075586,-0.0767764123581307,0.3512386370044775,1,-0.2080390826909665,0.0084988631072421,-0.1875409184051104,-0.7596875151667108,0.225034693955401,-0.7931547888852166,-0.7106746752247346,-0.219256992096923,-0.0808744255755578,1.0,0.2125991748921142,0.1532631400107897,1.121843694330842,0.21708090957226,0.2125991748921142,0.2126081271479882,0.21264393662275735,0.2126886994814993,0.21304684294639023,0.21349462368595942,0.2143905226660039,0.21708090957225995,0.22157378670814346,0.23059239528800035,0.2579002221845166,0.3041744864686717
synthetic_cell_00487,0,3,2,1,14,0.3290102548015616,0.1705792016289859,0.1035763176364994,0.214009946549897,-0.50093473223124,-0.1284650091782158,1,0.2702987423303844,0.968885078822558,0.6151112398552758,-0.1336753612241291,0.214825652432692,0.0034676570845904,-0.5187518794446628,-0.2001373442874268,0.1766144300352605,1.0,0.4608542666183307,0.8088362249498393,0.5962024202241373,0.4644828603057386,0.4608542666183307,0.4608615185573665,0.460890526525828,0.46092678696403117,0.4612168895572692,0.46157956543327217,0.46230507540213117,0.4644828603057386,0.4681166130481488,0.4753989875088007,0.4973537230310978,0.5342231975039733
synthetic_cell_00488,0,10,6,3,21,0.2431543506329845,0.304382032152219,-0.1031221655703499,0.668600724749423,1.177812814662802,-0.3450675149394652,1,-0.0567821909024077,0.1287779960093743,0.2277594791246067,0.4600514516440064,0.0710049689485375,-0.5611263420444691,0.4399769475905438,0.2986422940918198,-0.5166748366938435,1.0,0.3208033698043137,-0.0170411394064264,-0.2252569317259288,0.3249132553770599,0.3208033698043137,0.3208115809619355,0.3208444259395453,0.3208854829424968,0.3212139701868964,0.32162465721297406,0.32244629062348273,0.32491325537705984,0.3290316754869915,0.33729353094754133,0.3622681652460278,0.40444326804764524
synthetic_cell_00489,0,6,6,3,14,0.7588167719090169,0.4148793427083412,0.0037671617682557,0.4739569847930125,0.3495485240982149,-0.0512970654047071,1,-0.1218324173821732,0.9837548332855076,1.1436888903721352,-0.7495098039950717,-0.1536071686716505,-0.0865931952795034,0.2372370316975122,0.5960172131743183,-0.0738047270452081,1.0,0.6641874044725362,1.0200802601701895,-1.370408645019367,0.6671172337000525,0.6641874044725362,0.6641932637684015,0.6642167009684647,0.6642459975058052,0.6644803712765672,0.6647733420809231,0.6653592950640246,0.6671172337000525,0.6700473212828989,0.6759076345521663,0.693477924789689,0.7226444135558474
synthetic_cell_00490,0,8,0,2,14,0.2039708494125964,0.5062696478449293,-0.1748413597249882,-0.6568779957255196,-1.310728701960539,0.6754622264049412,0,-0.9436128894885178,-0.7944865375466956,-0.6110122329612871,0.9263725228801308,-0.2037841879384199,0.0006808041630984,-0.443745006420889,-1.2508651208221808,0.5268042659196802,0.0,-0.8908210041293615,-1.238722717344756,-0.965925067192656,-0.8925710462883718,-0.8908210041293615,-0.8908245105522388,-0.8908385359917527,-0.8908560672240615,-0.8909962943809047,-0.8911715214842381,-0.8915217856238516,-0.8925710462883717,-0.8943146332514058,-0.897781814323971,-0.9080119980319845,-0.9244136978471473
synthetic_cell_00491,0,2,2,2,14,0.2913681696184339,0.3655589282066869,0.102999866428503,1.3920605605995486,0.0690137909937287,-0.0120642172470942,0,-0.9898492422510944,-1.1728243290301117,-0.6003286739511197,1.3873803425487956,-0.7645362766285134,-0.910746409067244,-0.9665758499388908,-1.0447371446777578,0.9054066988201376,0.0,-1.138708553110645,-1.5709034115117653,-0.5039619988350938,-1.139606717355874,-1.138708553110645,-1.1387103617340104,-1.1387175957368763,-1.1387266371365172,-1.1387989241565142,-1.138889172394403,-1.1390692997845042,-1.139606717355874,-1.1404924518628425,-1.142225969318381,-1.147110986927278,-1.154121820763453
synthetic_cell_00492,0,11,3,0,21,0.1082503636717518,0.2710482024583718,0.0470619205280796,1.8680301687347003,1.1027613347565124,0.2346594424412154,1,1.191774630640159,1.025072944286615,0.8706824570349179,0.0835965407805429,0.3000142720786689,-0.3608814225116081,-0.6101654679273132,1.0514621546339151,-0.9785176750625988,1.0,0.8614072866885203,1.266009364014271,0.0980460667892104,0.8636593599637561,0.8614072866885203,0.861411795211339,0.8614298291293849,0.8614523711370776,0.8616326915847037,0.8618580530157659,0.8623086448246686,0.863659359963756,0.8659069382352665,0.8703879448965286,0.8837056091638286,0.905400704187569
synthetic_cell_00493,0,8,0,2,21,0.4449184681724683,0.6036570177361504,-0.1938543430029252,-0.0641317116307577,0.1884677701503164,-0.467375240715544,1,0.3486773547019989,0.1971315927007654,0.3166748858315641,-0.2565584782353426,0.4879994270094004,-0.2998252025775896,0.1760950130671136,0.2104187566708753,-0.2103644486068123,1.0,0.5986086184888604,0.476940608331302,0.5582254013408338,0.6017638124820603,0.5986086184888604,0.5986149269385104,0.5986401608168348,0.5986717033440278,0.5989240507149655,0.5992395027244204,0.5998704654771939,0.6017638124820603,0.6049208453990031,0.6112398003216166,0.6302241571595057,0.6618750046309252
synthetic_cell_00494,0,4,7,2,21,0.347306992287808,0.5907921950188882,0.2316789772389249,0.9577451850921836,0.3011797675508488,-0.0450134048275892,1,0.9459529388576288,-0.1519484500897208,1.1917785802774803,0.0349837965860315,0.9676870357319765,-1.0291716313796797,-0.2864925545085024,0.8686352546224035,-0.4213970472269807,1.0,1.0372700821434964,0.7954652868536907,0.4402031619700791,1.038917794159284,1.0372700821434964,1.03727338616948,1.0372866019309102,1.0373031208619614,1.0374352414607508,1.0376003149875068,1.0379302039837763,1.0389177941592838,1.0405567725570548,1.0438078387419925,1.0533333970474363,1.068366181077362
synthetic_cell_00495,0,3,1,2,14,0.266928477052088,0.4284802959590815,0.132634975767796,-0.0332645521738755,1.831029815518229,-0.0390739956047015,0,0.0933972531126022,-0.6787732253437664,-0.1575170163442286,0.7704436642202933,-0.4061539548258601,-0.1353220492790025,-0.9203239472501742,-0.3192239524223341,-0.237758105213237,0.0,-0.5861436378257311,-0.5093996158527179,-0.741687881404484,-0.5889407189354658,-0.5861436378257311,-0.5861492310056313,-0.5861716037665003,-0.5861995698103531,-0.5864233018549795,-0.5867029760635494,-0.5872623544445429,-0.5889407189354658,-0.5917386881297387,-0.5973367066205721,-0.6141366076710942,-0.6420805746374177
synthetic_cell_00496,0,5,3,3,14,0.2016920105625565,0.2018771955634669,0.046994249498796,0.3703823871692399,1.587952213906849,0.4054510101898747,0,-0.1035318411580272,-0.1487395226838301,-0.0115205012593617,0.0801947945576115,-0.3050067159441021,0.4797974946940626,0.0355772146590782,-0.3927628462624775,0.6527868233549537,0.0,-0.2513924854506001,-0.0972541650483812,-1.0033595038853644,-0.2553399555754067,-0.2513924854506001,-0.2514003713650302,-0.2514319153862287,-0.25147134623047496,-0.2517868256790964,-0.2521812566523854,-0.2529703903123131,-0.2553399555754067,-0.2592963818983894,-0.26723556635748347,-0.291253661781499,-0.3318791983594693
synthetic_cell_00497,0,7,2,3,14,0.4758223917187341,0.1612337011356808,-0.0517863203139822,-1.1401029886309313,0.4502467958761476,0.2427083399405203,0,-0.6741892298970074,0.0379731424051325,-1.1654190482388418,0.7578828744661933,0.1538989685299283,0.5332110073075689,-0.4806662615273621,-0.8046626758275222,0.8130719437438323,0.0,-0.7189571550854538,-0.8977815563995208,-1.1305802767590194,-0.7212978159253118,-0.7189571550854538,-0.7189618386160971,-0.7189805726521,-0.7190039900022316,-0.7191913209909166,-0.7194254651111104,-0.7198936874005184,-0.7212978159253117,-0.7236361638015789,-0.7283053177178551,-0.7422413786405511,-0.7651538950725105
synthetic_cell_00498,0,11,1,0,7,0.4544947148619188,0.3823407387529308,0.1774915858363792,-0.2091797340962977,-0.0508934459988366,-0.3373947925242918,0,-0.1184623278473538,-0.7333349102699969,-0.7596189741139854,0.8895101876278926,-0.571835920791967,0.1696445676711416,0.8632164068356514,-0.9185737075825808,1.3952903221090571,0.0,-0.4858947595635148,-0.867451359700835,-1.160113364735551,-0.4890363509385852,-0.4858947595635148,-0.4859010393551359,-0.48592615865938127,-0.48595755809956664,-0.48620876599982105,-0.48652280674261944,-0.4871509905894778,-0.4890363509385851,-0.49218124657909723,-0.4984803806911274,-0.5174419349096435,-0.5491836875419807
synthetic_cell_00499,0,1,7,1,14,0.3276303561908081,0.2484603368236508,0.1683321200809792,0.8206643035235858,1.099835697943714,-0.7673217688176784,1,0.3250290891074079,0.2226428122198752,0.0481263114453951,-0.1098764162380694,-0.3732438654114282,0.4722999215749335,-0.0174770188554224,0.1911744747411459,0.565375865859442,1.0,-0.0163799150413706,0.3377247111611318,0.8678075935750583,-0.0111112823091297,-0.016379915041370628,-0.016369394491370128,-0.01632731161969441,-0.016274706518911487,-0.015853805280308747,-0.015327527724932857,-0.01427446974990211,-0.011111282309129687,-0.005825988307234299,0.004794042848742162,0.037039315268234,0.09198812554872045
synthetic_cell_00500,0,1,4,1,7,0.137785061036048,0.1488738280330281,-0.0669464349763737,1.0141916679398828,0.9473643670777894,-0.2122953619392928,1,-0.4337250038905995,0.2359736844343399,-0.1428347071878304,0.0196638903160673,-0.6628913002285242,-0.1143990170494257,-0.0924315723453365,-0.5283721636289218,0.3919029629900722,1.0,-0.2436603328889454,-0.1155264762350278,1.5713968845581665,-0.2376106396758738,-0.2436603328889454,-0.2436482556791448,-0.24359994594950282,-0.2435395567840333,-0.24305636333771605,-0.24245217129197585,-0.24124312019958508,-0.23761063967587373,-0.23153880732032797,-0.21932923367662163,-0.1821831439733878,-0.1186241394640008
synthetic_cell_00501,0,4,0,2,14,0.2502024666305605,0.3111875392074438,-0.1932931160995252,-0.481426544407027,-0.4809518260877214,0.1145861584766591,0,-0.0299329433494234,-0.9362601434104684,-0.1295630688307072,-0.2824873840099922,-0.3614353213000303,0.4923120056929469,-0.9180963544740334,-0.5549247618636682,0.5482809901408626,0.0,-0.6496393719118847,-0.2954637274909428,-0.7915624777921344,-0.6522182467675757,-0.6496393719118847,-0.6496445302049713,-0.6496651633574685,-0.6496909547533418,-0.64989728411324,-0.6501551912122258,-0.6506709895189087,-0.6522182467675756,-0.6547964793447439,-0.659950424527039,-0.6753811755469501,-0.7009196972559746
synthetic_cell_00502,0,8,0,0,7,0.5705523175613147,0.3348723901256918,-0.1427328532863633,-1.6506515386168357,-0.5295917218843027,-0.6822580801671052,0,-0.7838216845481348,-0.2857643113024992,-0.4101445192127214,-0.2026410045402158,0.2396255871932956,1.1885806324606043,-0.1405357621818938,-0.8022110470737853,1.01165987786793,0.0,-0.5822299191659137,-0.4994332508969302,-1.087382225263976,-0.5850404499648352,-0.5822299191659137,-0.5822355391511523,-0.5822580191371419,-0.5822861192208715,-0.5825109239235737,-0.5827919398024807,-0.5833540043505449,-0.5850404499648352,-0.5878519631760564,-0.5934773532378931,-0.6103616452809758,-0.6384538778926085
synthetic_cell_00503,0,7,5,1,14,0.133428561242679,0.0374357461528441,-0.0457193418764294,0.1095072595573259,0.5328525430657051,-0.8249924256532524,1,-1.0595648333499457,-0.8456629093477102,-0.1332922130218631,0.1607868373496638,0.3486431274908538,0.239221906366665,-0.8459481643790803,-0.4802230885516043,0.1765500904971201,1.0,-0.699772392599305,-0.8908994373193452,1.6338661700221988,-0.6921552475659495,-0.699772392599305,-0.6997571914454602,-0.6996963855006167,-0.6996203750783281,-0.6990121720626268,-0.6982516192577067,-0.6967295172534357,-0.6921552475659494,-0.684504970257151,-0.669105462764582,-0.6221242896576792,-0.5412861307827634
synthetic_cell_00504,0,6,7,2,7,0.3973463629195118,0.4693239543725377,0.2103576842607034,0.5610235001215164,0.5622584179616787,-0.197839261494765,0,-0.0486766694565084,-0.437571722651614,0.37560739553738,-0.2832418848876937,-0.3930188229459118,0.2408050267415434,0.1763678292205766,-0.2053533677934316,0.1143446838581874,0.0,-0.0932985023128198,0.0635211203625629,-0.862376281209231,-0.0977892702881646,-0.09329850231281983,-0.09330747102422168,-0.09334334638547861,-0.09338819174718742,-0.0937470010318294,-0.0941956285445409,-0.09509326945511117,-0.09778927028816466,-0.10229280481517498,-0.11133765911433634,-0.13876471397425386,-0.18537941545313402
synthetic_cell_00505,0,7,3,3,14,0.3576495047470204,0.2722260476703057,0.1574811427090737,-0.7718975420614944,-0.0614685289027724,0.2796743549117247,0,-0.6096947318927572,-0.3394175890038475,-1.0321214540540538,-0.1836865272432416,-0.222232749208142,1.207825832461142,0.0943505680910049,-0.2133449036822523,0.1594030711239492,0.0,-0.7588316255879928,-0.6500325072937025,-0.7912176402557921,-0.7610352558231093,-0.7588316255879928,-0.7588360360155423,-0.7588536776007893,-0.7588757293011182,-0.759052131636897,-0.7592726063038349,-0.759713460890316,-0.7610352558231092,-0.7632356120471311,-0.7676258938738549,-0.7807021469166217,-0.8021040759471111
synthetic_cell_00506,0,3,1,1,14,0.2406635362071686,0.099975087779111,0.0711425798574002,0.4665114097827373,-0.1668027138705151,-0.3660696430516209,1,-0.1599416955925724,-0.7284155925824072,-0.8499413101600753,-0.0369740944956685,-0.2394956992611855,-0.016958665326133,-0.3377296387415238,0.4507269674907563,-0.1984444663438441,1.0,-0.4906276501829345,-0.5915624258677555,1.4917452602670542,-0.4837292414781284,-0.4906276501829345,-0.49061388147635476,-0.4905588055218806,-0.4904899580405055,-0.48993907667116665,-0.4892502212265916,-0.48787166498247864,-0.4837292414781284,-0.47680274126782646,-0.4628659398777213,-0.4203945269082944,-0.3474795180839301
synthetic_cell_00507,0,6,2,3,14,0.2537737203447837,0.1688357675722509,0.0296275939786983,1.1549847853941646,0.4240604738337185,1.1116979318499018,1,1.4055805913565689,1.1167869335732137,0.6943162774751321,-0.895148212998037,1.6640822286399424,-0.3539807591329081,0.700718253446545,1.553636255216983,-1.772077630557495,1.0,1.854215197547028,1.685506089840021,-0.593324050064464,1.8530554369671013,1.854215197547028,1.8542129062576207,1.854203739971147,1.8541922795730332,1.8541004947632442,1.8539855095725573,1.8537546911551803,1.8530554369671017,1.8518672529010871,1.849404808950065,1.84131468888183,1.825398673254526
synthetic_cell_00508,0,5,4,2,14,0.6408303814332597,0.4522046125070391,-0.1252573974434473,-0.1992065473827504,0.3754035393345676,0.6725608791255916,0,-0.9064497663174664,-1.2985216192655464,-0.9573540369221611,2.1149393826855034,0.710568290369308,-0.1899878140731777,-1.2505807774371835,-0.9177291607555024,0.4899088771369922,0.0,-1.1569840418404205,-1.9530871988233636,-1.7118238532448562,-1.157819401458001,-1.1569840418404205,-1.1569857252936595,-1.156992458598429,-1.1570008740858693,-1.1570681522249833,-1.1571521354031542,-1.1573197194756866,-1.157819401458001,-1.1586418908646932,-1.1602475941156682,-1.1647385398028223,-1.1710570328333896
synthetic_cell_00509,0,5,1,0,14,0.3607517797646117,0.2328363660008816,0.1042908633681749,-0.8892239208132928,-0.4125497941013114,-0.8858651681688684,0,0.4534678645700081,-0.587191305371698,0.7108556599663914,-0.1690069162191393,-0.8647543234405491,0.5660334828737559,0.2117036931012349,-0.0506546544647527,-0.0682166512742882,0.0,-0.1707968449397959,0.3047543782366561,-1.1270427334688864,-0.1750212859991264,-0.1707968449397959,-0.170805282859519,-0.1708390349794658,-0.1708812261216962,-0.17121879493651604,-0.17164085507520105,-0.17248530527021777,-0.17502128599912634,-0.1792566257586432,-0.18775947600175408,-0.21351544445394438,-0.25719423183712076
synthetic_cell_00510,0,2,2,0,21,0.3266279535355217,0.3817280810745802,0.0403507381080829,0.3312446291241445,-0.0371784447934181,-0.8337175498612852,1,0.8136324559225351,0.1572401863745949,1.6512763269752595,0.0525885440510452,0.1428350995085995,-0.548180239956974,-0.3544413059696897,0.7678010871507965,-0.8889420504414356,1.0,0.7507298466064352,1.003564459371918,-0.0094694498096443,0.7533622684193334,0.7507298466064352,0.7507351131669388,0.7507561793422551,0.7507825119112338,0.7509931664375816,0.7512564694406476,0.7517830243222309,0.7533622684193333,0.7559928627567805,0.7612479197964681,0.7769521069169527,0.8028400587863866
synthetic_cell_00511,0,2,7,1,7,0.2016445469244524,0.0978382076674103,0.2419247764696221,-1.832189401380928,-0.0501587903133163,-0.8888504617614793,1,-0.3037103017211552,-0.5625405851392105,0.0893838695739529,-0.6408301579549815,-0.0202105168862473,-0.0366933291153008,0.1534327749623525,0.1724683796983594,-0.6648202724922723,1.0,-0.0003056610981614,-0.0741892384799065,1.061686629651605,0.0049077316594578,-0.00030566109816142537,-0.0002952506418732118,-0.0002536081605186889,-0.00020155358244981748,0.00021494208186294435,0.0007357091875668728,0.001777734654801368,0.004907731659457952,0.010137398267878866,0.02064501010571404,0.052543675535064886,0.10688353564797234
synthetic_cell_00512,0,3,4,3,14,0.3033472529950884,0.106544320540835,-0.1029653159124023,0.6226372274184541,-0.015875289322854,-0.1021841676435534,1,1.12361621204093,0.8275821380096398,1.0676311135221654,-0.4108264660873922,1.6891333562374435,0.0491917309336607,0.5572760325615147,1.2376554039141276,-1.0495146474109995,1.0,1.5384344519476216,1.3905395649527872,-1.1093619764602376,1.5383598876346278,1.5384344519476216,1.5384343234630744,1.5384338086999918,1.5384331633900137,1.5384279266426728,1.5384211949306326,1.5384071115200582,1.5383598876346276,1.5382645107277622,1.5380105584571533,1.5367295764156903,1.5327764636161227
synthetic_cell_00513,0,0,5,1,21,0.259336313584819,0.3694333011800125,-0.0951139415692192,0.089762552726718,0.0846336943710353,-0.039563503775035,1,-0.011909949501804,-0.1911736272266748,0.3217245386356974,-0.0824467794926079,0.5282082665647705,0.2677507257695795,0.5411550014683862,0.0353918753740746,0.1719748304631107,1.0,0.3084108576658464,0.0932082327016639,2.9223191622918354,0.3125633307240488,0.3084108576658464,0.3084191537006682,0.308452338199006,0.3084938196297064,0.30882570336971055,0.3092406386996094,0.31007077766734426,0.31256333072404885,0.31672463700159353,0.3250731625974782,0.35031501497947737,0.39295959041541456
synthetic_cell_00514,0,11,4,3,14,0.2829908203588632,0.2747764134032924,-0.1901273778078912,0.4331638035888653,0.2083675971235025,0.4405055689148537,0,-0.5517435033250553,-1.154791868653037,-1.1715234143441096,0.9598318300675984,-0.9306566241798372,1.150449560665212,-0.3244249705803147,-1.4347396020173953,0.8105712578930677,0.0,-1.5009869951612267,-1.3981418496206524,-0.6381999712901717,-1.5006401714887887,-1.5009869951612267,-1.500986322513691,-1.5009836310842464,-1.5009802649089001,-1.5009532599433562,-1.5009193147269666,-1.5008507935794464,-1.5006401714887885,-1.5002721865065372,-1.4994720190037254,-1.4965452749697021,-1.4898317071150504
synthetic_cell_00515,0,7,6,2,21,0.3475843971992286,0.4672608806221928,-0.0312459020671195,1.078060845133634,-1.0637466300656215,-0.2962571431903809,0,-0.1555685188620212,-0.5033218102790381,0.0904837861168115,0.5374885832136381,-0.3941039167018643,0.7237359845328633,0.3127468829676572,-0.1586910954944774,0.7121623777260022,0.0,-0.4481802428231279,-0.3913947978253327,-0.1976697929383683,-0.4514514420142104,-0.4481802428231279,-0.44818678092416536,-0.4482129335023779,-0.44824562461670187,-0.44850716917742567,-0.448834138915071,-0.44948820798817013,-0.45145144201421034,-0.45472685445941086,-0.4612897544837478,-0.4810645417878051,-0.5142350550562725
synthetic_cell_00516,0,6,7,3,7,0.5821250872344811,0.3391202636099965,0.1459203465834191,-0.0612382712534388,-0.8957763541183088,-0.1437304134088984,0,-0.1274667803258274,-0.4688030187144255,-0.7235715679308042,0.801338484308161,0.1027090588334858,0.3603662044791164,-0.8426643073545081,-0.800388164661851,0.70327900365238,0.0,-0.6701555133479657,-0.7216606143148524,-1.1177522095158066,-0.6726638834613362,-0.6701555133479657,-0.6701605311245356,-0.6701806021912187,-0.6702056909353915,-0.6704063973042905,-0.6706572712205703,-0.6711589883455608,-0.6726638834613361,-0.6751711168197365,-0.6801815772319588,-0.6951699414351884,-0.7199312384089489
synthetic_cell_00517,0,1,3,1,21,0.2489615086093102,0.4310408345799105,0.0990714872946621,-0.1764316823268176,-0.1941399179686379,-0.3474419665303466,0,-1.476450783281293,-0.9793409922982588,-0.2829557224654461,1.306668826338395,-0.8691667460841134,1.0727616471674422,-0.5114374819782289,-1.3008546565237558,1.6618286987387905,0.0,-1.628611553549683,-1.5859763164554614,2.1821474373328678,-1.627826141723084,-1.628611553549683,-1.6286100067924398,-1.628603818801322,-1.6285960816474838,-1.6285340977973712,-1.6284564013307903,-1.6283002855154,-1.6278261417230837,-1.6270164926019208,-1.6253237508071507,-1.6196450554721598,-1.6080966133836916
synthetic_cell_00518,0,6,3,0,14,0.5028267326670692,0.3071193914534101,0.0802037585706766,1.2250179948155682,-0.6955579025932213,-0.4474791991324064,0,0.7846952993745842,0.6326684935113911,0.5263436351502768,0.1312081440369008,-0.0596455712111807,0.2219004434684817,-0.1904690574614851,-0.1614514376708388,0.0564569553420418,0.0,0.3963224131780016,0.789195825966297,-1.2857436220043592,0.3901490385298086,0.3963224131780016,0.3963100910180112,0.3962608013911217,0.396199187136984,0.3957061842950705,0.395089708780039,0.3938560182719917,0.3901490385298086,0.38395109657240883,0.3714819558546269,0.33349727061087125,0.2683339795929867
synthetic_cell_00519,0,3,4,0,21,0.3847887824367457,0.2671275883369905,-0.0651049675571643,0.5409030164586319,-0.1647431078914014,-1.6031891224682056,0,-1.259211477712265,-1.8676113109861288,-0.9136072167017616,1.428929906294344,-1.1079313256895842,1.6273750988251905,-1.0966434945878916,-2.27957770553599,1.751801711141472,0.0,-2.3134627879675267,-2.0946077368535283,0.2148051816968944,-2.3103238507491777,-2.3134627879675267,-2.3134565506153093,-2.3134315995851003,-2.313400407149193,-2.3131507217110956,-2.312838249915384,-2.312212088858101,-2.3103238507491772,-2.3071441700717727,-2.3006617497592012,-2.2802156987575293,-2.2427226451531035
synthetic_cell_00520,0,2,3,0,14,0.2683553505058246,0.1003766198907993,0.1115729672009332,0.0810340086051376,-0.6930371347274145,-0.2550396939915373,1,-0.0952304069391507,-0.5566720611127366,-0.03430421217529,-0.2133833063391712,-0.1707660805383892,-0.6844907470145593,-0.5260661759495743,0.2668104720380104,-0.7317721869220177,1.0,-0.0783443100921307,-0.164422544479231,-1.069040950439217,-0.0728627336287444,-0.07834431009213073,-0.07833336514356688,-0.07828958461799469,-0.07823485731564286,-0.07779697309626263,-0.0772494533929409,-0.07615386637277358,-0.07286273362874446,-0.06736300244070814,-0.05630960777901288,-0.02272820538793219,0.034568037556204044
synthetic_cell_00521,0,1,7,1,7,0.5330123492952324,0.2099038663494609,0.1712077358359325,0.7596302106140442,-0.4433662967606305,1.251452895675785,1,0.8151998714151263,-0.3982117815510949,0.0934731918427232,0.4036824831833567,-0.1401760653797527,-0.9019410946101888,0.6666222618586384,0.3912839992061671,-0.0673631705240203,1.0,0.5137569920651199,0.1483454880966788,1.1544811428090331,0.5172037829005003,0.5137569920651199,0.5137638816696142,0.5137914402489884,0.5138258888362592,0.5141014920388616,0.5144460322174248,0.5151352325862864,0.5172037829005002,0.5206544577386607,0.5275668437479943,0.5483808448696685,0.5832461750979636
synthetic_cell_00522,0,11,7,3,14,0.1171656877322459,0.149958790576755,0.2079283531800918,-0.7121657705484419,0.9995865582052128,0.4589297061359423,0,0.0768686166239295,-0.1847426087591898,0.3494925937917873,1.0654300387549016,0.0699468035152723,0.2062064022542933,0.0775478779844039,-0.2969722516368781,0.4055589821278583,0.0,-0.1145015367731644,-0.2536419446502123,-0.3365357964635515,-0.1189194394640844,-0.11450153677316442,-0.11451036026347025,-0.11454565471993437,-0.11458977390473205,-0.11494277193718044,-0.11538413079190633,-0.11626721907416712,-0.11891943946408437,-0.12334959767484728,-0.13224616324564964,-0.15921601990637727,-0.20502747468818355
synthetic_cell_00523,0,10,1,3,7,0.591284152636687,0.4999140193092396,0.1613823863531556,-0.1412056613054061,-0.1937976205483669,0.1994101428409474,1,1.2484036938659655,1.7672468683657274,1.823865363405037,-0.6185582750435877,1.2233148640456843,-0.918196171464144,1.183797118937847,2.581413293703228,-1.7806866127030954,1.0,2.280776055216397,2.149122271955552,-1.6447910220058168,2.2781503969944747,2.280776055216397,2.280770842381237,2.280749989501172,2.280723919937252,2.28051522484632,2.280254009407777,2.2797304224423582,2.2781503969944743,2.2754860343913887,2.2700403303192833,2.252752335468735,2.2206766705862853
synthetic_cell_00524,0,5,3,1,7,0.0330724201963516,-0.0682195476163058,0.1353892246352405,0.1786209016860611,0.0876348136258231,-0.1342373085195349,1,-0.8323005152508985,0.1808273620127455,-0.2875452339889503,0.9435637502893104,-0.6238798029775292,0.3450696211988055,-0.4906492427404677,0.0599929989088346,-0.3581869447652261,1.0,-0.790062516461904,-0.6913131986723923,1.565648416088595,-0.7821350849189307,-0.790062516461904,-0.790046696904558,-0.7899834172588017,-0.7899043145148281,-0.7892713651034474,-0.7884798597463794,-0.7868957874323845,-0.7821350849189306,-0.7741723449437645,-0.7581413708714474,-0.7092132838871078,-0.6249546125423064
synthetic_cell_00525,0,7,6,2,7,0.4485513948764375,0.3612286821812026,0.0611309956372509,0.652990397230387,0.993644564720996,0.426944392867257,0,0.580680349875219,-0.7859843578137846,0.4159496129531203,0.8354694199630062,0.8118311906540061,-0.8247696933102742,0.9761578761273884,0.2056863837014521,-0.4509685687887991,0.0,0.6845147112838265,-0.1630013629734169,-0.5094897731227078,0.6773509494431865,0.6845147112838265,0.6845004152742216,0.6844432299714781,0.6843717454983752,0.6837997559374767,0.6830844845990017,0.6816529943182928,0.6773509494431864,0.6701556743330516,0.6556709886474539,0.6114720513842147,0.5353910064944215
synthetic_cell_00526,0,11,4,1,7,0.3787945114282261,0.1744035931092955,-0.0260394323118311,-1.48343608212697,-1.3243122926658712,1.0998972528109383,1,0.1459750968632502,0.2338653792491328,0.3996428504773983,-0.2680458059893881,1.0711250192790285,-0.1740317267969407,-0.1934268125279249,0.9395039557741106,-1.115843056339528,1.0,0.6213792516636707,0.4290724836990519,1.3430251173438013,0.6244561932413535,0.6213792516636707,0.6213854041556293,0.6214100141812702,0.6214407768432935,0.6216868833201633,0.6219945292797354,0.6226098634883219,0.6244561932413534,0.6275344249289668,0.6336941277292609,0.6521874844463226,0.6829756989808312
synthetic_cell_00527,0,5,2,2,14,0.3112713663410182,0.4388583384096353,0.0307191490120094,0.4668688736830791,-0.1535215947110019,1.211659079155068,0,-0.5700318583658676,-1.2757253302363556,-0.3998159858757472,-0.0618233536156725,-0.3351742450280605,0.2014366810804078,0.2258845574053495,-0.9533719460694396,0.7125069768306411,0.0,-0.6091871646252501,-0.848438425723123,-0.3048693619221841,-0.6119050555069286,-0.6091871646252501,-0.609192599978391,-0.6092143414100423,-0.6092415182424665,-0.6094589345993119,-0.6097307092067469,-0.6102742717439713,-0.6119050555069286,-0.6146232790820987,-0.6200601369007464,-0.636363153461672,-0.6634341493056185
synthetic_cell_00528,0,8,1,2,7,0.2292088559446572,0.4871330734454824,0.1904698295570837,-0.5233819899947466,-0.1781754506140672,-0.2993226483312302,1,0.4627565202810317,1.2703936479669085,-0.2652904116910252,-0.3660414157831174,0.5330951446177397,0.3374823915110383,-0.0789593695322818,0.7347778498839312,-0.4706399016859121,1.0,0.5871212455759127,0.8142937950475897,-0.8734432529515359,0.5903159164985193,0.5871212455759127,0.5871276327033995,0.5871531813041282,0.5871851172592049,0.587440613048411,0.5877600030689564,0.5883988501398245,0.5903159164985192,0.5935127032115184,0.5999119979517479,0.6191440554769628,0.6512300856750641
synthetic_cell_00529,0,5,0,0,7,0.2520998672021129,0.0995983910539252,-0.2781236272358426,0.6463444726958326,0.4199073420796304,-0.6211301243782754,0,0.0762258294369501,0.3920023109061561,-0.325209795108548,0.0027242044532001,-0.1426087804098754,0.1033607595007821,0.442969029683264,-0.0122445839830072,-0.2736930369440621,0.0,0.1534967579557515,0.1304200764934557,-0.2227101142437353,0.1481578657712133,0.1534967579557515,0.15348609892600126,0.15344346205380116,0.15339016426892066,0.15296371421803412,0.15243048228972772,0.151363454318171,0.1481578657712133,0.14280025881887615,0.13202938009718698,0.09928071201372742,0.04331652435469793
synthetic_cell_00530,0,4,3,0,7,0.4003653622789077,0.2196456952585334,-0.0079944858218104,0.1924114997427725,1.697592978370452,-0.477864421993796,0,-0.4382659241453768,-0.3170597334278766,-0.6504089564210637,0.8294782954547324,-0.6376561378256421,0.1819417864307991,-0.1426917928812994,-0.6106944393652954,0.2722949029512253,0.0,-0.7205031317382228,-0.7898292215510848,-1.3570599608117089,-0.7228384797522809,-0.7205031317382228,-0.7205078046803616,-0.7205264963608589,-0.7205498607632601,-0.7207367680361685,-0.7209703821767707,-0.7214375433905273,-0.7228384797522809,-0.7251714775418895,-0.7298298192835054,-0.7437325445181914,-0.7665864938312599
synthetic_cell_00531,0,0,3,2,21,0.4700997291845235,0.6909632740519949,0.0567606650212699,0.8245313104058757,0.5054699670396355,-1.6254883123290784,0,0.483631669123669,-0.0914310041568876,-0.0222806710348725,0.2105676845002077,-0.6581681408454093,-0.138077941114339,-0.7889566188198074,-0.0346717800011942,0.4405033780391787,0.0,-0.2371296272168185,0.1489955990400361,0.1569803850795621,-0.2411261123646331,-0.2371296272168185,-0.2371376108185824,-0.23716954560284464,-0.23720946493181028,-0.2375288534938349,-0.2379281739483249,-0.2387270968709591,-0.24112611236463313,-0.24513189747153488,-0.25317083279950614,-0.2774964763299958,-0.31866234093452966
synthetic_cell_00532,0,2,1,1,14,0.3623770422446253,0.2229195567144418,0.0251343809445568,0.3723971289809931,-0.8713361855376817,-0.6701651933362702,1,0.9214279014057885,-0.3999733567318211,0.2234838790424837,-0.7489932731745126,1.6682268364391868,-1.3708300347534024,-0.0628742495292216,0.9782057348197564,-0.5801111971974902,1.0,1.2981556365373546,0.640500615988815,1.1491856975041788,1.298906802346098,1.2981556365373546,1.2981571537395598,1.2981632219547647,1.2981708058880257,1.298231423902924,1.2983070626899582,1.2984578938013054,1.2989068023460977,1.2996429467188906,1.3010694444827064,1.30496956243495,1.3101190696031089
synthetic_cell_00533,0,10,2,2,21,0.0457905682876609,0.3139924129521114,0.0413836038559668,-0.1752027350735076,0.213608406732466,-0.2140333322192494,1,-0.1818149563127703,0.1667863334493441,0.6051852890344884,-0.8198515441849497,0.1640904430833904,-0.8913093789392784,0.5980341353818239,0.8875778320512552,-0.9924557306662,1.0,0.7633500247039317,0.5091742885828408,0.918661482973254,0.7659390766459613,0.7633500247039317,0.7633552048279348,0.7633759252451026,0.7634018255890633,0.763609021221931,0.7638679978745174,0.7643858909411423,0.7659390766459613,0.7685259969432179,0.7736927916087043,0.7891248515150194,0.8145347059502274
synthetic_cell_00534,0,9,7,1,7,0.2660374898419277,0.0892877829080117,0.2382664153932058,-0.5591022290761206,0.1112855380144587,-0.9666882033942455,0,-0.4421413972255278,-0.0411571244203434,-0.8125065400687881,0.9220177920216484,-1.4737188289876828,0.4133295993106659,-0.3214742108282228,-1.177701324058263,1.2447712802840736,0.0,-1.0725532882518762,-0.7645670328537848,1.7413887476030347,-1.073678798361168,-1.0725532882518762,-1.0725555499773713,-1.0725645964524333,-1.0725759035855933,-1.0726663222050437,-1.0727792492719985,-1.073004782096025,-1.073678798361168,-1.0747934731948048,-1.076989664052988,-1.0833011787992133,-1.092818210420014
synthetic_cell_00535,0,4,4,0,7,0.4950508383734893,0.4193175283360429,-0.0294876858634585,-0.4376636101050316,0.2837605424249788,-0.5686505395673878,0,-0.05960217228746,0.1809114100333419,-0.4969499765942227,0.8160169257506973,-0.0306452229209195,-0.2497556938748572,0.2230912648179139,-0.2612388875155391,0.7605689483265907,0.0,-0.0450932960637056,-0.3573999462392897,-0.7567617204484365,-0.0497497236322879,-0.04509329606370563,-0.045102594936004894,-0.04513979098725086,-0.04518628731584552,-0.045558308511786445,-0.0460234613552474,-0.046954187739995344,-0.04974972363228794,-0.054420079585972995,-0.06380206906021194,-0.09226856634191541,-0.14070945325542214
synthetic_cell_00536,0,1,3,3,21,0.5929202848959386,0.5033425889005513,0.1319841942509683,-0.7015301774075141,1.3734363952177877,0.3275487632054074,1,0.6631315872351483,0.6282798208800716,0.3728538718439848,-0.1724040772786127,0.244269255913856,0.6416278520736745,0.8514922434649863,0.6131323948165986,-0.7376856447702294,1.0,0.6281761135215882,0.7867779908402351,0.4167466741523174,0.6312296973448231,0.6281761135215882,0.6281822194613549,0.6282066432716861,0.6282371731498521,0.6284814167670234,0.6287867326797187,0.6293974018860164,0.631229697344823,0.6342844074612147,0.6403965747069339,0.6587433715998633,0.6892740967241626
synthetic_cell_00537,0,11,5,2,7,0.172467823231805,0.2979453390998567,-0.009662685252479,0.1700798116592978,1.011351628229627,0.385763463330528,1,0.3824766481079281,0.1037663748370061,-0.0693643365744408,0.321433901376172,0.811067267010478,-0.5548924522268921,-0.5747827689974192,0.4175395497074002,-0.0677925835088734,1.0,0.3871785035566799,0.1275415657890385,-0.2138970694093849,0.391060287674955,0.3871785035566799,0.38718626010627427,0.3872172865878857,0.3872560703270883,0.38756636571115105,0.38795429853443314,0.38873037560477275,0.39106028767495493,0.39494900656856835,0.40274665091833567,0.4262900470759171,0.4659506226736977
synthetic_cell_00538,0,10,0,3,14,0.1318933684505573,0.0353824162064517,-0.1718863125390128,-0.1234406190960357,1.2601534907027714,1.153621718519088,0,-0.9076667968455584,-0.1062824559213165,-0.5112829392749036,0.4374910832511903,-0.0338978708282023,-0.299948200220284,-0.1079405284339989,-0.257496424788606,0.2213972917929486,0.0,-0.3724875543590001,-0.7396651036259456,-1.0803077792072544,-0.3760188752455944,-0.3724875543590001,-0.3724946108846622,-0.37252283723422996,-0.37255812072667827,-0.37284041086996006,-0.3731933289814329,-0.3738993494656861,-0.3760188752455944,-0.37955623371822556,-0.38664850950429197,-0.4080554481366114,-0.44409347087006434
synthetic_cell_00539,0,1,5,3,7,0.1860300785676564,0.1405040265562019,0.019702071553818,-1.0955378425131823,-1.2781805890774836,0.3827762350636268,1,0.83591762602899,0.6347047562460357,1.052304042182157,-0.3690343699707641,0.5126693385023717,-0.5234946398232381,0.1020699448158993,1.0126023302263076,-0.8867300464119067,1.0,1.067504134042699,1.1594003311668704,-0.8569345167198356,1.069047945232637,1.067504134042699,1.0675072309935036,1.0675196184251168,1.0675351018784178,1.0676589360359083,1.0678136449621074,1.0681227829229343,1.0690479452326365,1.0705822941087348,1.0736219108845015,1.0824955363683306,1.0963829464956376
synthetic_cell_00540,0,6,0,0,7,0.0536233010870566,0.0829244249333137,-0.1320042331001558,-0.5476766307257643,-0.516841343579958,0.4250146381443694,1,1.631127915888901,0.9602528136362438,0.9290228591585522,-1.779623133160691,0.5540351400962984,0.7594823800752103,0.028372337617548,0.6218745836903655,-0.8795940220545186,1.0,1.2576961413026155,2.1107720443124287,0.0335674672472657,1.2585863481827433,1.2576961413026155,1.2576979356147908,1.2577051123088194,1.2577140819282344,1.2577857889375346,1.2578752977314154,1.2580538980753617,1.258586348182743,1.2594625087745872,1.261171970144845,1.2659445107871543,1.2726267681837469
synthetic_cell_00541,0,7,3,2,7,0.3159351950283389,0.3795798395724599,0.0743897886672016,0.4269323319943963,-0.2212663099710287,0.0563014452459729,0,-0.9186320932444896,-0.7235691351650845,-0.4336080581921784,0.1161151425828989,-0.6727742090261465,0.7240544495252317,-0.232929484961641,-1.0216401080071995,1.2058450092202544,0.0,-0.9784579077517396,-0.8584028897635512,-0.6136932924484839,-0.979906781324692,-0.9784579077517396,-0.9784608139432103,-0.9784724383727444,-0.9784869681527804,-0.9786031760991011,-0.978748360206441,-0.9790384750647335,-0.9799067813246918,-0.9813470874923678,-0.9842013579450032,-0.9925418388091306,-1.0056235396162214
synthetic_cell_00542,0,1,5,2,14,0.21137868723213,0.307596585094314,-0.0096676366589047,0.0130806761071852,-0.4587653733741253,0.3451944666754594,1,0.3816205072989447,0.2643604793972929,0.219997026213401,-1.0657551636947744,0.5550450297624892,0.0180287558504583,0.4673113614450851,0.4586453579769902,-0.5202230704592233,1.0,0.7621549881778993,0.7697054320869726,-0.907965415171628,0.7647481469224967,0.7621549881778993,0.762160176486793,0.7621809296446725,0.7622068709171116,0.7624143940813356,0.7626737804069715,0.7631924936827232,0.7647481469224967,0.7673392028248822,0.7725143552774165,0.7879721835966769,0.8134273102849774
synthetic_cell_00543,0,5,6,2,21,0.2675222717509712,0.5916993669627474,0.0281413751071029,1.0209756097410223,1.276583476952437,-0.140839734942312,0,-0.7956937344273499,-0.4466936303821376,-1.0409917609618975,-0.4810883961064343,-0.3275040041111949,0.1749218971239049,0.2457139073139236,-1.3665947375437963,1.1774295964303692,0.0,-0.4944991732705512,-0.6791028048155072,0.7282133883440423,-0.4976111951491778,-0.4944991732705512,-0.49450539412992883,-0.49453027769691826,-0.49456138244689885,-0.4948102320800795,-0.4951213231252523,-0.4957436013629521,-0.49761119514917773,-0.5007263139111742,-0.5069652709023643,-0.5257412892977276,-0.5571570759980015
synthetic_cell_00544,0,9,2,3,21,0.2735080823458871,0.304262233797194,0.0526331609252775,-0.2740368012439189,-0.4654883815137362,-0.2212899091577957,1,0.2562104503843564,1.059966846154602,0.6617001619877002,-0.6591628932500346,1.119832909173737,-0.7412231019150999,0.4334114197196055,0.9230324007524736,-0.9162147151566844,1.0,1.3199143400836078,1.0374656738476518,0.4708541857081826,1.3205907310234246,1.3199143400836078,1.3199157082589,1.3199211803455082,1.3199280190709,1.3199826735378,1.3200508531767305,1.3201867502782407,1.3205907310234246,1.3212515761028294,1.3225258989274569,1.3259568368622523,1.3302820466031338
synthetic_cell_00545,0,4,2,0,7,0.4028709719023686,0.2500322883159707,0.0206790472375019,0.0457599221755353,1.7224152630396734,0.0269517465107596,0,0.5680437224108343,-0.632403393410309,0.0001550208644913,-0.3105704609836789,0.2099234528037773,0.2575831697988886,0.3728523050294209,-0.610025580713736,0.8662694057430582,0.0,0.2068682446650957,0.1569653542166277,0.4649883970931265,0.2013459387070937,0.2068682446650957,0.2068572200902245,0.20681312098616858,0.20675799529587988,0.20631691737793983,0.205765389055134,0.204661729750932,0.2013459387070937,0.19580363163106884,0.18465948605884658,0.15075997573828953,0.0927738854833187
synthetic_cell_00546,0,0,7,3,14,0.1560374241503838,0.0159217220701379,0.1891158329551485,0.1680379383572081,-0.2623613137091118,-0.2430548650345956,0,-0.5879466343455737,-0.9766815788618266,0.4516215341162442,0.0293155954498988,-1.4207260859280282,-0.0675654327741663,-0.2477828865460563,-0.3528708907516038,0.4307538429074024,0.0,-0.7784269275286144,-0.4892883665222204,-0.2515586914138712,-0.7805632175322199,-0.7784269275286144,-0.7784312037465425,-0.7784483084744434,-0.7784696890606513,-0.7786407207858412,-0.778854477945047,-0.7792818833647928,-0.7805632175322198,-0.7826957612421959,-0.7869489984203331,-0.7996027205854283,-0.8202623095706091
synthetic_cell_00547,0,5,1,1,21,0.3667409626511632,0.3289320232181633,0.2244407842360674,0.1315840733843989,0.4206462847531541,0.7712127053007141,1,1.371024010857128,0.4780038688333994,0.3658538645034186,0.6480995180730559,0.1412980624924797,1.3460716414548737,-0.0024356388323374,0.5173125084611806,-0.3203424912249481,1.0,0.2007099136338398,0.7655234257241738,2.075068725763254,0.2052325063527162,0.2007099136338398,0.20071894732011258,0.20075508252792057,0.20080025257871006,0.20116165460999616,0.20161351113286652,0.20251757026566125,0.20523250635271612,0.20976652808022242,0.21886828718442597,0.24643248063296325,0.2931571526101407
synthetic_cell_00548,0,3,5,2,14,0.3576226864627741,0.2893893831317348,-0.1446429144548233,0.2393240358788976,0.2397381414263119,-0.1809793427794813,1,1.2446647137520557,1.2572059576725234,0.5550486088549182,-0.427818715264913,-0.5605927259708222,0.3090318032919573,-0.2071773769423888,0.8155711708301902,-0.9865882142432107,1.0,0.6138017182147646,1.459961272226926,-0.5285351550303584,0.6169047003637168,0.6138017182147646,0.6138079226057905,0.6138327402349943,0.6138637624178822,0.6141119457181407,0.6144221893483016,0.6150427243703844,0.6169047003637167,0.6200091552549835,0.6262218534320166,0.6448786034904238,0.6759538820641003
synthetic_cell_00549,0,3,2,2,14,0.220906312421735,0.2908850164466271,0.0829517003419773,-0.009707572234735,1.4800765005583396,0.4418162074112975,1,0.924453601839898,1.0343263397667188,0.4843541976766237,-0.5203829363810446,0.9627092972836064,0.2587529199552896,0.5912177277515921,1.2218043471552538,-1.2425451236908525,1.0,1.1620698756229138,1.2302961242307984,-0.5728592753835545,1.1632887069299025,1.1620698756229138,1.1620723248862064,1.162082121476748,1.1620943661739056,1.1621922820896355,1.1623145727299526,1.1625588058258367,1.1632887069299023,1.1644957967161123,1.1668740443094872,1.1737085613422882,1.1840134833251406
synthetic_cell_00550,0,2,6,2,21,0.3309567829402306,0.6422663331453092,0.0957580923954067,-0.4809101157185115,0.1975263189434549,0.2018953506966025,0,0.5226100972245451,-0.1439139239982646,0.3298022574292646,0.9257553832593928,-0.3756404752831127,-0.2188355183671838,0.6055484239634545,-0.6857617421049869,1.0158774446537189,0.0,0.1612458423366422,0.0115346664593043,0.4362750755101013,0.1558803200375087,0.1612458423366422,0.16123513023286007,0.16119228105707364,0.16113871787592782,0.160710143983584,0.16017425557494355,0.1591019090465102,0.1558803200375087,0.15049589620350193,0.13967082232069383,0.10675506176606278,0.05049731110566484
synthetic_cell_00551,0,0,4,2,14,0.3839738528683321,0.508970388105018,-0.0266461804881433,1.3442232298293268,0.217192311821179,-1.2532075466503574,0,0.3459294986363361,0.4400426137321403,-0.3485495466739027,-0.681038809221425,0.0734792032022635,0.5973708144929528,0.6081681542861562,-0.0957397182472534,-0.031784382916287,0.0,0.3388027232828666,0.5052517631630417,-1.2612646353528534,0.3328270179150815,0.3388027232828666,0.33879079507933674,0.3387430813336544,0.338683437055598,0.33820619900549787,0.3376094419394491,0.3364152298687493,0.3328270179150814,0.32682813156758006,0.31476126919755565,0.2780168733419628,0.21503263367691136
synthetic_cell_00552,0,3,4,2,14,0.3587730031183462,0.4957060235304992,-0.0573171345273971,-1.0691378935173064,0.9180023137567545,0.4948708725282814,1,1.717389123064185,0.2919648618428647,0.572081273483861,-0.9258765572980848,0.6602289442657876,-0.5896792347763491,1.16795925291683,0.6934711058191341,-0.4252637458761193,1.0,1.585074347404117,1.4654936012036195,-1.167012711914311,1.5848395027664204,1.585074347404117,1.5850738994795974,1.585072106911734,1.5850698642447698,1.5850518446009392,1.5850291241657188,1.5849830296265375,1.5848395027664202,1.5845827214282615,1.5840025813753817,1.581715909499617,1.5759959108306063
synthetic_cell_00553,0,8,7,3,14,0.2994600830501848,0.1986811327645627,0.265148447918155,0.2203474571989385,0.0213283619286907,-1.510998192383035,0,0.3476203531554402,-0.619218860781465,0.8411494548211547,-0.2104095421706335,0.1535962877455468,0.3899522076084949,0.4436746195250617,0.4100524614668927,-0.4140756890182313,0.0,0.2512378140817332,0.29963116430061,-0.6200998653117047,0.2455630298875901,0.2512378140817332,0.2512264856165149,0.25118117090836334,0.2511245256168626,0.2506712870453103,0.2501045482946923,0.24897043609219496,0.24556302988759007,0.23986717518783396,0.2284127199267351,0.193556474508942,0.13388950644607248
synthetic_cell_00554,0,0,6,2,7,0.3454583482725348,0.5331223099708783,0.0760224209664888,0.7119618586910667,0.0021365880415088,-0.5226619708804807,0,-0.1091443143211507,-0.4423977636048161,-0.7815277634717466,0.0888166775655192,0.2067091761760459,-0.2948564265709777,-0.2157158081542098,0.4321845464479653,-0.7820065046732124,0.0,-0.163422612525433,-0.4732864334109444,-0.4017352913540385,-0.1676723955018977,-0.163422612525433,-0.16343110095180008,-0.16346505510542092,-0.1635074988057145,-0.16384708872389928,-0.16427167683910698,-0.1651211883126683,-0.16767239550189764,-0.17193325491100667,-0.18048767869418766,-0.2064026567346782,-0.25036080638750374
synthetic_cell_00555,0,9,6,2,14,0.4486863943816421,0.4669831198811978,0.0176962225944348,0.033696134520049,0.7831177462678235,-0.2054189409444622,0,-0.2480301536352426,-0.7576504352554355,0.5130052257603751,0.6930801586302503,-1.013431459285565,-0.0743790983700261,0.1746325510623572,-0.2669154935886676,0.1734618371354997,0.0,-0.495471214094589,-0.4539579680461698,-0.4126477850710076,-0.498579895506489,-0.495471214094589,-0.4954774282963897,-0.4955022852321356,-0.4955333566909566,-0.4957819399106491,-0.49609269772840997,-0.4967143088093006,-0.498579895506489,-0.5016916503738011,-0.5079238091541985,-0.5266788675631447,-0.5580578298842106
synthetic_cell_00556,0,3,4,2,14,0.089119978484512,0.3021163608967122,-0.0611491011868337,0.2946992501486191,0.9387200909296272,0.7878372809532137,1,0.4404885319908629,-0.0023153042028414,-0.3871035853140325,0.5999297974756578,0.0216625906597847,-0.7707413980312059,-0.0046699108440456,0.3818199681768659,-0.081414715332319,1.0,0.2206954316605828,-0.0892768713246703,-0.0035643027065807,0.2251493431509245,0.2206954316605828,0.22070432846461652,0.2207399161242313,0.22078440169649607,0.2211403261681578,0.22158533141247777,0.22247567355509548,0.22514934315092455,0.22961420196244156,0.238576187344194,0.26570943573773015,0.3116769848901385
synthetic_cell_00557,0,0,1,2,14,0.6323945117112751,0.6745699358042732,0.1055782876889534,-0.7240836017175438,0.6126569567071247,-0.9002929795992006,0,-0.2921996949933864,-0.3571574205191575,-0.7406096117113741,-0.4256110442735887,-0.3386157983257865,0.4105926835133984,0.8919830991478959,-0.9939778418441866,1.719882749612967,0.0,-0.1814593071762395,-0.3309619853886589,-0.9749724615294856,-0.1856471061528067,-0.1814593071762395,-0.18146767206799788,-0.1815011320658228,-0.18154295803230885,-0.1818776045174416,-0.1822960094344447,-0.18313314148591547,-0.1856471061528067,-0.18984554684476315,-0.1982738264895394,-0.22379988169310722,-0.2670747369131719
synthetic_cell_00558,0,0,3,0,7,0.0409795503299533,0.2127995464307023,0.135467865449817,-0.6077563716281461,-0.6511631962988321,-0.8874172444349426,1,-0.0021283437012118,0.5225877839003317,0.6151733148514095,-0.4965884602591375,-0.3251961027874488,0.3386433629904267,0.012538565247627,0.4311421042055246,-0.3023956253874926,1.0,0.2038935891892759,0.6276870480140072,0.5813052232554716,0.2084052410484703,0.2038935891892759,0.20390260107032765,0.20393864905418696,0.20398371006814564,0.20434423952897063,0.20479500464915557,0.205696878677403,0.2084052410484702,0.2129282451839039,0.22200773845627542,0.24950328273417285,0.29610734570704755
synthetic_cell_00559,0,4,6,1,21,0.4539516334248933,0.4770198585073103,-0.080346057923058,-0.6274792619644356,0.2802223693108456,0.6872141624911903,1,-0.1713693551372425,-0.5377535728752958,0.3488385597833666,1.5698397285872918,-0.1839801508622262,0.3674785246820629,-1.5460981384738433,-0.0936761846840492,-0.0716177522681108,1.0,-0.907101232278106,-0.6878628262263754,1.585987987903996,-0.8987715913564412,-0.907101232278106,-0.9070846111142437,-0.9070181249297684,-0.906935013758921,-0.9062699867930141,-0.9054383591412842,-0.9037739577153278,-0.8987715913564411,-0.8904038211559561,-0.873554307531217,-0.8221025303549504,-0.7334100143128269
synthetic_cell_00560,0,1,5,1,7,0.0739957916509067,-0.0448571899941013,0.0185830087558473,0.9065938630595056,-0.2937711908921729,-0.7948825858754694,1,-0.4162891228365841,0.4422960725218527,-0.1874951639283136,0.3496213044116179,0.674945790679143,-0.4269703905341974,-0.1041236051723359,-0.0378170333968684,-0.0039550346831792,1.0,0.2508807452911537,-0.1530362143054403,1.4691138933405117,0.2552309234471343,0.2508807452911537,0.25088943535382036,0.2509241960189126,0.25096764778265085,0.25131529917102446,0.25174995652285864,0.2526195810813734,0.2552309234471343,0.25959132140314845,0.26834219823901007,0.29482456474770613,0.3396485863772384
synthetic_cell_00561,0,0,7,0,14,0.1915386529587523,0.1845411004931265,0.1924760311358299,-0.7987542685851371,-0.7254116305049827,0.8027117531304018,1,0.7832088316076682,-0.6611665331173274,0.2246843219039234,-0.0803389164621692,-0.542798283226218,-0.115919713889444,0.0649140840084978,0.5079041057688058,-0.5316013055893996,1.0,0.0527095210439357,0.2379586697779937,-0.3320515591179811,0.0577407244864905,0.05270952104393567,0.05271956839545834,0.052759758406721584,0.05280999728235963,0.05321196273430613,0.053714555591047965,0.054720194274026794,0.0577407244864905,0.06278692401721321,0.07292376090968498,0.10367926704971703,0.15601072265665367
synthetic_cell_00562,0,4,1,3,21,0.7379322852092592,0.5433638658695625,0.1687464883229169,-0.6161201035597447,-0.0845183068333318,-1.1259042116972942,0,0.8026245906457281,0.2934147671933729,0.2854319769236699,0.0321086774266902,0.3124975093606441,0.6665870128586275,0.3106025566020151,-0.1933392221634931,0.8030022357351567,0.0,0.4068367346855649,0.6155635287844367,-0.143722874296732,0.400627227047605,0.4068367346855649,0.4068243405122362,0.40677476282187314,0.4067127884656223,0.4062169038959052,0.40559682394363467,0.4043559169679109,0.400627227047605,0.39439289868610306,0.38185022342925173,0.34363881927561785,0.27807720819469134
synthetic_cell_00563,0,8,1,0,7,0.413420593136024,0.2526566904210809,0.2454282638285968,-0.1149904837205996,1.629192596587931,0.0175804286879446,1,0.8484181698844705,0.8549392467311655,1.9626727463723723,-0.1771205586421251,0.2632375116890022,0.0046034624179339,0.4762773767016923,1.146699571140028,-1.1828794671870184,1.0,1.1353678989992038,1.4847360735558148,-0.9840279364224004,1.136678492979362,1.1353678989992038,1.1353705311462396,1.1353810592974563,1.1353942185032866,1.1354994528017,1.1356308972042288,1.1358934571080828,1.136678492979362,1.1379779890051052,1.1405429835551768,1.147953271742338,1.1592697599973882
synthetic_cell_00564,0,2,1,3,7,0.3967504870701988,0.0997689361259998,0.1197626418793402,-0.1059537599938725,-2.163913320770741,-0.1545340202074533,0,-0.6326736885360562,-0.1078866517013777,0.0626483863520234,-0.1793143845287909,-0.8530518265146081,-0.3250709962226771,-0.659984447134697,0.1188520844979335,-0.0752536398679493,0.0,-0.459013037013009,-0.2111118732835682,-0.8452144742393304,-0.4622470087670829,-0.459013037013009,-0.45901950091946603,-0.45904535670893,-0.4590776768138572,-0.4593362523609185,-0.4596595084850176,-0.4603061425078321,-0.4622470087670829,-0.46548493268516683,-0.4719720708520208,-0.4915132720623012,-0.5242734003847187
synthetic_cell_00565,0,4,7,3,14,0.0658594216647286,0.0793718112455452,0.2338052143890142,-0.3056852827989083,0.5750979920858138,-1.1284858306969148,0,-0.1905549111427932,-0.3411190743403591,-0.9335607041101,0.453352426935092,-0.4395901586900216,0.2363577302496134,-0.2806981670012587,-0.6959330225945891,0.2562972628886906,0.0,-0.6262989357920993,-0.6463034125030359,-0.5105363136075391,-0.62895802121952,-0.6262989357920993,-0.6263042539454984,-0.6263255265617117,-0.6263521173377792,-0.6265648437613078,-0.6268307522455531,-0.6273625701786752,-0.6289580212195199,-0.6316170269155208,-0.6369342092796457,-0.6528682470051569,-0.679290987822373
synthetic_cell_00566,0,9,5,0,14,0.3384572906482179,0.0345190416459728,0.006074342303762,-0.5059067313538288,-0.783825418922892,-0.1273309911221376,1,-0.2010272166113226,0.8579302165496305,1.0104029870751052,0.6778692328685147,0.2503634797013802,-0.4487643315064364,0.1268822366372141,0.9702977936671892,-1.0507176562980187,1.0,0.5206356773171837,0.3918853569480617,-0.3360554901853261,0.5240588292079452,0.5206356773171837,0.5206425198090718,0.5206698899314005,0.520704102932467,0.5209778208495064,0.5213200029311387,0.5220044821385118,0.5240588292079451,0.5274856993126196,0.5343499775149921,0.5550156544656181,0.5896203955212046
synthetic_cell_00567,0,9,2,3,7,0.3097203700218618,0.1358520932579655,-0.0310670246546336,-1.2478887921440824,0.9931958672983994,-0.2605822738588254,0,-0.2358754621523419,-0.1201307520585583,0.2349082626964403,-0.408884369242154,-0.2690374307537764,-0.3557729235261112,0.1828693800425777,-0.3345862604753641,-0.2098057666641367,0.0,0.1361731334271246,0.1037223796136348,-0.6685971980362179,0.1308937747414782,0.1361731334271246,0.13616259304811493,0.13612043079555178,0.1360677263227358,0.135646024269181,0.1351187310899723,0.13406359312732963,0.13089377474147817,0.12559611881899677,0.11494639720134023,0.08257127611903009,0.027263369248959984
synthetic_cell_00568,0,1,7,1,7,0.1063438445506662,0.0582518247113871,0.2597727823753932,-0.0323964689689002,-0.290243489894651,0.2611378917609268,1,0.3118903327248504,0.2863190702037809,-1.096566542098118,0.3625463809456138,0.4564137096828502,-0.1237241035452535,-0.6651171641411542,0.4078659944998733,-0.4522922195717692,1.0,-0.0464880391072083,-0.1802131019654243,1.212948218088472,-0.0411159383063916,-0.04648803910720833,-0.04647731234451764,-0.04643440459310101,-0.04638076832743579,-0.04595161516138604,-0.045415016175045564,-0.04434129359469875,-0.041115938306391646,-0.03572645057518815,-0.024895850717861507,0.007998639158199178,0.06408805274507587
synthetic_cell_00569,0,0,1,2,7,0.1364709332726439,0.2775908023246273,0.1075079632169472,0.7159067744056538,0.6904840791918703,0.4823282851386182,1,0.7442357469704579,0.5967742495030806,0.1429221415247484,-0.5562709946609818,-0.3008621594649906,0.3478347933629072,0.0963120205492162,1.0326935997243218,-1.0912882881617574,1.0,0.3897476528620453,0.8701879448481913,-0.0411380102711105,0.3936206079707173,0.3897476528620453,0.38975539181535274,0.3897863479093436,0.38982504365845644,0.39013463489922473,0.39052168698689094,0.3912960007306189,0.3936206079707173,0.39750043593354106,0.4052801122946146,0.4287681102289813,0.46833135727231917
synthetic_cell_00570,0,11,4,1,7,0.2018188775820485,0.0300426426976319,-0.0695527179778311,0.5433608736345708,-0.5583507418208811,1.1163788104335384,1,0.5849767710819368,1.704801952691834,1.1271035803202354,-1.031352572727701,0.5821908823032815,-0.0900966994465022,0.7577334893615564,1.724195796722946,-2.1601642933584047,1.0,1.470473528643537,1.7330874121279285,1.5861669760148784,1.4706325154298252,1.470473528643537,1.470473865628203,1.4704752128073886,1.4704768950724305,1.4704902848129808,1.4705068509316734,1.4705394122623632,1.4706325154298252,1.4707723276045108,1.4709936770608185,1.471178127328491,1.4697996171065024
synthetic_cell_00571,0,2,7,3,14,0.2447860645126417,0.1150695002071215,0.1805828814826539,0.9888746913446674,-0.5085999270312311,0.3385657071540671,1,1.3831174566938205,-0.0202964977964797,0.2653783194978694,-0.7354124089615764,1.287227356983253,-0.1026935967189476,0.7508712197430927,1.1030644448860878,-2.040123391799974,1.0,1.268777953577649,1.0175006534347473,-0.3183618638205647,1.2696300772577107,1.268777953577649,1.2687796719897013,1.2687865450725713,1.2687951351540372,1.2688638048996848,1.2689495147135925,1.2691205090945652,1.2696300772577105,1.27046788755759,1.27209984550006,1.2766334305048932,1.2828958692607078
synthetic_cell_00572,0,0,2,2,14,0.5432222602148622,0.581608718122388,-0.0591747025533839,0.6637509036478144,1.2447091114967592,-0.2972528610760388,0,-0.4501992142589024,-0.646789633385427,0.882159559326507,-0.2892424158426229,0.897987743751954,-0.2214264879387127,-0.3867228897530292,-0.0015578518189032,0.3551138807092907,0.0,0.2264156872709657,-0.0401453971463133,-0.8519706498829843,0.2208262055524414,0.2264156872709657,0.22640452881426523,0.22635989416407704,0.22630409899878853,0.22585766358737577,0.22529943416359965,0.22418235854074872,0.22082620555244134,0.21521625158685642,0.20393539608228384,0.16961438686849592,0.1108877696508032
synthetic_cell_00573,0,1,3,0,7,0.1808111532579349,0.2344503401289033,0.1295018575543962,1.050542492607663,0.6237334842096669,-0.4952442913273785,1,0.2873727535505032,1.1475320150683976,1.5623462253452565,-0.2594525324256724,0.3908124707946359,-1.127449129667209,0.2233019095297042,0.1772836402385682,0.1631564394121584,1.0,1.2754425224562278,1.2420103910739175,-0.381534402089535,1.2762717430132569,1.2754425224562278,1.2754441952221722,1.275450885714196,1.2754592475426705,1.2755260906870083,1.275609515805681,1.2757759359831868,1.2762717430132566,1.2770864895618321,1.2786718371737897,1.2830617149703283,1.2890716760466319
synthetic_cell_00574,0,11,7,1,14,0.1967117427320883,0.0961485098657886,0.2457334973585889,1.1867648863624185,0.665843670656616,1.323139512497605,1,0.0206617898153104,0.234102985447843,0.0516973441893672,0.3440743193999946,-0.9808032908947726,0.4760673690392366,-0.6887657666667574,-0.427210608240534,0.0277893726242805,1.0,-0.548607399353753,0.0445864114320013,1.5018953596931324,-0.5415097403519143,-0.548607399353753,-0.5485932335397338,-0.5485365690996945,-0.5484657358857942,-0.5478989636332338,-0.547190232025763,-0.545771881584233,-0.5415097403519142,-0.5343825924268214,-0.520040295149267,-0.47631867259498295,-0.4012071837287767
synthetic_cell_00575,0,5,5,3,21,0.1978141547489097,0.2574390237950371,0.0341585850575579,1.1382250394096602,0.5642165083520069,-0.7141581732162067,1,0.3865921550277199,-0.5360777295145334,0.9534024476575056,-0.0027479533262073,0.4057633055551587,-0.9398548058194628,0.5302246849637314,0.2013864988163834,-0.0216803515279139,1.0,0.7399593434239118,0.3157728814484282,0.3877397195181855,0.742628778607668,0.7399593434239118,0.7399646837523602,0.7399860450098231,0.7400127464548107,0.7402263529223235,0.7404933481848214,0.7410272953634749,0.7426287786076678,0.745296645904754,0.750627029154174,0.7665634591957663,0.7928594362053455
synthetic_cell_00576,0,2,3,0,7,0.17188187972687,0.0505946894183818,0.082800084685262,1.4393120642125006,1.0495263605499354,-1.250935476031889,1,0.6187957608118748,0.9207275382082594,0.367579331542298,-0.8444644363844473,0.6761987349888523,-0.6946536707905071,-0.2456430279133065,0.7463177722644635,-1.0687112081146086,1.0,1.0442710657577083,1.117356875689446,-0.4933745528161454,1.0458947185444616,1.0442710657577083,1.0442743218334556,1.0442873457872017,1.0443036249434854,1.0444338267376123,1.044596500242072,1.0449215841378015,1.0458947185444616,1.0475094689767175,1.0507115720304885,1.060086169061641,1.0748537308199666
synthetic_cell_00577,0,3,2,0,21,0.3381626895053594,0.3655630355377808,-0.0201435843272978,-0.6366351851472906,-1.036575881075183,-0.2838317208101133,1,1.615589144734838,0.2235519719057749,0.6908868564247046,-0.9395862274707322,0.5199339318148681,0.2332316439289447,0.2430006050183805,1.534249852654358,-0.8179970917508801,1.0,1.0547439459933938,1.4340697651554333,-0.5872044233553406,1.0563316082053755,1.0547439459933938,1.054747130339637,1.0547598673652865,1.0547757878387676,1.0549031192631673,1.0550622025369596,1.055380098408084,1.0563316082053757,1.0579101156473358,1.0610389739919444,1.0701877457058273,1.0845585573445462
synthetic_cell_00578,0,10,5,1,21,0.6079354295191504,0.3868608302327768,-0.0346389584641457,1.165798855648311,1.5137250513035734,0.2981925536196068,1,-0.4449946961930065,0.4245732127579059,0.4127489654098462,0.9419645331883992,-0.7683107620607903,-0.2026926137180589,-0.1868640294000495,-0.2154128288884352,-0.1406080096582676,1.0,-0.2946016745293741,-0.1840196895681129,1.3752714323638369,-0.288376918857457,-0.2946016745293741,-0.29458924841868955,-0.2945395430364787,-0.29447740919497284,-0.2939802539271103,-0.2933585985701444,-0.29211458406665003,-0.2883769188574569,-0.2821287962637724,-0.26956295159730814,-0.23131842055041288,-0.16582957602243248
synthetic_cell_00579,0,9,5,0,14,0.1868561819621379,0.0793838109325876,-0.098302914970619,-1.0365403365720058,1.3666021059302524,0.4394114545949206,1,0.749412025436338,0.7028878342868192,0.687404470211508,-0.7766547384086913,0.9007058391300689,-0.8192087249915958,1.4286696133953685,1.2352794743183175,-1.0743725072195571,1.0,1.60521584317887,1.1699809875907723,-1.0437250244966427,1.604911781287336,1.60521584317887,1.6052152573038085,1.605212912914391,1.605209980426863,1.605186440473582,1.605156815288743,1.6050968967046044,1.6049117812873357,1.6045852972485362,1.603864292603785,1.6011433123456786,1.5946602818575453
synthetic_cell_00580,0,8,1,0,21,0.5931653430144052,0.5448716584588924,0.2059102350010368,-0.78678261680913,-0.2732331415544944,-0.5944096101688852,0,-0.1450946180137462,-0.2042878804268288,-0.4325976118462489,-0.4358747818705173,0.1635609533546088,0.2346961401351219,-1.2429870087402266,-0.1426473951415736,0.752742929997957,0.0,-0.3710223224827239,-0.0967140158515356,0.260925238118153,-0.3745586787116704,-0.3710223224827239,-0.3710293890438636,-0.37105765553675246,-0.3710929892115253,-0.371375680940343,-0.37172910135111636,-0.37243612749212696,-0.37455867871167037,-0.37810110784141576,-0.3852036310933385,-0.40664216432484046,-0.4427356952765756
synthetic_cell_00581,0,4,3,0,21,0.1870744837173648,0.2679422246040381,0.0581674708256862,0.1423407294321785,0.5659004838791146,0.2672664693708629,1,1.6833650700992442,0.8220995310576391,1.539572093596743,-1.2341658502651518,1.375389792617371,-1.134421580887071,0.3277635641619234,1.8416396475623416,-1.3891323253436836,1.0,2.117794789171593,2.088003637733969,0.3130793014438933,2.1157292241914414,2.117794789171593,2.117790692606754,2.117774304964849,2.1177538173016033,2.1175897915357904,2.117384448056667,2.1169727227113664,2.115729224191441,2.113628882976053,2.109323029180252,2.0955493775939535,2.0696480253496436
synthetic_cell_00582,0,3,4,0,14,0.1880708809659774,0.1828662897648784,-0.0986449436808424,-0.3532422949942402,0.5415503263008435,-1.0389318247036554,0,-2.048317787043046,-1.0171448086097796,-0.3643408221439594,1.5598001322285475,-0.2446614973017778,0.8457883031443445,0.4818249323232745,-1.4359555821992358,0.9739976251242316,0.0,-1.35756597555465,-1.980777253568882,-0.7418878631785203,-1.3577120253624526,-1.35756597555465,-1.357566285207912,-1.3575675231197053,-1.3575690689315187,-1.3575813722883923,-1.3575965935411423,-1.357626508907226,-1.3577120253624526,-1.357840370568735,-1.3580432538630711,-1.3582090781127403,-1.3569288108785926
synthetic_cell_00583,0,1,4,3,7,0.49535501487939,0.3265570078552626,-0.0973918925452389,0.0808271618832252,0.8418754269072699,-0.5721638775181257,0,-0.0309432392834342,-0.5812834827018284,-0.6188829160495268,-0.0060834584849674,0.0355025317678036,0.8299246153312541,0.7518136421248571,0.3885019947166476,-0.6401364196886561,0.0,-0.2503520734316694,-0.4074502631503636,-0.8829789543693468,-0.2543031189842205,-0.2503520734316694,-0.25035996647195563,-0.2503915389975802,-0.25043100547461233,-0.2507467700756556,-0.2511415577148334,-0.2519314054578999,-0.2543031189842205,-0.25826314581077603,-0.26620960665172694,-0.2902501363411001,-0.33091508744340953
synthetic_cell_00584,0,3,0,3,14,0.2748669308120931,0.2089477432118226,-0.1709046877462921,-0.0174350210558283,0.0198295486631943,-1.1911269544215748,1,1.115570032375263,0.8365886980787883,-0.1806325471074105,0.191303204381353,0.4215659228336593,-1.1083630607245076,0.6023782033224849,0.9371028850730184,-0.3660246948289073,1.0,1.1232350397084656,0.7738122873411099,-0.7283845829257171,1.124587328864131,1.1232350397084656,1.1232377549543204,1.1232486155124917,1.1232621902532918,1.1233707498825816,1.1235063535767786,1.1237772408260378,1.1245873288641308,1.1259288124894307,1.1285786612276585,1.1362505686386681,1.1480266929505092
synthetic_cell_00585,0,5,6,0,7,0.1610907891473051,0.1275677269203605,0.0624259375969941,-0.5804963075596197,0.0656042580898272,-0.3642968172323305,0,-0.524458244030207,-0.4289902710655535,0.4313765274583909,0.4039209820520333,0.1988775881930936,-0.2858061452354791,-0.3098137733416051,0.277622337576569,-0.2298844470031899,0.0,-0.1367915642960933,-0.3743214409183641,-0.92248829960642,-0.1411328661967663,-0.1367915642960933,-0.13680023512041004,-0.1368349188914629,-0.13687827467122224,-0.1372251635322885,-0.13765888109459207,-0.13852667069466865,-0.14113286619676627,-0.14548588638694326,-0.15422656107134233,-0.18071578084670173,-0.22568280975074198
synthetic_cell_00586,0,0,5,0,7,0.2585317904982623,0.0668281949047624,0.0296770923118786,0.476781014723131,-0.489862880976735,-1.3517135028830185,0,-1.352847186685696,-0.8209062223370678,-1.4228144415989803,2.016233389750997,-1.6730755356946574,0.4520047504020051,-1.0701850434786235,-1.802238263568396,1.542144713143667,0.0,-2.1223600130432625,-2.083073980438909,-0.0633469912207398,-2.1198778100331834,-2.1223600130432625,-2.122355084567588,-2.122335369227491,-2.122310721818101,-2.1221134131481523,-2.1218664537069873,-2.1213714553687755,-2.1198778100331834,-2.1173594694896556,-2.112213574264208,-2.095888246865517,-2.0656348491248147
synthetic_cell_00587,0,10,1,0,21,0.6207034421482743,0.4667906961424905,0.1693502691737965,-0.2846234747778186,0.0292945088857463,0.672327724471141,0,0.0935308843953635,-0.7444767581219712,-0.1050536200178673,0.4610273243597787,-0.5184094081218524,0.1697077341468001,0.036464373149732,0.0735334384577287,0.9676273909559576,0.0,-0.4142263159816132,-0.4112126782930077,-0.5366556853931104,-0.4176141995341382,-0.4142263159816132,-0.4142330866355185,-0.41426016945788424,-0.4142940234509348,-0.4145648739830378,-0.414903483539594,-0.4155808567712509,-0.4176141995341381,-0.42100711469237834,-0.42780748000233465,-0.44831441129438565,-0.4827712206182193
synthetic_cell_00588,0,3,4,3,21,0.1957892223955246,0.4246949886173911,-0.0576478028827656,0.1367550795381366,0.501749237386167,0.4836077968649432,0,1.0566182424979207,-0.3370621714712807,-0.645251191401862,0.7591819857529063,0.223449994466202,-0.1311979338395413,-0.3659904334221405,-0.3490608336097548,0.277182394072727,0.0,0.0315010813683563,-0.0796748883373376,0.4614379578452341,0.0265814334051946,0.03150108136835627,0.03149125789570035,0.03145196336930285,0.03140284378088577,0.03100982987068487,0.030518419543456028,0.029535122876494475,0.02658143340519452,0.02164601099266173,0.011728339569214437,-0.018389752039494577,-0.0697323076175409
synthetic_cell_00589,0,4,1,3,14,0.3223325799373382,0.1854293229753989,0.0926197462453751,-0.0046377419629256,0.920488092164772,-0.0476511177073663,0,-0.7376780887853838,0.160182492281675,-0.7735108565854931,0.727887373335592,-0.5176264930661304,0.4916375228624625,-1.0172355068110004,-0.9152068833994378,1.0690138895941992,0.0,-0.96160035976086,-0.7392724316318645,-0.7732397690778074,-0.9631071651374588,-0.96160035976086,-0.9616033814108799,-0.9616154676908364,-0.9616305748204094,-0.9617514030234638,-0.9619023661031979,-0.9622040510804082,-0.9631071651374586,-0.9646058094064496,-0.9675779773401975,-0.9762819552593621,-0.9900022802110189
synthetic_cell_00590,0,8,2,3,21,0.4264129404689039,0.3064852712579892,-0.0789326980764775,0.960018655101938,0.0438191771867405,-0.5875996261962355,0,-1.1155640109427465,-1.0953639243302091,0.0638678646426803,0.5695304220982986,-0.5215853148688612,0.4896788352089576,0.3896894938703343,-0.9656888279282388,1.0905868979051014,0.0,-0.8491190841643067,-1.0963186814103447,-0.0299317112699117,-0.8510124370491945,-0.8491190841643067,-0.8491228762066096,-0.8491380441639654,-0.8491570036338921,-0.8493086603044838,-0.849498183332966,-0.8498770694390333,-0.8510124370491944,-0.8529003398304763,-0.8566591737177983,-0.8677885703543408,-0.8857700878855109
synthetic_cell_00591,0,5,2,0,14,0.3489053339059056,0.260423179771276,-0.0081030721277374,0.6367860269328647,0.3991279419721588,-0.0612032138950026,0,0.1152249886002456,-0.174768655784869,0.6551286538370271,-0.1476098525275123,0.0202437092199813,0.5751897586245956,-0.3851923462012563,-0.5667670767579571,0.4815390752927084,0.0,-0.0543793078791742,0.2901416985575143,-1.3074745772959198,-0.0590038236054505,-0.05437930787917423,-0.054388543150915944,-0.054425484790993545,-0.05447166308551675,-0.0548411392044012,-0.055303108690118584,-0.056227461653237616,-0.05900382360545056,-0.06364204390699942,-0.07295908933343155,-0.10122535358303629,-0.1493144531929986
synthetic_cell_00592,0,8,4,1,14,0.4633855016026622,0.1394334939107184,0.0434767601096332,-0.6949127595940667,0.1771289869286407,-0.2767188185971936,1,-0.0597678789907797,0.0161687963527913,0.0605598239235899,-0.4453850316355113,-0.1212343875162867,0.6201591093219669,-0.1759937579788453,0.0823217045821614,-0.4053941972436534,1.0,-0.1204733332992466,0.1965092673426725,1.0655115583828274,-0.1148469783484099,-0.12047333329924663,-0.1204620998059966,-0.1204171650611289,-0.12036099489341748,-0.1199115641013528,-0.11934960205669866,-0.11822509992926584,-0.1148469783484099,-0.10920145328658527,-0.09785341875671105,-0.0633635938669571,-0.004471353010099654
synthetic_cell_00593,0,2,1,0,21,0.2681146866040619,0.3766064034563781,0.066243361825792,-0.2259482296567583,0.7508937353495899,0.9810864548215904,0,0.7327725908491843,-0.2085933288164129,-0.4057019254497742,0.912666163075324,-0.8254391487951428,0.4667894862227691,0.667788272491532,-0.2663647931731233,0.6731110617362062,0.0,-0.2493776831103857,-0.1527248367176682,-0.1176985268535573,-0.2533320772038277,-0.2493776831103857,-0.24938558282434076,-0.24941718204557858,-0.24945668189423764,-0.2497727135527109,-0.25016783522473673,-0.2509583517371816,-0.25333207720382767,-0.2572954760558589,-0.2652487515393997,-0.2893102918770851,-0.3300121563659524
synthetic_cell_00594,0,6,6,2,21,0.5136659744999642,0.5855632072513769,0.0081522435940998,1.2985755978630389,0.7415921134057496,-0.7396833127547485,0,0.7155663000006589,0.1587621726020441,1.0879084150935856,-0.3062359084319059,-0.7307571124892782,-0.844069592185748,0.0895927493782878,-0.177449591914632,0.6505154820300895,0.0,0.5999668693252896,0.8999958503688057,0.0742148451649469,0.5930936603563786,0.5999668693252896,0.5999531523898874,0.5998982834653354,0.5998296946480798,0.5992808776586811,0.5985945903483069,0.597221129182284,0.5930936603563784,0.5861909758752496,0.5722975966836812,0.5299217532403916,0.4570436826666067
synthetic_cell_00595,0,7,3,1,14,0.1841155545773022,0.1619945678512948,0.0949222690415633,0.822066912502783,-0.9756022009360032,-1.3873965778678905,0,-1.2953842929116983,-0.9607948210928836,-1.4334794147694672,0.1519075730331619,-1.9150625419257816,1.0773157193569929,-1.0600407983566515,-1.884544502984141,1.2340094339264969,0.0,-2.048082045675688,-1.4677509964685729,1.391515233692037,-2.04585510260158,-2.048082045675688,-2.0480776259351123,-2.0480599456069055,-2.0480378421232457,-2.0478608912941336,-2.0476393952432046,-2.0471953773272866,-2.0458551026015797,-2.0435938122285817,-2.0389673985587877,-2.024243717046371,-1.996804234081167
synthetic_cell_00596,0,1,3,0,7,0.359028915035824,0.2472508562636158,0.0093997321234534,0.5966898637349072,0.4513139613690462,-1.2828577965893624,1,1.816310006667127,0.7650631865925348,0.1424315580308501,-0.4425450932859693,0.0895288833339953,0.670051648293218,-0.888066524034991,0.4204947539406193,0.0533939133300337,1.0,0.5118424358287799,1.3951986369181837,-1.114472710379424,0.5152958061320647,0.5118424358287799,0.5118493385462064,0.5118769495791525,0.5119114637375348,0.5121875916748938,0.5125327881866107,0.5132233026044277,0.5152958061320646,0.5187531065824285,0.5256788825199912,0.546534166961991,0.5814720274206207
synthetic_cell_00597,0,11,7,3,7,0.2748034873840796,0.0188955951980068,0.2132152668300999,0.2537531602905934,0.3186418510963896,0.2828663437567159,1,0.7144385808748874,-0.0212832181761856,0.3036796024028386,-0.2567781971625665,1.1041288545165082,-0.443094649101507,0.55622969549909,0.9258140161201954,-0.7201705662008531,1.0,0.9785578775934496,0.553359745747884,-1.1472018812040543,0.9804073570256768,0.9785578775934496,0.9785615837435117,0.9785764080577687,0.9785949378070086,0.9787431500377823,0.9789283508220423,0.9792985367339088,0.9804073570256769,0.9822495179111576,0.9859112025935639,0.9967027643213457,1.0139597764197092
synthetic_cell_00598,0,4,1,3,14,0.0638870223113386,0.008874134909668,0.1522297467091212,0.2133552829994385,-0.4909029936094639,0.4659227809614042,1,2.0444767308207776,0.0881402898686614,0.3395027669310002,-0.8067385927435083,0.9220843900696144,-1.3748713532545194,0.2473927121698269,1.5100566662753694,-1.3104934901294467,1.0,1.6316183806354638,1.416781154868885,-0.4634504779344894,1.631223585108378,1.6316183806354638,1.6316176139275396,1.6316145461812561,1.631610709440465,1.6315799331737215,1.6315412568780578,1.6314632170049712,1.6312235851083778,1.630805731084694,1.6299000736860074,1.6266097790402942,1.619126526105414
synthetic_cell_00599,0,4,5,0,7,0.316172860616113,0.0479230980225422,0.0093441274869698,0.2884408784782981,0.7113396024701396,-0.7783673062466363,0,0.236640502934282,-0.1183756416115508,0.3200979504153584,0.3943924904137674,0.4673711642203877,0.6848726414576413,-0.0721396644373724,-0.098455795107515,0.2621394123144114,0.0,0.0213013920532118,0.0713350712646964,-1.155433437406835,0.0164167958306102,0.02130139205321177,0.021291638438955804,0.021252623355975678,0.02120385309392012,0.020813634678251744,0.020325720928521265,0.019349424782534812,0.016416795830610238,0.01151667098976292,0.001670333646398761,-0.02822782342435995,-0.07918397833089426
synthetic_cell_00600,0,7,1,1,7,0.1767947863570705,0.037314928371593,0.0697851930634881,0.4203791710509492,0.974291925102684,-1.3887632050576653,1,-0.1906955787253594,0.0610954954779495,-0.8029939936886104,0.3717908764696128,-0.362422079584341,0.540122272749469,-0.9189399257941696,-0.3792994408523097,0.3652424285136612,1.0,-0.7054256377863632,-0.4119329327826728,1.0946470169789155,-0.6977890650942332,-0.7054256377863632,-0.7054103979130387,-0.705349437084835,-0.7052732330461028,-0.7046634806090883,-0.7039009898029898,-0.7023750077137194,-0.6977890650942331,-0.6901192238731351,-0.6746801789954122,-0.6275771057178552,-0.5465247817180019
synthetic_cell_00601,0,9,2,3,21,0.2542098012533419,0.3396220937900062,-0.1429279478561615,0.7051829612211962,0.6810197485299037,0.4909098210428065,0,-0.3352939384697348,-0.8141795460120385,-0.8357957666734646,0.7420466557597124,-0.7532262947440448,0.4000095675752917,0.4932648779732248,-0.6604001508069451,0.4867762435161768,0.0,-0.7730945217254115,-0.974202128282778,0.3014080966403834,-0.775249136807262,-0.7730945217254115,-0.7730988344653675,-0.7731160852865123,-0.7731376485008239,-0.773310141712811,-0.773525726885554,-0.7739567921833135,-0.775249136807262,-0.7774001341161937,-0.7816906648089517,-0.7944593689279333,-0.8153209684959338
synthetic_cell_00602,0,8,1,2,7,0.1447514267009939,0.2225908513727446,0.169340558134797,0.9497503682967752,-0.8219259405628416,0.7733591872252441,1,-0.4168677070643732,-0.1804077298051584,-0.5675955147480335,0.0681632852340351,0.1497873145954851,0.2711974142638349,0.3424404223673969,0.3353611484664781,-0.8195473544336721,1.0,-0.1770472689954856,-0.4323359006611133,-0.4110551002665486,-0.1712264948956704,-0.1770472689954856,-0.17703564802331298,-0.17698916330830045,-0.1769310555553839,-0.1764661191804494,-0.17588476290284982,-0.1747214314531456,-0.17122649489567043,-0.16538518714977893,-0.15364148864084787,-0.1179317675343623,-0.056896303872605636
synthetic_cell_00603,0,4,1,3,14,0.1049034278100514,0.0376110290525961,0.1669596340903124,-1.24335980953405,-1.41731436615401,0.3437559415012803,0,0.2014719109271349,-0.6493170486681177,0.5933955487786218,0.2623767804357996,-0.6625592372682563,0.0160728111857784,0.1966238855656809,-0.4749443623142618,-0.1098334241033772,0.0,-0.1495329073150099,-0.0256519309002958,-0.3820695327933036,-0.1538304229555245,-0.1495329073150099,-0.14954149087295912,-0.14957582556627783,-0.1496187449712751,-0.14996214173041106,-0.15039149140542685,-0.15125053602942629,-0.1538304229555245,-0.15813934979592548,-0.16679091470891916,-0.19300539460709712,-0.23748973591680406
synthetic_cell_00604,0,11,6,3,14,0.2600469222878781,0.2040407830555679,0.0516330390871942,1.2749076594424549,-0.284387373893299,0.6966484453691625,1,0.6688412590461716,0.3594839133815297,1.6331084482112477,-0.0908908272233888,0.7605734562858197,-0.9637909091851916,0.6332398915672387,1.1577041548456457,-0.7960812010106414,1.0,1.3434535891204156,1.0627476894549972,-0.7137212154409647,1.3440490862580072,1.3434535891204156,1.3434547960737113,1.3434596232496767,1.3434656557857854,1.3435138586991182,1.3435739687973045,1.343693709817827,1.344049086258007,1.344628470196329,1.3457381653912313,1.3486615296440596,1.3520949885331572
synthetic_cell_00605,0,9,4,2,7,0.3191775723256143,0.4185299434887447,0.0031160630773102,-0.2300423649780448,1.2420193359469625,-0.4570636453917033,1,-0.7878031022474745,-0.0643378981578177,-0.1608884709447677,-0.7465252258122533,-0.744674602483667,-0.6487151270246069,-0.0877062462005929,0.590801294009125,-0.8958882024993928,1.0,-0.1626076959188952,-0.1406598259979639,-0.3703352970022558,-0.1568365441314508,-0.1626076959188952,-0.16259617384438896,-0.1625500847339406,-0.1624924715180015,-0.16203149268984518,-0.16145508647344312,-0.1603016655740577,-0.15683654413145084,-0.1510452067179911,-0.13940249497741994,-0.10400413245595365,-0.043515691410352275
synthetic_cell_00606,0,6,0,3,21,0.3564938734634011,0.5213984572104311,-0.096802728315252,1.3225227648450408,1.8654689536424007,-1.0576769998636868,0,0.5704503946780609,0.3032115622065508,-0.6757703512114087,-0.1474159413935687,-1.0878996533444938,-1.02653569778799,-0.3378096355089926,-0.593341972028605,0.7763340766314959,0.0,0.0569221200824805,0.2611178717427375,-0.3588634796523375,0.0519151114531016,0.056922120082480474,0.05691212249931641,0.05687213150641763,0.05682214127981876,0.05642216006183615,0.05592203509348381,0.054921290785792345,0.051915111453101605,0.046891715680929445,0.03679625586065939,0.006130013790592088,-0.04617558155525245
synthetic_cell_00607,0,0,3,3,7,0.6260774953138376,0.234639499133672,0.0675055935713956,0.0111213424082797,0.2866354999322267,-0.3061473441038386,1,0.0547976507413743,1.0085806245460762,0.0833112369571205,-0.1325786075717892,0.502675269298107,-0.3933988177814904,-0.5787340513258908,0.6102361368503507,-0.2084078970299358,1.0,0.491644027892188,0.5514001353867892,-1.1382792767580034,0.4951668110307903,0.491644027892188,0.49165106894995175,0.49167923336368874,0.4917144392918038,0.49199610313689573,0.4923482239084123,0.49305260143264906,0.49516681103079024,0.4986940111349618,0.505761049693844,0.5270518697075272,0.5627549180212992
synthetic_cell_00608,0,0,3,0,14,0.0670958721817859,0.0509484383107654,0.1019850640146444,-0.1687914218757483,0.1493772825592131,0.7153609370074417,0,-0.979873949504418,0.1793964231614876,-0.6129946233586603,-0.137148336881427,0.0202863418404072,0.5914559715140445,-0.5233480062652262,-0.7608419912365755,0.0329323421209393,0.0,-0.5712996551738295,-0.4901041662047006,-0.223006433758055,-0.5741477483695915,-0.5712996551738295,-0.5713053500212262,-0.5713281294663687,-0.5713566038977116,-0.5715844043282526,-0.571869167234539,-0.5724387337309446,-0.5741477483695915,-0.5769970874169612,-0.5826989210157383,-0.5998189008809202,-0.6283252109429389
synthetic_cell_00609,0,10,5,3,7,0.1776248285294147,0.047870503141892,-0.0807238573787831,-0.4475351605717281,-0.0260360702006683,-0.0999383635972463,0,0.4086703280924845,0.3926111096485655,0.1044477423657959,0.2405270361824786,0.6127417549022899,0.6406210135898757,0.5571651824960168,0.0065812904991803,-0.2187972000149336,0.0,0.407219728645922,0.3419034387533439,-0.325440874031478,0.4010089048301336,0.407219728645922,0.4072073318494403,0.4071577436660968,0.4070957561927908,0.40659976665345265,0.40597955540619635,0.4047383855639116,0.4010089048301335,0.3947732510599497,0.38222789723897793,0.34400823463774755,0.2784321143772869
synthetic_cell_00610,0,7,5,2,7,0.5985606736509328,0.7083133920542626,0.0331007722019169,0.5579326268894217,-0.5247867558352292,-0.3494756541648127,1,0.8909129131028121,1.832240786271868,0.4599085145468148,0.2231569514480968,-0.1048749566119028,-0.0318342802061192,0.7838185344877536,1.09067204691367,-0.7697350800899393,1.0,1.0080547529249462,1.2722217671424574,-1.2080957589911216,1.0098028648753308,1.0080547529249462,1.0080582570488044,1.0080722732298537,1.0080897927487014,1.0082299205809047,1.0084050094776977,1.0087549503126723,1.0098028648753306,1.0115429473504458,1.0149983382525136,1.025153862798518,1.041293427876346
synthetic_cell_00611,0,4,3,0,21,0.2870948062419186,0.3803295725643727,0.1237417044583363,0.9277115685431468,0.1979555718536408,0.3944237614139981,1,1.7508041751421506,0.9642042263139136,1.7563624373141824,0.2583010526028355,1.209114483138102,-1.012199096355635,1.2340499602213626,1.5523481008621505,-0.8445187282129627,1.0,2.0835072963702097,1.7280837667133346,0.9437209370366488,2.0815595620675427,2.0835072963702097,2.0835034346428554,2.083487986383893,2.083468673023583,2.08331404465172,2.0831204553419735,2.082732263097057,2.0815595620675427,2.079577877920784,2.0755118222876305,2.0624775073275514,2.0378750878088927
synthetic_cell_00612,0,2,7,0,14,0.5193855765806847,0.3307490496382468,0.1512021486271301,0.2623193944326642,1.2589896649243335,0.682504277064092,0,0.9368581905552488,1.0505489399809351,-0.4546335023066354,-0.5328086644512395,1.9585737211987944,-0.187902397298816,-0.4556778897936296,0.4395747311899357,-0.6992135252972053,0.0,1.1657382074196092,0.9407713825548802,-1.5239347860585404,1.1569206970561603,1.1657382074196092,1.1657206154759403,1.1656502459737448,1.1655622802091246,1.1648583986257535,1.1639781580224036,1.1622163816835291,1.15692069705616,1.1480600750588053,1.130209832408618,1.0756343371931376,0.9813228270108243
synthetic_cell_00613,0,2,6,2,14,0.2035096809479878,0.401984374087406,0.0216138059505634,-0.01720901211667,0.1458414502338914,0.2984369306083562,0,-1.4185516166829804,-1.4819419437586725,-1.702867911542056,0.3324264739542421,-1.2402035259590956,0.8239075991500644,-1.0082978219773788,-1.6511896232903764,1.2918782561853477,0.0,-2.0060875841876635,-1.8872669833785984,-0.2096666752266595,-2.004004957172953,-2.0060875841876635,-2.0060834520701505,-2.0060669222746195,-2.006046257047751,-2.005880815911127,-2.0056737160721374,-2.005258520907521,-2.004004957172953,-2.001888995002508,-1.997556280109831,-1.9837381195597172,-1.957889536828569
synthetic_cell_00614,0,5,1,1,7,0.1505352400158888,0.2599622691334955,0.0995687335599713,1.1335128859257049,2.393736681963195,1.3659261579804292,1,-0.3133020103365852,0.2744532120738921,0.1763183524632875,-0.5624345192099638,0.7679308103011205,-0.4311175551151134,0.9098883818073752,1.2093580156458976,-1.1209228337147803,1.0,0.7632188333345886,0.26259005190519,1.2288180882927673,0.765808336122296,0.7632188333345886,0.7632240143571309,0.763244738368581,0.7632706432056791,0.7634778747950102,0.7637368964215928,0.7642548795309538,0.7658083361222959,0.7683957104271818,0.7735634226123452,0.7889983113806295,0.8144131358136132
synthetic_cell_00615,0,5,1,3,21,0.4487549117627861,0.4487440470992781,0.0605373211192484,0.2560378313827243,-0.2882394961078368,-0.3609598822279835,0,0.0286182304821994,-0.3979306808487927,-0.9818347854531456,0.6730555115309339,-0.5007730996149286,0.4435699850534426,-0.8161900011203029,-0.3793165680500579,0.6066558844780258,0.0,-0.8386069042429216,-0.660144543635899,0.3698229590731784,-0.8405363827579087,-0.8386069042429216,-0.8386107682838949,-0.8386262242460508,-0.838645543744744,-0.838800081556181,-0.8389932082877404,-0.839379309391614,-0.8405363827579085,-0.842460664532009,-0.8462930179806815,-0.8576490873483654,-0.876028843811642
synthetic_cell_00616,0,11,5,3,7,0.403141996190968,0.3565106854500728,-0.0794761850231253,0.9094069327534424,0.1861082873169318,1.2787558524573004,1,1.682807961107617,0.6176409168104747,0.7441331829631896,-0.5627628433121978,0.4130199326745709,0.4462963833229976,0.174907179491653,0.50839625287004,-0.3088708289926146,1.0,1.005750970197747,1.511529897912797,-0.2266733393812905,1.007506999212266,1.005750970197747,1.0057544901003774,1.0057685693987335,1.0057861678192037,1.0059269270639746,1.0061028057254944,1.0064543277536608,1.007506999212266,1.0092550542768837,1.0127265572600626,1.0229317579652117,1.0391585985634308
synthetic_cell_00617,0,3,0,0,21,0.0276421014710778,0.1490604008751914,-0.0613662444659983,0.6873334163478741,0.0086253423508809,0.3245523289143986,0,-0.7116245604032689,-0.9208627456893784,-0.2116000623286676,1.5793451172304107,-0.0413546499697609,-0.1851480995166837,-0.8804780268966208,-0.6220367951273618,0.1351588412673993,0.0,-0.9059137714820434,-1.2797587688480645,1.078751462518461,-0.907611946594006,-0.9059137714820434,-0.9059171745334802,-0.9059307864727042,-0.9059478007969641,-0.9060838913818674,-0.9062539445010646,-0.9065938497727596,-0.9076119465940059,-0.9093033027467571,-0.912664928773306,-0.9225696691553963,-0.9383996010215696
synthetic_cell_00618,0,10,0,1,14,0.1041640961011919,-0.0901845936092013,-0.106737980402053,-0.7811188654799335,-0.3025425787593934,1.4494127536528576,1,1.164993426150614,0.9699454267082172,1.3679869565108322,-0.1719036499392059,-0.178355338636507,-0.9840588149567526,0.1084960890153792,1.5182435326971362,-1.3429959547847414,1.0,1.1869619619673055,1.4823172908611653,1.7831317831100226,1.188095250379252,1.1869619619673055,1.1869642407429224,1.1869733553588022,1.1869847475337225,1.187075841115053,1.1871895984455496,1.1874167469453067,1.188095250379252,1.1892161973257152,1.1914203558830556,1.1977181281837748,1.2070800490043734
synthetic_cell_00619,0,5,6,0,7,0.4663230856894251,0.2956447296121333,-0.0348763020010316,0.3963319241603646,0.2793010880004888,-1.0308364416680822,0,-1.5202587128954017,-0.9226516686434304,-0.1749952987320739,0.8405750336996538,-0.7555804286916168,0.7408467413061124,0.4477483025529115,-1.1330139172459217,1.7035063034981586,0.0,-1.14920239155028,-1.3857497866840776,-0.8957971837853003,-1.1500644931968258,-1.14920239155028,-1.1492041283005974,-1.1492110748011692,-1.1492197568002158,-1.1492891677063357,-1.1493758185288303,-1.1495487435097367,-1.1500644931968258,-1.1509139121844552,-1.1525740383543863,-1.1572327787270622,-1.1638460684719878
synthetic_cell_00620,0,2,7,2,14,0.4939491097966798,0.3955483067885517,0.2483619315515953,0.7328226654270558,-0.8299748362678097,-0.0409305836003409,1,0.6309543033843759,0.3060265836634301,0.1213954729913251,-0.466907072904202,-0.8048423665578046,0.4999976036067325,0.1326031489091262,0.764368294787365,-1.2054097126758834,1.0,0.0692242725528853,0.6614445063904761,-0.9409876741942336,0.0741987222289849,0.06922427255288527,0.06923420679369638,0.06927394434621742,0.06932361761266109,0.06972105676031315,0.07021798815946219,0.07121229200068606,0.07419872222898481,0.07918776995760417,0.08920910680195748,0.11960850756169211,0.17131432537950148
synthetic_cell_00621,0,2,4,3,21,0.1435837981216533,0.0915894078832005,-0.0745637744285638,0.557392944814628,-0.743934390957789,0.8180227613203329,1,0.0475504539313028,-0.7389420516308398,0.646906272547874,-0.4729738610868264,0.1739280226719781,0.2101314053543429,0.5380946249891692,0.408537896031679,-0.9873386385404014,1.0,0.2237593438224199,0.1401124211701576,-0.0751008005813086,0.2282027260259493,0.2237593438224199,0.2237682196415006,0.2238037233583541,0.2238481039955317,0.22420318872105685,0.22464714361903873,0.22553538285629413,0.2282027260259493,0.23265698170477975,0.24159753884996857,0.2686647205149198,0.31451619772825157
synthetic_cell_00622,0,10,7,1,14,0.5033120045717462,0.3357944733351,0.1397211056424511,-0.0763169077807053,0.6404958804326649,0.4155595318740248,1,0.6872585371458053,0.6974055909856132,1.1069115729379826,-0.4347111167920645,1.260985790521254,-0.5760103968530306,1.088882141311325,1.2728388085185087,-1.4618967398627434,1.0,1.5625583672035115,1.1567251667015612,0.8041374755964754,1.5624008998536978,1.5625583672035115,1.562558073492547,1.5625568978005764,1.5625554262772419,1.5625435777330985,1.562528576049626,1.562497935274456,1.5624008998536973,1.562222038479632,1.5617993695697598,1.5599982067667633,1.5551311938702064
synthetic_cell_00623,0,5,1,0,7,0.5470743388532541,0.2682883937407173,0.0957080549836447,1.2584414225999303,-0.0491850659142899,-0.2194647720046285,0,0.6946655510822445,-0.0401065220625008,-0.0156036072306,0.124865749988731,0.5760415932427527,0.5077079155145887,0.2098314545834231,0.1907843848607092,-0.2677846554779682,0.0,0.3167846595390741,0.29957646450551,-0.1406137996889164,0.3108846203444577,0.3167846595390741,0.316772882138834,0.31672577162750387,0.3166668814400729,0.3161956780224906,0.3156064690163743,0.3144273689664731,0.3108846203444576,0.3049619308456403,0.2930490573152606,0.25677943402640285,0.1946293172795234
synthetic_cell_00624,0,3,2,1,14,0.6486956545214279,0.4273768511552416,-0.1067267374910065,-0.8996325157478406,-0.2208335147952172,0.2227054780729971,1,-0.1104097887759133,-0.1584396520573489,1.213472963015857,-0.3013032521764467,-0.0290287745965728,0.0618734390475484,0.0472705480649375,0.0819472365058994,0.3737493640988152,1.0,0.2558811288558285,0.4278825187742319,0.6147357394352637,0.2602141229445306,0.2558811288558285,0.2558897846705113,0.2559244083388551,0.25596768884582827,0.25631396974687787,0.2567469129064347,0.257613105469234,0.2602141229445306,0.2645572163148976,0.27327312171676477,0.29964766562274303,0.3442822548580612
synthetic_cell_00625,0,3,0,1,7,0.2561731617924734,0.1823208752963849,-0.1527342940791923,0.3139386296120069,-0.394900916570375,0.1587085397426142,1,0.7533708376621351,0.5106960261630736,0.9488134407831864,-0.4609898823392704,-0.0919026748046779,-0.4102491742037405,1.4719455077403318,0.6186528654967507,-0.9090623362134346,1.0,1.1331009814764983,1.0690495948541372,1.5816770400509992,1.134419365831679,1.1331009814764983,1.1331036291498142,1.1331142194083321,1.133127456253199,1.1332333118602957,1.133365533389711,1.133629649184453,1.1344193658316788,1.1357267068692936,1.1383075556744422,1.1457667251012689,1.1571690922910565
synthetic_cell_00626,0,9,5,1,21,0.4555229845876622,0.4169809072893032,-0.083956646515734,-0.1793954218949016,-0.5354335347274761,-1.654619222475708,0,-1.8686199332865407,-1.9768453657283769,-1.8173491757021931,1.6713009169112043,-1.3887032344758503,1.623055417460744,0.230859021978276,-2.5450206166362577,2.671784263635597,0.0,-2.4903376651313187,-2.80023018225796,2.1184114248340147,-2.486590888584299,-2.4903376651313187,-2.4903302163504466,-2.490300419435368,-2.4902631692603103,-2.489965006585625,-2.4895918999316935,-2.4888443414230474,-2.4865908885842987,-2.482799105570916,-2.4750796665352786,-2.4508196861890847,-2.4066259803198666
synthetic_cell_00627,0,4,3,0,7,0.4028677631935878,0.169593423249847,0.0188259672152513,0.7952927640570571,1.526086353325503,0.7573756253459176,1,1.357789647207991,0.6371486920970738,0.1052385351123386,0.5317507479776619,0.5376832226883057,-0.4796410893545322,0.2757359263983551,0.9148422831295552,-0.8360828355717784,1.0,0.9141040638046648,0.7795982502263642,-0.9380117228131972,0.9161750419795732,0.9141040638046648,0.9141082114034967,0.9141248015748727,0.9141455387851011,0.9143114162876768,0.9145187126228908,0.9149331361837102,0.9161750419795732,0.9182402550622647,0.9223527136234053,0.9345340843264197,0.9542328371641328
synthetic_cell_00628,0,8,4,0,7,0.2742817672238544,0.1675905016889529,-0.0442705212754952,0.5846344655998931,-0.4761151176666076,-0.4242591026542056,1,0.6754591808554966,-0.0412363798744503,-0.164484444677831,-0.1187017608706205,1.4740307978948974,-0.3623373068588058,-0.3741841174980465,0.5038566965575046,-0.1348664429657518,1.0,0.705293295764544,0.3264731931290284,-0.5221804916064786,0.7080818625484167,0.705293295764544,0.7052988735232265,0.7053211845349933,0.7053490732479383,0.7055721808623684,0.7058510600674509,0.7064088001662872,0.7080818625484165,0.7108696969606276,0.7164425258908419,0.7331264552864788,0.7607357060321862
synthetic_cell_00629,0,4,5,2,14,0.3198135463723024,0.4152397567957843,-0.0244954085788174,0.4365303294749516,0.1186201447302917,-1.4358268792945093,1,1.3892633887725656,0.9479063354502802,1.4311875034500734,0.0672489007796789,0.9320940365328716,0.3314903819693323,0.6507033216993185,1.6506467238796347,-1.3457696890533082,1.0,1.335416454742013,1.5145467025278423,0.071112484527673,1.3360395718923694,1.335416454742013,1.3354177167422157,1.3354227641135448,1.3354290719112638,1.335479477613772,1.3355423429393332,1.3356676002188377,1.336039571892369,1.3366467695530608,1.337812674458835,1.3409093423664458,1.3446472766199287
synthetic_cell_00630,0,5,3,3,21,0.3412083959749348,0.3906332727134488,0.1103138079964385,0.9121107948339826,-1.6140725318557811,-0.4336778590190751,0,-0.9868889609032532,-1.3268430585883282,-0.9646963678222964,0.1878693270029927,-0.5734576058459647,0.3490103523847342,-0.3497749389598933,-1.0344111692173548,1.109626815146782,0.0,-1.161521017306576,-1.3333430028882511,-0.2936580743338124,-1.1623407853818997,-1.161521017306576,-1.1615226696857464,-1.1615292786898739,-1.1615375387916862,-1.1616035734527177,-1.1616860013005412,-1.1618504714358806,-1.1623407853818994,-1.1631475738969461,-1.1647215466744492,-1.1691146621657993,-1.1752612783565346
synthetic_cell_00631,0,1,7,0,7,0.4403603598226624,0.3199286178846016,0.2987828165036094,-0.840876684368583,-0.6405521074776475,-0.5017839444309677,0,-2.2445437785196813,-1.6922792169192633,-1.7483421923560891,1.729891007269958,-2.709065095029834,0.6714295930970279,-0.4074554729089603,-2.4340984893003363,2.1672960794042218,0.0,-2.837959987355992,-2.8565265298780984,-1.04603411172949,-2.83301858937737,-2.837959987355992,-2.8379501576850297,-2.8379108368749892,-2.8378616810783726,-2.8374682433152865,-2.836975967503132,-2.835989819633285,-2.8330185893773696,-2.828023806600065,-2.8178731838483273,-2.7861174698128557,-2.728754588433484
synthetic_cell_00632,0,2,1,3,14,0.1437361892076257,0.1435395572932038,0.2001533739178718,-0.3775474521704909,0.3683136633277601,1.0648592183287895,0,-1.5781552763817015,-0.3699069641577584,-1.0939470692021578,1.266791435873585,0.129895602590555,1.2009297101287937,-0.3681441040952725,-0.7313861591659575,0.6478816249591017,0.0,-1.335480139283925,-1.635950149553428,-0.5205425054296087,-1.3357020881685622,-1.335480139283925,-1.3354806002046555,-1.3354824432075818,-1.3354847454311434,-1.3355031019953874,-1.3355258945413164,-1.3355709684436348,-1.335702088168562,-1.3359068647606358,-1.3362642108787464,-1.3369062690650941,-1.3364626922145684
synthetic_cell_00633,0,9,2,3,14,0.0531197538973869,0.0749833484341828,-0.0021897175937898,-0.5475894837832791,-0.6856280746355334,0.2773112381069046,0,-0.8605948767722864,-1.3790664972158395,-0.5975793007428777,1.7020887266399771,-0.7079450290815945,1.082457899151459,0.277161592356519,-1.763875251158086,1.1730355625853683,0.0,-1.4347067243359206,-1.7035446970634984,-0.1639953151438886,-1.434587676116778,-1.4347067243359206,-1.4347065056466894,-1.43470563011426,-1.4347045339537285,-1.4346956948488279,-1.4346844713150693,-1.4346614413988807,-1.4345876761167777,-1.4344490640632996,-1.4341124442236468,-1.4326148928139066,-1.4284122584164995
synthetic_cell_00634,0,0,5,3,14,0.0186593235266408,-0.0858329129633279,-0.0031146804901063,0.4994063215330734,0.4878096752960774,-0.8946917923676403,0,0.472209744240287,0.1522442006159878,1.0083592370988868,0.2369492562203548,0.3626653513607207,-0.0790071751355341,0.830749973825612,-0.0349547657664539,-0.4519989253418751,0.0,0.7297970628255332,0.5696287063939218,-0.2350864045527413,0.7224776859274974,0.7297970628255332,0.7297824566738713,0.729724030759314,0.7296509954233745,0.7290665950367886,0.7283358003576922,0.7268732306938789,0.7224776859274973,0.7151257043726615,0.7003243252279374,0.6551489706684536,0.5773524685227831
synthetic_cell_00635,0,3,3,2,21,0.3016628905196673,0.3139256838097075,0.1107063816825077,0.8586796931014661,1.1235821869265052,1.108862808483261,0,-0.5752530263400254,0.2741814982541096,0.2974312583033763,-0.1500347179297136,0.130174007334869,0.1348036660400092,-0.548463652334104,-0.5252353157527239,0.1909584795368857,0.0,-0.0950077051662347,0.0371162954101518,0.1029967002609029,-0.0994925993808079,-0.09500770516623473,-0.09501666217118428,-0.09505249070498681,-0.09509727752867592,-0.0954556183610853,-0.09590365993827926,-0.09680012774346797,-0.09949259938080787,-0.10399021895213874,-0.11302311951335213,-0.1404133190605033,-0.1869632698288565
synthetic_cell_00636,0,4,2,0,14,0.6450265590966714,0.3370492283711216,0.0614302372936384,-0.5502298767246208,-0.0341371093327583,-0.3126460322569749,1,0.8126441024613957,0.3997397133930404,1.831750959990453,0.0894969748076405,0.2031537454190657,-0.684366010233656,0.2651800833796279,1.1384839812232048,-0.9280367802369596,1.0,1.0541502588275946,1.1476620249403462,-0.9891010445802604,1.0557399612751042,1.0541502588275946,1.0541534472400436,1.0541662005310874,1.0541821413375976,1.0543096354776618,1.0544689222746324,1.05478722562086,1.0557399612751042,1.0573205232615353,1.0604535337059309,1.069615107016849,1.0840084096464644
synthetic_cell_00637,0,9,2,1,21,0.7692226343503255,0.5759103375188908,0.0646010497377723,0.952059865021802,-0.3003862519642845,-1.290344538750393,1,0.7472849058021823,0.3429589692163606,0.4815031162134007,0.0497240682191553,0.7880545928058733,-0.0324186987437199,0.4021604070691006,0.7366425818488037,-0.8468103986377908,1.0,0.8057721304030238,0.6678794020807294,0.4789884112837028,0.8082153966650156,0.8057721304030238,0.805777019974998,0.8057965781432164,0.8058210255841156,0.806016594317293,0.8062610281563056,0.806749804959525,0.8082153966650155,0.8106555088320736,0.8155256138836184,0.8300429315926439,0.8538456851032437
synthetic_cell_00638,0,9,2,3,21,0.4733480972484123,0.386877790193921,0.0217169969701034,0.8259684439070814,0.2101426377656256,0.0897819012039655,1,-0.6892909860733986,-0.0660451225674131,0.3533784363100125,0.8470150188985135,0.8510641774434821,0.7105597649303242,-0.5073562206891069,0.1356591974905106,-0.3303161207463199,1.0,-0.3117930162879402,-0.4828259806762996,0.2150907857033385,-0.305509181713462,-0.3117930162879402,-0.3117804724325292,-0.31173029605486535,-0.31166757343181123,-0.31116570642220753,-0.3105381576642858,-0.3092823439436925,-0.3055091817134619,-0.2992015658745085,-0.2865154892566728,-0.24790026360432502,-0.1817601496313195
synthetic_cell_00639,0,9,2,1,7,0.2779683681994687,0.1807550830312531,-0.0023832009893167,0.0712383317914254,1.384023769904838,0.6146887643007495,1,0.4160204230037234,0.0574272060694578,-0.6817890679384349,0.5337851787465984,-0.5337547539349587,-0.0376658174202276,0.4870321756757264,-0.011095776256258,0.2470180380775381,1.0,-0.0708371001706133,-0.1493894270543607,1.7992831613449984,-0.0653813226081906,-0.07083710017061333,-0.07082620663946594,-0.07078263179078552,-0.07072816160080701,-0.07029233493079341,-0.0697473887903005,-0.06865695431732324,-0.06538132260819059,-0.059907571258576334,-0.048906680148430144,-0.015487154721869675,0.0415246882895599
synthetic_cell_00640,0,2,7,0,14,0.1578791330523648,0.18736782973233,0.2280775467938212,1.3328190133428444,0.8758223899597022,1.0358685173385904,0,0.5161653293952455,-0.2335112623102291,0.1816236439057507,-0.6320166826065023,-0.1230187949937928,1.142801665767187,0.2172443377359577,-0.0234390234517712,0.4783038612789902,0.0,-0.0038626355305991,0.4661429290139489,-0.4169618001852607,-0.0086607543185391,-0.003862635530599125,-0.0038722167946345205,-0.003910542452511028,-0.003958450878688498,-0.004341772427270706,-0.004821059642417721,-0.0057800845463618225,-0.00866075431853917,-0.013473795225740005,-0.023144141643948006,-0.05249969015001282,-0.10250254178858442
synthetic_cell_00641,0,1,3,3,14,0.4668750289913426,0.2301848252347578,0.0873994534932418,0.7803166592408521,-0.4905533782925973,-0.0090162325818377,1,0.4987669339115665,0.381006516398574,-0.2629225168095217,-1.2152778378816924,0.5000602992866926,-0.1061244938847171,-0.9834860339626402,0.839673032352816,-0.6731937782966735,1.0,0.4116235790409038,0.7659340501940026,-0.9350800939354862,0.4154213564392315,0.4116235790409038,0.41163116816443185,0.4116615249182486,0.4116994714447664,0.4120030670095746,0.4123826197637936,0.41314191904234193,0.41542135643923145,0.41922547944197003,0.4268521610380346,0.44986845129898834,0.4886029601029263
synthetic_cell_00642,0,7,0,1,14,0.4326538811897371,0.190472594473313,-0.2156762446210519,0.6601831141306493,-0.4397691839378621,0.1126203738515791,0,-0.4627056465559627,-0.1449979544784643,0.0488063414779751,1.4534545165013295,0.2045648065085974,0.93740886937497,-0.3455994278196826,-0.3634114619429054,0.5587543665302173,0.0,-0.6614434480984677,-0.7204466816660221,1.4293291454713637,-0.6639817576581716,-0.6614434480984677,-0.6614485255445942,-0.6614688352978891,-0.6614942224191949,-0.6616973165599191,-0.6619511770780818,-0.6624588736984895,-0.6639817576581716,-0.6665191404395762,-0.6715905308606441,-0.6867667521628538,-0.7118580932937109
synthetic_cell_00643,0,1,1,0,14,0.4516889797676902,0.0936196969531984,0.1985056948478404,-1.088913670558327,-0.0770908131934625,0.1154977330368283,1,1.1880726118810463,1.3814046893773582,0.2621628096934393,-0.1885889201922864,1.6508280146922971,-1.0123750685998387,-0.4186767955098319,1.1157958453045145,-1.1921604466868718,1.0,1.5410671502469406,1.3054447500388908,-0.962879648085754,1.5409835385350594,1.5410671502469406,1.5410670037308547,1.5410664168390842,1.541065681362544,1.5410597230546268,1.5410520888216028,1.5410361984677878,1.5409835385350592,1.5408790507764731,1.5406066860713759,1.539268935508232,1.5352160866912905
synthetic_cell_00644,0,3,1,0,21,0.4706062157325905,0.2342231892891391,0.1415263956137797,-0.4802439783206266,0.8363856963708783,0.1537580394703166,1,-0.0005133093268446,-0.6565118084482618,-0.2268167549949313,-0.2303549472950656,1.230260749013719,0.4149298698564413,0.4509255328432701,0.3917022047645682,-0.6957842038575209,1.0,0.2721357265721439,-0.2180112318098287,0.5227249533058955,0.2764128609258621,0.2721357265721439,0.2721442710579271,0.2721784493950266,0.2722211732027413,0.27256299910152165,0.27299036998736864,0.2738454062640558,0.2764128609258621,0.28069970279577816,0.28930192760018886,0.31532597578734195,0.35934478278864473
synthetic_cell_00645,0,2,3,0,21,0.3894229658656377,0.387063950345813,0.1686128103275233,0.3980045032244915,0.13033387201233,-0.0508273595357225,1,0.5021375309753899,0.4599027646396043,0.6054692508903565,-0.8140806615152139,0.3036206165945285,-0.5667040610863988,-0.106894176647747,0.3826127568705179,0.105152340683011,1.0,0.8139530215473266,0.9430529268349072,0.9206691985059916,0.8163681737692648,0.8139530215473266,0.8139578550877936,0.8139771891221087,0.8140013563779114,0.814194682921571,0.8144363122516415,0.8149194741289272,0.8163681737692647,0.8187799747218637,0.8235928646636138,0.8379337789099207,0.8614266110362454
synthetic_cell_00646,0,4,2,1,7,0.1539267415105195,0.1346763678451558,0.0727944318289457,-0.1470221673733079,0.6258816458663367,0.2824729069029629,1,-0.2265445503940465,-0.4529317889884118,0.1817021329464584,-0.4028988126032981,0.5654719607995122,0.0422809438113156,0.3850428547077833,0.4640395019801731,-0.0835492279043133,1.0,0.2455222258573438,-0.0466454826570465,1.351498223977656,0.2498908188323624,0.2455222258573438,0.24553095262089247,0.24556586009467035,0.2456094953808708,0.24595861541317238,0.24639510973061388,0.24726841209014122,0.24989081883236228,0.25426976075751107,0.26305811374020505,0.28965602528751544,0.3346830467774905
synthetic_cell_00647,0,10,1,1,14,0.2043290922208478,0.1824902967980883,0.138564667615241,-0.558309858259556,0.6471005520502621,0.4958329668560368,1,0.1303253033999092,0.0616290111055494,0.524743916655038,0.6275224486065063,-0.4951939619030595,0.1488169775694009,-0.4353625162556561,-0.3103099952487408,0.6789608240407781,1.0,-0.213346934169801,0.0808368715790482,1.5596147629240449,-0.2074014144618796,-0.213346934169801,-0.21333506457863133,-0.21328758535269082,-0.21322823438249894,-0.21275334912457478,-0.21215954888044594,-0.2109713032829093,-0.20740141446187957,-0.20143448621971013,-0.18943691691701958,-0.1529444709802777,-0.09053384631452939
synthetic_cell_00648,0,3,6,1,14,0.0496105612668932,0.0068208859816384,0.0582316397986586,0.1553871123493666,1.0566186714381192,-0.1590966674544653,1,-0.0568991316765085,0.6032126806467702,-0.965183612756404,0.600865523911307,-0.290984847066718,0.6324153097525463,-0.6967270287605156,0.060191749006298,-0.4595369366371569,1.0,-0.5475857513271639,-0.2622992915213917,1.858008245970885,-0.5404916032696752,-0.5475857513271639,-0.5475715925104849,-0.5475149560607899,-0.5474441578370326,-0.5468776655941259,-0.5461692842200192,-0.5447516349830276,-0.5404916032696752,-0.5333679909125139,-0.5190328387861395,-0.4753332458917532,-0.40026046070281845
synthetic_cell_00649,0,7,7,1,21,0.1690311641990433,0.2628184021940012,0.2468396153830991,0.5308906776346326,0.6496448484329461,-0.1610394733122212,1,-1.1078779560799603,-0.1238277731998295,-0.132307590771144,-0.6645774201895526,-0.8612426234051307,0.2102342119238505,-0.8430765594826679,-0.2407117772281282,0.1646432552618244,1.0,-0.7496100451260156,-0.3322410419178057,2.0896942798987257,-0.7418216305164482,-0.7496100451260156,-0.7495945026305323,-0.7495323312711644,-0.7494546139727851,-0.7488327516307213,-0.7480551138726217,-0.7464988059703977,-0.7418216305164482,-0.7339988824530665,-0.7182508228637964,-0.6701950071141303,-0.5874688199073799
synthetic_cell_00650,0,10,2,3,7,0.2294944345295101,0.1781512644692653,0.0111619739348661,0.3703922496723123,-0.3322393979568097,0.3660817087917214,1,0.0592316191585154,0.457447848508259,1.1640828305475637,-0.591949494974049,0.4205434161427351,-0.1017146561028972,-0.2773652523637343,1.0096221061054895,-1.4627729755595378,1.0,0.6127505961058277,0.8418114889469523,-0.6163917526575783,0.6158571904882825,0.6127505961058277,0.6127568076960639,0.6127816541231209,0.6128127123056014,0.6130611836936651,0.6133717876612639,0.6139930441173183,0.6158571904882824,0.6189652829470127,0.6251853324095976,0.6438647476736024,0.6749798465080913
synthetic_cell_00651,0,8,0,1,7,0.4685024196923115,0.2685624982689459,-0.1765900451096511,0.4148989392775856,0.9449476390279398,-0.6121595986965668,0,-1.379799079572401,-1.0151990382953535,-1.356427276789221,0.4375092292622968,-0.6516315612042058,0.6882611274090928,-0.0687486725527732,-1.462073656531308,1.6005154023566328,0.0,-1.3670000319510618,-1.6032497601400064,1.4746629780622442,-1.3671136611539794,-1.3670000319510618,-1.3670002769897982,-1.3670012564344094,-1.3670024791418127,-1.3670121968460982,-1.3670241839896227,-1.3670476243241985,-1.3671136611539794,-1.3672093583774014,-1.3673462622371004,-1.3673086611891518,-1.365670998193817
synthetic_cell_00652,0,10,1,3,14,0.4597645109049448,0.2759641393949958,0.0553766348751749,0.5224240025027903,0.3510383536327929,-0.8658536867545353,1,-0.054694455276415,0.1781465324815733,1.1560867728802786,0.0358453650445134,0.7889549870816025,-0.3569527958779958,0.1663298471801526,0.6789375579461489,-0.3320215812453195,1.0,0.6901923677689635,0.4543838187340281,-0.4248894045756767,0.6930328296443399,0.6901923677689635,0.6901980489549795,0.690220773690615,0.6902491795911005,0.6904764260141105,0.690760482000897,0.6913285865686803,0.6930328296443399,0.6958729231079762,0.7015513641577052,0.7185609128461178,0.7467422406951232
synthetic_cell_00653,0,1,2,0,7,0.6223505848341051,0.2805450680736333,0.0323917433216246,0.9384183052307904,-0.3117727520236839,-0.7595968303406956,0,-0.8756333807902702,-1.041409421015236,-1.293270858593735,0.3337415380801594,-1.0544595871847262,0.7937943345500147,0.2665082931957725,-1.632461855302046,1.749293963111899,0.0,-1.2653609252381954,-1.3237542327242269,-1.3124616603922776,-1.2658238422957913,-1.2653609252381954,-1.2653618664104265,-1.2653656304868472,-1.2653703342041367,-1.265407908792914,-1.2654547390578812,-1.2655479390367415,-1.265823842295791,-1.2662712770618383,-1.2671190194533606,-1.269273048883743,-1.2714858383749776
synthetic_cell_00654,0,8,3,3,7,0.2951766197811061,0.2847758061467246,0.1414523373168832,-0.6752006833319731,-1.2865637129874838,0.0413395921070541,0,-0.3230580133117101,-0.8841490528514511,-0.3882635087125446,-0.1329819849367094,-0.8311726773778667,-0.0764332065050311,-1.2757644419458534,-0.751047329831074,0.2043818257580421,0.0,-0.8796722769081213,-0.5464079913089083,0.1071561630777192,-0.8814606322237447,-0.8796722769081213,-0.879675859689427,-0.8796901905733849,-0.8797081036353943,-0.8798513863957003,-0.8800304354182642,-0.8803883514476898,-0.8814606322237446,-0.8832428010480624,-0.8867879535348395,-0.8972585357583743,-0.9140825891915434
synthetic_cell_00655,0,3,3,0,21,0.7015475109552548,0.6089225134044036,0.1245276265998238,1.5609598954975807,0.4950411310791386,0.2885232294137949,0,0.6231956506634758,0.3431974386255918,-0.2743509734645125,0.1286814636337387,0.1402162473856261,-0.503651937302809,0.5849202133395371,0.1164510072994121,-0.1142697870711694,0.0,0.5834278671672349,0.3365644770885013,-0.466464224380586,0.5766114953033431,0.5834278671672349,0.5834142635086388,0.5833598477072299,0.5832918253297226,0.5827475412911498,0.5820669237517857,0.5807048140718657,0.5766114953033431,0.5697660465473664,0.5559883370069006,0.5139691218574152,0.44171760777398544
synthetic_cell_00656,0,4,2,1,21,0.3927546219905023,0.4626318733238561,0.0141013183927099,0.3572350412064682,-0.4471309493218071,-0.6725254053071271,1,1.1998809740368686,0.3969204888032113,0.7862931444486221,-0.4077651322911922,1.8458765400758304,-0.7585145499781595,0.8485674098295279,1.2904058012406705,-0.825648425139356,1.0,1.7449048064021824,1.158018474561011,2.1487559272877026,1.7441206964281288,1.7449048064021824,1.744903263787444,1.7448970923048626,1.7448893756483503,1.744827550241378,1.7447500379816991,1.744594244367761,1.7441206964281288,1.7433107975478865,1.7416128431763918,1.7358797684677556,1.72410482098837
synthetic_cell_00657,0,4,0,1,7,0.4023415671095369,0.2697799778211354,-0.1465011570200665,-0.018512002364722,1.2505252851377393,-1.6507397153000425,1,-0.0998997945175419,0.2937923151208346,-0.249707003115445,-0.5621752202604329,-0.3870741237587846,0.4032746133752079,0.3653597843837352,-0.0039946479571708,0.1308476572610316,1.0,0.0145412299939286,0.23024507296693,0.9493038452098737,0.0197036006705212,0.014541229993928576,0.014551538762800256,0.014592774480197959,0.0146443205711664,0.015056747052429511,0.015572424463368316,0.016604259818993137,0.019703600670521126,0.024881887360746754,0.03528566374973389,0.06686418765011787,0.12064159448522487
synthetic_cell_00658,0,7,7,1,7,0.1913859865404379,0.1710290702549706,0.2871596198725256,-0.9242173419862632,-0.7514788386946021,0.370385195686126,1,-0.1033090960997525,-0.0794607102142987,-0.2379403917118198,-1.2168596143421824,0.1626520855085682,-0.3836706056089935,-0.3537639083620809,1.5764135728950823,-2.39733848472463,1.0,0.251885466898668,0.3087309405210597,1.163229318725612,0.2562321922787812,0.251885466898668,0.25189415007992466,0.2519288832184099,0.2519723005717134,0.25231967658956606,0.25275398951061845,0.253622924481983,0.2562321922787812,0.26058911324330386,0.26933296330713374,0.2957936651380451,0.3405796243235331
synthetic_cell_00659,0,0,0,2,7,0.2342170253418753,0.1391929748926736,-0.0621965427680425,-0.1433584312350497,-0.3748819874025537,0.5247674623387157,1,1.9087675123099284,1.7368290656622578,1.200477352491933,-1.1575249462361232,0.1917327717843324,-0.1197248149413836,1.24612821979779,1.4151154777219652,-1.4174988702632283,1.0,1.915220732268449,2.4268680357989303,-0.9899997634771546,1.9138513231286771,1.915220732268449,1.9152180231477811,1.9152071854775452,1.9151936357176067,1.9150851307280654,1.914949232098411,1.91467654274632,1.9138513231286771,1.912452020158105,1.909562918731068,1.9001573444684154,1.8819302212324407
synthetic_cell_00660,0,6,4,0,14,0.3010116277242325,-0.041055833970469,-0.0158415054489768,-0.5238812906195589,0.6790780581835042,-0.2735033820286942,0,-1.0677645751777798,-0.0536110316589055,-0.2920902652632868,0.5502615288575692,-0.1135593237066518,-0.3596846505748613,0.5656936732993195,-1.1257892931535367,1.1909078597060003,0.0,-0.2229006505251919,-0.7601689419624441,-0.8878085733984391,-0.2269460342604068,-0.2229006505251919,-0.2229087315822325,-0.22294105620129756,-0.22298146285458278,-0.2233047512438782,-0.22370894956456466,-0.2245176384954278,-0.22694603426040683,-0.23100106089901265,-0.2391395101368159,-0.263771971190613,-0.30547688026784575
synthetic_cell_00661,0,4,3,3,14,0.0814054419656874,0.1766069021515446,-0.0511431307595683,-0.8446013599315831,0.8457727185026982,0.5912480437447278,1,1.521156105841754,2.085601643428244,2.2974416792065018,-1.2476076265264286,0.8234908669852482,-1.33522356474536,1.0210010368594546,2.2233221980691487,-2.1226157686281657,1.0,2.5985721791378324,2.778212188509761,-0.5472577340735645,2.594854398700952,2.5985721791378324,2.5985647896943425,2.598535230075067,2.5984982763988715,2.5982024808777764,2.5978323210643968,2.5970906158443348,2.594854398700952,2.5910902544163967,2.5834219636111575,2.559281373400349,2.5151664559590166
synthetic_cell_00662,0,0,5,2,7,0.423919870328537,0.5030539753939742,0.0277090979064824,0.7727455242748936,-0.3974062924117003,-0.3694923128959435,0,0.1853840218554627,-0.5966118653190552,0.5111593072356914,0.9951002296538812,-0.0256167216406697,0.2069863265633288,-0.0612465012597402,-0.2068193944624425,-0.0292328095911891,0.0,-0.2093810531383778,-0.2935872463521837,-1.0595642497780748,-0.2134728976436651,-0.2093810531383778,-0.20938922679210561,-0.20942192181093272,-0.20946279149320038,-0.2097897852856124,-0.21019861828864542,-0.21101658634774054,-0.21347289764366514,-0.21757471089931152,-0.2258077128252295,-0.25073169515116267,-0.2929487748786406
synthetic_cell_00663,0,8,7,0,21,0.2645927606874448,0.1969173210146921,0.2295172221306521,0.3703359423521239,-0.6528256177922022,0.4574463822159085,1,0.7554106990510665,0.4711829942579983,-0.2414846811784035,-0.4108412193922169,0.5860257520601604,0.234870933698905,-0.067417466587429,0.2180483851352923,-0.4196355844671743,1.0,0.5300411224392665,0.648341799303585,0.2839307060590197,0.5334319520492128,0.5300411224392665,0.5300479005125898,0.5300750129516061,0.5301089038281627,0.5303800439342902,0.5307190017149893,0.5313970255281026,0.5334319520492127,0.536826273184681,0.5436247720525241,0.564087640646618,0.5983360698383082
synthetic_cell_00664,0,11,0,3,7,0.4645975509565679,0.2818208052850841,-0.1422592544534672,-0.5271113768336321,0.1671110914888283,0.6054412328911118,0,0.2858484945458564,0.995307418467828,0.6556157688200711,1.0143338534715831,0.3912482143608778,0.6041984684338632,-0.4936115709330063,-0.232638002152264,0.4205506064979901,0.0,0.1626987338988229,0.4403130130121794,-0.8216070813622264,0.1573282186654416,0.1626987338988229,0.16268801184408277,0.16264512286306598,0.1625915099222356,0.16216253782654524,0.16162615134901398,0.16055280763355453,0.1573282186654415,0.1519387668798489,0.14110353183625962,0.1081564427749901,0.0518436513914961
synthetic_cell_00665,0,9,3,3,7,0.4187706345670769,0.1392860062688197,0.0917196338305096,-0.0947243047256308,-0.2969799557862568,0.6721252865401586,1,0.6300322739428056,1.0828203627443769,0.2878408244580156,-0.4355808033180043,0.1760504129065656,-0.4824646969165838,-0.0229850792777309,0.7033322051362859,-1.4906051889847152,1.0,0.837913643267234,1.0200856073252678,-0.7307808946008375,0.8402464536187252,0.837913643267234,0.8379183126996931,0.8379369902789134,0.8379603369139553,0.8381470964157234,0.8383805117533708,0.8388472283420065,0.8402464536187251,0.8425753352061695,0.8472206505428702,0.861044905104343,0.883630023276217
synthetic_cell_00666,0,7,1,2,14,0.3818675532386701,0.2387030923815336,0.1575339360690479,-0.9770223621388688,0.1082470214331693,-0.308478756879488,0,-0.8374249560815378,-0.1516571112727392,-0.393536812496415,-0.8149570329988387,-0.7762270243281999,1.214940712587698,-0.732234392644794,-0.2034741075879368,0.331531288238747,0.0,-0.9250340901259776,-0.251160860307609,-0.8613351426714644,-0.9266665573101954,-0.9250340901259776,-0.9250373622209874,-0.9250504503161004,-0.925066809793812,-0.9251976599498574,-0.925361158391371,-0.9256879404994498,-0.9266665573101954,-0.9282917447006315,-0.9315196479931618,-0.9410120994989456,-0.9561176853840535
synthetic_cell_00667,0,2,0,1,14,0.4402159288765065,0.3595159099261508,-0.1258116192862116,0.097466897913018,0.4184126751820421,1.1508213774485243,1,0.263860658182351,-0.2262140898938132,0.8288469895494821,-0.6774861003095116,0.630941105353199,0.0282451481530312,0.7135778354722868,0.3014467782739028,-0.0058171119194381,1.0,0.730526247930869,0.5791696503730368,1.1288386498680851,0.733228100417318,0.730526247930869,0.7305316528672615,0.7305532725655807,0.7305802970820685,0.7307964889388084,0.7310667179811224,0.731607139531771,0.7332281004173179,0.735928612371912,0.7413249683356513,0.7574648029550304,0.7841181393233438
synthetic_cell_00668,0,3,2,1,7,0.1145060569090657,0.114472171697499,-0.0211226691238749,1.0943715557430027,0.4541956537694338,0.7246021761289412,1,-0.5737557434879866,-0.25216326423247,-0.0662027052739285,0.6480867863276871,0.5667366093372919,-0.4739435368945902,-0.4342217377946215,-0.5947564268144163,0.643727888195493,1.0,-0.1094940297873335,-0.5725370370194459,1.272641328537359,-0.1039054057600908,-0.10949402978733352,-0.1094828714921167,-0.10943823754994986,-0.10938244340939272,-0.10893602178574388,-0.1083778235798128,-0.1072608570588237,-0.10390540576009073,-0.09829787624311008,-0.08702662822033201,-0.05277354858529117,0.005702757028966427
synthetic_cell_00669,0,2,1,2,14,0.2887442889678808,0.3805198538580024,0.1446195195176009,0.1859995489142352,-0.4553818680299675,0.5889217110017724,1,-0.0465367690820763,-0.4357388696673587,0.6285482741116948,0.1153779602126647,0.3505196078277169,-0.2924409449444456,0.2629441021989291,0.7992947255766936,-0.6405981414968789,1.0,0.2880098067763975,0.0089604121038975,-0.5234756199107554,0.2922323890625223,0.2880098067763975,0.28801824253947256,0.2880519859704605,0.2880941661111566,0.2884316412985527,0.288853570356719,0.28969771151415324,0.29223238906252225,0.2964642962705444,0.30495550172195823,0.3306372592385588,0.37405469936867153
synthetic_cell_00670,0,8,3,0,14,0.0819276301824413,-0.0880288676559783,0.0588541610079683,0.1870024120630418,-0.0392577248021955,-1.2418034489698513,0,-0.5334005803433468,0.0006971716425575,-0.808247297011689,0.6718149032342058,-1.1993757479592866,0.1681026543731654,0.2332250503317156,-0.4668070956115658,0.2505772423055553,0.0,-0.7465092961786668,-0.7013150325577668,-0.5824315445738524,-0.7487552727127936,-0.7465092961786668,-0.7465137910027296,-0.746531770185891,-0.7465542439102999,-0.7467340235062508,-0.7469587224175169,-0.7474080343915545,-0.7487552727127936,-0.7509982722264512,-0.7554747333480276,-0.7688166911334955,-0.7906854340257842
synthetic_cell_00671,0,6,4,2,14,0.2491569280738296,0.304175337343841,-0.0561353687622881,1.2271067894758312,0.4005954153751849,1.0660872480160444,1,0.4392301212682112,1.452923365156045,0.6359954589720354,-0.974349762137244,0.9355435871855996,-0.2884161720907439,1.5232405325054477,1.1775256746038307,-1.0956353281531677,1.0,1.6188919235561263,1.3832536878287405,-0.2361465017722112,1.6185408631329263,1.6188919235561263,1.6188912440126149,1.6188885249362317,1.618885124060378,1.6188578358156795,1.6188235223042229,1.6187542171903007,1.6185408631329259,1.6181670509439663,1.6173503992081408,1.614334523456083,1.6073333941829624
synthetic_cell_00672,0,8,1,0,14,0.5429838967752877,0.2665600310237566,0.1448048811101561,-0.0241357903025696,-0.4553329372544004,0.9130549907799468,0,1.2316476486783103,0.6887204222049049,-0.965191272989296,-0.5626453031561883,-0.4027528284815762,0.7624492987557301,-0.5823605725489603,-0.049195664072936,-0.0540645195246805,0.0,0.0260711805704623,0.7741101874940125,-1.5406638985714645,0.0211701927319529,0.02607118057046227,0.026061394287584385,0.026022248525525496,0.02597331490429139,0.02558178920196856,0.025092240310746403,0.024112670437146284,0.021170192731952836,0.016253561314590274,0.006373865261410905,-0.02362714212186708,-0.07476399365837612
synthetic_cell_00673,0,7,1,1,14,0.6660002295379311,0.4479301959184792,0.1122091834177148,0.4824834442499572,-1.2755992817695556,0.3796323141917511,0,-0.4903503809645116,-0.3043575375981226,0.1290163607399346,1.4696394937975743,-0.4940113864664487,0.0785286283807029,-0.3359665314629511,-1.138803712803319,0.9955301686803624,0.0,-0.6758844275313298,-0.7774915607074746,1.1408400848613889,-0.6783731099456496,-0.6758844275313298,-0.6758894060701577,-0.6759093201803581,-0.6759342127165207,-0.6761333489250176,-0.6763822588998668,-0.676880044004708,-0.6783731099456496,-0.6808605175277131,-0.6858309113447167,-0.7006957437368347,-0.7252400089737364
synthetic_cell_00674,0,5,7,1,14,0.1624118146409782,-0.0966027497198346,0.1943651271990707,-0.0059176075727496,1.394781128166281,-0.0172061680039175,1,-0.303775505865139,0.3826523078200132,-0.6266518688999649,-0.4648239072192896,-0.2605827306088611,-0.6548572584881986,0.3991909935961979,0.3506218265246367,-1.107003177210221,1.0,0.230823657082514,0.0151579205486162,2.074672240063615,0.2352427624215255,0.230823657082514,0.23083248451760907,0.2308677946917205,0.230911933385171,0.2312650819488696,0.23170661511438265,0.23259000578501762,0.23524276242152548,0.23967257097299718,0.24856372207529018,0.2754785768972573,0.3210624326857464
synthetic_cell_00675,0,6,5,0,21,0.5272807047824939,0.4845842389462613,-0.0534734353387302,1.180156445654383,0.9607346307080292,0.9138198820497953,0,0.6136245249738332,0.2059130962723058,-0.033241947331356,0.6770109667616462,-0.3257930178537491,0.2403670664994195,-0.3845139487195115,-0.0820082651459161,0.1480158296702027,0.0,-0.1093018995802778,0.1640643417479312,-1.0852360014403395,-0.1137376710834979,-0.10930189958027783,-0.10931075868326982,-0.10934619559548349,-0.10939049286122908,-0.1097449159917265,-0.11018805734529591,-0.11107471438030074,-0.11373767108349796,-0.11818582342730587,-0.12711875396222233,-0.15420072970503113,-0.20020916532035818
synthetic_cell_00676,0,6,0,1,7,0.0270982994390962,0.0563001695363079,-0.1397232602988497,0.1041927155726998,0.6102026630945723,1.081158542409433,0,0.0462988645398184,-0.6910454887311188,-0.4474444364768008,-0.1609455976004949,-0.3080621781050126,0.6032021182314685,-0.0907891414016928,-0.8427622898589892,1.040263655826649,0.0,-0.4525019635683571,-0.3064791702596102,1.5843430292373315,-0.4557583109507565,-0.4525019635683571,-0.4525084720696208,-0.4525345062445784,-0.45256704934547404,-0.4528274094243631,-0.4531528976235963,-0.4538040004988249,-0.4557583109507564,-0.45901876742591746,-0.46555144241454877,-0.4852330410315897,-0.5182398320780907
synthetic_cell_00677,0,10,0,3,21,0.0667078840790121,0.2077551275172318,-0.0768342319648096,-0.2504215202175478,0.479975418930439,-0.4246216880912509,1,-0.3375511770687139,-0.253327811376728,0.2966531750738193,0.2901075158287635,0.593203331085026,-0.0777774479516038,-0.0428900145990979,0.2801515255646452,0.1091075234665012,1.0,0.0921641529919262,-0.2207000372451677,1.2069584094560204,0.0970597686258517,0.09216415299192617,0.09217393011585921,0.09221303917878747,0.09226192678355853,0.092653078650455,0.09314214597970152,0.09412070511447228,0.09705976862585171,0.101969429419317,0.11183033046824797,0.14173508165100926,0.192571854840872
synthetic_cell_00678,0,2,0,0,7,0.1221123283387494,0.0878720864760335,-0.1783991838547948,-0.2587448829710727,0.1100994151463318,-0.6202454763343478,0,0.0449456451766311,-0.0203979064657591,-0.437433523332857,1.4201465254059618,0.1645288414210265,-0.3619140604644668,-0.3251967059814564,-0.1012079985383239,0.3486045338566134,0.0,-0.2115966046743135,-0.581724166774176,-0.1526048102909254,-0.2156808353263515,-0.2115966046743135,-0.21160476315357074,-0.21163739747238303,-0.2116781912748339,-0.21200457783676915,-0.21241265132180046,-0.21322909874487228,-0.2156808353263514,-0.21977498132991327,-0.22799248824163923,-0.2528686969258167,-0.29500184364565063
synthetic_cell_00679,0,7,0,2,14,0.2979705637378753,0.4521329032312352,-0.1462294627123763,0.5429725977886212,0.1574081637593791,-1.1413629562386114,0,-0.7995410982290196,-0.7684977915338009,-0.7869905271426492,-0.0555293489799809,-0.3528599062472579,-0.3667162329005204,-1.0865030753026788,-0.4792824509721798,-0.1738012223245103,0.0,-0.8016173805439178,-0.8769987791230435,-0.9704351947689956,-0.8036739754002055,-0.8016173805439178,-0.8016214979287785,-0.8016379673020874,-0.8016585536448314,-0.8018232294132263,-0.8020290366032039,-0.802440525336888,-0.8036739754002055,-0.8057262650306273,-0.8098173139713147,-0.8219709834964529,-0.841752035269282
synthetic_cell_00680,0,7,4,2,7,0.4061825003391632,0.3978206131322908,-0.0823133245217137,0.4976797492149004,1.6120509103025291,-0.5994755972707652,0,-1.5187764703669506,-1.2944909727742475,-0.519928516044285,0.0534280705010381,-0.9399271889750764,-0.0616835593386069,-0.6709098883979601,-0.5987077566751886,0.2785577720042054,0.0,-1.2821749100469044,-1.3746223644403992,0.0326350637518638,-1.2825800450079003,-1.2821749100469044,-1.2821757360589536,-1.2821790394784633,-1.2821831673381991,-1.2822161336098847,-1.282257199836446,-1.282338859595826,-1.2825800450079001,-1.2829692924296305,-1.283699442010058,-1.28549091373248,-1.2870667294081268
synthetic_cell_00681,0,11,4,1,14,0.120673074781648,0.2087011453019756,-0.0866465537106233,0.5580140861666018,-0.1169299403228642,-0.3280163253243952,1,1.4322309118431988,0.535462715907717,-0.0173856585021534,-0.2494505453659342,0.8459802694062561,-0.0989631279242839,0.0484195481936153,0.9468453705428566,-0.9767447976476672,1.0,0.9637901006574608,1.0047204518361343,1.291195891276522,0.9656903302909756,0.9637901006574608,0.963793907953081,0.9638091368637848,0.963828172390566,0.9639804321210631,0.9641706954787937,0.9645510172025464,0.9656903302909755,0.9675835973081164,0.9713485641347187,0.9824585614634896,1.0002750297127705
synthetic_cell_00682,0,3,2,2,21,0.1060968612569802,0.4433820866478149,-0.1232471612926558,0.7568998259842553,0.0021874144929387,0.0562492933911334,1,2.2404238429934136,0.9954914531441674,1.5824043362622613,-1.221081311663545,1.4522801368999123,-0.498209350859548,1.3788861876011356,1.6001317609480383,-1.974753062969258,1.0,2.4448844999732517,2.4258011589477437,0.2190819692008242,2.4416948749037486,2.4448844999732517,2.444878163147643,2.4448528141478234,2.4448211240787945,2.444567450729615,2.444249976921087,2.4436137547003955,2.4416948749037486,2.438462590140094,2.4318691525852416,2.4110425092664745,2.372749830189221
synthetic_cell_00683,0,4,7,3,21,0.2733717749720246,0.309459562394465,0.2007769391293408,-0.5533676084083371,1.1372966588791324,0.1654714504159949,0,0.3896253450802991,0.1810828417395891,-0.716812188242412,0.8715574040026017,0.003882729500197,0.7478791570768096,-0.4933474607636074,-0.951336458531158,0.7455048434020898,0.0,-0.4139680287824597,-0.2403677592568148,0.7764841469076809,-0.4173567999518144,-0.4139680287824597,-0.4139748012053925,-0.4140018911041166,-0.41403575394317466,-0.4143066752657136,-0.41464537336626167,-0.4153229238724316,-0.41735679995181435,-0.4207506089520773,-0.42755278065820695,-0.4480652813626243,-0.4825318755283401
synthetic_cell_00684,0,1,3,1,7,0.0770247809216869,0.0187405772971197,-0.0030688886317261,0.1043288966214985,0.7229038456225619,0.3938869995372316,1,0.8150083408903859,-0.3302127524304268,-0.4722703934078273,0.773885862097908,-0.5882114396790217,-0.2542622275519589,0.4098207416491305,0.467612609498372,-0.270324020284401,1.0,-0.0326287449255918,-0.1374692390367617,1.3399576504194473,-0.0273042722798093,-0.03262874492559183,-0.032618113086195964,-0.032575585041298705,-0.03252242343879822,-0.032097068778753145,-0.03156522092695033,-0.030501010624538735,-0.02730427227980929,-0.021962746737920643,-0.011229075323265204,0.02136656844405908,0.07693094245247449
synthetic_cell_00685,0,10,3,3,21,0.298918119205623,0.153090340939952,0.0171238715024182,0.9944402633558111,0.1789922495846527,-0.2056580837174147,1,0.6200591985794576,0.1862595773280198,-0.1647658544072796,0.919568081236154,0.3151276389239586,-0.5285680293915247,1.3095952413282674,0.6067951583881491,-0.8243540240638347,1.0,0.6631681792697972,0.0317245145673178,0.4683361156189654,0.6661015111155086,0.6631681792697972,0.6631740455464086,0.6631975106704376,0.6632268421149422,0.6634614952313191,0.6637548154384654,0.6643414679632088,0.6661015111155085,0.6690351258817372,0.6749025673575597,0.6924948350119531,0.7216999356701597
synthetic_cell_00686,0,2,3,1,14,0.1957760788683128,0.0188362894379506,0.063918566575569,0.0493855242566602,-0.1446853591941671,0.0674454943724311,1,0.4302460389996695,0.6882552407684225,0.6916181975912891,-0.4568700659189964,0.8164736196625594,-1.3502734326172656,0.7024621197796274,1.2539715655758386,-0.6501747263920791,1.0,1.3871631418276336,0.906304739855127,1.2461406482333748,1.387608428909393,1.3871631418276336,1.3871640494110837,1.3871676790655951,1.3871722146052226,1.3872084377599734,1.3872535636920993,1.3873433048144796,1.387608428909393,1.3880365493119002,1.3888405508099773,1.3908214118176918,1.3925989966898737
synthetic_cell_00687,0,2,0,2,14,0.1259341108998565,0.2316096393737913,-0.218994933351502,0.2545889026799255,-0.4244497601834561,0.6148360359593436,0,-0.6686376605466775,0.24506425430979,-0.1779711910165872,0.57050539161472,-0.3904691968831042,-0.6692813709175619,-0.6259636955515724,-0.5051320855278479,0.6272421987880707,0.0,-0.3130816557792725,-0.4238238967997172,-1.1090332747365228,-0.3168171279964051,-0.3130816557792725,-0.313089119180173,-0.313118973087875,-0.31315629115664834,-0.3134548630571042,-0.3138281462328281,-0.3145749397471416,-0.31681712799640505,-0.32056006959013617,-0.32806781539649077,-0.3507557154828278,-0.38904424589291153
synthetic_cell_00688,0,1,7,2,14,0.4102747029607454,0.4661922796613908,0.2282283414820556,-1.8508512547339568,-0.1516563730902528,-0.5901766093018916,0,-0.569416957549073,-0.696368169471038,0.2018166868754858,1.3002942997971625,-0.8332891415649385,0.5921400387560851,-0.1032412722020917,-0.9994033279240714,1.1569070562483008,0.0,-0.9457708147969616,-0.8907226155479778,-0.613678841209771,-0.9473320191935808,-0.9457708147969616,-0.9457739448646645,-0.9457864648305896,-0.945802114101906,-0.9459272808102845,-0.9460836704504776,-0.9463962199803346,-0.9473320191935809,-0.9488854440035127,-0.9519683198219074,-0.9610136281041872,-0.9753336327730191
synthetic_cell_00689,0,4,1,2,21,0.5120968223283145,0.7261049556401434,0.1267969639659951,-1.2363508905170233,0.1396690055948163,-0.6146035818420662,0,-0.415490516901403,-1.8161671546270943,0.5129198888679165,0.9531768035806442,-1.2656419918662307,1.0065774700847432,-1.1609254555802988,-1.6036094437889077,1.5618169338344086,0.0,-1.5829546490125708,-1.0522648993907266,0.3869077574217706,-1.5823261394133994,-1.5829546490125708,-1.582953414962725,-1.5829484778451421,-1.5829423043821034,-1.5828928340138295,-1.5828307892891909,-1.5827060099300387,-1.5823261394133994,-1.5816744929343798,-1.5803010641288557,-1.5756068625263062,-1.5657880670993405
synthetic_cell_00690,0,1,2,2,14,0.1841661722312657,0.3485004827853961,0.0497701359583476,-0.4315181983051952,0.5150050779700056,-0.3728649168969152,1,0.241673397584045,-0.6639576298199455,-0.111873276707441,0.0379105431028015,0.1011561117601577,0.857650178022599,0.0105819271155351,0.2800425663853759,-0.1284295278633439,1.0,-0.2766636125725383,-0.1648184673011999,-0.9547874319783676,-0.2705005019443511,-0.2766636125725383,-0.27665130932092014,-0.2766020953922408,-0.2765405759064984,-0.27604833703879034,-0.27543283106754235,-0.27420112828993515,-0.2705005019443511,-0.2643144567344238,-0.2518740663939324,-0.21401633138035778,-0.14920704472630736
synthetic_cell_00691,0,0,5,0,7,0.0630498521369832,0.0855981715848507,-0.0031049802912532,-0.4053031272317874,-0.1850308349516948,0.4508828973296813,1,0.6792082292861046,0.943314282844046,0.5844038806517209,-0.1225369034210981,0.6241767821612214,-0.3134042563932642,0.1648044755465404,0.8575064890576778,-1.1754744186786694,1.0,0.95747817630199,0.9738774157840792,-0.3287252346041507,0.959400097178062,0.95747817630199,0.9574820268284303,0.9574974286684909,0.957516680370638,0.9576706700508895,0.9578630972130254,0.9582477511039136,0.9594000971780619,0.9613152075666552,0.9651243184160351,0.9763704189263644,0.994426005420734
synthetic_cell_00692,0,8,2,0,7,0.1367898041833223,0.145339234444424,0.0354211223148463,-1.5500023987045206,0.366800513934528,-0.0337031055029536,0,-0.6955729361769022,-0.4908093294659356,0.3162452985367663,1.1911969973921068,-0.3373221591610732,0.0554230337769339,0.1000199841281997,-0.8058168241993139,0.4748435089858793,0.0,-0.5307246173967277,-0.7902964760701083,0.179033936877963,-0.5337121487315781,-0.5307246173967277,-0.5307305901454534,-0.5307544812349674,-0.530784345309649,-0.5310232664020808,-0.5313219389246017,-0.5319193539558251,-0.533712148731578,-0.5367019038504895,-0.5426875091313972,-0.5606824031150486,-0.5907258405698026
synthetic_cell_00693,0,3,6,3,14,0.1907420817668761,0.0277629518100454,0.0348635691290798,0.147237637798327,0.710222756307627,0.3136720056265308,0,0.8937666873242751,0.4408065444942632,0.1554140805053164,0.9679895443260128,-0.7137812144384728,0.169180879856742,-0.2228019647825661,-0.2994054587258694,-0.0113443790853753,0.0,-0.0455008200744508,0.3494492365445354,-0.8001771429931155,-0.0501558471664641,-0.045500820074450825,-0.045510116155589066,-0.04554730104179864,-0.04559378341321526,-0.045965692916426264,-0.046430706055701924,-0.04736115273777492,-0.05015584716646416,-0.05482479282150792,-0.06420393217457943,-0.09266164207048734,-0.14108709051851304
synthetic_cell_00694,0,7,0,1,7,0.1637964174876096,0.0501425549413789,-0.1170283974258756,0.5187400645640624,0.8736447455541732,-0.2149317576081752,1,0.8359540991580698,1.121919755352891,1.6635645772878551,0.260468587332999,1.069765973347039,-0.9430072541049224,0.8177343781108374,2.117483120268969,-2.304624629700657,1.0,1.6672443485594377,1.33759313016195,1.3103728751776322,1.6667271226184153,1.6672443485594377,1.6672433378467169,1.6672392940469563,1.667234237162162,1.6671936966569725,1.6671428073463874,1.6670403157152123,1.6667271226184153,1.6661859795299558,1.6650311630078487,1.6609726703756773,1.6521397784955552
synthetic_cell_00695,0,8,2,0,14,0.6241125010404512,0.4281139840826173,0.024692147114388,0.4857172021833284,0.0639445331742679,-0.2262971580194284,1,1.8742424569552292,1.3443388207740103,1.850417424389916,-0.0770484370329078,0.8543651641467145,-0.1271019503319644,0.4980531935892705,2.0599672472768567,-1.5655482975361203,1.0,1.7517407926195854,2.0871456220427893,-0.9812876619340302,1.7509331904382732,1.7517407926195854,1.7517392031846897,1.7517328444148983,1.7517248936345697,1.7516611946448335,1.7515813389259722,1.751420853456878,1.750933190438273,1.7500996345910298,1.7483538710389597,1.7424733928728549,1.7304394738127438
synthetic_cell_00696,0,4,2,0,14,0.544973287162917,0.1976239217527239,0.0556697245500285,0.7144802010626985,-0.0850704437603486,-2.0874346129186754,0,-0.9330871515899768,-1.6717315398849455,-1.498569499121269,2.1710372155928632,-1.7992614638941695,0.6852781959729366,-1.0209263939196234,-1.6394367833354302,1.1830542419177597,0.0,-2.3517124648932675,-2.3131082241429204,-0.8846109285546578,-2.348442080754263,-2.3517124648932675,-2.3517059655662833,-2.3516799666001913,-2.3516474641615903,-2.3513872953882253,-2.3510617111382497,-2.3504092975494104,-2.3484420807542628,-2.34513003126919,-2.3383801022676116,-2.317109278592823,-2.2781671905724883
synthetic_cell_00697,0,8,1,2,21,0.3094290515384125,0.526400038973563,0.0465146757798738,0.7917999142825292,0.4576005864286254,-0.3272172935421888,0,-0.6168797623852031,-0.252728826774925,-1.215457112759708,0.3685723065747031,-0.2485704212933873,0.0147907834049092,-0.3148385083037667,-0.82373445486407,1.1778796214399232,0.0,-0.6544172175834457,-0.8701740455420672,0.0116312235679667,-0.6569796731344166,-0.6544172175834457,-0.6544223431527264,-0.6544428454054011,-0.6544684731661484,-0.6546734930311161,-0.6549297622265197,-0.6554422812755892,-0.6569796731344165,-0.6595413712520651,-0.6646619013748197,-0.6799896283468696,-0.7053471481921285
synthetic_cell_00698,0,8,4,3,14,0.4055875038408979,0.2079755830172579,-0.1549967956723666,0.5495190632498481,-0.6535562342933737,-0.3450457221504209,0,0.8377694198118542,0.4438000331452194,1.019455196286161,0.2143242475163704,0.7008369388744549,0.0380556538289438,0.400838126568718,0.3914724112877829,-0.2443833204679417,0.0,0.8835716375998535,0.8688691587256697,-1.3543859925335215,0.8757238067133474,0.8835716375998535,0.8835559782351559,0.8834933393204423,0.8834150374012723,0.8827884910267314,0.8820049805539119,0.8804368682502315,0.8757238067133473,0.8678396649221755,0.851962824800869,0.8034716496309204,0.7198496172050238
synthetic_cell_00699,0,8,0,0,21,0.1005337845287715,0.2292658879702342,-0.1295899554208178,-0.265483207926414,-0.1134529034888734,0.8222038147185341,1,0.7114035224602832,0.5925303084007312,0.7959159166639014,-0.5129296994839347,0.996534955774714,-0.3134652067332253,0.4411617452549066,0.9478724686052692,-0.7207087693665979,1.0,1.1770303484995903,1.051102556661646,0.3474884811755261,1.1781977673960895,1.1770303484995903,1.1770326952975365,1.1770420820122933,1.1770538143323188,1.1771476299349082,1.1772647919432435,1.1774987569710587,1.1781977673960895,1.1793530841971138,1.1816267019790023,1.1881386283339908,1.1978767941552506
synthetic_cell_00700,0,5,2,1,7,0.5339415690553114,0.1441551009137201,0.0029489868436094,-0.9114462583245,-1.0530112609297206,1.129581050447652,1,-0.4782130675605648,-1.1736581319830617,0.1301167425089855,-0.3867881653790532,-0.3727638333954961,-0.0653309465095154,0.1560628549625582,-0.1539505010704542,0.3097254159257515,1.0,-0.3495573487436813,-0.478509979490692,0.9339522385520164,-0.3431437351590028,-0.3495573487436813,-0.3495445462376625,-0.34949333522121795,-0.3494293192179005,-0.3489171018945135,-0.3482766070643119,-0.3469948739266365,-0.34314373515900287,-0.3367054301205234,-0.32375523919170723,-0.28432570628420384,-0.21675494447779475
synthetic_cell_00701,0,2,4,1,14,0.5849748342536202,0.4100603967976857,-0.0319057702698356,1.4806724499571604,-0.077753756960882,-0.108527363519937,0,-1.3058503338718928,-1.1836627767774104,-0.7655623408276419,0.1386012677900954,-0.6866429330096275,1.2715786988012572,-1.2221035143643206,-1.5446233752046326,1.27781097460365,0.0,-1.6857732946806243,-1.3407449662185067,0.8140046971179351,-1.6847914436823817,-1.6857732946806243,-1.6857713564185375,-1.6857636023530234,-1.685753907482393,-1.6856762569457897,-1.6855789647394144,-1.6853836161635547,-1.6847914436823812,-1.683783977687302,-1.6816914609490472,-1.6747801946272711,-1.6610662615639953
synthetic_cell_00702,0,11,4,3,7,0.3838972154150616,0.3522542457209474,-0.0351380974102696,0.0598209974262243,-0.3551594371443672,-0.5791102361975675,0,-0.2414936530137839,-0.1772366293948049,-0.6980061322365156,0.1903546749609332,-0.999574694055577,-0.4543333437334995,-0.8584657766383819,-0.7960900410990893,0.739481415963784,0.0,-0.6356571946637436,-0.4349136228541883,-1.0642386400089352,-0.6382841199682499,-0.6356571946637436,-0.6356624487217599,-0.6356834649474344,-0.6357097352150607,-0.635919896760317,-0.6361825971196495,-0.6367079920446292,-0.6382841199682499,-0.6409107399902202,-0.6461624730286682,-0.6618947198684613,-0.6879629364055291
synthetic_cell_00703,0,9,7,0,7,0.5160193562193791,0.2836436647759907,0.1689515527959746,0.2588097598954995,0.2663490298738999,-1.0454579238758492,0,0.8791123597311542,-0.1055639701500007,0.4431988643552372,-0.1462297769718626,0.917673381584048,0.5689710618631633,0.0177353876307131,0.0782697457163768,0.1128667442348888,0.0,0.5342900305598522,0.6023589216239318,-1.271460660676747,0.5276425233198951,0.5342900305598522,0.5342767634498052,0.5342236938898907,0.5341573544206706,0.5336265379054048,0.5329627654138153,0.5316343813156472,0.527642523319895,0.5209671234993838,0.5075330717178321,0.46657340917394186,0.39618341189510226
synthetic_cell_00704,0,7,6,1,7,0.3451014559795387,0.2943359482530165,0.143348606482835,0.7413399098849827,-0.0362619841642382,0.6961347680598596,1,2.2468500923782178,1.467971678040335,1.6250209220724583,-1.4646138141373637,1.4307516687138346,-0.6534078246234345,0.8604533026290688,2.2273656197479768,-1.68878758097557,1.0,2.526018694400776,2.719478736038151,0.9691558726869488,2.522550247629379,2.526018694400776,2.52601180188128,2.525984230027817,2.525949761216019,2.5256738508957013,2.5253285632989466,2.524636654908575,2.522550247629379,2.5190371856816887,2.511876315831209,2.489300186718116,2.447933854489209
synthetic_cell_00705,0,5,1,3,7,0.4993695393802722,0.2914880233943935,0.1449731726407538,-0.1202092155570442,0.2802909743442967,-0.941104732118078,1,0.4245766317238258,0.6837674424256657,-0.0651522922821725,0.7734946415386404,0.3751154989513323,0.092995264092655,-0.3932455963387741,0.4422756151311509,0.0832646781569179,1.0,0.193146491060087,0.2267464369985797,-0.5341726596304955,0.1976950758575072,0.193146491060087,0.1931555765487807,0.19319191897355242,0.19323734806192697,0.19360082304914325,0.19405527240522302,0.19496452266656444,0.1976950758575072,0.20225527195584342,0.2114099277488488,0.239137210267816,0.2861484117137968
synthetic_cell_00706,0,0,7,0,7,0.418454752501652,0.2269988443879122,0.2875057041654018,1.5371332901076449,0.343436406114692,-1.477536605441129,0,0.1820990586170752,1.0955588239872576,1.0522780720523388,-0.3742596958113988,0.0683240026837009,0.4903121438177976,-0.4751109369044717,0.3847680808580506,-0.4982899916588603,0.0,0.4243253189065593,1.0457912751000544,-0.9240173739266728,0.4180557108775052,0.4243253189065593,0.4243128049526693,0.42426274812322773,0.42420017480525307,0.42369949702663906,0.42307342177508284,0.4218205115709389,0.41805571087750515,0.41176086061811545,0.3990958745703355,0.36050736641174547,0.29428322527936407
synthetic_cell_00707,0,3,0,2,14,0.2249645961806799,0.2548896569921556,-0.1642979887218329,-0.0332643992005018,0.5887465944125209,0.0322768500969234,0,-0.3663833009333355,-0.6925200338597687,-0.8090466070183664,-0.4841626333677384,0.5137878720769313,0.5832797893456225,-0.981833203612118,-0.4308605805463876,0.1592069587195543,0.0,-0.5453181076848761,-0.5035364740270635,-0.7792951559207983,-0.5482554877631889,-0.5453181076848761,-0.5453239804817456,-0.5453474717497873,-0.545376836016023,-0.5456117573765953,-0.5459054270732274,-0.5464928259135939,-0.5482554877631888,-0.5511947398958159,-0.557078281949821,-0.5747584984521849,-0.6042490823569123
synthetic_cell_00708,0,1,5,1,7,0.2068389235920968,0.1032196741107314,-0.0582131502747241,-0.4633040861805603,0.7094826826262701,-1.805973656880944,1,0.6579893971564739,0.6811910799004242,-0.3010687373874517,0.2713820796974597,-0.5606044520707121,0.5328047074467903,-0.5508371208207803,-0.017493971543216,0.0157339871042469,1.0,-0.1490082284781716,0.4316468432578898,1.2862443126746543,-0.1432838119382197,-0.1490082284781716,-0.1489967995473883,-0.14895108302492163,-0.14889393557341252,-0.14843668403887283,-0.14786493988524282,-0.14672085293262066,-0.14328381193821968,-0.1375395375442345,-0.12599193708299067,-0.09088681806096163,-0.03091357342859798
synthetic_cell_00709,0,6,1,1,14,0.1242542806424203,-0.0367079412179354,0.1521848607616482,0.221052412021468,0.0919441037623446,0.4923808729447037,1,0.0487548011070521,-0.4450190841716526,-0.2457601818757523,0.1129814180158089,-0.2359068298683797,0.6773593757030604,0.0733724205553712,-0.3807156307678838,0.6355775393094548,1.0,-0.3570469625414454,-0.2349533101303504,1.4230105892868947,-0.3506076105257595,-0.3570469625414454,-0.3570341087385273,-0.3569826925272763,-0.3569184200142304,-0.35640414996415976,-0.35576108760329445,-0.3544742139954668,-0.35060761052575956,-0.34414338654291277,-0.3311408151254431,-0.291549784676285,-0.22369528954120235
synthetic_cell_00710,0,7,2,2,21,0.066254520374412,0.3757909277996584,0.0935692246812098,-0.6214636194463403,-1.1085689058440462,-0.2312064856612389,0,-0.1668901689105461,0.5774574480123242,0.5642321343038784,0.2772872381509768,0.6559016356627848,0.6463305154447084,-0.3215755189927622,-0.9748887921724648,0.8558507942462185,0.0,0.1557353383939508,0.2876736158108566,-0.0473484077932641,0.1503887532161931,0.1557353383939508,0.1557246640320034,0.15568196582885993,0.1556285913754521,0.15520152778240925,0.15466752844151346,0.1535989640281272,0.15038875321619302,0.14502339931676272,0.13423686452248967,0.10143992622813175,0.045390933144365486
synthetic_cell_00711,0,5,5,2,7,0.3961913442809928,0.4531503987797814,0.0671898300085616,-0.6942252232371908,0.8275908304881519,0.1354511736438115,0,-0.221367543886546,-0.5527051968879724,-0.4848603367772123,-0.2980395175970767,0.5012281873916438,-0.108754946649934,-1.1536851636838743,-0.5489167857098908,0.6507555863322582,0.0,-0.2931403297780021,-0.3386576040597195,-1.0449052306903577,-0.2969443313555717,-0.2931403297780021,-0.2931479297584674,-0.29317833000362264,-0.29321633103740025,-0.29352036838548734,-0.29390048769019805,-0.294660967863647,-0.29694433135557163,-0.3007562829320861,-0.30840349339290096,-0.33152138562749817,-0.370565364710542
synthetic_cell_00712,0,10,2,0,21,0.3893284473632201,0.3600068210262638,0.0683954534839936,0.0918400125246687,-0.4657856102386934,-0.2878863025477612,0,-0.2539012776898735,-0.1147820133138809,-0.0717655919703693,0.6703927819290085,0.4744750985886535,0.3047893295524726,-1.361345926788114,-0.3930946316267803,0.3776619089132405,0.0,-0.4663762938835896,-0.3781910428608791,-0.3577760838457384,-0.4695849614385324,-0.4663762938835896,-0.4663827073585749,-0.4664083614150645,-0.466440429337827,-0.4666969867896613,-0.4670177186997875,-0.46765929897708336,-0.4695849614385324,-0.4727974036895579,-0.4792330450765542,-0.49861547336271855,-0.5310966552082975
synthetic_cell_00713,0,0,1,2,14,0.3830167474277621,0.2643087477972771,0.1013256415582802,0.7534899917180979,-0.3572848923307128,0.1531352979347458,1,-0.2373751615222132,-0.0841032221148112,0.7586491309782583,-0.2908855552906597,-0.7032086551661343,-0.1731752573368362,1.2889386004413388,0.5255110087872579,-0.6762532875031668,1.0,0.3157614829996109,0.2473723621162231,-0.8122159894625275,0.3198886952675879,0.3157614829996109,0.3157697286894752,0.3158027118009081,0.3158439414820577,0.31617381058884153,0.31658622603501185,0.3174113199268391,0.31988869526758784,0.3240245635914229,0.33232168074926416,0.3574050325792879,0.3997711400661296
synthetic_cell_00714,0,7,3,2,14,0.4571492373483806,0.3538900462369506,-0.0750498077373381,-1.1338420347647518,1.309895932575221,-0.8205803259905109,0,-0.2744917847100983,-0.9408644856789228,-0.1791989694397926,1.2829857193870664,-1.6420212328334578,0.3961541922511092,-0.5444520674888886,-0.942730480690884,0.8740603172152559,0.0,-1.3030466393917328,-0.9717558114374512,-0.8806536157712849,-1.3033800476148414,-1.3030466393917328,-1.3030473224518184,-1.3030500540433838,-1.3030534670729865,-1.303080712895405,-1.303114624039402,-1.3031819585605762,-1.3033800476148414,-1.3036970652519198,-1.3042812431692354,-1.3056226605804084,-1.3064077805804055
synthetic_cell_00715,0,8,5,1,14,0.3654624988078238,0.1027394755312056,-0.0866520324963838,2.074111519057673,-0.0915671515786818,-0.0213150470504372,1,0.7320360524565438,1.0704004704808932,0.3600461274679329,-0.5762581134450141,1.0699981094108704,-0.6826320701251313,0.2751764040642386,1.3760019624112274,-1.4258270731895388,1.0,1.3176865604825758,1.1347859400495173,1.248016970506686,1.3183706072979973,1.3176865604825758,1.3176879439160891,1.317693477037728,1.317700392061732,1.3177556571105333,1.3178246004593952,1.317962026589618,1.3183706072979973,1.31903916194656,1.3203290653054134,1.3238080405540984,1.3282176465454167
synthetic_cell_00716,0,8,4,0,7,0.4421745816156889,0.275046743571582,-0.0661915112758008,0.965833361026848,-0.0681427280668627,0.0852763528683227,1,0.6052043232027353,1.0337834127996162,0.7124899751987123,0.2567308799966805,-0.5812550225668885,-0.7723864598270752,-0.1421729416197961,0.6649234307344235,-0.1912718669552554,1.0,0.5840226473948442,0.8861095389232704,-0.6043190708813578,0.5872279668044965,0.5840226473948442,0.5840290557448512,0.5840546892386426,0.5840867313167583,0.5843430763587216,0.5846635286163941,0.5853045023992522,0.5872279668044964,0.590435476686412,0.596856442248562,0.6161553144323604,0.6483587305998688
synthetic_cell_00717,0,2,5,0,21,0.5078580057315676,0.5129979113303758,0.0422898390522943,-0.0996664001393098,0.0104223087872033,-0.7884954213846405,0,-0.6877386767701973,-0.5814247809795462,-0.3782862207241792,0.7892334953294501,-0.4388730224104889,0.8994585940275411,-0.6179535396678834,-0.8176778199830276,0.8508610434610526,0.0,-1.0601114461827434,-0.9100308673883536,0.143166640611292,-1.0612797133022562,-1.0601114461827434,-1.0601137931233027,-1.0601231804705968,-1.0601349137209932,-1.0602287423562198,-1.0603459346378956,-1.0605800068765732,-1.0612797133022562,-1.0624374450172123,-1.064720651011947,-1.0713004475363892,-1.0812888205855231
synthetic_cell_00718,0,8,5,1,14,0.1198058180726563,-0.0300247595169164,-0.0883189558838755,1.0801247257999322,-0.6121270193891807,1.0921264819219618,1,0.8995701544969563,-0.0022529996949751,0.9445012854765764,0.5792358483889057,-0.7837624670347211,0.7085506652370159,0.423870380568989,0.029899829031045,-0.4286853686341219,1.0,0.0567949383307606,0.564719266059137,1.370228543697055,0.0618121020332416,0.056794938330760575,0.05680495770096872,0.0568450357830415,0.05689513473834354,0.05729598047366579,0.057797172799693874,0.05880000747085187,0.06181210203324162,0.06684416335787872,0.07695242786202502,0.10761984069494251,0.15979652609915426
synthetic_cell_00719,0,1,1,1,14,0.308002278845887,0.1019213807479516,0.0414836262902328,0.2246334795821092,0.0352603629593745,-0.5664218460762354,1,-0.9127904775597304,0.6089299753119259,-0.1409508653510287,0.2472715771972214,0.0821424049414633,-0.0333915949690382,0.8535003724124771,0.4212223982490563,-0.4915468805223207,1.0,0.1205187195054951,-0.2643838894296193,1.0763254434029177,0.1253168932587493,0.12051871950549507,0.12052830242697873,0.12056663465281717,0.12061455114981752,0.12099793169807754,0.12147727873720703,0.1224363768147352,0.1253168932587493,0.13012842877474778,0.13979102506596444,0.1690843705193685,0.2188469714278258
synthetic_cell_00720,0,9,4,2,7,0.3877983539652015,0.3890868978794275,-0.0139284444152273,1.054623225823612,0.8754347563260909,-1.51091804991448,0,1.126073281454376,0.2072604165651757,0.2169825063667392,0.5125528147207516,0.3383603548777747,-0.2108371095968355,-0.6345185876225049,0.3792843462851266,-0.5749837964656989,0.0,0.3924760568482649,0.5407230747349682,-0.8761424715485117,0.3863159003952548,0.3924760568482649,0.39246376103224345,0.3924145767849321,0.3923530942635973,0.3918611456173321,0.39124598868001187,0.39001493810513627,0.38631590039525476,0.3801312693372444,0.3676890290751505,0.329787282299032,0.2647697050007288
synthetic_cell_00721,0,3,1,3,21,0.5356194853452969,0.3742304432173611,0.131268543471474,0.3193220955378763,0.4137167337477122,-0.4979829706207966,1,0.008728757070197,0.1846124355399055,0.623630606121029,0.0705548730309938,-0.1976908184095561,-0.5300857663704623,0.1343558661642347,0.3031482971052957,-0.2028979506145429,1.0,0.3313555605307361,0.3006682905096935,-0.42605242179718,0.3354291829742579,0.3313555605307361,0.3313636994156507,0.33139625529227457,0.33143695089614034,0.33176254603367566,0.33216961564048575,0.3329840065919124,0.33542918297425783,0.33951108562791243,0.34769914170153265,0.37244624052123415,0.41422158863850456
synthetic_cell_00722,0,4,0,2,14,0.3295095050033885,0.2906114053408581,-0.1832310856907224,-1.0209359140071288,-1.2533102800849034,-0.5205534915991588,0,-0.5504914384930086,-1.3228363340505709,-0.9783463945582784,1.0418471220033807,-0.3844270076802522,1.5087829381379398,-0.7685395856442048,-1.0326282529511492,0.6553440366176555,0.0,-1.5619894210136498,-1.431418922997693,-0.7896734145785289,-1.5614329594651493,-1.5619894210136498,-1.5619883305561466,-1.561983967828114,-1.5619785123974184,-1.5619347881041896,-1.5618799305145903,-1.5617695405661176,-1.561432959465149,-1.5608538663370533,-1.55962706310088,-1.5553849319085655,-1.546360374220308
synthetic_cell_00723,0,4,3,3,14,0.1492490785218883,0.1773895963913652,0.0702198174132628,0.989107518299566,0.083029427778261,1.1507885385565442,1,-0.0617265807425473,-0.3620528536331743,0.5692598523050661,-0.7073631315515679,-0.2462099854167763,0.1519251612949656,0.5224939655232709,0.4502068908698302,-0.3059855829339524,1.0,0.1961332576609039,0.2989714056473487,-0.6089763565933017,0.2006715782860762,0.1961332576609039,0.19614232269302004,0.19617858328860655,0.1962239100840311,0.19658656646889147,0.19703999192506935,0.19794719222963358,0.20067157828607618,0.20522143822563907,0.21435520531887045,0.24201808458867782,0.2889161366450501
synthetic_cell_00724,0,4,0,3,14,0.635256274674382,0.3567336549260344,-0.1123061605185434,0.8105337160174506,-0.3942789252126272,0.398016218527098,0,-0.1525055607485572,-1.2487738122963798,-0.468995695339474,0.597098575772611,0.354686357249198,-0.1472420606023764,0.1415141958850729,-0.7826570798400653,0.4691482273903933,0.0,-0.3203841656094313,-0.8961269439856714,-1.4072502227351498,-0.3240945423876641,-0.3203841656094313,-0.3203915789949209,-0.3204212328339503,-0.3204583008010676,-0.320754871255629,-0.32112565104220403,-0.321867432504517,-0.324094542387664,-0.3278122125386826,-0.33526888641481095,-0.3577993234573483,-0.39581120870551456
synthetic_cell_00725,0,8,5,2,14,0.2271089938236889,0.2016941792106137,-0.0096795441623297,0.431859090779418,-0.1167401536222184,-1.04596575257658,0,-2.573868399490552,-1.4151480731717143,-1.9741627654889653,0.7396238536980001,-1.8770571157460192,2.300624738636616,-0.736675225223518,-2.6572935874288968,2.1302598063780684,0.0,-3.0010555263337984,-2.625257122307809,-0.7934574266317799,-2.9955536424087765,-3.0010555263337984,-3.001044579609851,-3.001000790430887,-3.0009460488198934,-3.00050791041217,-2.999959723466445,-2.998861635545653,-2.995553642408776,-2.9899944427849605,-2.9787031705605598,-2.9434306492088513,-2.879889126124377
synthetic_cell_00726,0,5,1,1,14,0.4133246635808181,0.3555476229375983,0.0962621913520752,0.2816245358152552,0.2419906741526393,-0.3415494406877231,0,-0.2100616165573146,-0.4631978953909953,-0.7264882607274672,1.3112671505552973,0.0398434858053908,-0.0964758363450798,-0.6102101843620654,-0.6807676569856405,0.3326852402299941,0.0,-0.6209998332157447,-0.9361019612706072,1.4796870935179989,-0.623677129273212,-0.6209998332157447,-0.6210051876630754,-0.6210266054601161,-0.6210533777236942,-0.6212675565063901,-0.6215352815874216,-0.6220707365410046,-0.623677129273212,-0.6263544733173015,-0.6317087162815949,-0.6477570178479616,-0.6743805076027826
synthetic_cell_00727,0,1,3,2,7,0.3029102874151234,0.3426019980278671,0.0040128340709055,0.1768804360292404,1.036380759229038,1.5246210898725814,0,0.4135627070756116,-0.2164689514119624,0.9547864617290908,-0.7625107865697525,0.4339194728715502,0.0573717839090609,0.6345767447473871,0.157522953162403,-0.4187944634210698,0.0,0.7267549904840452,0.7231091505966261,-0.0339134538280541,0.719446067819191,0.7267549904840452,0.726740405167754,0.7266820625976069,0.7266091314487684,0.726025564822539,0.7252958130028248,0.7238353312546898,0.7194460678191908,0.7121046138170312,0.6973245101666208,0.6522147514065937,0.5745334938295783
synthetic_cell_00728,0,5,6,1,7,0.1390264733219798,0.0283023661451951,-0.0080902976275398,0.7353311971691316,0.6009620935254183,-0.2961734972230756,1,1.4242862702955392,0.355240761972214,0.9094917785638492,-0.0048852483168309,0.8708211393037509,-0.5210531973209164,0.4319612965434752,1.4547610591646332,-0.798584921220402,1.0,1.2707590841631196,1.144892461128679,1.4503835016846127,1.2716043995892086,1.2707590841631196,1.2707607890062669,1.2707676078116108,1.2707761300418792,1.2708442568063094,1.2709292874645668,1.2710989221035134,1.2716043995892083,1.2724353538862532,1.274053456296121,1.278544322446833,1.2847317088981185
synthetic_cell_00729,0,1,1,3,7,0.1302952202488282,0.0149609773324934,0.0855089502736704,-0.141190450825871,0.467545464068304,0.871057697363423,1,-0.0488007605831439,0.5675078406093099,0.0302639164361052,-0.3323238076282092,0.5707000807088446,0.2470926163999264,0.0775703893151177,0.9407384641541056,-0.8265841991222853,1.0,0.3835990481168265,0.3764182134445881,-0.6930870904552902,0.3874931332120773,0.3835990481168265,0.3836068291823666,0.3836379537312063,0.3836768600621964,0.3839881364906618,0.3843772963947854,0.3851558302118074,0.38749313321207723,0.3913942393540743,0.3992169175213543,0.4228374969983441,0.46263367515644516
synthetic_cell_00730,0,10,4,0,14,0.1971705092935063,0.1262413114232922,-0.1225150096062982,0.9097882001713592,0.8315064233786943,0.7080554357508426,0,-0.849163024541344,-1.208682788573798,-1.0930192278417934,1.112879414014177,-0.2293922039343623,0.008420756727131,0.402202779969239,-1.3850626629185725,1.335076980213575,0.0,-0.8918167446896059,-1.585431842106518,-0.4083671206268001,-0.8935633649365653,-0.8918167446896059,-0.8918202442925851,-0.8918342424515479,-0.8918517395810114,-0.891991693828827,-0.892166579580191,-0.8925161602967644,-0.8935633649365653,-0.8953035059883838,-0.8987637231001193,-0.9089724357874704,-0.9253364133927461
synthetic_cell_00731,0,7,4,2,21,0.3571652127483985,0.5806114430987046,-0.1193651753581832,0.1976059038667218,-0.1461294916455724,-0.2892996024875015,0,0.0515205614582331,0.2254741445409713,0.4124680101629758,0.7994218071232536,-0.2641578984886124,0.4227169728621041,-0.0607453329723778,-0.6105902530392824,0.9787387123935082,0.0,-0.1567092157913767,0.0144828681403226,0.022823614580305,-0.1609820696902322,-0.1567092157913767,-0.15671775019827708,-0.15675188828049297,-0.15679456190606975,-0.157135991808129,-0.15756288135735422,-0.15841700054720953,-0.16098206969023213,-0.1652661618268441,-0.17386753743036595,-0.19992727554767464,-0.24413975265362314
synthetic_cell_00732,0,9,5,1,21,0.175370178399351,0.3160439499324145,0.0199813275691977,-0.4150703583324163,-0.6743252620901796,0.1690217705644418,1,0.4158823285498549,0.4896243624245935,0.544279322347983,0.2189816329932341,0.1803465910583414,0.0517400249197011,-0.5452646593743325,-0.3441763343461365,0.6244850635704964,1.0,0.2715738466217055,0.5355920455356633,2.5107044264063068,0.2758529119038707,0.2715738466217055,0.27158239495584446,0.27161658868690836,0.2716593317382953,0.272001311635132,0.272428875140257,0.27328429706127666,0.27585291190387057,0.28014169824456575,0.2887478526970416,0.3147840166264948,0.358824109647739
synthetic_cell_00733,0,2,7,0,7,0.291452106062859,0.2130577528833526,0.2317576680612769,1.5209720599588283,0.2963491149309342,-1.0745568861218098,1,0.6811646122349597,1.0026198981585392,0.7292699112693577,-0.5061227763263354,-0.1244219149967846,-0.0467531284112285,-0.0091486281556661,0.5679047419043026,-0.9758164036098784,1.0,0.7172483909100954,1.1796659143442612,-0.6465915606141556,0.7199958734138034,0.7172483909100954,0.7172538867874783,0.7172758702625387,0.7173033495287093,0.7175231805332271,0.7177979613863513,0.7183474961475798,0.7199958734138034,0.7227423354062409,0.7282315533863404,0.7446576966626407,0.7718140456924721
synthetic_cell_00734,0,7,4,2,7,0.3221446864442172,0.4736513614167982,-0.0162413215300988,-0.7492389534973117,0.284149163997157,-0.9244827282150502,0,-1.6491668055276154,-1.1404602129216308,-0.8451690992698765,-0.1957392586519261,-0.5975117708603297,0.2656402725515494,-0.5738716863096107,-1.857713127362322,1.8379205464305848,0.0,-1.2565923883497934,-1.3917025373012726,-0.8657636907904852,-1.2570854389213235,-1.2565923883497934,-1.2565933895783594,-1.2565973938885597,-1.2566023979170635,-1.2566423757552119,-1.2566922119812263,-1.2567914302146153,-1.2570854389213235,-1.2575632185390453,-1.2584722858879542,-1.2608153901077213,-1.2633603631034895
synthetic_cell_00735,0,2,0,2,14,0.2616492822825161,0.3428663164556408,-0.0425047876367744,0.3453352558289851,0.5232679476042679,0.0135533089192319,1,0.6131289472550824,0.0992844731091062,-0.3373203103020725,-0.258878711804453,0.4413223213045672,-0.039856239027729,-0.2309838235418986,0.2416997869106296,-0.4547916352075755,1.0,0.3362687898289563,0.3471665625053048,-0.2713030732345795,0.340325527715179,0.3362687898289563,0.3362768950628128,0.3363093163304753,0.33634984366249854,0.33667409219964084,0.3370794774917157,0.337890496265452,0.340325527715179,0.3443904273937426,0.3525441215685444,0.3771852770813313,0.4187744945193755
synthetic_cell_00736,0,9,1,3,7,0.1221082493187341,-0.0410362333938545,0.1089919871683431,0.7578358381444006,-0.6353932367209778,0.3384219606192787,0,-0.7129260766142749,-0.054692496222538,-0.4426710539873495,1.188577027205877,-0.1799322751024818,0.9840867675018188,-1.9401949965119671,-0.6700135095483886,0.8797627532798531,0.0,-1.295395952710804,-0.8676442586861869,-1.046443129751517,-1.2957556528999092,-1.295395952710804,-1.2953966881709889,-1.2953996293703143,-1.2954033044261866,-1.295432647121571,-1.295469181013974,-1.2955417665571087,-1.295755652899909,-1.2960991468984941,-1.2967368318079862,-1.2982432199538732,-1.2993181752988203
synthetic_cell_00737,0,6,2,0,7,0.1866770152568871,0.0701728652038007,0.0283128616441053,0.2794520736031813,0.3727609162363139,1.0990439124642766,0,-1.0538988952266737,-0.6129829496193634,-0.5843830189351868,-0.0965859178274291,0.0267892278340289,-0.3481254855877592,-0.9172959660978433,-0.7483307614863391,1.0224329154933969,0.0,-0.633145079483986,-0.8512025910006565,-0.6725404790912269,-0.635780637797481,-0.633145079483986,-0.6331503507476585,-0.6331714357983753,-0.6331977921027455,-0.6334086421595861,-0.633672203702543,-0.6341993228089623,-0.6357806377974808,-0.6384159513749997,-0.6436852535197093,-0.6594716687634865,-0.6856350531985543
synthetic_cell_00738,0,6,1,0,14,0.4323749187662341,0.2530457833761426,0.0666362912558526,1.3778015855659194,0.3320272441194474,-0.3777222259460551,0,0.2951787985710088,-0.7980332651992605,-0.5945820726896679,1.2075481648358846,0.4100008095053418,0.1233297933919645,-0.4317579667945084,0.3736463428184621,-0.6589203572601497,0.0,-0.4128000744256003,-0.7591369494477521,-0.7325160231296824,-0.416192859328299,-0.4128000744256003,-0.4128068548479358,-0.4128339767453951,-0.4128678795854015,-0.4131391210167122,-0.413478219506213,-0.4141565716337579,-0.416192859328299,-0.4195907102117372,-0.42640105029898634,-0.44693873544715346,-0.48144957589663756
synthetic_cell_00739,0,9,0,2,7,0.7687058421856585,0.6057292210373185,-0.1002800242142456,-0.333630152490477,1.45608424765851,-1.1478828894438526,0,0.4798136319153868,-0.0094100628474298,0.9299864192094488,-0.0393798330080455,-0.5861247185611017,0.4285796640139316,-0.70351124291689,-0.067329083973714,0.2125114316905232,0.0,-0.1025366216365168,0.5780963691865841,-1.3149917155083806,-0.10699564235449,-0.10253662163651683,-0.10254552707538021,-0.10258114933759128,-0.10262567830548543,-0.10298195563927458,-0.1034274162123709,-0.10431871657215597,-0.10699564235449002,-0.11146720696859497,-0.12044745216807762,-0.14767530669529771,-0.1939400352093264
synthetic_cell_00740,0,7,4,3,21,0.3590062516614337,0.4444057407607704,-0.068370467433382,0.1235546253372672,0.1077849524030902,0.8008530920161943,0,-0.6793282369803171,-0.5472145858273694,0.1051125605321628,1.1165589631779302,-0.4707812259352603,0.321614196664002,0.0464343870352018,-1.2728791185094026,1.33598176421992,0.0,-0.6970456556655582,-0.8485610854992279,-0.2064916451054176,-0.699461616464976,-0.6970456556655582,-0.6970504892696245,-0.6970698236204105,-0.6970939914114753,-0.6972873278259076,-0.6975289834744881,-0.698012244644645,-0.6994616164649758,-0.7018757924079235,-0.7066981898795736,-0.7211067255367261,-0.7448493278495478
synthetic_cell_00741,0,2,7,3,7,0.246728207281276,0.2011555156394262,0.2340750751031418,-0.925527734108443,0.5650823734976681,-0.1345591611656615,0,-0.0766784729900923,-1.389833363502019,-0.2547038980843469,1.7707682823042854,-0.0792053081559904,0.2112984444249381,0.0033548654158138,-1.122982198675265,0.6621505895866872,0.0,-0.7810794760421448,-1.2570732379840055,-0.3725350106232412,-0.7832066504306128,-0.7810794760421448,-0.7810837340925788,-0.7811007661479502,-0.7811220558877519,-0.7812923606118893,-0.7815052084452168,-0.7819307932975967,-0.7832066504306127,-0.7853300145941915,-0.7895647005103987,-0.8021612261262963,-0.8227203270970702
synthetic_cell_00742,0,3,2,2,7,0.1164537723268832,0.2806521924279379,0.0982892231051226,-0.1031240073217168,0.3161759363590005,-0.1190758661740204,0,-0.5770227852303833,-1.604322711729635,-0.4385331365093091,0.1962075588517083,-1.183458232587462,0.3118339326417351,-0.8219675006757767,-1.4234213105664826,1.3201499455864945,0.0,-1.3136791461393662,-1.087677538120619,0.0948182056258944,-1.3139760152232416,-1.3136791461393662,-1.3136797563766545,-1.313682196666796,-1.3136852455465915,-1.3137095772494165,-1.3137398434408374,-1.3137998803783102,-1.3139760152232414,-1.3142562374582714,-1.3147660542784607,-1.3158782043672144,-1.3162605270250372
synthetic_cell_00743,0,6,1,0,7,0.3697111783241417,0.2838696249095835,0.1323738504111682,0.352040820095813,0.8682724609329346,-1.05124954689196,0,-1.0476922397042496,-0.7304384512086705,-1.4529818725104997,0.9900923908323755,-1.651730868013945,1.0657317935600683,-0.4983183854367968,-1.562018213117371,1.5431486634048024,0.0,-1.845850106294961,-1.5576159605065067,-0.1208441109538691,-1.84431814335732,-1.845850106294961,-1.8458470716553685,-1.8458349319257525,-1.8458197546283113,-1.8456982308091183,-1.8455460623256126,-1.8452408455917424,-1.8443181433573197,-1.8427567072795688,-1.8395446532940178,-1.8291816720708203,-1.8094034574799251
synthetic_cell_00744,0,9,1,3,7,0.1225186862410781,0.1462618688957341,0.1188606461962909,-0.3599705963967572,0.5553606051575111,-0.1584978296537979,0,-0.6520704354449176,-1.124811713588079,-0.0419885066157791,1.1079408573398146,-0.4994964383177986,-0.110279777566798,0.6746073494756888,-0.5088749412436702,0.6601817963449587,0.0,-0.5928471847946701,-1.1156504718451816,-1.4326313018479018,-0.5956212288312228,-0.5928471847946701,-0.5928527320614989,-0.5928749211636293,-0.5929026576195406,-0.593124552379881,-0.5934019285310527,-0.593956705956104,-0.5956212288312227,-0.5983959993845985,-0.6039471349418888,-0.620602488304762,-0.6482925009622552
synthetic_cell_00745,0,11,4,2,14,0.1235412685908231,0.4202567948249383,-0.1091305955597596,0.8961677664415069,0.1368144034869364,-0.73283363503566,0,0.641344821832371,-0.5868716337358334,0.31956723474711,0.0508076567387369,-0.624228375310373,0.2239977272059675,-0.4214497608127309,-0.0603559685917341,-0.0231872339418122,0.0,-0.2197726386117413,0.1877524348833045,-0.8658907069763967,-0.2238287719157589,-0.2197726386117413,-0.2197807410927587,-0.21981315141074179,-0.21985366519444904,-0.2201778108981127,-0.2205830815393114,-0.22139391737017647,-0.22382877191575892,-0.22789462351396272,-0.23605494928598583,-0.2607548592427477,-0.3025782685866562
synthetic_cell_00746,0,3,7,3,7,0.2786236742724918,0.1328083875768987,0.222087644113021,-1.3561761013550209,-0.6455509707896949,-0.9282518364772386,0,0.6156782211538826,0.0920914846935733,0.0192531724796129,-0.0820439860836848,-0.5042157353461688,0.172228541065098,-0.0750571421135992,-0.7216555449665488,0.268439125826873,0.0,0.0532090891913413,0.4001323644460496,-0.3701183886932523,0.0482148405776323,0.05320908919134127,0.05319911703899073,0.053159227772919995,0.05310936471289761,0.05271040114920178,0.05221154905297951,0.051213353171012735,0.048214840577632194,0.043204294311949984,0.0331348025025434,0.002548624021493986,-0.04961630844871268
synthetic_cell_00747,0,8,0,0,7,0.3853157053218881,0.2313782408696544,-0.1732233138204389,0.905189681837654,-0.2206440980455604,-0.1975674175797664,0,-0.2417888568107547,0.100951544711416,0.4428176765342855,-0.2141623120067582,-0.0814195946182421,-0.0906655258421463,0.1866449605726065,0.1397356651459272,0.1688854664794068,0.0,0.181041360344081,0.1908400378623936,-1.3984679181989568,0.1756078097609466,0.181041360344081,0.1810305126593835,0.18098712114088153,0.18093287998846952,0.18049888061103012,0.17995620605815582,0.1788702729453921,0.17560780976094661,0.17015488053483135,0.15919136174226184,0.12584875307766052,0.06884107747203455
synthetic_cell_00748,0,2,3,1,7,0.2351299546554202,0.2143176009353659,0.0362467306042674,0.3384421492884197,-1.1440561334148889,0.3152068563266625,0,-0.4557199309452808,-0.2839004100024712,0.0797026059934109,0.4594627263801883,-0.1238655872732597,0.5394964356487217,-0.8570763741731146,-0.5844549617018608,0.6324085305998983,0.0,-0.6277401609505184,-0.4175402134171584,1.107752177565678,-0.6303942935358691,-0.6277401609505184,-0.6277454692328636,-0.6277667023634739,-0.6277932437794163,-0.6280055751970848,-0.6282709896118243,-0.6288018183651156,-0.630394293535869,-0.6330483116536435,-0.638355414448902,-0.6542583752288803,-0.6806265172880551
synthetic_cell_00749,0,7,4,0,14,0.2248252711125739,0.0421637224126505,-0.0730735709380283,-0.3831654560478623,1.0898467683857769,-0.1101274564426179,0,-0.6834427456781526,-0.4412806958605013,-0.6401863416025884,0.9725277014960882,0.3309368532969016,0.7703750916558603,0.5305323045304606,-0.995090122799944,0.3887414319686321,0.0,-0.5376119917276233,-1.00029860255969,-0.2446397906436843,-0.5405758542574025,-0.5376119917276233,-0.5376179173042308,-0.5376416196986423,-0.5376712478895297,-0.5379082813149266,-0.5382045927617949,-0.5387972806678111,-0.5405758542574025,-0.5435417745729528,-0.5494792112776518,-0.567325593728809,-0.597108112837505
synthetic_cell_00750,0,8,3,3,14,0.3435292944017074,0.0795765572378371,0.1031617919525164,0.9514886470578616,-0.2915390857894233,-0.4649052313538081,0,-1.1908224765177025,-0.8002555932348271,-0.2600527021959659,1.368937598363569,0.2010845519038572,0.152135218744646,-0.420710180367665,-0.9807081100671904,0.8791353523799053,0.0,-0.8883035703715276,-1.3951583178181184,0.1372756845053333,-0.8900622638170851,-0.8883035703715276,-0.8883070940364883,-0.8883211884467591,-0.8883388058979662,-0.8884797230240905,-0.8886558131343216,-0.8890078051057623,-0.890062263817085,-0.8918145627414137,-0.8952993501170472,-0.9055838169128336,-0.9220808861127354
synthetic_cell_00751,0,11,4,2,7,0.0623696051953939,0.1397819095316451,-0.1238782769001566,1.0819675910033295,-0.7210772311141787,-0.0230995257768189,0,0.0183305441583418,-0.1392172769952203,0.0900407959021001,0.0036485134488657,0.0490552108517866,-0.5260552120589197,0.1711273237643734,0.0697450915182169,-0.3724015536211823,0.0,0.24731269782533,0.0228040696847246,-0.2415933355197156,0.2416514024887822,0.24731269782533,0.24730139624351308,0.24725618907274494,0.24719967821147407,0.2467475154218103,0.246182122248764,0.24505070403603776,0.24165140248878217,0.23596913124908583,0.22454212727093478,0.18977051861055463,0.13025224797467294
synthetic_cell_00752,0,8,0,1,14,0.434529986040307,0.2067067986234796,-0.0963754752767782,0.2751106499773032,0.0331558072182682,-0.8990673250000715,1,0.8073760045897334,0.341027732763685,-0.2602281546463025,0.1500137555845841,0.9271759824474092,0.1943453582348221,-0.0939882965565188,0.4054420853029987,0.4351887972909041,1.0,0.517260652804251,0.4181364123300878,0.7359737881741034,0.5206954031349216,0.517260652804251,0.5172675184119229,0.517294981000635,0.5173293095919904,0.5176039525237317,0.5179472916047984,0.5186340872484044,0.5206954031349215,0.5241339530237544,0.5310218353047855,0.5517602874580563,0.5864928865000846
synthetic_cell_00753,0,10,6,3,21,0.4798220706542533,0.4996483615196577,-0.0134106310419286,0.5785614148068309,1.8910776523876252,0.2947990042056103,1,0.247381560757127,0.7885342429991185,0.8137596367438976,0.5958918988717368,0.2910593555957924,-0.6733691945522262,0.5901085371964332,1.018510411460704,-0.8496209001130036,1.0,0.8053157406768722,0.5357121902916042,0.5134230468175077,0.8077605753448989,0.8053157406768722,0.8053206333746922,0.805340204046733,0.8053646671183988,0.8055603609372474,0.8058049512322067,0.8062940412769133,0.8077605753448988,0.810202266917817,0.8150755638451405,0.8296027226248538,0.853422765808816
synthetic_cell_00754,0,9,7,3,21,0.3578620003355935,0.458310556646466,0.1893742772627701,1.5142529328621168,1.5538790785060996,-0.5182291927389368,0,-0.8202251874047977,0.1535875978188229,-0.6610201237169699,0.5067784507962452,-0.0275830622430819,-0.0921816390058766,-0.0110148806412782,-0.3291839645655612,0.4499096327362435,0.0,-0.3531800527048167,-0.6665135872235227,0.1751821073055386,-0.3567777247828972,-0.3531800527048167,-0.3531872414689354,-0.35321599679091364,-0.3532519415406899,-0.35353952341528266,-0.3538990603730505,-0.3546183324933223,-0.3567777247828972,-0.3603818997930374,-0.36760920742435416,-0.38943247113522106,-0.42620193101091314
synthetic_cell_00755,0,11,5,1,14,0.3782035033293268,0.1508825330488177,0.0260473265340456,1.3106046690149074,-0.3095779299742762,-1.1781504450960114,1,0.057726029252293,1.510257287453746,-0.6240312645432402,-0.3581562543162656,0.220177329332206,0.2269779425685324,0.4547308555430237,0.1191815283279866,-0.2526689067815255,1.0,0.5261164944664762,0.6045250102273318,0.8248196493990347,0.5295208112560068,0.5261164944664762,0.5261232994198567,0.5261505193828787,0.5261845446729422,0.5264567604271312,0.5267970636180125,0.5274777810857649,0.5295208112560067,0.5329287141617552,0.5397546608976127,0.5603021557203252,0.5946992638410754
synthetic_cell_00756,0,10,2,3,7,0.3910676343068888,0.3436153958938331,-0.0128006349076996,-0.3517083965076947,0.0653294724671508,-0.3017556323110738,1,0.9388827133860846,0.5803631275337116,0.6199804503298638,-1.166280599750259,0.3902969191827458,-0.1560369468029038,-0.3549472889779034,0.8871605323097261,-0.8830197088649643,1.0,0.8911082762809599,1.3215688582506229,-0.4213710157319066,0.8932582806255245,0.8911082762809599,0.8911125813795815,0.8911298015722505,0.8911513263588979,0.8913235064650439,0.8915386860357887,0.8919688926746927,0.8932582806255244,0.895403074118315,0.8996763594750674,0.9123535852720522,0.9329235006978172
synthetic_cell_00757,0,10,3,1,14,0.2245257513922936,0.2202419619533978,0.0729575881405089,0.0272231574179307,0.1481421798699105,0.4478087409484989,1,-0.2151397897838429,0.4985973011799849,0.2326466469829517,-0.1548586316282275,0.413123053079634,-0.5438890720970776,-0.495706322348849,0.5036669309524094,-0.6499277823077632,1.0,0.3491129886992029,0.2756078938184799,1.831595309536121,0.353125586856009,0.3491129886992029,0.3491210059622248,0.3491530753341858,0.3491931627687653,0.34951389101361163,0.34991487315816244,0.3507170763610689,0.3531255868560089,0.3571460372365247,0.36520990229178124,0.3895741000604068,0.4306767333569979
synthetic_cell_00758,0,3,1,2,21,0.2471678008214805,0.5076425280063368,0.1809377999575179,-1.3425276502768333,0.1799086695648923,0.2006640200939214,0,-2.297848726232738,-2.2076174592280764,-1.563784203487264,1.75023295658116,-1.811219879324437,2.1995648385410123,-0.9415563802214396,-3.443513933134493,3.17284274305994,0.0,-3.232781665508893,-3.037547620637905,0.56177952376096,-3.226483443160178,-3.232781665508893,-3.232769131676083,-3.232718993838623,-3.232656315902653,-3.232154666819741,-3.2315270413363337,-3.2302699089929465,-3.2264834431601774,-3.2201223200898514,-3.2072104131129073,-3.1669412119824525,-3.094621074862039
synthetic_cell_00759,0,6,0,3,7,0.5842615844710711,0.3000899488193851,-0.2086714398531904,-0.2835923908722292,-0.3277038616094432,-0.1311031880196789,0,0.2092351804424865,-0.4937520720317483,-1.020191950439778,0.2539756534392497,1.2027982351312616,-0.2693197835224656,0.6307641066949113,0.3593911106827413,-0.8223751988006486,0.0,0.3622132537345035,-0.4820710438113757,-1.421190993164235,0.3561570969123246,0.3622132537345035,0.36220116519058004,0.3621528100607899,0.36209236400189765,0.36160870967696224,0.36100392719646474,0.359793647390327,0.35615709691232467,0.3500771948739252,0.3378466050998174,0.3005974111039119,0.23672629690695346
synthetic_cell_00760,0,11,3,0,14,0.4761804536926232,0.3933023609948528,0.1293820065241827,-0.2877498831602367,-0.8807009378393045,0.2425175668126915,1,0.0921679633011838,1.3902180018436503,0.3823829523469633,0.0839499991871674,-0.1273871276435846,-0.7683114506431321,-0.1561658101661462,0.8593683553029445,-0.8702226455013896,1.0,0.6308121633433252,0.7459443884472292,-0.4402360193267433,0.6338566882499991,0.6308121633433252,0.6308182512285986,0.6308426028184192,0.6308730424152378,0.6311165635532595,0.6314209757960286,0.6320298357587798,0.633856688249999,0.6369022759162184,0.6429960072877383,0.6612859633905567,0.6917168255298389
synthetic_cell_00761,0,3,0,0,14,0.271747021980804,0.0639519844349893,-0.1355746041708462,-0.1243779894900421,-0.1532622207080958,-0.3002436817844792,0,-0.0952331796970704,-0.5991528272067785,0.8731282312173965,-0.465534613211395,-0.180572591430066,-0.499804105714682,-0.8791499487150052,-0.2849104834251585,0.0467394529252668,0.0,-0.0128071114669005,0.2019930262230678,-1.0565396544391097,-0.0175744921176013,-0.012807111466900525,-0.012816631469581972,-0.012854712073433302,-0.012902314162707946,-0.013283184241171444,-0.013759405181226427,-0.014712291075493983,-0.01757449211760135,-0.022356579309370694,-0.03196437029642507,-0.06112705026292201,-0.11079105319725138
synthetic_cell_00762,0,1,7,2,21,0.5470147100893823,0.672603894771461,0.1913173862306766,0.716841721140042,0.3244497220237441,0.4547815618158792,0,0.1646871023277574,0.353753457389045,0.505700519476393,-0.0525917791950614,0.007313312180542,0.4865667880444612,-1.237460601851084,-0.4702307723802776,0.5192270884190066,0.0,-0.1457846727044785,0.4460353393365072,-0.0215040708609233,-0.1500950693399987,-0.1457846727044785,-0.14579328193435404,-0.14582771931898583,-0.1458707670962421,-0.14621519115817488,-0.14664582577358376,-0.14750744298525717,-0.1500950693399987,-0.1544169675146993,-0.16309474664457912,-0.18939004922487274,-0.23401638705287986
synthetic_cell_00763,0,9,4,2,14,0.1829319128320289,0.3779928268940618,-0.0512735978973606,-0.092875968028795,0.0876958092623843,-0.0699245780426025,0,-0.6469553890395927,-0.577637660669134,-0.0423076193608693,0.6685496499741984,-0.6708085563121365,-0.6209267847074653,0.3021833467255253,-0.7364731207963809,0.3450627550022571,0.0,-0.3761420593297216,-0.7380375788627294,-0.0200256622840754,-0.3796608213278879,-0.3761420593297216,-0.37614909082541836,-0.3761772170516073,-0.37621237538191726,-0.3764936639114882,-0.376845329214228,-0.3775488414418166,-0.37966082132788787,-0.3831855328318523,-0.39025224992272795,-0.411580386952632,-0.44747996398140705
synthetic_cell_00764,0,5,6,2,21,0.3553241857853593,0.5974915486438521,0.0830442003640936,0.1557611318877452,0.7317030218505158,0.148560999230239,0,-0.0315096195294351,-0.7685583596300485,-0.6462082705479161,0.0173061660125402,-0.7791747278774099,-0.169465368046152,-0.6929964567527724,-0.3224488330970273,-0.0419551413582584,0.0,-0.6513898721388448,-0.5008766373962761,0.1498585371680508,-0.6539627313132822,-0.6513898721388448,-0.6513950184426305,-0.6514156036362388,-0.65144133507971,-0.6516471846687385,-0.651904491674965,-0.6524190885319588,-0.6539627313132821,-0.6565349060189469,-0.6616766086397758,-0.6770696138571726,-0.7025418203636177
synthetic_cell_00765,0,8,6,3,21,0.2141789953255518,0.2983478718592214,0.0231139072829564,-0.3193576701550173,-0.3635048370790821,0.9792005529852116,1,0.3298595101322239,0.0292711860634482,0.1664394008075624,-0.2478269627145054,-0.5666063477759631,-0.0006156738644508,0.0415231372925181,0.2155902186449289,-0.340650774700529,1.0,0.0697123045331589,0.3479784327440957,0.6119464434071262,0.0746850770630406,0.06971230453315887,0.06972223543140411,0.06976195961319197,0.06981161616516224,0.07020892155474671,0.07070568565059976,0.07169965453278625,0.0746850770630406,0.07967243588298087,0.0896903595535317,0.12007923694488026,0.1717665663676934
synthetic_cell_00766,0,3,5,1,14,0.5271615482871632,0.2871995055080424,-0.0186908731011252,-1.5415726682887545,0.5277153513332642,0.2414775620305899,0,0.3878661579295898,-0.6943106032202694,-0.0753020423113501,0.6016389780433,-0.1528878418354898,0.7706837147105272,-0.3844025213737614,-0.2043119218474915,0.0922939541136701,0.0,-0.493917508839956,-0.293798995871452,0.6901615316263439,-0.4970315296373814,-0.493917508839956,-0.4939237336831948,-0.4939486331861888,-0.493979757857435,-0.4942287669111319,-0.49454005735794293,-0.4951627348189839,-0.49703152963738134,-0.5001486613373508,-0.50639168634432,-0.5251802470920856,-0.5566180693190929
synthetic_cell_00767,0,1,0,1,7,0.4488231688135727,0.236550921891523,-0.1231837010641302,-0.3026938791498392,0.3418412130855441,-0.8768936322886418,0,-1.0698886294693453,-0.8770671875939219,-0.5196912585692688,-0.6396401922551458,-0.2474797519203446,0.7864164316997927,-1.2425489345869982,-1.1586169890359428,0.7922870624740298,0.0,-1.0785272350679076,-0.7557788878543136,1.2270563663952527,-1.0796322154112972,-1.0785272350679076,-1.0785294558774148,-1.0785383386827743,-1.0785494412158687,-1.0786382225172453,-1.078749101642604,-1.0789705342691933,-1.079632215411297,-1.0807262164960119,-1.0828806270619311,-1.089063326391125,-1.0983540435635173
synthetic_cell_00768,0,1,7,3,14,0.3949987456956065,0.2037874662773828,0.2371499507313873,0.0738130284209774,-0.4887539392727747,0.5534785372842175,0,-0.4691281357540081,-0.4324113134233088,-0.0600739992907387,-0.0310692023761776,0.9262464677481572,0.3935290924452723,-0.499265337672904,0.1424274503999589,0.1705925404329019,0.0,-0.1438273265124211,-0.3589093932263859,-0.8979185848886547,-0.1481444496656607,-0.1438273265124211,-0.14383594914830036,-0.14387044015883113,-0.14391355497270025,-0.14425851549710844,-0.14468982111458806,-0.14555278174395292,-0.1481444496656607,-0.15247312153369574,-0.16116458985406953,-0.18750209842878693,-0.2322025875235262
synthetic_cell_00769,0,5,2,2,14,0.4111758965582099,0.3609782467677668,0.0683048986179308,0.5404980661764935,1.081493154591175,-0.1572487130374129,0,-0.0876622026946553,-0.8732339809147629,0.0365602611415908,0.9443685409195106,0.0914544628193198,0.2716916436329932,-0.7151122617700771,-0.9007649220510824,0.6447938655900247,0.0,-0.5889951349896736,-0.6695264468649387,-1.433161328733997,-0.5917824167873206,-0.5889951349896736,-0.5890007086394663,-0.5890230032771604,-0.589050871660869,-0.5892738221773052,-0.5895525188579805,-0.5901099401239004,-0.5917824167873205,-0.5945705179432201,-0.6001485937749427,-0.6168870083730994,-0.6447229504393579
synthetic_cell_00770,0,3,7,2,21,0.2750655201843098,0.4420930343219122,0.2668398498855362,0.5851440788102052,0.47673389682709,-0.3426890891202204,0,-0.3566690486946973,-0.5058296642129527,-0.3055114111425261,1.119571212148832,-0.5887015296124967,0.0964787564974526,-1.3565943574967378,0.0112972499449558,-0.3548013473932421,0.0,-1.0000100583614566,-0.8172968720672722,-0.2890063915656213,-1.0013848668949412,-1.0000100583614566,-1.0000128169407099,-1.0000238509006294,-1.000037642546971,-1.000147943556587,-1.000285739324681,-1.0005610619400198,-1.001384866894941,-1.0027505885769903,-1.0054541286700964,-1.0133298833901494,-1.025595111733147
synthetic_cell_00771,0,10,6,2,14,0.2410582603873662,0.3222351953494702,0.0639104383648208,-0.1280709837517279,0.4415883864836873,-0.2408226233436628,1,0.6496344973314125,-0.3813539898497469,1.041019315819367,0.3676581961381121,0.6756416192968344,-0.378326897096354,-0.287545754127014,1.3947846880056132,-1.6342034409308717,1.0,0.5269572229146255,0.4000595382943542,-0.4707740426042912,0.5303586504989524,0.5269572229146255,0.5269640221097968,0.5269912190391731,0.5270252155353585,0.5272972008656878,0.5276372158446361,0.528317356281368,0.5303586504989523,0.5337636439364073,0.5405837108274385,0.5611130771349508,0.5954783354584292
synthetic_cell_00772,0,0,5,2,14,0.1994305831895388,0.2460763811744921,0.0464065378831344,-1.7594121409999048,0.4840091696632586,-0.743908222782763,0,-0.0366762460579415,-0.5282881127754935,-0.5857836859964851,0.6487793321273692,-0.7656083861169788,0.7153449154493311,-0.9946713575406876,-1.202272340640811,1.334349748325901,0.0,-1.0153357482066805,-0.605758049387482,-0.971662421183944,-1.0166578892433653,-1.0153357482066805,-1.0153384018191902,-1.0153490158973848,-1.015362282658379,-1.0154683832574876,-1.015600925192783,-1.0158657290746678,-1.0166578892433653,-1.0179705740515228,-1.0205669300968636,-1.028112219014407,-1.0397968554722394
synthetic_cell_00773,0,5,4,2,14,0.4706960535447718,0.5920936576872551,-0.1145222962327345,0.5661587103552495,-0.1128242718407251,-0.0929046157021773,0,0.5187129269337153,0.1685465169190214,0.5692697257612833,1.167265416543586,-0.2412818089025325,-0.1931277013657727,0.1143750738104094,-0.1495477175724315,0.0225189664936222,0.0,0.1522987212107287,0.1307248105187591,-1.1398097385631416,0.1469639461391604,0.1522987212107287,0.15228807038641765,0.15224546633712732,0.15219220958347868,0.15176608788623772,0.15123326665949247,0.1501670609562523,0.14696394613916036,0.1416104851746649,0.130847985222806,0.09812515024561302,0.04220634849869023
synthetic_cell_00774,0,2,3,0,14,0.3987848205461959,0.3979007892499703,0.0846661064699571,-0.6325478585085742,0.8479756183549839,-0.2221897390709953,1,0.328572336158444,0.7598770489128446,0.9019782201497668,-0.3397750265494709,-0.1063320537137609,-0.5759257622193524,0.7832729992934891,0.3919909269762301,-0.4216056106596152,1.0,0.9076578592244864,0.9161670908644356,-1.022023424687354,0.9097509901026352,0.9076578592244864,0.9076620509738336,0.9076788177534749,0.9076997757379955,0.9078674199933715,0.9080769261658843,0.9084957740566004,0.909750990102635,0.9118385112538607,0.9159960529601391,0.9283164223112564,0.9482593804087106
synthetic_cell_00775,0,4,3,2,7,0.0562881968148422,0.2428574244423667,0.0078800437021802,-1.7481761263449194,-0.4304201407150071,-0.7818445351692114,0,-0.1483118349614985,-0.8715049561756252,0.3746020480907802,-0.7885511401364773,0.3863266975594217,0.1841858747696801,-0.00043339500346,-0.4755396967906785,0.4819328571526101,0.0,0.0758907038313475,0.0166250626514258,-0.2831406671573742,0.0708185087187516,0.07589070383134747,0.07588057633099973,0.07584006565110837,0.07578942577468788,0.0753842457148071,0.07487761808533808,0.07386385475674322,0.07081850871875162,0.06572946928587958,0.05550134792755698,0.024426088820452642,-0.028598104246531454
synthetic_cell_00776,0,7,1,2,21,0.4444068556817467,0.6891417525934814,0.1588833188765238,0.6354895662378355,-0.9755231918605436,-0.4667341182674863,1,0.2666127806175348,0.5167968032714859,0.2212960220308417,1.210307226168463,0.2607883000635104,-0.5729116724442621,0.4478565186829654,0.4336298128509564,0.1470989413412926,1.0,0.4410866970243146,0.0270837577716772,0.1378292420215141,0.4447832229496081,0.4410866970243146,0.4410940843528451,0.44112363389831255,0.4411605713505844,0.44145609176891626,0.4418255442080972,0.4425646215789911,0.44478322294960804,0.4484853843644036,0.45590600827059263,0.4782869892549554,0.5159053298873076
synthetic_cell_00777,0,10,7,2,21,0.0761730017962478,0.3700831258062355,0.2904886608039965,0.0047330714009755,1.5666317492883974,-1.2475012388733089,0,-0.0940115989544339,-0.176414622886983,0.2261289603094577,-0.2199706839811046,-0.1688761962985776,0.959883642481342,0.5128679369289599,-0.4120848392302471,0.554123902005885,0.0,-0.1251387302697018,0.0778992542419204,1.0995311125439318,-0.1295200777151423,-0.1251387302697018,-0.1251474809051103,-0.12518248393174652,-0.125226238806222,-0.12557632143454947,-0.1260140337300248,-0.12688982121185058,-0.1295200777151423,-0.13391342430465134,-0.14273559600037602,-0.1694760842789437,-0.21488456416778312
synthetic_cell_00778,0,10,2,2,14,0.516026103364655,0.4551515021582286,0.011110406357108,0.3605977228442921,-0.1959068749586929,-0.8561385383610124,0,0.3245055042272654,-0.6920400490485784,-0.5588043903470048,1.0778949283237784,-0.2404687635778047,0.2061712878598586,0.0118120092603551,-0.5521408467767805,0.500350776415186,0.0,-0.4621571030674248,-0.6456776653215637,-0.8046972327944998,-0.4653802700818406,-0.4621571030674248,-0.46216354543994914,-0.4621893150906557,-0.4622215275153271,-0.4624792413479583,-0.46280141964799043,-0.4634458957520996,-0.4653802700818406,-0.4686073134825372,-0.4750724628365182,-0.4945458689705372,-0.5271868888380628
synthetic_cell_00779,0,0,5,2,14,0.1765709568711549,0.199500134853063,-0.0060839274455905,-0.079339565784794,-0.3904272100812473,-0.3767428739471514,0,0.1983829244522473,0.1012382395922026,1.2650978895159,0.3828528441967718,-0.1242931925231365,0.3555168544308891,0.5881572531847192,-0.0378394326105668,0.1505101396606755,0.0,0.3221287586267174,0.4550407525285542,0.1630471571095567,0.3162103541693012,0.3221287586267174,0.32211694462436136,0.3220696876994233,0.3220106144834086,0.3215379463741755,0.3209469053459219,0.3197641373923621,0.31621035416930116,0.31026917060514414,0.29831892178023217,0.2619340643967578,0.19958149408366765
synthetic_cell_00780,0,7,0,1,7,0.5681421914601279,0.3008592550156552,-0.1837568444041906,0.1350334951053597,-1.37671711457523,0.3604849992489128,1,0.6351532325544293,0.2218016004823428,1.0016270188375118,0.9285605893732995,0.920526736916369,-1.0686704071995965,0.4839094224071616,0.7912990389086767,-0.9103987894941749,1.0,1.0313087816480917,0.430366873803682,0.8109213566450073,1.0329769799700703,1.0313087816480917,1.0313121265034477,1.0313255055881059,1.0313422286861025,1.0314759831369071,1.0316431002699467,1.0319770807838953,1.0329769799700705,1.034636588352253,1.0379293463842463,1.0475834474157995,1.0628420668063268
synthetic_cell_00781,0,8,0,1,7,0.025859512223669,-0.0221333632842468,-0.1152344834136211,-0.0356816203881372,-0.2545709684360951,0.9797198299959028,1,-0.2527355717076817,0.1422481646245866,0.300648953026532,0.7204743109775571,-0.5941484624359313,-0.572361873697932,-0.0399690382399342,-0.0134702683243207,-0.1577562214715445,1.0,-0.0955243199843457,-0.1691886414765483,2.1362659292639923,-0.0899837035609216,-0.09552431998434573,-0.09551325736866821,-0.09546900615810489,-0.09541369046230681,-0.09497109760698304,-0.09441768838740697,-0.09331030992772743,-0.08998370356092167,-0.08442451834325848,-0.07325097098243535,-0.03929911833342223,0.018647964764156578
synthetic_cell_00782,0,0,3,1,21,0.4451379076296482,0.3678057502032527,0.010107669753256,0.8706321745066041,0.0897923452704521,-0.7732461661534046,1,0.7714477861043327,0.6850456483111983,0.1918255738026592,-0.6124233236380057,0.0829706528450564,-0.9142874202708722,0.7124762863700885,0.6274004909272846,-0.756755330331919,1.0,1.0694201027572614,0.9541571676365866,1.8698782354281804,1.0709573296252428,1.0694201027572614,1.0694231865854595,1.069435521524803,1.069450939358617,1.0695742483942237,1.0697283005030545,1.0700361234454763,1.0709573296252428,1.0724850480010426,1.0755112649700604,1.0843435766764846,1.0981584030637355
synthetic_cell_00783,0,1,7,0,21,0.1935112612843672,0.2360813077182993,0.2029584183530011,1.2128838077296338,-0.3937837837897467,0.4695888096691448,1,-0.8650368891014362,-1.007925033339894,0.67187936465403,0.3370748053374121,0.1786310292376248,0.2792527630240029,0.7930329831244691,0.293357998559531,-0.3513953655101914,1.0,-0.2119303870230818,-0.6655998391459136,-0.0038507262730274,-0.2059897353500136,-0.2119303870230818,-0.21191852713394463,-0.21187108671749758,-0.21181178426224034,-0.21133728724651468,-0.2107439726119692,-0.20955669925659665,-0.2059897353500136,-0.2000277092840686,-0.18804004695839308,-0.15157814583851498,-0.08922118503955798
synthetic_cell_00784,0,10,1,3,14,0.3424199596980042,0.1756958167733535,0.0569530440381311,0.1065138275840028,0.3943589836749607,-0.1596820841874088,0,-2.016948643653901,-1.1673482770143668,-0.5234067586927696,0.95927112456595,-0.847874671829274,0.5081427165742642,-0.9619340666646892,-1.6947029068396442,1.3728791962985265,0.0,-1.767875238650733,-1.8700979092678105,-1.1904990026574518,-1.7666112402310723,-1.767875238650733,-1.767872738066573,-1.7678627346337417,-1.7678502278761532,-1.7677500751310622,-1.7676246373801523,-1.7673729384231096,-1.766611240231072,-1.765319648007903,-1.7626529307753793,-1.7539713112051887,-1.7371470631801236
synthetic_cell_00785,0,5,0,2,14,0.5298299563931155,0.4375777718456308,-0.1799224171980339,1.206772986420197,0.7169283924737573,-0.6093062932188892,1,-0.0103625934616703,1.8803661487595171,0.3655972627530028,-0.0385602085490012,-0.1717283142137533,0.3805331972011044,0.7250453626657196,0.5482175337988883,-0.260513988185369,1.0,0.6336088829907497,0.9348528121291608,-0.8066694067080882,0.6366437968310006,0.6336088829907497,0.6336149517210906,0.6336392266884895,0.6336695705012242,0.6339123251242823,0.6342157786175555,0.6348227190615893,0.6366437968310005,0.6396797060247499,0.6457538778374308,0.6639835286481537,0.6943084410553995
synthetic_cell_00786,0,8,5,0,7,0.1162356609518596,-0.0040920142091799,-0.0019346975048865,-2.1634444660020877,0.0475065702810237,0.0951196435631753,0,-0.9770245201021877,-0.4429117231900804,-1.3815270244818982,0.1147920246330448,-0.7812410167754933,0.5699093110631539,-0.9098642393316024,-1.3262256208638232,1.247142490961121,0.0,-1.2678640860677346,-1.0800143684281125,-0.8237082546622051,-1.2683184008884127,-1.2678640860677346,-1.2678650100956386,-1.2678687055923414,-1.267873323579562,-1.2679102121109316,-1.2679561842619347,-1.268047666205142,-1.2683184008884125,-1.2687571730867977,-1.2695874089965482,-1.2716874631044037,-1.2738054239204157
synthetic_cell_00787,0,3,0,0,21,0.294088262526758,0.327585022831973,-0.1231074777485346,-0.1211926551737913,0.1615299232793967,-0.7050745240857124,0,0.3457834161890917,0.0022941292076302,-0.7901311471635539,0.2163982324858294,0.37118237193184,-0.0904426656967893,-0.777066669278411,-0.2892095986599847,0.7008740712206015,0.0,-0.0879682681695084,-0.12914888257001,-0.0464409622394244,-0.0924773537600809,-0.08796826816950842,-0.08797727338806428,-0.08801329478306777,-0.08805832269850362,-0.08841859287474185,-0.08886904765651917,-0.08977034695459218,-0.09247735376008091,-0.09699933437068858,-0.1060814669964237,-0.13362345698301564,-0.18044008677448017
synthetic_cell_00788,0,11,2,3,14,0.4414456706386792,0.2784496036297046,0.0267842684265802,-0.750466201094461,0.0695457720015919,-0.2821003153513778,1,1.7230061483765582,0.9419387023230644,1.358987051577932,-0.2391292528021699,0.7283741321684956,-0.2436683071091994,-0.4475735249467094,0.9262160117571948,-0.6066636352508341,1.0,1.2933198428014256,1.749763163195453,-1.1080070648694222,1.2940876270562998,1.2933198428014256,1.2933213931243273,1.2933275938269724,1.2933353433800066,1.2933972867720347,1.2934745833279522,1.2936287334693628,1.2940876270562998,1.2948405064266766,1.296300824524325,1.3003052160507993,1.3056379203624322
synthetic_cell_00789,0,11,3,0,7,0.2291624128560806,0.1734158953675031,0.1153448596995005,-1.0882646334827966,1.046259365326101,0.4049080738767451,1,0.5957693816659961,-0.3738465888317865,-0.2574198375709464,1.074010902219176,0.7024938673072206,-0.255356584256981,0.8607733610089499,1.049860467673503,-1.4176719548404255,1.0,0.3986934979166316,-0.2911367260924257,-0.2534322625016321,0.4025357101830212,0.3986934979166316,0.3987011755992079,0.39873188660166353,0.39877027596698295,0.3990774153623895,0.3994614007056132,0.4002295744999751,0.40253571018302114,0.40638457969237196,0.4141016910470205,0.4373967909197047,0.47662113739170825
synthetic_cell_00790,0,7,4,3,14,0.2217523004120392,0.2801198202511155,-0.1248820976394229,0.2817003552951036,-0.1553603482441923,1.1391196441521636,0,-0.5394146658754366,0.0053983148474291,-0.3642612418383372,0.3342213888203486,0.2030666606040359,0.4087986477070945,-0.2914052920053449,-0.3297909368818156,0.2831692548650467,0.0,-0.35774782502283,-0.4398829668913618,-0.8601475072667345,-0.3613297997237373,-0.35774782502283,-0.3577549825019501,-0.3577836126795375,-0.3578194009889326,-0.35810573094475157,-0.3584637020146368,-0.3591798390604045,-0.3613297997237373,-0.364918167265056,-0.3721135290374091,-0.39383829848407004,-0.4304347148251543
synthetic_cell_00791,0,0,6,3,14,0.1512932150107288,0.2646752128405847,0.033506021609941,1.0709093315857954,-0.0661224731738593,-0.9837065052375912,1,0.2142132079139133,0.3161654981291008,-0.3221240574767797,-0.1528786457382889,0.5967180453405228,0.4573743916356776,0.2298537727367851,0.3154218867767092,-0.1516313532997724,1.0,0.2842736748477658,0.2186648306199697,0.0508073743382083,0.2885090965374268,0.2842736748477658,0.2842821361998751,0.2843159819905958,0.28435829008904956,0.2846967892621825,0.28511999911179536,0.2859667045502704,0.28850909653742673,0.2927539331965824,0.3012712682217474,0.3270335874519508,0.37059256560753423
synthetic_cell_00792,0,8,6,0,7,0.1134107824214756,0.0731462358532334,0.0486431572054015,-0.5967854582928382,-0.4274778765762999,0.1377555081290059,0,0.2794723031846906,-1.118203138283041,0.1584484527272281,0.2664363678704647,-0.5269732199570089,0.2210610245885166,-0.5781945624094292,-0.757870217530048,0.3957861831947457,0.0,-0.5412445184606319,-0.3233410484164434,-0.1765403756831346,-0.5441958976312922,-0.5412445184606319,-0.5412504191578046,-0.5412740220309804,-0.5413035258124562,-0.5415395636478594,-0.5418346298204016,-0.5424248245544396,-0.5441958976312921,-0.5471492470372004,-0.5530612787570149,-0.57082933351956,-0.600474239537744
synthetic_cell_00793,0,0,6,1,7,0.1639257130339032,0.1656138333577245,0.0289358142813123,0.6272222820260442,-0.1012531060498298,-0.4606142838275091,1,1.0211185486702077,0.725213700365837,0.9258801612777248,-0.4589310036106049,0.072400621111072,-0.8922725570578576,0.3547954457293427,1.175437392155356,-1.128671959576661,1.0,1.165778953266526,1.2720041769709771,1.0378957299151663,1.166985038143377,1.165778953266526,1.165781377126081,1.165791072098103,1.1658031897640775,1.1659000891090128,1.1660211082324212,1.166262795615878,1.1669850381433768,1.1681792921039091,1.170531599334447,1.1772861380215782,1.1874505468919327
synthetic_cell_00794,0,7,0,2,14,0.3904420170074971,0.4218528293789305,-0.1852133260617781,-0.8402941862591208,-0.0267316926877937,-0.0043971928957059,1,0.3283313817505716,0.6544773164041277,0.9138251624805837,0.0627239191095764,0.8077719261924814,0.2254921251873755,0.4193171539156596,0.8943230860352379,-0.6943213502737834,1.0,0.7809470699852565,0.7369564554036039,-0.9208739433790016,0.7834756488043538,0.7809470699852565,0.780952129585841,0.7809723678923955,0.7809976655599794,0.781200038257329,0.7814529824288596,0.7819587978251961,0.7834756488043537,0.7860016718577749,0.7910453971827609,0.8060980143527671,0.8308412298440578
synthetic_cell_00795,0,3,3,1,14,0.2989699043797891,0.1006665481260987,0.026217067502408,-0.3236274732733959,-0.0106015893797352,-0.595358572041088,1,0.360145632796141,-0.386018342665127,-0.3423242629495581,1.1145612706523282,0.0520583608268849,-0.1761595576761864,-0.2311297972631786,-0.3089257017367902,0.6392183901324622,1.0,-0.2011464471980662,-0.4469799103698977,1.3655607768418911,-0.1952428550715474,-0.2011464471980662,-0.2011346611689024,-0.20108751620272883,-0.20102858308366855,-0.20055704169177502,-0.1999674239229056,-0.19878755208679572,-0.19524285507154734,-0.18931814846478037,-0.17740590632135955,-0.14117653785511602,-0.0792281112243267
synthetic_cell_00796,0,10,6,3,14,0.0495862709412684,0.0389755124130948,-0.0102500913776745,-0.9584233526190004,-1.3633034272063886,0.4786790142561952,1,1.0436370060205986,0.9613183429093024,0.912708776761827,0.0183077319351554,0.7637010369511156,-0.5827849845719257,0.8622925134569868,1.2958123630597775,-1.3375347287604606,1.0,1.402292920521902,1.2079449356276837,-0.7518226590146412,1.4026862133652942,1.402292920521902,1.4022937244804181,1.402296939620631,1.402300956984618,1.4023330334234922,1.4023729726835439,1.4024523295354014,1.4026862133652938,1.403061974874158,1.4037601624781375,1.4054147820893155,1.4066191968906587
synthetic_cell_00797,0,10,4,0,7,0.0700891101373088,0.1722897913004164,-0.0170779293970176,0.5901099743553136,0.5173365456824361,-1.1482020630087086,0,0.0427598967666335,0.1247592276633799,0.1675664577170943,-0.1252481905013521,0.1292251767081737,-0.5548214182984486,1.5749074545667756,-0.0231674421318045,0.3121149927854855,0.0,0.7492747108246443,0.2115522413996875,-0.5566936823760059,0.74188839801873,0.7492747108246443,0.7492599712691813,0.749201011720672,0.7491273093001087,0.7485375705491076,0.7478000986954806,0.7463241606163019,0.7418883980187299,0.7344690111091552,0.7195314101581319,0.6739360616771977,0.5954016766378634
synthetic_cell_00798,0,8,4,0,21,0.5476534555282283,0.4319304963866445,-0.0802871210188786,1.512545103651791,-0.6323049023548012,0.4491048090755,1,1.1702089783709808,1.948675763465038,1.0183959391521875,0.4617429405035222,0.4088897875892602,-0.1785324664602595,0.2080936040563544,1.4309633579184322,-1.3154216061117008,1.0,1.2404981769915984,1.547907230531847,0.177881708865388,1.2414474855330186,1.2404981769915984,1.2405000890938584,1.2405077369647797,1.2405172955925572,1.240593716158684,1.2406891206238122,1.2408795247302231,1.2414474855330186,1.2423831622884787,1.244212901926586,1.2493562799755615,1.2566900577031264
synthetic_cell_00799,0,7,1,2,14,0.2061969889298551,0.4143317459140627,0.1826661158029335,0.5880871159292115,-0.0324810077536571,0.2701474193265514,0,-0.3998110470487728,-0.8419447126686559,0.1150483373928918,-0.1516863063837076,0.1025558418822579,0.0171985374867821,0.4390987106522662,0.2411606677642473,-0.3589285173160977,0.0,-0.089371181955731,-0.3941594244082766,-0.4072542937653647,-0.0938754463631729,-0.08937118195573103,-0.08938017756563026,-0.08941616052465687,-0.08946114039208328,-0.08982102606270591,-0.0902709999085816,-0.09117133632169967,-0.09387544636317298,-0.09839257197786774,-0.10746489297490673,-0.1349766321189658,-0.18174011452404226
synthetic_cell_00800,0,8,0,1,14,0.6630463822375436,0.3876949958610893,-0.1266794322499902,1.2866031846121655,0.9049303288359628,0.8432350080201083,1,0.9825941542837408,0.746373763134388,0.6546088136988533,-1.0923369616296534,1.2982568626063222,-0.7243710556612517,-0.0056687445282893,1.640430499927739,-1.5297191448089331,1.0,1.4727480682430465,1.394824949563576,0.688161452181925,1.4728992384606654,1.4727480682430465,1.4727483896492286,1.4727496745122886,1.4727512788772477,1.4727640452200828,1.4727798315989482,1.4728108318073643,1.4728992384606654,1.4730311792461268,1.4732366211404557,1.4733720258146392,1.4719073479064129
synthetic_cell_00801,0,5,1,0,21,0.3447170371099411,0.3880005142017971,0.152910523249325,0.4193959107153124,-0.1743302495350968,-0.2664973642356729,0,-0.975263907667151,-0.130180417849606,-0.0133285418926597,0.068100914477233,-0.8022620403846914,0.9328040674408634,0.4169756361681015,-0.5519315630157472,0.4912243533355026,0.0,-0.6885267777100449,-0.4897010969275636,-0.2577096642351157,-0.6909720140580342,-0.6885267777100449,-0.6885316696605143,-0.6885512374051119,-0.688575696956891,-0.6887713681950629,-0.6890159442185734,-0.689505052290726,-0.6909720140580341,-0.6934156708700578,-0.6982976472468607,-0.7128898743311843,-0.7369552021762096
synthetic_cell_00802,0,7,3,3,14,0.2685608726365276,0.1110874184364219,0.087098492795319,0.4816146866800125,-0.3418512299641162,-1.2114424855631358,0,-0.8358956557955405,-0.4508485274657937,-0.8526592289013706,0.5037556807225292,-0.2310082312063537,-0.0641686951751476,-0.832676199234213,-1.018435226539481,1.0345393482765366,0.0,-0.8285288428159696,-0.980857423778138,-0.6844323391511594,-0.8304929550912187,-0.8285288428159696,-0.8285327758823048,-0.8285485079556086,-0.8285681726150632,-0.8287254725856942,-0.8289220541992331,-0.8293150723452075,-0.8304929550912187,-0.8324521135252522,-0.8363549504189297,-0.8479283316786613,-0.8666898811145072
synthetic_cell_00803,0,9,6,2,21,0.2301000894481275,0.5483015145858982,-0.0766989033893868,0.7357513843079821,0.6140990426645119,-0.3922522755265255,1,-0.0466050796213607,-0.2271373333667954,0.1368846147815952,-0.2055917729809887,-0.0578095748579992,-0.6927691474260914,0.5762649427348431,0.2734687272973526,-0.5663783110946083,1.0,0.368613552288966,0.0451271535755133,0.6712665492690025,0.3725591357873244,0.368613552288966,0.3686214359912363,0.3686529711014212,0.3686923906665473,0.3690077742663549,0.369402071380632,0.3701908904401378,0.3725591357873244,0.3765121015102247,0.3844395844932634,0.4083832942146189,0.44874717649310214
synthetic_cell_00804,0,0,5,0,14,0.3644743536376167,0.2464558256188356,-0.0393876952753909,0.4280163623809742,0.5924644497989848,1.2936908436482508,0,-0.1753410825306234,-0.6531596104378123,-1.115995143633185,-0.3301623507857723,-0.2183856982673879,0.7473350431986534,-0.5766885611346325,-0.4414874994772628,0.6232035523630796,0.0,-0.7401500921888077,-0.5527918711281278,-1.2617621438355868,-0.7424179224443113,-0.7401500921888077,-0.7401546305675124,-0.7401727839753623,-0.7401954754944045,-0.7403769979983436,-0.7406038769220483,-0.7410575535134325,-0.7424179224443112,-0.7446829289477661,-0.7492038647540766,-0.7626829452055424,-0.7847925974643855
synthetic_cell_00805,0,8,5,2,7,0.3939760722309174,0.4509238969057741,-0.0486046764119507,1.4219744076953338,-0.5860179274771246,-0.4734814661851158,1,1.0302107395592015,-0.0429923638747374,-0.1975263020487011,-0.1150951180459168,0.3699130317625563,-0.3833087521136602,-0.02251887479175,0.7613151542669877,-0.4884474188997433,1.0,0.5493469782512275,0.4779789038326922,-0.3946729952689128,0.5526714623257064,0.5493469782512275,0.5493536240973667,0.5493802076090641,0.5494134372846606,0.5496792861105637,0.5500116256091826,0.5506763989158954,0.5526714623257063,0.5559989726193522,0.5626624511525544,0.5827090301571768,0.6162260845570114
synthetic_cell_00806,0,2,5,3,21,0.4736473942469616,0.5021231299015737,-0.0988797677482848,-0.1667927131562025,0.7347515144432711,-0.6188021218959734,0,-0.018319904200055,-0.7589589974790336,-0.9093099998197194,0.782390621228125,-1.0499140949984112,0.1141489724560643,-0.0965394228883302,-1.076339375720701,1.075765277297783,0.0,-0.8499893496023162,-0.8430184165441997,-0.0238892856748499,-0.8518797117766628,-0.8499893496023162,-0.8499931356841091,-0.8500082797985868,-0.8500272094630313,-0.8501786276143702,-0.85036785230528,-0.8507461411077173,-0.8518797117766627,-0.8537646028724183,-0.8575173503405829,-0.8686279815597592,-0.8865765303269553
synthetic_cell_00807,0,11,0,3,14,0.2630838966130634,0.0157097888635451,-0.2383750583882181,1.1046201430174876,-0.3105084442741119,0.5730021456942036,1,1.08241117034228,-0.0519158646338975,0.4028973905634362,0.3029288179912308,0.820407914814405,0.2487043487361798,0.2350426317473698,1.220614322665747,-0.8793871970913267,1.0,0.6312694161060648,0.548777157740926,-0.7134406735672517,0.6343123696408355,0.6312694161060648,0.6312755008595813,0.6312998399219346,0.6313302638584288,0.6315736596742413,0.6318779151652044,0.6324864612941261,0.6343123696408354,0.6373563749145259,0.6434469083744047,0.6617270047969924,0.692140544568003
synthetic_cell_00808,0,0,2,1,7,0.3448558811033805,0.1940052517311516,-0.0063406185426239,0.0988070462162713,0.5688232661723758,-0.553238346543202,0,0.0231258041212077,0.0067467782183323,-0.2874276446654628,0.3245295154748618,0.4264423572624657,-0.1540797807698372,-0.1343772002560383,-0.4821755794040308,0.5626471947314041,0.0,0.0923329271786692,-0.1504515026109352,1.186506305687434,0.0872042275462594,0.09233292717866917,0.09232268706436046,0.09228172591279889,0.09223052291118117,0.09182083642526624,0.09130857220173999,0.09028352381083941,0.0872042275462594,0.08205828730598641,0.0717151731433966,0.040285372571053746,-0.013361710659175057
synthetic_cell_00809,0,10,0,2,7,0.1700871082755553,0.1515872831673142,-0.0672910561327477,-0.2581154464026881,-0.019187793614321,0.6329713550289024,0,-1.3382185900195602,0.2989170124373197,-0.296653028873542,1.4003133574019828,-0.5813049116515197,0.2888335570217839,0.0420499192408964,-0.2565117623607526,0.2133579816157521,0.0,-0.8309958843359175,-1.0395422799011718,-0.2752725490985031,-0.8329515185000559,-0.8309958843359175,-0.8309998005053093,-0.8310154649884649,-0.8310350451548912,-0.8311916689675659,-0.8313874048492793,-0.8317787297499621,-0.8329515185000558,-0.834902139362776,-0.8387877223841135,-0.850307907157165,-0.8689759962462785
synthetic_cell_00810,0,0,0,3,7,0.1735747454611923,0.2312523924727162,-0.2024222136987348,-1.5280511587225942,0.7572541345697978,-0.8224290026697546,0,-0.1141446710524309,-0.3680443501464252,-0.2414285895249557,1.4176211229426472,-0.968883139975385,1.0246770601100217,-0.8136479468013511,-0.406328274053688,0.7587415537695187,0.0,-1.177427131262946,-0.7318778608342495,-0.644734457643326,-1.1781922371850908,-1.177427131262946,-1.177428674700007,-1.177434847920386,-1.1774425632580645,-1.1775042384280152,-1.1775812134665984,-1.1777347664964317,-1.1781922371850906,-1.1789439801805865,-1.1804067095690296,-1.18445684365031,-1.1900008794168786
synthetic_cell_00811,0,1,0,2,14,0.6225646502532121,0.6007290493384051,-0.162816455041414,-0.0279330867554684,-0.5475185724897094,-0.673656606390664,0,-0.2610899022375301,-1.179474309762588,-0.2879732217739432,0.1865112768638681,-0.2849162639856772,0.5957636255034648,-0.3322125241900246,-1.0708650966073467,1.0652018509474803,0.0,-0.7532832915976619,-0.716266692458706,-1.05717467989129,-0.7555059889589977,-0.7532832915976619,-0.7532877400261467,-0.7533055336204759,-0.7533277753441739,-0.7535056983475785,-0.7537280750508611,-0.7541727377169097,-0.7555059889589977,-0.757725546034213,-0.7621546315233784,-0.7753505225506814,-0.7969626422951617
synthetic_cell_00812,0,8,4,2,21,0.3316115558812834,0.5650130224824815,-0.0641268836125021,-0.3260218285752009,0.020907677804749,0.6355898739775623,0,-0.523750656640477,0.2388894667651008,0.1615385516725249,0.6601318569005552,-0.7323884263622404,-0.597190026436389,-0.6865717986154585,-0.7324775137274658,1.3660201506599463,0.0,-0.3665828066741362,-0.2797455900315491,0.1174338751703474,-0.3701344195203706,-0.3665828066741362,-0.36658990364183647,-0.3666182917652408,-0.36665377748777284,-0.36693768598327686,-0.36729262831404214,-0.36800270150115155,-0.3701344195203705,-0.373692212267836,-0.3808257843847227,-0.4023600463024539,-0.43862176197399994
synthetic_cell_00813,0,11,6,3,14,0.6103169698613695,0.395285215127094,0.0390983730333279,0.147787580920011,-0.4167350154920166,0.2982025483450272,0,-1.6471729820232168,-0.9583437694038676,-0.5560914865064503,1.5873821785625053,-0.0851452965685752,1.4138677926597452,-1.2371600031361347,-1.4575351961965846,1.4290533440500572,0.0,-1.809504637417067,-1.8432792976767596,-1.1664859191703691,-1.8080975774942416,-1.809504637417067,-1.8095018517101842,-1.8094907077463918,-1.809476775234944,-1.8093652128524569,-1.809225504037547,-1.8089452328887208,-1.8080975774942416,-1.8066619204234309,-1.8037040575713048,-1.7941247888375038,-1.775723470458534
synthetic_cell_00814,0,11,6,2,7,0.6111336995897259,0.5972241954418827,0.0100130022585797,-1.9045981043409064,0.8331876268096648,0.9012671606735868,0,-0.04039195833315,-1.0542223960356945,0.6702018887185917,0.7717004925778852,-0.4705926476766205,0.1967215979630844,-0.9917916459839328,-0.5421457184896337,0.6886473371635288,0.0,-0.6942977145037309,-0.4544645030938685,-1.2578706935867083,-0.6967231187398752,-0.6942977145037309,-0.6943025669286423,-0.6943219765654538,-0.6943462384700015,-0.6945403280303638,-0.6947829257065822,-0.6952680729165142,-0.6967231187398751,-0.6991468043499461,-0.7039884202358874,-0.7184562093811677,-0.7423029135227215
synthetic_cell_00815,0,10,6,2,7,0.3401345177317233,0.4076953051890608,-0.026892399725521,0.0343994463584176,0.8397835548930292,-0.9329244299737612,0,0.7467324094833753,0.1169901695973674,-0.0611087062146448,0.4016645578845492,-0.3761033712090894,0.6867779266510576,0.0149417905954277,-0.4693829923317734,0.5994854907813082,0.0,-0.0868075402155727,0.2763261025843155,-1.0510386965494962,-0.0913206147055955,-0.08680754021557273,-0.08681655338403715,-0.08685260657979224,-0.0868976742486814,-0.08725826255310458,-0.08770911524653587,-0.08861121120616758,-0.09132061470559552,-0.09584661219131531,-0.10493686265851229,-0.13250388126689333,-0.1793644835801657
synthetic_cell_00816,0,4,5,1,21,0.1390836279548053,0.1652371470981987,-0.0604701910326893,1.9076091002931368,0.3403566255835083,0.8888491185246563,1,0.2291154466034798,1.3193604249560182,0.0423959044114349,-0.7726274775995937,0.5478511223612557,-0.7820253282567915,-0.1194406251601854,0.852900807287255,-0.5295455891512779,1.0,0.9716353913357516,0.9678993271302968,2.9471562105453644,0.9735086602369364,0.9716353913357516,0.971639144898416,0.9716541588697457,0.9716729257053185,0.971823035226479,0.9720106091231872,0.9723855462592085,0.9735086602369362,0.9753747774359254,0.9790848762585886,0.9900257066326512,1.0075449672423036
synthetic_cell_00817,0,2,5,3,14,0.1293307852520421,0.2444183406213083,-0.1026027292131969,0.0404264851624777,1.1830753869587098,0.7280953884698822,0,0.0985652051960934,-0.4915989685982014,-0.1997123361372595,-0.6134170084031172,-0.7583119640768735,0.6036759391431633,-0.2888449134678994,-1.219996597415647,0.8135709461249115,0.0,-0.447376083417668,0.0370824864577929,-0.4452967176260603,-0.4506500461426169,-0.447376083417668,-0.4473826270264506,-0.4474088016364178,-0.4474415202921766,-0.4477032852540472,-0.44803053066731313,-0.4486851516723987,-0.4506500461426168,-0.4539282415033929,-0.46049676561780317,-0.4802888929036789,-0.5134898706034317
synthetic_cell_00818,0,2,5,1,7,0.3129491171649265,0.3068474317154487,-0.0769384221569202,-0.4370309713089619,0.223118207543449,-0.3147572138440445,0,-0.935036156823921,-0.2492209234405806,-0.217041373951941,0.07498428168492,-1.0655472214093369,-0.2035968138218947,-0.5803048740234363,-0.8761731279361434,0.514273418165759,0.0,-0.7655398596451849,-0.5882788092783197,1.9101522553419144,-0.7677204366997068,-0.7655398596451849,-0.7655442241275606,-0.7655616819256558,-0.7655835038775166,-0.765758067644389,-0.7659762426471377,-0.76641249306071,-0.7677204366997068,-0.7698975780624521,-0.7742409441753076,-0.7871725484633679,-0.8083203456213786
synthetic_cell_00819,0,5,2,3,14,0.327903645906537,0.2790959132688069,0.0277474521905806,-0.087873169669657,-1.0202346854626714,0.4122310175628568,0,-0.3049532252363496,-0.678782443401138,-0.318038246131008,0.6092851350174393,-0.1357757372844016,0.0972142595210369,-0.6704600934587706,-0.7042322388516241,0.93973946283976,0.0,-0.6211833403189004,-0.6900761487412838,-1.198187126148573,-0.623860005745064,-0.6211833403189004,-0.6211886935093779,-0.621210106278829,-0.6212368722575226,-0.621451000745245,-0.6217186629178105,-0.6222539919219372,-0.6238600057450638,-0.6265367147349937,-0.6318896742964315,-0.6479340189236508,-0.6745505567737914
synthetic_cell_00820,0,7,7,1,7,0.1324148470341495,0.1159207576941796,0.2672624962190516,0.0029114056085545,-0.6479729398040496,-0.866643134087567,1,0.1702105570993259,-0.2338706813076073,-0.3036705820470945,0.4000790000580758,0.3407043179231882,1.1711470568510358,0.2068864382993539,0.4382736163927899,-0.4300525040946353,1.0,-0.2535543809939451,-0.2117399858995864,1.6289172731818804,-0.2474706863915613,-0.2535543809939451,-0.2535422360191031,-0.25349365521977174,-0.2534329271957626,-0.25294702202396746,-0.25233943817825155,-0.2511235963406579,-0.24747068639156133,-0.24136461418208913,-0.22908584403660107,-0.1917264102959954,-0.12779258389609577
synthetic_cell_00821,0,11,7,0,14,0.3168528619878014,-0.0472490595387959,0.1914783450661923,-0.7873281855926464,-0.0135533303165047,0.6541585460794043,1,0.0988518651165275,0.2912080988204839,0.8247962316420018,-0.466225408241062,-0.3742792209580795,-0.3425301397082995,-0.6194269395459612,0.8135810617065455,-0.7673998827618799,1.0,0.2238478682938113,0.6381886358442057,-0.6022134293054482,0.2282909462785838,0.2238478682938113,0.22385674350658155,0.22389224479810818,0.22393662240343543,0.22429168286648865,0.2247356074172055,0.22562378589600054,0.22829094627858376,0.23274489560505596,0.24168483363219753,0.2687501064557996,0.3145982300458853
synthetic_cell_00822,0,11,5,0,14,0.0403407961661395,0.1254939152398521,-0.030961896870477,-0.6769287557502587,0.5758162244994897,-0.1037606335604172,0,0.3797074069862691,0.2902112845403042,-0.0285623424509266,-0.5786366728502085,0.9587674149359044,0.273207337961645,-0.3206262597865582,-0.2606284374414045,0.131663340521898,0.0,0.4873604775334873,0.5286891836078592,-0.3074139566804293,0.4808742460409045,0.4873604775334873,0.48734753184729784,0.4872957480279846,0.487231015836153,0.48671306160569294,0.48606537713541925,0.4847692029713152,0.4808742460409045,0.47436125305563437,0.4612554148490666,0.4213076879869566,0.3526955498411616
synthetic_cell_00823,0,5,5,1,14,0.4312624447487507,0.346433702724929,-0.0427036744662449,-0.9066600864130157,-0.7570011636761682,0.0178211782589183,1,1.178511344631063,0.8315409960131783,1.7116057556831046,-1.310069614192379,1.4761653843584652,-1.021247491030944,0.337725075691878,1.8247090876948096,-1.6011317914923104,1.0,2.020969243994046,1.9406166822784483,1.7151665020670246,2.019236424824507,2.020969243994046,2.020965810594275,2.0209520757058415,2.0209349041941325,2.020797416029004,2.020625265523909,2.0202799960518214,2.019236424824507,2.0174711630920608,2.01384248298071,2.0021566676884834,1.9799234130224561
synthetic_cell_00824,0,1,2,1,7,0.5435057967902003,0.181952176024197,0.0520403626949801,0.0915971313652503,0.6704053672292478,0.7590721596582801,1,0.865628526864095,1.5781861575417886,0.8636833599643987,-0.2155372770305335,0.0234183112011556,-1.3649983009663873,0.88965564204239,1.9664070476150477,-1.6452983116684563,1.0,1.5333096818137433,1.441655135637447,1.0485473253116666,1.5332527290286708,1.5333096818137433,1.5333095884291124,1.533309214070628,1.5333087442774962,1.5333049121089075,1.5332999372303726,1.533289371187799,1.5332527290286706,1.5331750871660386,1.5329569762580286,1.5317864989502559,1.5280275307525377
synthetic_cell_00825,0,1,2,0,14,0.4464324853440406,0.2715746830078829,0.0453225113861073,-0.4383408245053891,-0.0311180078548886,0.3293622678046886,1,1.791837211419978,1.011869248491064,0.9815580616011916,-1.0362682033828072,1.3977739681824362,-0.2155069027272911,0.0537623398925776,1.4743589595789015,-1.0795133191463866,1.0,1.7360092246659402,1.964496324239769,-1.117631313754535,1.7352556848017713,1.7360092246659402,1.7360077429776761,1.7360018152095529,1.7359944032153796,1.7359350158777775,1.7358605531316649,1.7357108649690405,1.735255684801771,1.734476570431166,1.732840829536999,1.7272995690688275,1.7158616180067023
synthetic_cell_00826,0,10,7,3,21,0.5685820096234356,0.365702878254074,0.2391651259774767,0.9833755444803371,-0.1872989507710969,-0.8534535325932118,0,-0.5108609263362877,-0.732721737003734,-0.5490369799751399,1.1558970062342309,-0.794073451911395,1.1067493168170357,-1.167023684201884,-1.1293461733367869,1.851164229640844,0.0,-1.455746932391845,-1.0729551390580463,-0.2566129934172724,-1.4555555784493297,-1.455746932391845,-1.4557465695967278,-1.4557451176205007,-1.455743300859655,-1.455728695129442,-1.4557102587565685,-1.455672787967402,-1.4555555784493295,-1.4553441535650693,-1.4548603837642704,-1.4529091451593439,-1.4479094325107897
synthetic_cell_00827,0,8,4,3,7,0.432156718894671,0.2220059416790032,-0.0701977289959661,-0.8422673171535651,1.635868396350821,0.3611084296219422,1,0.5938486026483549,-0.9247645586308688,0.5974746014509039,1.1875971720596763,0.8816777928039145,-0.3230716766520518,-0.0137098566157319,0.7205592660658917,-0.8717384111572046,1.0,0.254206610437819,-0.2767045832605779,-0.6096371987135221,0.2585453590925023,0.254206610437819,0.2542152777213979,0.25424994726693806,0.2542932851240332,0.25464002497112886,0.25507354217595707,0.25594088403859744,0.2585453590925023,0.26289424738780004,0.27162186395333504,0.2980325152762332,0.34273054125174857
synthetic_cell_00828,0,3,5,2,14,0.3343636110428754,0.4576428746097159,-0.044768088921924,1.2116173538899089,-0.0556379616236057,-0.3321885215320701,0,-1.420503754520769,-1.8522482516162733,-0.953082616785343,-0.2658220863475835,-1.1627482907038675,0.388194499588014,-0.4480646972923676,-1.4212423139299273,1.45560979013752,0.0,-1.5595540442777351,-1.5859018491709806,-1.1237672619262304,-1.559005952022737,-1.5595540442777351,-1.559552970500301,-1.5595486744948885,-1.5595433024727428,-1.5595002456588989,-1.5594462229460526,-1.5593375045098576,-1.559005952022737,-1.5584352868851672,-1.5572255160657418,-1.5530358985766,-1.5441036016599272
synthetic_cell_00829,0,1,2,0,14,0.2501027502021883,0.1730463286170104,0.0832653529791144,-0.2052274718364486,0.739446406482724,0.3333287407802421,0,-0.2390194759491538,-0.9707087117230162,-0.1364113788741885,0.3099739311711826,-0.213164025613865,-0.2175158345848709,-0.5518221962392491,0.0857745437842853,-0.1214609079084255,0.0,-0.4929392150613204,-0.6147638635064552,-0.6999671619426843,-0.4960565978140624,-0.4929392150613204,-0.4929454466049631,-0.4929703729105144,-0.4930015310870758,-0.4932508082680484,-0.49356243408586026,-0.49418578299540367,-0.4960565978140623,-0.4991771150480136,-0.5054269819973786,-0.5242366375631857,-0.5557115210536612
synthetic_cell_00830,0,6,1,2,7,0.1679972221752459,0.2767175570932791,0.0401669775034327,-1.1155386327109846,-0.3844379860899147,0.0596395347408758,0,0.5742735267918285,-0.4034221531430793,-0.0676415124830332,0.3490083650000498,-0.2118626934329846,-0.6320265582907965,0.2840600552704261,0.2514636743110814,-0.3691621718334407,0.0,0.2257617029921997,0.0011771382708689,-0.6831009685938411,0.2201744687232359,0.2257617029921997,0.22575054901468422,0.2257059322818655,0.22565015951470513,0.2252039033449751,0.2246458981149604,0.22352927135192469,0.22017446872323593,0.2145667779694262,0.20329049626759144,0.16898358882942952,0.11028174687269485
synthetic_cell_00831,0,3,1,1,14,0.182522559042633,0.2142464222859958,0.0570738129715459,0.6027626423958308,0.2759160764329758,-0.8520422112095138,1,0.3915376396228384,0.1772266373158207,-0.1059594977629256,-0.1545872945491441,0.8399594876592476,-0.328581104784859,0.5520576333814134,0.6449588938068911,-1.0312873641126548,1.0,0.720457285130368,0.3153813948941517,1.343705472986572,0.7231937401091958,0.720457285130368,0.7204627590298053,0.7204846545899951,0.7205120239556279,0.7207309754778426,0.7210046562830166,0.7215519886309555,0.7231937401091957,0.7259290972365464,0.7313958730117694,0.7477528233307296,0.774787607983136
synthetic_cell_00832,0,2,5,1,21,0.3701676398799558,0.3632227747293183,-0.0475870988214513,0.3276029968164975,-0.9286182295729266,-0.1813447394164428,0,-0.6728986807137858,-0.5097523975490482,-0.5989961046063805,0.1320240379555735,-0.5801745361406891,0.3899501008804418,-0.7943782419936389,-0.8374690406455335,0.8961155274709176,0.0,-0.9055621735055056,-0.7171994559004778,1.909912284340324,-0.9072615569014336,-0.9055621735055056,-0.905565578965062,-0.9055792005371031,-0.9055962269031455,-0.9057324138527704,-0.9059025875040284,-0.906242734093761,-0.9072615569014337,-0.9089541298123036,-0.912318214827302,-0.9222305366695844,-0.938073788323257
synthetic_cell_00833,0,3,4,1,7,0.3886308367123839,0.3491663527816754,-0.0572507542775732,-0.1688897212897505,0.1306062973529586,-0.1915819548228843,1,0.707375482369083,0.2781988570515674,-0.3761503572711908,1.1863482691663332,0.376898345666058,0.3359865983880344,-0.33698377233262,0.116828950206872,-0.5286492134962717,1.0,-0.0159403648069074,-0.0522886506294578,0.6171190757584218,-0.010673242610949,-0.01594036480690743,-0.01592984726741785,-0.015887776438208902,-0.01583518639146139,-0.015414405623221931,-0.01488827875101018,-0.013835522459740665,-0.01067324261094907,-0.0053894697392990205,0.005227487312098665,0.03746328176861186,0.09239544031584329
synthetic_cell_00834,0,11,4,1,14,0.0899937525417684,0.0664699369375023,-0.0362254272743753,-0.9619526544412368,0.5885933925530473,0.2667330999901831,1,-0.5989992510549452,0.3083832933200371,-0.223365525491142,0.4928183401356941,-1.1653821104607969,0.3944244108428801,0.0878526965689201,0.0749449813695423,-0.4465585216620152,1.0,-0.6313004862006925,-0.3536039955580594,1.834410934848651,-0.6239186482854845,-0.6313004862006925,-0.6312857540158205,-0.6312268240127756,-0.6311531586660271,-0.630563722186644,-0.6298266423836739,-0.628351535832121,-0.6239186482854844,-0.6165053283927279,-0.6015846963152396,-0.5560799737776687,-0.4778357753455332
synthetic_cell_00835,0,1,5,0,7,0.4392539718163818,0.1501135026882205,-0.0339566054386597,-0.8044932690644226,-0.0211566364356309,-0.6498134667767884,0,-0.5360774735192517,-0.8487553396630272,0.3655210438493762,0.3401169324879173,0.0211778721534954,-0.3561222244514216,0.315869329702522,0.0535834771815818,-0.0605208667891183,0.0,-0.1264826558589308,-0.5495606113507732,-1.079694694022771,-0.130859384837119,-0.1264826558589308,-0.12649139728969705,-0.12652636349647065,-0.12657007234320725,-0.12691978663319417,-0.1273570382146389,-0.12823190329785178,-0.13085938483711895,-0.13524808056831655,-0.14406085318406478,-0.17077236257471007,-0.2161299297608097
synthetic_cell_00836,0,5,1,0,21,0.3540274750947463,0.1804573469750359,0.1978893330441454,-0.7400854892166143,0.3013927836190368,-1.3307967655431,1,1.9035060010903453,1.7451447750773168,1.307852585590853,-0.4075928152687068,0.8584362172968435,-1.0529189943427997,0.6145121091412598,1.5223677369170785,-0.8261305304487506,1.0,2.10904783494615,2.2017427046662044,0.4565901499636727,2.107012329310036,2.10904783494615,2.1090437982898247,2.1090276502903937,2.109007462199184,2.1088458337674423,2.108643488850567,2.1082377669466097,2.107012329310036,2.1049422582562443,2.1006975784740747,2.087112536293083,2.0615425499249254
synthetic_cell_00837,0,3,5,3,14,0.6654742187548651,0.4841675332418517,-0.0676448099085564,0.4622725310861615,0.4132928517956028,0.1451774764026058,0,0.6197471835039718,-1.0025527989285146,-0.3196751049969759,0.5078058834017879,-0.4344276942915603,0.3737923503270927,-0.5783684656112611,-1.197137418844617,1.57593027391442,0.0,-0.560963828753826,-0.3587306711055443,-0.978296706516974,-0.5638474415320924,-0.560963828753826,-0.5609695943920353,-0.5609926570103774,-0.5610214854306039,-0.5612521186676506,-0.56154042482089,-0.5621170852754949,-0.5638474415320924,-0.5667325492742447,-0.5725066690620211,-0.5898495189713564,-0.6187473870647939
synthetic_cell_00838,0,2,7,3,7,0.198694570435582,0.0910279005379804,0.1280685715721667,1.1265584770769663,-0.0588811100289904,-0.7299324599352434,1,0.6177833683177347,0.2379851868425066,0.8398819439293873,-0.6426950926911172,0.4808600650063426,0.3728261622714318,1.0245790894714295,1.4534344234611989,-1.6485113723149196,1.0,0.8845696928656862,0.9231780004335072,-0.7362855041900996,0.8867421673779611,0.8845696928656862,0.8845740427475323,0.8845914420793926,0.8846131908041895,0.884787162981998,0.8850045840586295,0.8854392784313194,0.886742167377961,0.8889095886302539,0.8932286032066485,0.9060468196042151,0.9268644399300349
synthetic_cell_00839,0,6,2,0,7,0.3477860057955683,0.3172131054294476,0.0984825331992606,0.5749187255279655,0.7307448464319946,-0.0990821708112316,0,-0.5690508793883259,-0.785870968584822,-0.5191870013454464,0.3857176270305018,-0.7070511623078781,1.1925307466731914,-0.7932379771256682,-0.9118182720109312,1.0810776243258569,0.0,-1.240807834880992,-0.8436330797099737,-1.3429995607667875,-1.2413551298570282,-1.240807834880992,-1.240808944219091,-1.240813380982617,-1.2408189256119628,-1.2408632296243265,-1.2409184769871684,-1.241028528893449,-1.2413551298570284,-1.2418875343157991,-1.242906994890073,-1.2455904593273575,-1.2487334076017262
synthetic_cell_00840,0,11,7,2,14,0.235609819646129,0.1440648822302624,0.1478643869001594,-0.2299280477551081,1.2051840748469642,-1.1623984235903153,0,-0.7407950096243678,0.2968115350289043,-1.417432695383224,0.0134529341308317,-1.179729290538618,0.5131420041666039,0.1712922689552876,-1.235947781816148,1.1626174456206797,0.0,-0.8332541878689675,-0.6464352715035376,-0.4386773765625066,-0.8352020612604881,-0.8332541878689675,-0.8332580885710773,-0.8332736911829309,-0.8332931940053391,-0.833449198870222,-0.8336441605780291,-0.8340339355000056,-0.835202061260488,-0.8371448669213544,-0.8410146559317075,-0.8524861452074016,-0.8710686816904812
synthetic_cell_00841,0,0,6,3,7,0.1072432300953365,0.0992677357649256,-0.0425139346216757,-1.6177237238801194,0.2327301144519495,0.1240417966569654,0,-0.9481041798553448,-0.8631771042260213,0.114392720897593,-0.4067423807133068,-1.1090271113066126,0.4881933693293291,-1.389327421907553,-0.9998900374278328,0.6561340213792208,0.0,-1.1858083166571798,-0.5680656379726289,-0.1967587585764225,-1.1865446202181007,-1.1858083166571798,-1.1858098026909039,-1.1858157462898686,-1.1858231745826273,-1.1858825526671255,-1.1859566545334628,-1.1861044551661066,-1.1865446202181005,-1.1872673588505103,-1.1886714723211904,-1.1925408840216019,-1.19776741054212
synthetic_cell_00842,0,2,3,0,7,0.0161633632497797,-0.0401254870636303,0.0313598849456009,-0.4030330056972702,-0.1404878494494553,1.4047648624580755,1,0.6533183791654615,1.2258618486132418,0.6213911006803166,0.0928588529723427,0.4094960463749323,-0.4944213042983777,1.2870958580725933,0.4893352017868311,-0.7923660862041391,1.0,1.2564846019351903,1.0137942802177475,-0.6411281592904939,1.2573789723307227,1.2564846019351903,1.2564864045452853,1.2564936144321581,1.2565026255452527,1.256574664608949,1.2566645887332542,1.2568440206129947,1.2573789723307225,1.2582593256382808,1.259977260212338,1.2647759251161568,1.2715040799524333
synthetic_cell_00843,0,9,5,1,7,0.2559321696688644,0.1692550982161043,-0.0008960693557389,0.3239832354538259,-0.1577235521726805,0.9850589599570022,1,-0.2790633428552609,-0.2955591089100741,-0.2242101995818687,0.8651686423230251,0.2155562172509515,-0.0040830641167196,-0.3529059203559915,-0.06951916228918,-0.2514589880740446,1.0,-0.3252682901818639,-0.5808300832903999,1.3927614570174582,-0.3189381471572051,-0.3252682901818639,-0.32525565403334045,-0.3252051084702562,-0.3251419243362429,-0.32463636407154767,-0.32400419582591156,-0.32273913339836013,-0.318938147157205,-0.3125838980893801,-0.29980357877087066,-0.26089778758794213,-0.19424718209695582
synthetic_cell_00844,0,9,3,2,21,0.4360549591081667,0.5286322576135826,0.1039271670119746,0.8285547957524508,0.3899153725563283,0.0845878336292861,1,1.3077900858412113,1.1211827322093444,0.8016825721473766,-0.7114309472084303,0.1351548915829084,-0.459343464049988,0.5906880612949699,1.8655740080772076,-1.7327222678000558,1.0,1.3329329598090358,1.6130665048643469,-0.0334712178730607,1.3335646116134765,1.3329329598090358,1.3329342388188723,1.332939354231128,1.3329457470853838,1.3329968334553408,1.3330605501531578,1.333187511970696,1.3335646116134763,1.3341804037850122,1.3353636776341884,1.338513896811226,1.3423459147255101
synthetic_cell_00845,0,10,4,1,21,0.3764136500272704,0.4636493554866759,-0.0457445449735896,-0.4173255878409498,0.1942806463299242,0.4268234906747759,1,0.2895272160629238,0.2055690836623583,-0.9183592312407756,-0.2498599783160491,-0.7058022894361405,0.3737511773486755,0.6647345095657574,0.1811752744439638,-0.1882945272622008,1.0,-0.0953524227708123,0.0479288408896656,2.204041070653888,-0.0898123970807278,-0.09535242277081232,-0.09534136133247108,-0.09529711483141834,-0.0952418050228808,-0.09479925928053327,-0.09424590898941182,-0.09313864851078167,-0.08981239708072786,-0.08425380673944076,-0.07308146158480425,-0.03913331553243984,0.018807255484556105
synthetic_cell_00846,0,6,0,0,14,0.4141202106585572,0.3020114639322754,-0.1315196371222527,0.2221800560543954,-0.1008082825658225,-0.5360725222186996,0,-0.054148699279569,-0.378930177030943,-0.3545265363753089,1.205394816066042,-0.7075415080119793,-0.4620255474238893,-0.2267448574290523,0.1158512669860914,-0.4661130238971492,0.0,-0.4990650096659572,-0.6715185369526616,-1.0336068074018328,-0.5021613408203051,-0.4990650096659572,-0.49907119925359555,-0.499095957729233,-0.4991269061051353,-0.499374504350133,-0.499684030171081,-0.5003031746629903,-0.502161340820305,-0.5052606588130336,-0.5114676834846197,-0.5301452493598173,-0.5613880658651482
synthetic_cell_00847,0,6,6,0,14,0.3810760598661281,0.1781045246220358,0.0094166054918738,0.1741291036321861,0.7491042339718417,-0.1712930122365145,0,-0.0913498009375969,0.5565631761471308,0.1880982015980125,-0.6563728845834864,-0.1330384718533048,0.1160725203651986,-0.4109862288076041,0.3995434284925599,-0.4545481534896985,0.0,0.149336427929044,0.5165516752529328,-1.427487896898132,0.144011832925943,0.149336427929044,0.14932579739369098,0.14928327450308426,0.14923011920420567,0.14880480940176039,0.14827300368516572,0.14720883114152603,0.14401183292594294,0.13866862342658848,0.1279268410142209,0.0952678815712771,0.039461302077198716
synthetic_cell_00848,0,7,7,2,21,0.2071089293218662,0.3895767085412203,0.2406375136475508,1.1633014491141234,0.93763088056037,0.3990004090902275,1,1.510728728350499,0.1273341179874925,0.8557238902762718,-1.2235033572500442,1.299481177397089,-0.1479760339697085,0.7424808687386578,1.5528969121170766,-1.8241234144458869,1.0,1.5616705981828995,1.4990089356977774,0.4741344693375373,1.5615161816955605,1.5616705981828995,1.5616703105523286,1.5616691591827858,1.561667718064409,1.561656112836838,1.5616414154913785,1.5616113840333612,1.5615161816955605,1.5613403925808234,1.5609239325057949,1.5591419125475772,1.5543085315132381
synthetic_cell_00849,0,9,4,3,14,0.7434293038430894,0.421647373028573,-0.1135966701534262,0.5928184338962763,0.9428985367799266,0.4289807675546464,0,-0.1407062786104991,-1.1028824167772993,-0.2837337649508633,1.1408871024746756,0.1975135832003419,1.5792464497629108,-0.6435528870719118,-0.1288012754962207,0.0911068975181568,0.0,-1.074561557894713,-0.9602761442991404,-1.4646664183084166,-1.0756801664853095,-1.074561557894713,-1.074563805865426,-1.0745727973194263,-1.0745840356719105,-1.0746739038719675,-1.0747861424796734,-1.0750102969348765,-1.0756801664853095,-1.0767878913972875,-1.078970036919078,-1.0852382476153144,-1.0946791988071338
synthetic_cell_00850,0,10,3,1,7,0.3491655828752009,0.1367241375841631,0.0833347127624907,0.6175952460853131,-1.668149610190457,0.6787995277190879,1,0.2225424960239019,0.0433254299895683,0.403080769503204,-0.0699954799619836,0.8671800957175432,-0.2062122751720317,0.1577966290003793,0.8608203979875289,-1.0141446662062716,1.0,0.592993861200813,0.3192567704641058,1.337328130700379,0.5961683505872047,0.592993861200813,0.5930002081063364,0.5930255958135585,0.5930573306390335,0.593311216882658,0.5936285936991718,0.5942634101209102,0.5961683505872046,0.5993448142232358,0.6057030373562485,0.6248084644553676,0.6566720189926051
synthetic_cell_00851,0,2,1,1,21,0.2751392547115813,0.2776583428566951,0.0788363626720859,-0.036510331431001,0.0835953101098825,-0.3860249172472199,1,0.7136787070516515,0.260568107906368,-0.0967356050175249,0.2401634954413879,0.4593384423549432,0.5042654641279991,-0.2091775292490143,0.4624426142321432,-0.6713991924654218,1.0,0.2206402099083034,0.363982067135101,1.9290067794789896,0.2250943111709485,0.2206402099083034,0.22064910709055482,0.22068469626309367,0.22072918372663305,0.22108512333327607,0.22153014750828406,0.22242052755215772,0.22509431117094847,0.22955936108571373,0.2385217326746121,0.2656561718074146,0.31162581295708913
synthetic_cell_00852,0,10,7,3,7,0.1787650508478711,0.0254757610079441,0.1723546369744139,-0.0708699944566658,0.4464776620980791,0.6657781675159029,1,0.1387819917856935,-0.1436171039283335,0.4757540754592935,-1.626070645191653,0.8554581297857371,-1.2563301103189906,0.4576804391033686,0.9676351986657304,-1.028223210888126,1.0,1.1864991555879714,0.7699307123284357,-0.1160557885464065,1.1876340344571013,1.1864991555879714,1.1865014375333822,1.1865105648288832,1.1865219728543321,1.1866131932799873,1.1867271092661373,1.1869545754114292,1.187634034457101,1.1887565830152256,1.1909639783248147,1.1972717300576574,1.2066511836373657
synthetic_cell_00853,0,7,5,2,21,0.1733187675218907,0.3769501139008522,-0.0164047442780969,0.3600552632362146,-0.8603246787508725,0.262346970713716,1,-0.0834352143665309,0.3959191540585944,0.5766298087402968,0.123195876691033,0.1986152595170218,-0.6312179572857468,0.904092761164769,0.3705099450681151,-0.2013652100330009,1.0,0.687496671361886,0.3102217396780101,0.8192599597866247,0.6903463971322862,0.687496671361886,0.687502371010919,0.6875251696012175,0.6875536678258698,0.6877816530757532,0.6880666331800406,0.6886365879295949,0.6903463971322861,0.6931958194621486,0.6988931135394005,0.7159607891692744,0.7442442396290481
synthetic_cell_00854,0,6,7,1,14,0.7492497111053009,0.3355334194047152,0.2569727502750519,0.1184352045735903,0.1344372727778934,0.16267429198366,1,0.5562496614599928,1.1491520660591703,0.0687666641547698,0.4994177173317617,0.0989096819362628,0.38623898651787,-0.3619735052991546,0.1033260199927444,0.2547133654758449,1.0,0.2661910272363307,0.615935130140944,0.3173470563053674,0.2704885908455281,0.2661910272363307,0.2661996124377838,0.26623395364328517,0.26627688104937675,0.26662033625018555,0.2670497450512366,0.2679088614514555,0.27048859084552807,0.2747960052490254,0.2834398057961268,0.30959203874080327,0.3538360521914716
synthetic_cell_00855,0,9,6,3,7,0.2683542316058291,0.214951270783531,0.0778126031403903,0.5147762319560736,-0.7242132619603224,-0.6425253871602304,0,-0.0029800029869485,-0.4453997337205583,-0.0380285976229925,0.1937894147313498,-0.3873369911034068,-0.0081800682640752,0.4673614794879315,-0.2777422506454363,0.1011375476269126,0.0,-0.104046783305539,-0.2194561594250542,-0.9197833056944872,-0.1085006142776885,-0.10404678330553903,-0.1040556784011974,-0.10409125928913472,-0.10413573653591611,-0.1044915999699718,-0.10493654284128844,-0.10582680670691047,-0.10850061427768849,-0.11296695274831771,-0.121936636254193,-0.14913192736711248,-0.19533944556179006
synthetic_cell_00856,0,9,3,3,21,0.6607310510546776,0.508668065570339,0.0316990834370644,-0.5472964513859264,0.7174124322973858,-0.3200080254533637,0,-0.3874390693646445,-0.0611131478944869,-0.5566316995099161,-0.2001176326662062,-0.7829860639658074,0.1625249927464609,-0.7586488543490109,-1.3066194005561391,1.3434061572597784,0.0,-0.6286616715315554,-0.2732529715757478,0.0555501995072996,-0.6313126372998774,-0.6286616715315554,-0.6286669735024087,-0.6286881813861652,-0.6287146912415444,-0.628926770094874,-0.6291918686045832,-0.6297220648823202,-0.6313126372998773,-0.6339634663905365,-0.6392641243709037,-0.6551472147413435,-0.6814804466874438
synthetic_cell_00857,0,3,3,2,14,0.1232775104877449,0.4118574944559543,0.1522445781778544,0.1295592924592381,-0.6040527647303825,-1.6424232211303855,0,-0.6932143382815905,-0.8884805712799315,-0.1726422238500154,0.5423904974921407,-0.6309984878945969,0.5704120031125971,-0.5328516285351483,-0.8820183347262649,0.4338965527932388,0.0,-1.002512155626562,-0.884364618512942,-0.900848793476762,-1.0038783655781207,-1.002512155626562,-1.0025148970687725,-1.0025258624781126,-1.0025395684308116,-1.0026491836745173,-1.0027861216932503,-1.0030597270029098,-1.0038783655781205,-1.005235428373134,-1.0079214694227723,-1.0157432717537964,-1.0279137117131918
synthetic_cell_00858,0,1,5,3,14,0.3380151829055927,0.2132825906188861,-0.0814351441185335,1.251045123622434,0.0055974210755718,-0.1914458267480416,0,-1.2186165489628735,-0.5652172422513174,-0.9781774192098184,1.2593507493771885,-1.318491810243819,1.2503279457583258,-1.1000177910337143,-2.2669019655795566,2.2113745481861407,0.0,-1.9113749769081172,-1.5085201890085231,-0.7996094087225136,-1.90961783448765,-1.9113749769081172,-1.9113714934840103,-1.911357558553266,-1.9113401371125047,-1.9112006544700688,-1.9110260232643086,-1.910675833765392,-1.9096178344876495,-1.9078296396581182,-1.9041593210898595,-1.8923834358362261,-1.870122905046928
synthetic_cell_00859,0,0,3,3,21,0.3206537447740374,0.4278919507895271,0.1796126797430819,0.578129464331242,-1.3064810645759428,-0.2548645995230473,1,-0.2286907033769421,-0.4334882926671161,-0.0586671452679291,-0.5692123742086164,-0.3756825475245789,-0.0392036979004996,0.0691263096764901,-0.1141533171768682,-0.0923235254053006,1.0,-0.1194182277485953,-0.0602166173269189,0.8900804025390314,-0.1137954987205571,-0.11941822774859533,-0.1194070014818385,-0.11936209564395922,-0.11930596161226836,-0.11885681999977642,-0.11829521965813232,-0.11717144169869227,-0.11379549872055707,-0.10815362501150007,-0.09681296962637437,-0.06234589583663938,-0.0034936261475980446
synthetic_cell_00860,0,6,1,3,7,0.1134918807066591,0.1654785888977979,0.1467449061933172,0.1607889601379773,0.4558657624067458,-0.3686522030730493,1,0.6581040324885039,0.2833966146985801,0.3152119415420711,0.3466531289907992,0.7546414287989445,-0.3805414842538676,0.2624084638107796,1.170348957953072,-0.6818502162228857,1.0,0.7289466466389289,0.4447841987395124,-0.3629810153968046,0.7316539275039258,0.7289466466389289,0.7289520623941236,0.7289737253691709,0.7290008039849901,0.729217428773228,0.7294881993220688,0.730029705026522,0.7316539275039257,0.7343599059083415,0.7397673092090709,0.7559412045600619,0.7826543818687284
synthetic_cell_00861,0,1,3,1,14,0.1680883425480729,0.1132207828500827,0.0077487168534864,0.020208897162271,-0.4811149510372723,0.4961118280637585,0,-1.3696676263506298,-0.729075625746234,-1.4463949757110404,0.5352210972982064,-0.2511662134711984,0.2501492392300661,-0.6239152805857239,-1.206388449611374,1.2504868762185426,0.0,-1.21803795045553,-1.5456289756205204,1.4145169502127584,-1.2186634952739694,-1.21803795045553,-1.2180392157461923,-1.218044276341888,-1.2180506008107597,-1.2181011455119768,-1.218164198668021,-1.2182898786045875,-1.2186634952739692,-1.2192746983709084,-1.2204534058309362,-1.2236278542438657,-1.227633407089845
synthetic_cell_00862,0,8,0,0,7,0.485199497886041,0.1912328221524969,-0.1774847080317862,0.3856742764935894,-0.5324102544574729,-0.5222694668607819,0,-1.988279779986335,-1.640406214307883,-1.2206571421094456,1.6771252810378636,-1.430437306704894,1.5851807671289784,-1.0850916196967773,-1.9602032496293675,2.0135785751286672,0.0,-2.661887706263824,-2.526356367840605,-0.5828837420914692,-2.6575513894524803,-2.661887706263824,-2.6618790825244787,-2.661844585610384,-2.661801460065025,-2.6614562795658525,-2.661024363472228,-2.660159062194746,-2.65755138945248,-2.6531659315057317,-2.6442467143205537,-2.616287623357744,-2.56559498903655
synthetic_cell_00863,0,7,7,2,14,0.303741512553469,0.3166929732616716,0.1679233688712263,0.3770833458616257,-0.4156971541539256,-0.6290258776029877,1,1.0313153324339028,0.7448050904147734,1.1913699015735182,-0.6585006891161873,0.801835056259455,-0.5459311479533226,-0.044915363517819,0.7115370388216201,-0.5162898034858556,1.0,1.2934866515783454,1.440737261432341,-1.1886258793119795,1.2942538625865458,1.2934866515783454,1.2934882007587618,1.2934943968913055,1.2935021407313516,1.293564038405024,1.2936412777768647,1.293795313429657,1.2942538625865458,1.2950061646898532,1.29646531616857,1.3004661108196744,1.305792495818883
synthetic_cell_00864,0,0,4,3,14,0.21089348040287,0.1488818832970192,-0.0687874386404658,0.2180300051166072,-0.4186836010434783,-0.938753915806883,1,-0.1680350043265067,0.7663955157383944,0.6435753649115723,0.3272034686209866,0.9738941803426028,-0.3781212804384355,0.1497437199296642,0.8131828217941045,-0.2682146117432879,1.0,0.715317899180863,0.3724249752160082,-0.5945805143596365,0.7180720159155909,0.715317899180863,0.7153234082803214,0.7153454446455425,0.7153729900285949,0.7155933501354123,0.715868792784571,0.7164196525320246,0.7180720159155908,0.7208251586674215,0.726327878024608,0.7427956482361382,0.7700251311897074
synthetic_cell_00865,0,8,2,0,21,0.5265978757737627,0.481110167721361,0.0218238574902778,0.327196316905826,0.1788793293965993,0.3023722565318291,1,-0.0870316803484821,0.0759115324705824,0.5238336479870674,-0.657810994558706,-0.0686716970765538,-0.0711738327145323,0.440823427120848,0.290051777950815,0.053524498902781,1.0,0.3804534701833014,0.4331858303120716,0.2943352504989826,0.3843583652138581,0.3804534701833014,0.3804612727931292,0.3804924835221476,0.38053149758517346,0.38084363614243943,0.3812338743889205,0.3820145671623206,0.3843583652138581,0.3882703571053296,0.39611503465918735,0.41980344181288587,0.45971878570126096
synthetic_cell_00866,0,8,5,0,7,0.184704276060995,0.0810852155823715,-0.0283464428123926,0.953169215350416,1.1286496449481107,0.4436269987185869,1,0.775462531159776,1.0373087325837052,0.1313275779817011,0.3506655721783229,1.274330612909578,-0.6636036718276763,0.5717123746558421,1.159883705530397,-1.2079284581469771,1.0,1.2415531497368144,0.7441623996770624,-0.4883975736820387,1.2424988328118287,1.2415531497368144,1.2415550546134908,1.2415626735810623,1.2415721960773676,1.2416483275003205,1.2417433703079659,1.2419330503375345,1.2424988328118287,1.2434308586741145,1.2452532200962811,1.2503738499089039,1.257667661499797
synthetic_cell_00867,0,10,4,0,14,0.2978812570376852,0.155137197777353,-0.0604027913868433,-0.1701364991853905,-1.53501945265399,1.0431794474979668,1,0.9630999874762892,1.0063346613805868,1.0745259522421464,-0.6615995480229757,1.3674901476562464,-0.9866720458176056,0.1875636205782245,1.2826582500619723,-0.927211502070912,1.0,1.6786304645023176,1.478420829396977,-0.3061996911940377,1.6780741096065117,1.6786304645023176,1.6786293758052762,1.6786250200572734,1.678619573212518,1.6785759120412098,1.6785211194316547,1.678410812979751,1.6780741096065115,1.6774935631370969,1.676259114963337,1.6719551050343568,1.662690866403338
synthetic_cell_00868,0,6,1,1,14,0.5915662257783324,0.2131494095643887,0.0517910286731814,0.5102629149526741,-0.6664098369073818,-0.2080547081689714,1,-0.6112348238469572,0.219723646553026,0.6580034077571236,-0.0427897066781719,0.7884952659838977,0.0432698587010598,-0.0804438901525883,0.5838841814289873,-0.4044299596172303,1.0,0.2813274342909335,0.0785641390732806,1.225618890095907,0.285572980883073,0.2813274342909335,0.2813359158220546,0.2813698423316585,0.28141225133509684,0.28175155800335183,0.28217577786004605,0.28302450544039015,0.28557298088307287,0.2898280134544808,0.298365953750388,0.3241918023720794,0.36786239464593856
synthetic_cell_00869,0,2,5,1,21,0.0993824572050998,0.1364386200041449,-0.0856492191838002,-0.0681514354327141,-0.7845492301616069,-0.3237916268410714,0,-1.2700003549672667,-1.0191119086252258,-0.3437576547646808,-0.1235788588162271,-0.3392173186419126,0.9250738423486792,-0.3360025097278064,-1.3123133026468514,1.6261600333475816,0.0,-1.0733963043023498,-1.0284523289309069,1.7352884294500734,-1.0745189173449785,-1.0733963043023498,-1.0733985602539677,-1.0734075836327097,-1.0734188618936444,-1.0735090494622572,-1.073621687533061,-1.073846641755979,-1.0745189173449783,-1.075630674793727,-1.0778209698081642,-1.0841143067119263,-1.093599401872906
synthetic_cell_00870,0,5,1,0,21,0.481616840547885,0.4610671532783059,0.1233925939047335,0.0607943466172606,0.1926845198092182,-0.1676778548263163,0,-0.3285274756310665,-0.1657963103644312,-0.0702727185444954,0.6662709948822627,-1.0382931477502813,1.4535291936020287,-0.6300050996344584,-0.6788581319303028,0.604775063047212,0.0,-1.112813667420504,-0.4315539533057694,0.4447895462635866,-1.1138008207306942,-1.112813667420504,-1.1128156533997895,-1.1128235968512599,-1.1128335251177373,-1.112912909315808,-1.1130120346353247,-1.1132099348893651,-1.1138008207306942,-1.1147761684166226,-1.1166907882364088,-1.1221341738056985,-1.1301259984260281
synthetic_cell_00871,0,4,3,2,7,0.485798908627527,0.4054126877726177,0.0167341345444834,0.7128913027110733,0.6606256980583665,-0.7245490557788808,1,0.4267875320248536,0.2709493540792493,-0.1000374108186911,-1.0976600707348836,0.6968547823042404,-0.6519505925571986,-0.6834063382040885,0.7297726032004179,-0.762180429548514,1.0,0.6621850001207138,0.7000454084330568,-1.1454862170171831,0.6651217107105607,0.6621850001207138,0.6621908731311893,0.6622143651916214,0.6622437303087588,0.6624786528913764,0.662772310144288,0.6633596374705908,0.6651217107105606,0.6680587279173366,0.6739330455026159,0.691546513317641,0.7207888603146021
synthetic_cell_00872,0,7,0,1,21,0.3970868226179727,0.3889319525587216,-0.0653300164087313,0.3979393014136545,1.4865785267447649,-0.4727406244564195,1,0.9140527759443704,0.1024277003510326,-0.3707732190616134,0.4746345395534745,-0.0048544518195062,-0.2306283486430449,-0.561486049119982,0.7585949578580922,-0.2991678946909741,1.0,0.1132634381244359,0.2214968906336232,1.4368933059360591,0.1180865450136713,0.11326343812443587,0.11327307073785943,0.11331160173844096,0.11335976671958317,0.1137451357695324,0.11422697000732425,0.11519104772177266,0.11808654501367126,0.12292318853117194,0.13263652644863533,0.1620863165651012,0.21212377345309183
synthetic_cell_00873,0,5,3,1,14,0.135658069782762,0.1190756888469095,0.0758305925152713,0.3002655810766967,-0.2721084449802009,0.9378656588793556,1,0.1437825044856248,-1.1803586440889808,-0.091295477490614,0.0473480227583047,-0.5080557186552478,1.0722164823087048,0.6469624200528056,0.0397412629482156,0.2533452036897063,1.0,-0.5262797974471034,-0.4165893992154562,1.7931353245587909,-0.5192588683617536,-0.5262797974471034,-0.5262657845564229,-0.5262097318312294,-0.5261396633092423,-0.5255790105263174,-0.5248779330922246,-0.523474907121925,-0.5192588683617536,-0.5122089884890997,-0.4980228448838055,-0.45478266942630574,-0.3805170298897621
synthetic_cell_00874,0,6,3,2,21,0.1344485168364036,0.2632746675629865,0.137244922114026,0.1537153434317816,-0.2977854249831894,-0.7334919727531637,1,1.4770766357184997,-0.1242579306014184,0.6552598998385569,-0.5646251567535243,0.678146376718566,-1.2895857904776007,-0.0937251502902009,1.3260308315766882,-1.8003267151622833,1.0,1.2388417661613085,1.0864276672821347,0.2310243902237556,1.2397967670410823,1.2388417661613085,1.2388436896084445,1.2388513828604641,1.2388609982182017,1.2389378727675113,1.2390338450704097,1.2392253860485825,1.2397967670410825,1.2407381760574199,1.2425795002192481,1.2477585952336487,1.2551551237212957
synthetic_cell_00875,0,1,7,1,14,0.1628262872348829,0.1027186195304728,0.1431204028371249,-0.0890866092018665,-0.5468084736003883,0.454583244549246,1,-0.1560008375441753,0.3497859226889259,-0.4003373906433585,0.4234650104436424,0.2026635575072469,0.2494164622990455,-0.0129778543314769,-0.0105073117054887,-0.1316431881233611,1.0,-0.0650759787800373,-0.1652325687127741,1.2752753446662028,-0.0596399995983376,-0.06507597878003733,-0.06506512470722145,-0.06502170769741235,-0.06496743481850005,-0.06453318713612527,-0.06399021597808498,-0.06290373563056084,-0.059639999598337656,-0.05418618548298512,-0.04322558621722225,-0.009930287081479342,0.046863304069016044
synthetic_cell_00876,0,4,7,3,14,0.1039948275082372,0.08314026154337,0.1595703251304694,0.2780022418144946,1.141084341610738,-0.4545923041399082,0,-0.9468834998030976,-0.0733078073558969,-0.6356112391617823,0.0039406468340538,0.1286246132689096,0.0961073048134414,-0.4477744567349381,-0.960701068646402,1.3862027082822743,0.0,-0.4649628066285629,-0.6340256493167304,-0.0443869869629593,-0.4681763317028887,-0.4649628066285629,-0.46496922978462324,-0.46499492256677366,-0.46502703889967345,-0.4652839837550621,-0.4656052002258035,-0.46624775064511753,-0.4681763317028886,-0.4713936655409193,-0.47783919250481227,-0.49725209962780464,-0.5297868294205456
synthetic_cell_00877,0,8,2,1,21,0.2630066417825409,0.1504677140726154,-0.0387834370779466,-0.9691072218036832,-0.5455435074572658,-0.2249495221484961,1,-0.1858825656919731,-0.7777571106467039,-0.2642893126310349,0.946751588910316,-0.7305555339954309,0.467323970452696,0.1456255753944246,0.0823174386734252,-0.5952071849633214,1.0,-0.7474927809391315,-0.7751305350959165,1.7379867928447854,-0.7397116424134412,-0.7474927809391315,-0.7474772529449417,-0.7474151395927857,-0.7473374948080068,-0.746716212758173,-0.745939300823977,-0.7443844460985993,-0.7397116424134411,-0.731896221463867,-0.7161629694916132,-0.668152808026727,-0.5855068303516892
synthetic_cell_00878,0,0,6,1,14,0.3957213754967517,0.1564863853778692,0.0505317987493351,-0.4531901220216873,0.9269144995848736,-1.5956703099946123,1,-0.7682852736818544,0.2598488522247569,0.8390536120746384,1.359082643797493,-0.243883869013816,-0.0474213793887606,0.107831437745045,-0.2841076231216489,-0.1644231693318289,1.0,-0.2306772146344884,-0.4068543435562782,0.6574064057176032,-0.2246721385542192,-0.2306772146344884,-0.2306652263469912,-0.23061727231905943,-0.23055732780884564,-0.23007769272935447,-0.22947795145439218,-0.22827781127966312,-0.22467213855421922,-0.21864523624831794,-0.20652646329164007,-0.16966032683268872,-0.10659316922734352
synthetic_cell_00879,0,8,1,3,7,0.0424269163967493,-0.0725696606593903,0.1373551072293162,1.795546485797595,0.2002054428968466,0.2010316213487161,0,-0.493727535911967,0.6693494212732187,0.8708005992144965,-0.947753329969158,-0.5257458060524159,-0.3492334209643434,0.4640923098955641,-0.1505812079912885,0.2546523700465407,0.0,0.4717426952883065,0.7001477238338295,-0.111708212957362,0.46531013508261,0.4717426952883065,0.47172985656942207,0.4716785006343617,0.4716143033316702,0.47110062956736226,0.4704582990627131,0.46917284410865684,0.46531013508260993,0.4588511898012781,0.4458545784637822,0.4062436157535765,0.3382231349966106
synthetic_cell_00880,0,7,7,0,7,0.379678806153166,0.2599598145278293,0.1995770299709653,0.2813114185416696,0.9345812755515334,0.4408006879755797,1,1.2971752518718898,0.9105081084265964,0.6079207477550146,-0.7386634081113667,1.1301949177734207,0.2072912050396214,-0.3438075873139654,1.4169899088552578,-1.197007966491023,1.0,1.1347105447112595,1.4688294246707514,-0.9298636247497364,1.136023397722183,1.1347105447112595,1.1347131813605618,1.1347237275214768,1.1347369092408541,1.13484232370459,1.1349739934561605,1.1352370045328235,1.1360233977221827,1.137325168622129,1.1398947605439411,1.147319223173786,1.158660614357782
synthetic_cell_00881,0,8,2,2,21,0.0815774988464178,0.5656127397557704,-0.0033933631939469,0.8682723597446638,-0.5508276569229836,0.0994668404714262,1,0.9160594503496128,-0.5090033652746546,-0.3671157931915786,-1.022178907011612,-1.392591694731511,0.0755284554528563,-0.673082505725733,0.0305583212408386,0.337021159304857,1.0,-0.3172168567037157,0.4962269495514843,0.7350869028563167,-0.3109143828313903,-0.3172168567037157,-0.3172042757000347,-0.31715395072407,-0.31709104234139324,-0.31658768878491944,-0.31595828066856363,-0.3146987443141309,-0.3109143828313902,-0.304587996970138,-0.2918639873668335,-0.2531318081682646,-0.1867862197426483
synthetic_cell_00882,0,10,3,2,7,0.2533751392844961,0.3761103491520738,0.2148251305927087,-0.7727084292642435,1.2787017653135393,-0.0527481717804116,0,-0.7408396569234175,0.0769144107666646,-0.41625502591121,0.1165083515502275,0.1030009749852724,-0.3802824982731029,-0.4852084154128899,-0.2100620299810189,1.172984858007038,0.0,-0.2289792351955517,-0.4452367442470257,-0.7920315184953775,-0.2330037295716641,-0.2289792351955517,-0.22898727461993212,-0.22901943270250566,-0.22905963117201192,-0.22938125356446307,-0.22978336807242508,-0.23058788498802688,-0.23300372957166404,-0.23703772034618434,-0.24513365748069987,-0.2696350468253929,-0.3111096773984576
synthetic_cell_00883,0,9,4,3,21,0.6035703581502652,0.5243563534349986,-0.0097136471858829,0.4411965886919254,1.1038047803611115,0.9837567162498312,1,1.4563650640936645,1.0549936355290694,0.7191928485307759,-0.1165301792212761,0.4794913163274674,0.1484641434861955,0.4824763158165674,1.188648219985183,-0.8413079839893838,1.0,1.145826229887153,1.42094866907426,-0.1255095794658095,1.1471008832920986,1.145826229887153,1.1458287904043345,1.1458390320260663,1.145851833047391,1.1459542009637103,1.1460820601232653,1.146337441988408,1.1471008832920986,1.1483641866777698,1.150856038273184,1.1580408148687171,1.1689611041854333
synthetic_cell_00884,0,6,4,0,7,0.1610635805009374,0.2008875412917031,-0.0434761120791663,1.0808294863506975,0.1335922329139902,-0.2251331166537952,1,1.320378131863161,0.5504882840308797,0.9960194942726068,-0.5193783346925679,0.7661328349849366,-0.5789631616967708,0.3474188685102498,1.9554753669007008,-2.3213937495179278,1.0,1.3632154977554063,1.3834655082890213,-0.8109407507210173,1.36374308210928,1.3632154977554063,1.3632165693579796,1.363220855112034,1.3632262108279543,1.363268997467729,1.3633223329433828,1.3634285104472499,1.3637430821092797,1.3642540769658238,1.3652255623065226,1.3677228031637887,1.3704076103507623
synthetic_cell_00885,0,10,7,0,21,0.5138622730689089,0.3266557231275634,0.2072367077765465,0.9585511994536466,-1.18865589326709,-1.6187212881166118,0,0.2464774716048439,-1.315369978421588,-0.0160149064316904,1.149501226016819,-0.1472409679038511,1.0570331516810023,-0.1565463288084401,-0.9460435198909644,0.6282574530577417,0.0,-0.8045683953030682,-0.7830690866144115,0.9776581648638154,-0.8066148488500933,-0.8045683953030682,-0.8045724924762182,-0.804588880999844,-0.804609366274093,-0.8047732332388694,-0.8049780287851113,-0.8053874921001691,-0.8066148488500932,-0.8086569260464116,-0.8127273363267781,-0.8248173735149416,-0.8444866303056544
synthetic_cell_00886,0,1,3,3,14,0.0728708310307709,0.0086431600191076,0.0717947080404764,-0.079644657642749,-0.1397514844864026,0.4343599505099623,0,-0.8486632423559517,-0.5298834675694775,0.4831403448262382,0.0244684177275867,0.1479304241349339,-0.1508329658814249,-0.8070006994907367,-1.0450531551393123,1.175863967283444,0.0,-0.3579750619253638,-0.4164499000017403,0.4534375144049601,-0.3615562557153328,-0.3579750619253638,-0.3579822178481221,-0.35801084180004383,-0.35804662232686457,-0.3583328900024023,-0.3586907831727148,-0.3594067642552317,-0.3615562557153328,-0.36514383686888924,-0.37233760940308985,-0.39405747897078197,-0.4306452867661529
synthetic_cell_00887,0,11,3,0,14,0.4458277504786782,0.1619389762319829,0.0256517333561438,-0.8861539346275739,0.1265973628485815,-0.2323832060769816,0,0.5835506691322875,-0.3434917701671769,-0.0091248722084621,1.0994261317604916,0.1243142469655106,0.5347717565975223,-0.5342397312277193,-0.8181046013386909,1.0667030750668158,0.0,-0.3101630676815762,-0.212340925451149,-0.7837312481948335,-0.3139085697721335,-0.3101630676815762,-0.31017055107209485,-0.3102004849410787,-0.3102379029677752,-0.3105372747844655,-0.3109115584876716,-0.3116603551646859,-0.31390856977213344,-0.31766161158258843,-0.32518976926529125,-0.3479406024768344,-0.3863396994312484
synthetic_cell_00888,0,11,5,1,14,0.7101915627891092,0.4852142849956193,0.0370462891745849,-1.1399714646032628,0.2835909985417625,-0.8370541833172626,1,0.973617397128985,-0.5006019518988936,0.0369060338616031,1.416920187282319,-0.0061978016120274,0.2379310556743621,0.4015867335498207,-0.3121237038054434,0.7284959071942664,1.0,-0.0063648978265304,-0.1911151465822502,1.6749455722617066,-0.0011306821999752,-0.006364897826530426,-0.006354445870097485,-0.0063126373823318115,-0.006260375283126311,-0.005842218924784344,-0.0053193746390657074,-0.004273190435961962,-0.00113068219997519,0.00411995331604385,0.014669941942491826,0.0466992618838587,0.10126866753176748
synthetic_cell_00889,0,7,5,0,14,0.1029405203925606,-0.0081674959352277,-0.0623943467105285,0.9548479594138894,0.287061444201252,-0.5882403526506129,1,0.6318419809664818,0.4289891738913177,0.9647653770108569,-0.8095447304167186,0.9440373517277396,-0.1193215632210483,0.9811499564185088,1.7195762760201094,-1.986257662422607,1.0,1.2646689384276677,1.106123041173363,-0.7073049157919155,1.2655351829430357,1.2646689384276677,1.2646706849826579,1.2646776706412348,1.2646864014512336,1.2647561973811237,1.2648433158153793,1.2650171304044835,1.2655351829430357,1.2663872131129847,1.2680479084813425,1.2726700956308603,1.279088198560764
synthetic_cell_00890,0,10,5,2,7,0.4481337653994037,0.5383024668759848,0.0388521819614219,1.120950986151004,-0.3082045879537519,-0.1679695026576138,0,-0.901978025550362,0.2358839027947215,0.4721592289970802,1.4312755375991868,-0.2553877269583254,0.2290197903286081,-0.1948064248856094,-0.4745888162153904,0.1978380004790163,0.0,-0.5172964553961237,-0.6232644816987334,-0.3933617564509079,-0.5203301332787857,-0.5172964553961237,-0.5173025201152892,-0.5173267790994872,-0.5173571030716059,-0.517599704506869,-0.5179029803665746,-0.5185096117696735,-0.5203301332787857,-0.5233663585887173,-0.529445877081481,-0.547730320728252,-0.5782824649341521
synthetic_cell_00891,0,7,2,3,14,0.1480615778224085,0.14201629099589,0.0216531796432189,0.3944146946131532,0.3247151755828825,-0.994219794244042,1,0.7658323816955672,0.0411764303391328,0.5122555868064441,0.0947190308405605,0.5118129299464511,-0.2701435419169304,0.2956433504373837,0.2224769752923992,-0.8925813758364235,1.0,0.683997236581057,0.5481817383034074,0.1293044044047889,0.6868589883334508,0.683997236581057,0.6840029601979687,0.6840258546631495,0.6840544727389838,0.6842834171014924,0.6845695968545665,0.6851419534289046,0.6868589883334507,0.6897205209880711,0.6954422892383286,0.7125854227128318,0.7410014442644736
synthetic_cell_00892,0,4,3,3,14,0.1844157196990925,0.2196166985565941,0.0702504828861968,0.3517841360062902,0.2282280221241658,0.3431062275202363,0,0.0374990243711494,-0.3812753770869346,0.9576202797354734,0.0669270446316345,0.5012707092753753,-0.4047554348664861,0.4512264435336326,0.3638997173975801,-0.794934933983869,0.0,0.5252754673097466,0.1941757216517554,-0.911244084117692,0.5186589390655749,0.5252754673097466,0.5252622619410866,0.5252094393553968,0.5251434086234805,0.524615062787615,0.5239543805979007,0.5226321836135911,0.5186589390655748,0.5120147355082734,0.49864372933104645,0.4578784466101074,0.3878299531933567
synthetic_cell_00893,0,11,7,0,21,0.4476551755567703,0.2902655913251337,0.138452069706973,0.3574238290600456,-0.3440396053398857,-0.6241140706481306,0,-1.1597446732064292,-1.3393499995744256,-2.078475587386314,1.491597594226286,-1.1085132513012954,0.8204558713296097,-1.1219944934051425,-1.916709718149858,1.90427632391666,0.0,-2.1651586539881675,-2.235522338469597,0.3555774065860421,-2.1625293713159164,-2.1651586539881675,-2.1651534323815467,-2.1651325444764713,-2.1651064312681676,-2.1648973924990886,-2.16463576116349,-2.1641113881282283,-2.162529371315916,-2.159862919584869,-2.1544177013519965,-2.137169512576818,-2.105294749411155
synthetic_cell_00894,0,0,1,3,14,0.4272092713178091,0.2515753324410446,0.1218307633853046,0.9594181922330962,0.521293901918922,0.48795748121509,0,-0.3321621152162416,-0.2589151027004021,-0.587071989636551,-0.5872267662113982,0.7026895947723071,-0.5830469249209,-0.0077805981365184,-0.0184167145952727,-0.2676873818483662,0.0,0.2689945078451801,-0.2032066614557914,-0.942283025972191,0.2632587018881408,0.2689945078451801,0.2689830577630991,0.26893725657040546,0.2688800031347708,0.26842189787181264,0.26784907191069834,0.26670277246373714,0.26325870188814077,0.25750139745676576,0.24592275631354862,0.21068362568055685,0.15034397061889399
synthetic_cell_00895,0,6,1,1,14,0.5236244328833981,0.2049020156128295,0.1393740822765733,-1.0337467568308896,0.3212233638471035,0.1009911786537163,0,0.1903036860701781,-0.4002851567401927,0.1586845427660966,1.0498882406012255,-0.7328048292940843,-0.6699506825252697,-0.3526055638229111,-0.2799853320662525,0.506549732427517,0.0,-0.287150294257882,-0.3455293525892891,0.6134389067730692,-0.2909748808909871,-0.287150294257882,-0.287157935264528,-0.2871884996201718,-0.28722670580503273,-0.28753238488072835,-0.28791455764243823,-0.28867914905575,-0.2909748808909871,-0.29480756189382407,-0.3024966651672816,-0.32574371973748717,-0.3650146227665299
synthetic_cell_00896,0,8,7,0,21,0.4579115920869507,0.3681232941425652,0.1086530579067642,1.3114358571520008,1.0774506071288563,-0.4840296012342493,0,-0.4514632917796824,-0.4892137369533715,-0.1614004239972578,0.0869935646147427,-0.1685623731171848,0.2478402752292446,-0.3856921064910729,-0.1050350880040163,-0.2794100264594108,0.0,-0.4699541850602493,-0.4479590459596008,-0.0720117661130148,-0.4731505570138848,-0.4699541850602493,-0.46996057403000263,-0.4699861300621204,-0.4700180754466694,-0.4702736522828288,-0.47059315764836196,-0.47123228225260205,-0.4731505570138848,-0.47635061742989665,-0.4827612359394465,-0.5020665146362007,-0.5344121531813375
synthetic_cell_00897,0,2,2,0,14,0.7289920475577902,0.2442655603472473,-0.0107769242113627,0.1959839838193905,-1.2923638050370725,0.4952132446593842,1,-0.4015268120573253,0.0969317959827867,0.0251654560910714,0.6865536780413541,-0.4099949340792339,0.1189768766613454,-0.2346494753808531,1.3699257157782814,-1.3444481984289416,1.0,-0.381840450785222,-0.3345169465574704,-0.7484564730604022,-0.3753158947117799,-0.381840450785222,-0.3818274271699337,-0.3817753316853373,-0.3817102100269135,-0.3811891446658597,-0.38053758279580147,-0.3792336922643075,-0.37531589471177984,-0.3687658691028661,-0.3555898982198562,-0.3154642490962867,-0.24667048804726133
synthetic_cell_00898,0,5,1,3,7,0.4448950907222989,0.2687920772633358,0.1703406123457264,-2.0285372184480006,0.1642207947073503,0.47460725937641,1,0.4284782614485356,0.2664337260819688,-0.4517948097430007,0.3005027695620135,-0.4584385926603594,0.4071177251277843,0.550707298087355,0.2715804792777094,0.1191714451019743,1.0,-0.0109573146521131,0.0975336356431392,-0.405198723656991,-0.0057073169563065,-0.010957314652113125,-0.010946831241889637,-0.010904896934541419,-0.010852477550911786,-0.010433062519317101,-0.009908643897279067,-0.008859307704999908,-0.005707316956306459,-0.00044078868541008053,0.010141318157533451,0.04226966376933031,0.09701304657384066
synthetic_cell_00899,0,10,1,1,14,0.6363439070256968,0.4070123623632161,0.157911292533124,0.7716301963268574,0.2551624175673972,-0.0494382734251764,1,0.0767941222948369,0.2580736518106112,0.5318688600023489,0.6188938027244232,0.2496340034679372,-0.8593619618494686,0.8588281384945422,0.4888668041007074,0.0588490377385978,1.0,0.6679075334386503,0.1412169916367508,1.044206262737155,0.6708245782576084,0.6679075334386503,0.6679133672550868,0.6679367025338544,0.6679658716615182,0.6681992258325784,0.6684909213314977,0.6690743210171357,0.6708245782576083,0.67374179177,0.6795760873862401,0.6970661609799024,0.7260917179699838
synthetic_cell_00900,0,7,6,2,21,0.3275445155825314,0.5588064821074604,-0.0005575937384096,0.7224013925810917,-0.1572666267941811,-0.533595105438564,0,0.6357062173016312,0.0955788357377354,0.8248799368341299,1.7108723653122635,0.3448096881771529,1.0415094010057482,-0.5260695499771547,-0.2298180291644101,0.1751562020213923,0.0,-0.2051271903911187,0.0493355941272835,0.7035706853695325,-0.2092336535076979,-0.2051271903911187,-0.20513539317985605,-0.20516820474281564,-0.2052092201144617,-0.20553737979043,-0.2059476710693285,-0.2067685587521952,-0.2092336535076979,-0.21335018790049093,-0.22161294028022177,-0.2466286480802273,-0.2890068793262736
synthetic_cell_00901,0,0,5,0,14,0.5592866044884895,0.2165944538442034,0.0001382959785999,0.1538443444499906,-1.1504904837061625,-0.9946983740215952,0,-0.4390101379000987,0.625205932434621,-0.1913562239366485,0.2299379144778742,-0.4922270240040855,-1.227505685257837,0.0147330583991275,-0.3179328771930528,0.8104143153032957,0.0,0.1980329030288717,-0.0488113989323205,-0.6446084153933109,0.1925409601626488,0.1980329030288717,0.19802193896788584,0.1979780819278756,0.19792325883677903,0.1974846024778173,0.19693610301753864,0.19583850781906922,0.19254096016264877,0.18702922912625947,0.17594687572714823,0.14223788069782764,0.08458650474990988
synthetic_cell_00902,0,10,4,2,14,0.2873630618541098,0.2684880171545951,-0.0569695782452777,0.4001445980846257,0.5244573858243422,0.4939984483000549,0,-0.580521714049591,-1.4721646659517114,-1.084632151686705,1.0690288911026449,-0.707520781408166,0.204346743219537,-0.0879311102974721,-1.139356495557013,1.2635521156110878,0.0,-1.1997677352671403,-1.5501328276149433,-0.2733202147995561,-1.2004560665904402,-1.1997677352671403,-1.19976912569181,-1.1997746868411217,-1.1997816370415817,-1.1998371891783284,-1.1999065055862566,-1.2000447252209152,-1.20045606659044,-1.2011304965377665,-1.2024369813205256,-1.2060053879425299,-1.2107030818135283
synthetic_cell_00903,0,9,0,1,14,0.4196845602329808,0.2095761597545448,-0.1479252761091138,-0.0208736399318889,0.3496365148889147,-0.255377863661843,1,0.7954143023785495,1.234367097820405,0.8861110113589692,-0.2574965705679314,0.5170670808167896,0.0697249447845051,-0.3350704605112485,1.033175997125393,-1.169550996659183,1.0,0.8816588128398383,1.291334526982049,1.233498967299,0.8838412907363649,0.8816588128398383,0.8816631826585093,0.8816806617404714,0.8817025101592001,0.8818772801406422,0.8820956991023349,0.8825323913473176,0.8838412907363647,0.88601878553043,0.8903581580748431,0.9032391413894924,0.9241670362503422
synthetic_cell_00904,0,6,6,3,7,0.2349837157385501,0.1516549726813967,-0.069763603536235,0.7047995720764602,1.2806122535489184,-0.3564646408358124,0,-0.7544276354543796,0.0509196640601388,0.3360390029689447,-0.1535269007407421,-0.5104193253150859,0.2476247500149336,0.7840299616918053,0.318473697538049,-0.493083483659982,0.0,-0.093049553939623,-0.122772685192955,-0.9425790961770016,-0.0975411774384569,-0.09304955393962303,-0.09305852435609004,-0.09309440653784729,-0.09313926042572064,-0.09349813794124641,-0.09394685079648678,-0.09484466257189954,-0.0975411774384569,-0.10204557348906639,-0.11109216887098441,-0.13852459177141188,-0.1851487243040823
synthetic_cell_00905,0,10,2,0,21,0.2013894574754758,0.3664388541145636,0.027453385317733,0.3204501789817715,0.5772667802238043,-0.1065525248318191,1,0.1840176148998139,0.4517875511662807,0.5413992238291555,-0.1775350571118914,-0.507458837273881,1.1348719056774563,0.0587477316310619,-0.0567186754909934,-0.0546255404182064,1.0,-0.1003167830567439,0.5499662304993789,0.2554328749758349,-0.0947596970951734,-0.10031678305674392,-0.10030568761714483,-0.10026130510628234,-0.10020582527473111,-0.09976191891819153,-0.09920686678401061,-0.09809619903411604,-0.09475969709517339,-0.08918392683225819,-0.07797686218144327,-0.0439216702915077,0.014206968429203829
synthetic_cell_00906,0,1,3,1,14,0.4208872670382821,0.2010128193363668,0.0890723404187289,1.501040461687566,-0.3913766406912595,-0.022856420520882,1,1.4077915165914991,1.765978050546885,0.8983213797279559,-0.4666288601384997,0.3440749895790853,-0.5221123207506219,0.9394645349299976,1.0945485989234824,-0.5304895652673802,1.0,1.672463846118576,1.867706781776831,0.7036866689887309,1.6719286831141154,1.672463846118576,1.672462799657144,1.6724586128575143,1.67245337721158,1.672411406165083,1.6723587275472795,1.6722526535322675,1.6719286831141151,1.6713694771628014,1.6701781567781377,1.6660071168174613,1.65697649172219
synthetic_cell_00907,0,11,2,1,21,0.1684269094874597,0.3074227395282983,0.0242642548934388,1.2214791949714776,-0.6608240039530744,-0.0524378285568441,1,0.6641869094478229,0.4745580440363911,0.7006313005642012,0.7579385447359942,-0.2303713481602646,0.0762982097834825,-0.6065193979134356,-0.0649324863378498,0.1994476537219061,1.0,0.1198264058849926,0.5077841325285054,2.327573097841782,0.1246269588085002,0.11982640588499258,0.11983599354818164,0.119874344741508,0.11992228494936764,0.12030585524447984,0.12078543961713513,0.12174501286168771,0.12462695880850015,0.12944089018077365,0.1391083283405729,0.16841660206007777,0.21820543028189665
synthetic_cell_00908,0,7,7,2,7,0.6194936201335903,0.6291081439410786,0.0640981566145764,0.6819780168536591,0.9073078786187492,0.563929420665455,0,0.1660448683751115,-1.021435224645804,-0.2949490585503793,0.4341379308124036,0.093578869456556,0.5061690652181261,-1.1773528014935275,-0.5907463999111183,1.0165678549873716,0.0,-0.7034473375014362,-0.5427585576106179,-0.9285412245774396,-0.7058412986022428,-0.7034473375014362,-0.7034521272599268,-0.7034712862222481,-0.7034952347638677,-0.703686816628135,-0.7039262777023547,-0.7044051451006442,-0.7058412986022428,-0.708233320554365,-0.7130109462618329,-0.7272814433088693,-0.7507815270425697
synthetic_cell_00909,0,6,7,2,14,0.5991644746026514,0.5738263118640836,0.2198542139644255,0.5499963735873394,0.1215512647018904,-0.7121222177073091,0,0.5779962620769582,0.1202980461764209,0.1875629345838172,-0.5469998008343472,0.2468968220604872,0.8771595269887509,0.6605433906676049,0.31000668907119,-0.3226796732053201,0.0,0.3933281378193941,0.6109021007387632,-1.0297940412081188,0.3871650531476693,0.3933281378193941,0.3933158361674093,0.3932666285754242,0.39320511687140197,0.39271293468981794,0.39209748564878183,0.39086585025112125,0.38716505314766925,0.3809774733342379,0.36852927383060696,0.3306091537463522,0.2655592965766476
synthetic_cell_00910,0,11,5,0,14,0.3820316585711437,0.070107490210506,-0.0421313257535718,-0.6876350430474634,0.6375535168580915,-0.9449062805659598,0,-0.3167705979294691,-0.7636296897722024,-0.2479204170281675,0.3386752152823146,-1.1180352309123018,0.5581819314811135,-0.195590007644933,-1.4312066319853205,1.1722039255061256,0.0,-0.9011741847563376,-0.6129560660274667,-0.4827611211701207,-0.9028886476942464,-0.9011741847563376,-0.901177620269542,-0.901191362060399,-0.9012085387094644,-0.9013459283034227,-0.9015176062105702,-0.9018607644809853,-0.9028886476942464,-0.9045964059056331,-0.9079911794182087,-0.9179981188756225,-0.9340076032200054
synthetic_cell_00911,0,0,7,2,21,0.3555486645326964,0.5525919989678211,0.2260618737428232,0.4237777932438789,0.3590236592685282,0.2417241602736877,0,-0.3758080942892411,0.8372942924285116,-0.2518668451692752,1.083601994494411,-0.1100653452303126,-0.3317848390198522,0.0947784681900003,-0.2005976948833933,0.8129689030246898,0.0,-0.0073377547506473,-0.2502802559352803,0.4445487086384957,-0.0121239311182299,-0.007337754750647326,-0.007347312213343205,-0.007385542662516719,-0.007433332070289266,-0.007815701170568455,-0.008293797072598622,-0.009250436840658748,-0.012123931118229911,-0.016924945848358557,-0.02657098815052125,-0.05585160312514519,-0.10572280483216277
synthetic_cell_00912,0,10,7,0,7,0.2456634801757748,0.1553442853761862,0.1976653196356077,1.2944089853497032,0.1140835127576924,0.264906751935921,1,0.7153552764638106,0.3062667294992569,1.2646086499074016,0.2256473159301578,1.195125002929044,-0.7616016262017917,1.0039701295353465,1.2237423283362936,-0.238107470911873,1.0,1.3889285494502162,0.832294416577609,-0.289491187385746,1.3893677696207145,1.3889285494502162,1.3889294449422636,1.3889330262294646,1.3889375013061307,1.3889732406042457,1.389017761333176,1.3891062907742286,1.389367769620714,1.3897897805624146,1.3905814352404229,1.392524228999443,1.3942349339236402
synthetic_cell_00913,0,9,6,1,14,0.3252222211566183,0.1908196750149366,0.0375478989343558,0.2673697633701992,-0.5273674567481238,0.8343707029973509,1,-0.7214516549110762,-0.2305466483553628,-0.6953339905072304,-0.4601800993664145,0.212141732900654,0.5794262930325658,0.6216048727066854,-0.1241986634465184,0.2897975059040204,1.0,-0.2026083924226392,-0.4514501455941334,0.8520016095551443,-0.1966997762485105,-0.2026083924226392,-0.20259659638050825,-0.2025494113610588,-0.20249042817223759,-0.20201848609560197,-0.2014283671541362,-0.2002474919170508,-0.19669977624851048,-0.19077001035858593,-0.17884754373533004,-0.14258665153953545,-0.08058284120057281
synthetic_cell_00914,0,2,6,2,7,0.3759578498170486,0.2585580045978014,-0.0970333174587292,0.3897574959267306,0.7036534564591898,-0.619672289039435,0,-0.0556194129641992,-0.158914132588788,-0.6396911500915425,-0.2259592697859236,-0.4554565855310722,0.5186870991791308,-0.0865233354327676,-0.2225145822194429,-0.3817002281934459,0.0,-0.3930828148577479,-0.1774563202548612,-0.6006629319761926,-0.3965433591054204,-0.3930828148577479,-0.39308973032500116,-0.39311739242111005,-0.39315197055213086,-0.3934286160197426,-0.3937744738255328,-0.39446635882500264,-0.39654335910542043,-0.4000094445557688,-0.406957682232795,-0.42792052801465547,-0.46317832870008346
synthetic_cell_00915,0,7,2,1,7,0.3754335038968744,0.1972719008847803,0.0482430513969285,0.1885951750656795,0.2312816813702002,-1.3009153439749186,0,0.0938744593874103,-0.8644254974913895,0.2898400627094275,2.2567900643516983,-0.8446273569067095,0.8966135361546195,-0.7811282988896806,-0.9790631124844656,-0.0019322845836189,0.0,-1.2126562279274882,-0.9562129610393676,1.6490014858522832,-1.213300267303555,-1.2126562279274882,-1.212657530077952,-1.2126627381180344,-1.2126692469040445,-1.2127212666086111,-1.2127861646845655,-1.2129155383475068,-1.2133002673035544,-1.213930094667455,-1.215146440550962,-1.2184369343277266,-1.2226463660502553
synthetic_cell_00916,0,10,5,3,21,0.1360942570409289,0.2530529641717257,-0.0874876351671743,0.4026295731759667,-0.3146908213162424,-0.7022918742920483,0,-1.0958417232873163,-1.6437864217695777,-0.6769657278083421,0.6243995237167626,-0.649512752060242,-0.0395132365706,-0.943695472353115,-1.585779263504504,1.0683211987196792,0.0,-1.365807321767092,-1.5707480501488218,0.4341237004987128,-1.365925049777987,-1.365807321767092,-1.3658075749747858,-1.3658085870963734,-1.3658098506525809,-1.3658198952506269,-1.3658322912697025,-1.3658565502167288,-1.365925049777987,-1.3660248745558785,-1.3661701199327698,-1.3661582371351635,-1.3645657582627728
synthetic_cell_00917,0,4,1,3,21,0.1679969538061527,0.1017852885605538,0.1236785609431956,-1.168715185092384,-0.281051752513248,0.2748864869575378,0,-0.5770129041982544,-1.208420159822539,0.0521432616444959,1.4904729714396217,-1.3114697704913398,-0.6457347457498903,-0.3633142845146987,-1.153119171187162,1.1613632837281551,0.0,-1.013638523335019,-1.217358906046755,-0.2374871166662329,-1.0149664969695444,-1.013638523335019,-1.013641188571943,-1.0136518491494282,-1.0136651740382114,-1.01377173980667,-1.0139048635712853,-1.0141708323375058,-1.0149664969695442,-1.016285055281759,-1.0188932812940341,-1.0264751672447239,-1.038224100644341
synthetic_cell_00918,0,4,4,1,7,0.2861756562018216,0.081062923867156,-0.112861885302063,-0.3881458262718777,0.2692070477502398,-0.0019796749481683,1,0.7416743319014827,-0.0649784113204349,0.137061330910855,-0.0647524687001585,-0.7600258009351909,-0.1402299851846002,-0.2350520750213833,-0.2604338888869686,0.3055521567970762,1.0,0.035710350661183,0.4270283284946125,1.0882435504979209,0.0407999725997905,0.03571035066118297,0.03572051444123662,0.03576117018298611,0.03581199125854762,0.036218615782588795,0.03672703616160258,0.03774434216553081,0.040799972599790464,0.04590500033759276,0.05616072518282108,0.08728278216260446,0.14025822707628302
synthetic_cell_00919,0,7,4,2,21,0.1938686318749191,0.5288180871211872,-0.00517146458378,0.6269063567029913,-0.0036543811042504,1.3691516137544897,1,0.3138605830109952,0.179732513167667,0.2152379814910076,-0.820146301903478,-0.0653741815607453,-0.1006050281206993,0.0583881804566172,0.7198466467850743,-0.430380041862042,1.0,0.4084428312995328,0.6168804828036156,0.268696145755347,0.4122515394959636,0.4084428312995328,0.40845044220822907,0.4084808861057804,0.4085189415688551,0.4088234089016796,0.4092040520548937,0.4099655344284944,0.4122515394959635,0.4160666699586301,0.4237155969101263,0.44680047320965627,0.4856554801018401
synthetic_cell_00920,0,1,3,2,14,0.4168521172500076,0.3256800214465945,0.0791679208850264,0.8795656196274168,0.887137365836248,-0.762812558352845,0,-0.4223597540362258,-0.4011114565584149,0.6934128985154665,0.5911368515693485,0.5821793116613785,0.0279001997016761,-0.5890330347518614,-0.057841737730379,-0.4705564694020055,0.0,-0.1212605362212205,-0.2954518454654883,-0.869292880945624,-0.1256552112737507,-0.12126053622122053,-0.12126931341865684,-0.12130442269713707,-0.12134831039481665,-0.12169945594476106,-0.1221384977323047,-0.12301694699900875,-0.12565521127375073,-0.13006197894190316,-0.1389112737583705,-0.16573538701705084,-0.2112907867520038
synthetic_cell_00921,0,1,1,3,7,0.2550135419660349,0.1496834112393019,0.0929020758155814,0.0948360289528789,-0.8567318471864472,0.1275379176165982,0,0.702988614733006,0.898573328925188,-0.2767782384024058,-0.1084990980300469,-0.3787341298656717,-0.5034281479186753,-0.1952041925034998,0.1965569540752634,-0.5439210774895566,0.0,0.4311919978322165,0.6810012305149443,-1.4821734491341167,0.4248987921188825,0.4311919978322165,0.43117943684795257,0.43112919189040577,0.43106638339742814,0.4305638236239023,0.42993539439132983,0.42867777126619755,0.42489879211888243,0.41858017867572017,0.4058671687902277,0.36713059535140163,0.3006463198888508
synthetic_cell_00922,0,3,3,3,14,0.7332318810068248,0.4901299203770578,0.1201635119901744,-0.7034517590309314,-0.4628068544997937,-1.311927524576606,0,-0.8764234031376866,-0.0180140295214508,-0.0789722049547751,0.4097134883110477,-0.0192815182820504,0.3499557618966895,-0.5376217616421737,-0.2505032635088848,0.9693020201048254,0.0,-0.5383055261008763,-0.5386867480132388,-1.2862081260372766,-0.5412670052652245,-0.5383055261008763,-0.5383114469274174,-0.5383351303208957,-0.5383647347591146,-0.5386015781030798,-0.5388976517979333,-0.5394898636990657,-0.5412670052652244,-0.5442305254998999,-0.5501631117983762,-0.5679945396605042,-0.5977507852093631
synthetic_cell_00923,0,0,1,2,14,0.3061276089077835,0.2723188300531394,0.0734004354873859,-0.1983322968091209,1.0621639679624937,-0.5016850711744719,0,-1.292750144643379,-0.8739088434074744,-0.6267070316047982,0.5774805789347359,-1.0133933889265792,0.7563334714053422,-0.732131101406628,-1.3690572234045304,1.719418250677348,0.0,-1.491994385611069,-1.3163051606897438,-0.8089542384471089,-1.4916784654894324,-1.491994385611069,-1.491993774554558,-1.4919913294978668,-1.4919882713079384,-1.4919637310048026,-1.491932868564293,-1.4918705194627861,-1.4916784654894324,-1.491341600796283,-1.4906043253591004,-1.4878714877633294,-1.4814985920861792
synthetic_cell_00924,0,9,7,1,14,0.6961286902312228,0.3814733352905763,0.2387939441214268,1.796374646694305,1.6430875702529364,0.7335440428358031,1,0.9029884219455554,0.6236849976524379,0.6243150405360738,0.3437766721361198,1.352565334495098,-0.8971810154080306,-0.1913770434149546,2.1809619283467865,-2.1448114525165614,1.0,1.16586451028684,0.7982572496728005,0.9652976134051569,1.1670703011427277,1.16586451028684,1.1658669335604088,1.1658766261884037,1.1658887409241596,1.1659856168199312,1.1661066066133532,1.1663482352750492,1.167070301142727,1.1682642590202161,1.1706159678863184,1.1773686617188517,1.1875298293836085
synthetic_cell_00925,0,7,0,1,7,0.2970909617181745,0.1133624120257833,-0.1210556630846489,0.9374050395264372,-0.2902413406794369,0.6675068786739327,1,0.7149561201193794,0.1709532093499426,1.669729855460489,0.3318518910117017,0.481258214442296,-0.1029655251211981,0.1151902772846165,1.1694483649346237,-0.9597484758019366,1.0,0.7784438384608021,0.8722450280573054,1.266304982948913,0.7809810197597639,0.7784438384608021,0.7784489152061979,0.7784692220944073,0.778494605494481,0.7786976642686141,0.778951466578344,0.7794590000588546,0.7809810197597638,0.7835157056254971,0.7885769379266776,0.803683531943596,0.8285215787882851
synthetic_cell_00926,0,1,6,1,14,0.4553172737686683,0.1400256231801666,0.014793903937094,-0.2074133075564531,-0.4304284279318766,0.275752078660029,1,-0.1043392695207372,-0.3021289650881158,-0.3005886746325285,0.4048137140189509,-0.127072802572088,0.2142646988300912,-0.6821323116305751,0.0820839291682808,0.365901267435512,1.0,-0.4575384239346641,-0.3672405164504093,1.1867956648497138,-0.4507537280046256,-0.4575384239346641,-0.45752488185855605,-0.4574707124578185,-0.45740299824027664,-0.45686118584825713,-0.456183673792717,-0.4548278282229436,-0.4507537280046256,-0.44394173807982623,-0.4302363544753176,-0.38847844007052257,-0.31681696935375137
synthetic_cell_00927,0,8,3,2,7,0.1334734509862995,0.3463432796987135,0.1352890064481859,-0.0667745623633654,-0.0660823398917181,-0.2910259725926512,1,0.0967289073557282,-0.2790624424293103,-0.5112770435799568,0.4093311455848249,-0.2849562895701644,0.0232215257524084,-0.5005191107932176,0.1250692811391618,0.114085323301552,1.0,-0.3840144314599594,-0.3350461678302976,0.1714691940786977,-0.3774824043936037,-0.3840144314599594,-0.3840013929549223,-0.38394923790923824,-0.38388404179474667,-0.38336238059680977,-0.38271007345974645,-0.3814046908242439,-0.3774824043936037,-0.37092485539487496,-0.3577336802338955,-0.3175611538554961,-0.24868503465156844
synthetic_cell_00928,0,8,6,3,7,0.3644078524915075,0.2961581676954944,0.0221348300784259,0.5414744426318628,1.020850267647468,-0.8797637598300521,0,-0.9416290569425712,-0.286797939845821,-0.316044702040237,0.6911285838434362,0.0224312214987282,-0.236744713338789,0.439759748262888,-1.251409784333803,1.71188631168673,0.0,-0.2992441643786285,-0.8533913066620307,-1.3954325609139624,-0.303027189824452,-0.2992441643786285,-0.299251722553495,-0.29928195557038023,-0.29931974755560087,-0.2996221119864328,-0.3000001388224359,-0.3007564296504225,-0.3030271898244519,-0.30681801815566795,-0.3144225399214881,-0.33740881598610833,-0.37622156000741575
synthetic_cell_00929,0,2,5,1,7,0.4112642076391612,0.2446048361722569,0.0368674702359594,0.1591481137687821,0.1787236311278592,0.546659365023396,1,0.2145967004179338,0.2364031177761408,-0.5272399314996343,-0.1803428508866505,-0.1091087871563618,-0.4625921386136341,0.2272109640973449,0.4934371272085837,-0.834634766446012,1.0,0.2634625178169325,0.1291027255375147,1.1750465915744468,0.2677694580847054,0.2634625178169325,0.26347112170614134,0.2635055376652918,0.263548558519354,0.26389276154030994,0.26432310570756135,0.2651840948106471,0.26776945808470537,0.27208631490883434,0.28074919796947295,0.30696026539821136,0.35130764453378505
synthetic_cell_00930,0,2,5,2,7,0.2137989785744393,0.4993568843400735,0.0751824710473244,0.2948149078129899,0.6139365248787001,1.1161040431481235,0,0.7980047908282127,-0.2634886498228788,-0.2987174576687064,0.1039465471554319,0.5007733576420829,0.2204475079186633,0.1279302253604717,-0.1024293345043355,-0.3593136174422511,0.0,0.2754427950930813,0.17160142892194,-0.320124634334644,0.2696848292756101,0.2754427950930813,0.27543130084622086,0.2753853229882024,0.2753278487069466,0.27486797612037805,0.27429293960800116,0.27314221440171155,0.26968482927561016,0.26390520956831365,0.25228147071430074,0.21690329652492024,0.15631935730462204
synthetic_cell_00931,0,6,3,0,7,0.3259908591713289,0.1142235192477396,0.0499836803392349,0.5940117109849523,-0.5907728756780162,0.192772210458665,1,0.255577368287458,0.6876072811945326,1.1942317332538337,0.2807184766279075,-0.3986416913097268,-0.8987601219063667,1.1103528380107115,0.8672985617315276,-0.0878723581816909,1.0,0.8901642540179864,0.7322786619344706,-0.9073420423948958,0.8923175025420963,0.8901642540179864,0.8901685655822839,0.890185811638565,0.8902073687567718,0.8903798075971785,0.8905953107902318,0.8910261653555038,0.8923175025420962,0.8944655629670913,0.898745450579817,0.9114430322027303,0.9320487105645087
synthetic_cell_00932,0,9,4,1,14,0.577619297775565,0.3116784471760596,-0.1071345579771984,0.4849586724576256,0.0245624476796105,-0.7690851214612993,1,1.048357611300629,0.0035945424021831,1.106502971631132,0.1866124735211172,0.136448678544659,-0.3778766744459322,-0.1821014015560562,1.1703185276254076,-0.5306558420182704,1.0,0.6455637044176467,0.8254981865294062,0.944107210893994,0.6485575349183809,0.6455637044176467,0.6455696912685626,0.6455936387067543,0.6456235730820893,0.6458630511702546,0.646162406405404,0.6467611416996956,0.6485575349183808,0.6515520726396015,0.6575426354164875,0.6755145060100328,0.7053865270708429
synthetic_cell_00933,0,4,1,1,7,0.2450039729478345,0.0378010138062212,0.080743611259692,1.3609942337333132,-0.6465711341994977,-0.1736247733979593,1,1.539424534658531,0.1192864443816884,1.1951732875410617,-0.5898531457478207,0.7461458074011353,-0.4162252141335186,-0.1010502530182856,1.4653991119696694,-1.6890596986301245,1.0,1.2034168422567513,1.3991131929403955,1.0691905265910966,1.2044935826526717,1.2034168422567513,1.203419008331719,1.203427672129163,1.203438500745402,1.2035250844317287,1.2036332008292145,1.2038490555796182,1.2044935826526715,1.205557584990466,1.2076466622240465,1.2135896201395757,1.2223281713067424
synthetic_cell_00934,0,10,0,0,14,0.5342671326334505,0.3859169981556502,-0.1695321057142627,0.7185459671653475,0.4197477663111361,0.5658240563252863,1,1.4621402277116906,-0.0684448651467095,1.3200210451634766,-1.0249167552581555,1.80629360492744,-1.544408890103452,0.7293018854475751,1.9184508671069755,-1.881387518785449,1.0,2.095999617625863,1.4792082713518406,-0.5414413404480066,2.094008952838735,2.095999617625863,2.095995670337709,2.0959798798235236,2.0959601386171296,2.0958020863943343,2.095604214564988,2.095207448259208,2.094008952838735,2.091984037119777,2.0878306133112465,2.0745269280969962,2.0494512548180723
synthetic_cell_00935,0,7,2,2,7,0.4500088191974769,0.4133169212391597,0.0255615911478399,1.0806180186296248,0.8303882007821244,-0.5622473473385082,0,-0.4129532184848683,-1.0030680930537057,-0.8486250727960047,1.1649518043706173,-1.0827208608965346,1.1563835949049932,-0.8942995379745564,-1.322965592761007,1.2782490602817271,0.0,-1.5909453755568317,-1.2383389672558096,-0.9728222590034326,-1.59028940542773,-1.5909453755568317,-1.5909440867779294,-1.5909389307364303,-1.5909324836011902,-1.590880823163035,-1.5908160391201907,-1.5906857753539114,-1.59028940542773,-1.5896101058276886,-1.5881807918760962,-1.5833142873046917,-1.5731927746078982
synthetic_cell_00936,0,9,6,3,7,0.5083444252800394,0.3421396960670833,-0.0313561040080893,-0.1601321821458965,0.5998510324353754,-0.2967589590837188,1,1.1357183808897575,0.4219075792006378,0.1603986415941464,-1.144587905226853,-0.2136523997612599,0.0282054931625166,0.5725367506267109,0.8701220638538988,-0.431803959490963,1.0,0.8094749596409392,1.1908915367086133,-0.8058920755053939,0.8119055009457509,0.8094749596409392,0.8094798238519717,0.8094992805728594,0.8095236011965757,0.8097181550714991,0.8099613195356324,0.8104475549149959,0.8119055009457508,0.814332798910687,0.8191770072991836,0.8336144813960765,0.8572769585061099
synthetic_cell_00937,0,7,1,3,21,0.3087628195895959,0.4563028661496487,0.0513029250135252,-0.9541662512719896,0.885245838977604,-0.1243280354204095,0,-1.4278754332962609,-1.37574781605966,-1.1291790750952118,0.3947470408026039,-1.695015917813461,0.5936106954208314,-0.7873892175944798,-1.4567526572851974,1.2522478739301794,0.0,-1.906283756684032,-1.683051926168873,0.4303210672591563,-1.904544110495549,-1.906283756684032,-1.9062803081300557,-1.9062665126847345,-1.9062492656117782,-1.9061111783528544,-1.9059382924792827,-1.905591597321504,-1.9045441104955492,-1.9027735346057004,-1.8991388227603492,-1.887472718808184,-1.865405061630289
synthetic_cell_00938,0,11,3,3,7,0.431677094702276,0.2843382022864255,0.1418132357544236,0.401064189299233,0.4255575669244111,-0.2172657945448454,0,0.5689666231454937,0.4206760301563617,0.1580616241855056,0.3527920270652841,0.0158861020021381,0.5587602266141721,-0.6164362980202928,-0.7399568671774424,1.0429144018683911,0.0,-0.0110373021676678,0.4059247826674683,-1.5198215261637895,-0.0158107648562112,-0.011037302167667825,-0.011046834291899453,-0.01108496338365501,-0.011132626086642877,-0.011513981228137878,-0.01199080888033682,-0.012944909477007402,-0.015810764856211277,-0.020598976741456974,-0.030219145332807194,-0.05941998746076418,-0.10915103709431567
synthetic_cell_00939,0,2,2,2,7,0.128133716434468,0.3084269674185152,0.0727901524916282,0.2494033769457943,0.4244693364839684,-1.244773220061004,1,0.2239547462904959,1.0013058377724149,0.5117628799734989,-0.8792326539755239,-0.4937432721276437,-0.3799223215360523,-0.025086316641322,0.3115788814436844,-0.8065471631755975,1.0,0.5817017873665207,1.0264141605868655,0.0052031265156389,0.5849150825273038,0.5817017873665207,0.5817082116122635,0.5817339086912326,0.5817660302558468,0.5820230113908637,0.5823442592675694,0.582986825964565,0.5849150825273038,0.5881306240973121,0.594567821174953,0.6139167377534583,0.6462080763905363
synthetic_cell_00940,0,4,1,2,7,0.39159665610349,0.4858903577138734,0.0797608570932058,-0.9356559562099258,0.0772689182851869,-0.3715120654792269,0,-0.640407511414513,-0.676705062466634,-1.329296637631299,1.35457191719106,-0.6829761539127356,-0.1343636046939242,0.33428088282331,-1.1228694351125863,1.6597499016207595,0.0,-0.9042635021183388,-1.4337645835763635,-0.6484717812852242,-0.9059673484631992,-0.9042635021183388,-0.9042669164725882,-0.9042805736246513,-0.9042976444685338,-0.9044341873533889,-0.9046048062049866,-0.9049458441332693,-0.905967348463199,-0.9076644156233511,-0.9110375832217373,-0.9209779081416294,-0.9368703581071887
synthetic_cell_00941,0,7,3,1,21,0.1915512110069963,0.2413731666806862,0.1066753142729774,1.542169456711163,-0.2933536531169139,-0.089007616651034,1,0.3952832440894684,1.3556582808658968,0.7864144333519286,-0.3628278819441101,-0.1526242456701583,0.1637168870729268,-0.7502825407361248,0.4583811587663663,-0.3603026633188118,1.0,0.4525649656228657,1.159529743783821,2.654921691938902,0.4562220459061826,0.4525649656228657,0.4525722743359155,0.45260150940841193,0.4526380537446111,0.45293042823995266,0.4532959457891128,0.45402714509062636,0.4562220459061826,0.45988448503178253,0.4672248327936571,0.48935830940580893,0.5265418122154354
synthetic_cell_00942,0,10,7,3,7,0.0861228441113082,0.029751313209558,0.2014351501730424,0.3391824704552169,0.2467308196178017,-0.3895850678141655,0,-0.3972703392004482,-0.2788076212358422,-0.2751047084055967,0.3681822627839574,-0.1009418741360342,-0.1249117633106122,0.3667190728874154,0.0395007534555263,-0.1626056968367965,0.0,-0.1579100792454083,-0.4723262150649134,-0.705935412504401,-0.1621788063171675,-0.1579100792454083,-0.15791860542750918,-0.15795271060937124,-0.157995343106905,-0.15833644388058435,-0.15876292175921825,-0.15961621674065515,-0.1621788063171675,-0.1664587426836826,-0.17505171974807723,-0.20108556380717066,-0.24525254791517626
synthetic_cell_00943,0,9,5,0,7,0.4375343431013959,0.321487563500238,-0.162614382954864,0.612275639382215,1.4925413808154169,0.3365716962964435,0,0.0001533133863278,0.109820451579312,-0.192441749491074,-0.1139222285912769,-0.5422800293047226,-0.9249005097448764,0.1435653267622136,-0.0701688924191754,0.3707326700159794,0.0,0.1911804719858596,0.0644189154779574,-1.3713732695303016,0.185712077840358,0.1911804719858596,0.19116955485766296,0.1911258855554052,0.19107129715133972,0.19063451888228086,0.1900883685186711,0.18899547646220582,0.18571207784035798,0.1802240606807827,0.16918963147325058,0.13562839449897618,0.07823661312053008
synthetic_cell_00944,0,9,3,2,7,0.5329357555091403,0.5728720194598169,0.0470647176114501,-0.4194313652981465,0.2230204056271395,-0.1566861409321005,0,0.1752096167569414,0.4762490370220528,-1.1034220499824663,1.0976998252635042,1.3633975629197332,-0.2013316245933226,0.2753800222666531,0.2056936918717153,-0.1493250547836292,0.0,0.370617961458878,-0.4244784192013527,-1.1609461258513,0.3645329214398157,0.370617961458878,0.37060581535051157,0.37055722995485973,0.37049649604543816,0.3700105381881337,0.3694028744716494,0.36818682612385356,0.3645329214398157,0.3584239336357394,0.3461345634345655,0.30870413984892897,0.24451462529601672
synthetic_cell_00945,0,8,1,2,21,0.4171202441462017,0.6507540656518594,0.1585360342371561,-0.1725084819390247,0.4797241482527767,-0.368433057474221,0,-0.6114987020054768,-1.5631696868609828,-0.7770469274552931,0.6895068039145241,-0.8286248457690133,0.7985043627272275,-1.4278115134010867,-2.059592053164931,1.945053219650018,0.0,-1.6465035565692965,-1.3690355857394505,0.1969585623423239,-1.6456566579828,-1.6465035565692965,-1.646501887268448,-1.6464952090856868,-1.646486859153545,-1.6464199715269474,-1.6463361414642121,-1.646167745535325,-1.6456566579828,-1.644785090871817,-1.6429672168757794,-1.6369027186701777,-1.6246764635848756
synthetic_cell_00946,0,0,5,2,14,0.3201007264946705,0.3154116362700854,-0.0263454729075964,-0.1764381688220787,0.5420200579331194,0.0922729838982588,1,0.7536630335296376,-0.1059795389179317,-0.396826951758941,-0.1855179387784091,-0.050294412668572,-0.0823854885879413,0.5014554405724403,0.5396430668029858,-0.4366291319878683,1.0,0.3425986485242603,0.2838676969467484,-0.9101551855949516,0.3466336335356732,0.3425986485242603,0.34260671040446294,0.3426389582514171,0.3426792687938462,0.34300178246585417,0.34340499780541395,0.3442116721028435,0.3466336335356732,0.3506766277782816,0.35878605250201145,0.38329071811746634,0.42464013789355526
synthetic_cell_00947,0,0,7,2,21,0.0412436498415226,0.2496575607830124,0.1970711195591838,1.4014679363720828,0.1894506068558132,0.7047514838154771,1,1.0253648822626251,1.1594862625812423,0.1531684931635268,-0.2093161997344281,0.5908487798047969,-0.0287359751945946,0.8778479159726879,0.8611450886170676,-0.9403294538894994,1.0,1.1386672355962837,1.1115957437777382,0.4482789185871981,1.1399664912418273,1.1386672355962837,1.1386698451459278,1.1386802829044016,1.1386933291121577,1.1387976591401434,1.138927972489976,1.1391882679057321,1.1399664912418273,1.1412545694129228,1.1437964892267194,1.1511356342596526,1.1623271318569228
synthetic_cell_00948,0,8,0,0,21,0.3067755064815952,0.3144560728153135,-0.1134301676348184,-0.1541011660061029,-0.3267196020134706,0.0290887530950305,1,0.3162396314120234,-0.3740947134208855,0.4793354212479813,0.5291208702817629,0.4239581817133272,0.5424248962027928,0.183056421079789,-0.0798415833176193,0.3252221368099511,1.0,0.0757508196127649,0.0092817902293345,1.0423040798329088,0.0807028404846892,0.07575081961276488,0.07576070915278946,0.0758002678958823,0.07584971763640601,0.076245368011277,0.07674006203074844,0.07772988639929662,0.08070284048468924,0.08566930210743942,0.09564499391141444,0.12590366360889071,0.17736223250678954
synthetic_cell_00949,0,1,5,3,7,0.0420719726453586,0.0511572889765802,-0.0217841171818371,-1.0117809644579907,0.6453285947410021,-1.1191574395081216,0,-0.0819846888051529,-0.2785199462163105,-0.5532769651442456,0.5332701684645931,-1.1081332449556784,-0.4503913301598721,-0.5037623836707221,-0.9473309046738788,0.2082484860229395,0.0,-0.5954880288741812,-0.4744134244570943,-1.0632570770765082,-0.598252997518467,-0.5954880288741812,-0.5954935580536803,-0.5955156748039507,-0.5955433208143176,-0.5957644917815151,-0.5960409626192307,-0.5965939275102137,-0.5982529975184668,-0.6010186290304145,-0.6065512951836636,-0.623149704378486,-0.6507396724273493
synthetic_cell_00950,0,9,7,0,14,0.3877474509868246,0.2270580235123305,0.1839324038563894,0.8879565946871628,0.7475901421818578,0.4113242411898004,1,0.9972189473915832,0.3537084917327777,0.4952726111413678,-0.3335618810056419,1.4934893338305386,-0.6083645163153406,0.010888403375852,1.0116097256812917,-0.6985416307602041,1.0,1.2395987725470503,0.9258946458657208,-1.963091980347365,1.2405511719366598,1.2395987725470503,1.2396006908093955,1.2396083633215236,1.2396179527527569,1.2396946198244516,1.239790332616358,1.2399813540258535,1.2405511719366598,1.2414899612175971,1.2433259910657974,1.2484887628526438,1.255856613233855
synthetic_cell_00951,0,3,5,3,7,0.1698318353757868,0.232900706133924,-0.0522264596249621,-0.7688993542831886,-1.4295461969683796,-0.1460122332943649,1,1.2158751275035231,-0.2523077332030364,1.200791113770901,0.4578976067906892,0.8041468334516316,-0.2197597091723852,-0.195275905186934,0.6029107098748361,-0.7373920034113842,1.0,0.7605549928679793,0.7353567128662678,-0.8479184360102304,0.7631536500761837,0.7605549928679793,0.7605601921353551,0.7605809891287031,0.7606069851989424,0.7608149468841843,0.7610748817076642,0.7615946931345832,0.7631536500761836,0.7657502430049827,0.7709365854251762,0.7864289142295335,0.8119446544564495
synthetic_cell_00952,0,2,1,0,7,0.3258333067522609,0.2732790967901505,0.1468586168989293,-0.5396375843287395,0.2059504619438364,0.0228665485714739,1,0.6687772459184314,0.5581817988398059,0.7959143669715947,0.2716602166421141,0.6170726415515242,0.6774584755670938,-0.528414372732412,0.5175245718578013,-0.6263360423434434,1.0,0.3694322573104514,0.7442586800558668,-0.5908300765249408,0.3733750272882092,0.3694322573104514,0.36944013540535264,0.369471648085273,0.3695110396107954,0.36982619882284556,0.3702202152750881,0.3710084724192748,0.37337502728820915,0.3773251597582237,0.3852469169227828,0.409172973017145,0.449505839824441
synthetic_cell_00953,0,6,7,0,14,0.2089657943961014,0.1551955338856092,0.2129828590235464,0.3783563454068505,-0.0565107816375857,-1.016609493762689,0,-0.5467996814921539,-0.7973174400452824,-0.839094606168939,0.6353840736417525,0.0137250833651832,-0.0832303352716483,-0.4775323189659017,-0.5974227127982558,1.1999328329999894,0.0,-0.681208291739827,-1.0292180224135772,-1.3114857816247258,-0.6836786784295175,-0.681208291739827,-0.681213233815129,-0.6812330020661016,-0.6812577122666992,-0.6814553893294489,-0.6817024742189235,-0.6821966053082442,-0.6836786784295174,-0.6861476619721091,-0.6910808220122725,-0.7058308566317693,-0.7301734348719752
synthetic_cell_00954,0,5,4,0,7,0.5266878558115096,0.2776213886943918,-0.0284510506767346,1.2802450564196115,-0.7628750467397022,-0.0386157358448968,1,0.00854894332628,0.51054230909601,1.4417153022156637,-0.3476201244496939,0.5388155557097081,-0.172883390963188,0.8082143474902933,1.166632128581591,-1.4117636842951935,1.0,0.9515257128546936,0.8453937087780113,-0.9873107344073372,0.9534680896680008,0.9515257128546936,0.9515296041499808,0.9515451690711584,0.9515646246375934,0.9517202457478334,0.9519147134868051,0.9523034528300958,0.9534680896680007,0.9554037994590605,0.959254540351388,0.9706289930357392,0.9889100801117561
synthetic_cell_00955,0,3,1,3,14,0.6233388584709157,0.3706110067425179,0.1635083677660552,0.1457888012325002,0.269908591266956,-0.5422287925309323,0,-0.2713540544606138,-0.1781164040605313,0.2658705130629085,-0.0015610527670154,-0.500225445675621,-0.1312885250124071,-0.1015710856543223,-0.6116013581900263,0.7304937722408288,0.0,-0.1657694222036555,-0.0679799213961244,-1.1469726430536211,-0.1700111402517244,-0.1657694222036555,-0.16577789455655564,-0.1658117844140498,-0.16585414773910243,-0.16619309445204616,-0.16661687805236525,-0.16746477880133784,-0.17001114025172442,-0.17426387817004194,-0.18280188895236052,-0.20866626304931024,-0.2525355071671182
synthetic_cell_00956,0,6,0,2,14,0.4981795826944365,0.4875713704673431,-0.1634967745142649,-0.0469472321834342,0.6514029128038974,-0.2160801511473561,0,-0.1982239473960349,-0.3927464433783382,0.0570627281623978,1.0236167753649357,-0.1475682097790674,-0.211266003581607,-0.2091263076205263,-0.7340247405618934,1.295863401357058,0.0,-0.3217576059165458,-0.5463440035723284,-0.8949346203100251,-0.3254632627987275,-0.3217576059165458,-0.3217650098952447,-0.32179462610578946,-0.3218316470343264,-0.32212784106125847,-0.32249815001579873,-0.32323898882217583,-0.3254632627987275,-0.3291761799512774,-0.33662324832886265,-0.35912407006155916,-0.39708392448402546
synthetic_cell_00957,0,5,4,2,21,0.4598119737617197,0.6189086748789994,-0.1027089218058318,-1.0673690447830069,0.4067158108330406,0.0019272672998043,1,0.2050155311473524,0.3257608299332235,0.8947106864803184,-0.6943435986268662,0.0392788037332781,0.2850311436479875,0.2532777440674036,0.3674181917269754,0.051218438139618,1.0,0.4954338528736977,0.8036000130938835,0.4783818321863047,0.4989436120899122,0.4954338528736977,0.49544086797467973,0.4954689285576419,0.49550400468908085,0.4957846298324351,0.4961354514058738,0.4968372277970313,0.4989436120899121,0.5024576969299981,0.5094982303993251,0.53070733092328,0.5662668071269099
synthetic_cell_00958,0,10,7,2,7,0.1810240277487497,0.3128216792393664,0.1699620053304406,-0.393271909471503,0.0091915186745601,0.3091972713099981,0,-0.5125037575036575,-1.0626078403437007,-0.6204720119677534,0.0140704736698569,0.3345586444423122,0.3418809038039812,-0.3929119721075849,-0.3534546329948167,0.2291420003111073,0.0,-0.5787463074543326,-0.8335630007677938,-0.3821205138938824,-0.5815688098584819,-0.5787463074543326,-0.5787519512990764,-0.57877452672644,-0.5788027461194314,-0.5790285055980285,-0.5793107157013816,-0.5798751712141215,-0.5815688098584819,-0.58439237863633,-0.5900421322085774,-0.6070015409055611,-0.6352257451746681
synthetic_cell_00959,0,10,7,0,21,0.49760660534063,0.3308954498802312,0.2657830598765826,-0.0694049215755076,0.5974005464571707,-0.0448000364684877,0,0.3193424683936325,-0.1729270656626832,0.6221278772346961,-0.396970737134048,-0.285963290729953,0.4444524127557752,-0.5523288743305742,-0.1132336523681784,0.399984901047827,0.0,-0.0564052612685078,0.4614479246986233,0.0061156183403576,-0.0610228147050128,-0.056405261268507825,-0.05641448266435021,-0.05645136879888043,-0.05649747770708173,-0.056866398559874444,-0.05732767352413974,-0.05825063598125821,-0.06102281470501278,-0.06565402388761656,-0.07495690030194897,-0.10317947918930152,-0.1511918284467871
synthetic_cell_00960,0,4,4,3,14,0.3075071285671205,0.2354295581338576,-0.1233937401758049,0.5738133182653127,-0.08426507462285,0.2983498129849177,0,-1.479593904859577,-1.1225981946843406,0.0119680500422948,0.2880563070123846,-0.5541387877427306,0.9897155524749456,0.6248859182170727,-1.2271824548235335,0.8041624257341072,0.0,-1.0118903160803672,-1.1948631979745412,-0.4741954544781261,-1.0132242975162329,-1.0118903160803672,-1.0118929932908876,-1.0119037017644403,-1.0119170865270943,-1.012024131437973,-1.0121578545092889,-1.0124250231514247,-1.0132242975162324,-1.0145489057647723,-1.017169358302038,-1.0247889406121864,-1.0366041023483996
synthetic_cell_00961,0,9,4,0,21,0.2345426946660655,0.3400071962447695,-0.0463755263974123,-0.2805349613524984,-0.5639436117927518,0.5032408711006564,1,1.3628960864973323,0.9213140015241468,0.7359204309838496,-0.9309978788423184,0.4741671501624689,-1.4863309312744215,-0.1061729377951942,1.276760412953307,-0.8630194447798094,1.0,1.5431141402911006,1.612347593631717,0.0711798706054988,1.5430234939959355,1.5431141402911006,1.543113979755034,1.5431133367813694,1.543112531198029,1.5431060118583684,1.5430976758922714,1.5430803805940214,1.5430234939959353,1.5429119223178698,1.5426252414755621,1.5412433519395887,1.5371129558265284
synthetic_cell_00962,0,3,7,0,14,0.4819504744936154,0.3088679775935103,0.2464473295371093,0.8174722197055542,-0.6114406240252785,0.0390937007391644,0,0.8535742905184921,-0.0805093379801304,1.5136958893475332,0.8584164118484292,0.7099988378358126,-0.7730484925325337,-0.2129738678565187,0.3907259526652379,-0.6463888106107946,0.0,0.8041999872724677,0.6000288459862845,-1.3589105000575907,0.7966249210172313,0.8041999872724677,0.804184871529867,0.804124407179939,0.8040488236386492,0.8034440311634351,0.8026877302572963,0.8011740944073368,0.7966249210172313,0.7890154568589424,0.7736937222399553,0.7269140273613903,0.6462988766196233
synthetic_cell_00963,0,3,0,0,14,0.2266501999986891,0.1104877799514039,-0.2187175836682559,1.051454875047464,1.283774588498925,0.1914807718847407,1,0.7143531166131483,0.7225090424427771,-0.4581020770411941,-0.0329112626413041,0.0052788820394753,0.3821482575741921,0.7011283940572721,0.2858635651246649,0.0516506468366227,1.0,0.4414419550421488,0.5292664943809912,-0.4692978659711439,0.4451372601055622,0.4414419550421488,0.4414493399374918,0.4414788797498672,0.4415158050350047,0.44181122808548384,0.4421805587378973,0.44291939227869714,0.4451372601055622,0.44883819209611125,0.4562563314164358,0.47862965201962504,0.5162345342090374
synthetic_cell_00964,0,6,2,2,14,0.0517157216971273,0.1137549646040184,-0.015593178977817,0.4885414065898023,-0.4465743654858473,0.4131119802143133,1,0.2607739549535253,-0.2120946448382132,-0.0069000468966728,0.5554653122367709,0.7382190114145677,-0.7786796929961715,0.3158703748310433,0.3164370802742773,-0.1560994856736157,1.0,0.5043019636589804,-0.1182840099758721,-0.1724766965630914,0.5077812471706024,0.5043019636589804,0.5043089180216389,0.5043367356427708,0.5043715080527161,0.5046497026558402,0.5049974841330892,0.5056931739275237,0.5077812471706022,0.5112646425684427,0.5182431546854129,0.5392610333213486,0.5744845538054852
synthetic_cell_00965,0,0,5,2,21,0.5129988006204894,0.6073811831852313,-0.0839300156317669,0.692655211726998,0.3323051534091613,-0.0634856022031267,0,0.7465144299341571,-0.3711567562174909,-1.0099335329336432,0.2340482937594207,-0.1674598755866076,-0.3641095957642849,-0.5791877203998332,-0.3805281373337072,1.1501590860810955,0.0,-0.1539849354677246,-0.1732047585062751,0.4666784542784636,-0.1582671514916573,-0.1539849354677246,-0.15399348853341532,-0.15402770125341475,-0.15407046818212108,-0.15441264474523192,-0.1548404682108721,-0.1556964572009692,-0.15826715149165732,-0.16256067141347375,-0.17118109995329317,-0.19729958136323725,-0.24161526394083505
synthetic_cell_00966,0,9,7,3,7,0.2100150670616454,0.2059378609368068,0.1453808594150923,0.7037106652082528,0.8133864678174761,-0.3912136126019467,1,0.0182552604255205,1.0014195942634416,0.3315703207598457,-0.3765993767146245,0.5802358976933922,-0.0297227638778052,0.5227695275326104,0.8561991710682287,-0.5653669826146085,1.0,0.7732924630151199,0.6974771634555638,-1.120253533471298,0.7758473472724827,0.7732924630151199,0.7732975750426537,0.7733180230643735,0.7733435828924917,0.7735480535372662,0.7738036218011258,0.7743146909100997,0.7758473472724826,0.7783998602541659,0.7834971199888521,0.7987147924262447,0.8237479917770466
synthetic_cell_00967,0,3,1,3,7,0.1066619331074797,-0.015876744093654,0.12643412419188,-0.1493755987219542,0.4952687105083548,0.2878444294712983,1,-0.1488672214275274,1.0130659418420789,-0.1224848102780477,-0.4954504875631526,0.3394043024242318,-0.5616423508142216,0.2394685155405166,0.5640764054668795,-0.4460939705101568,1.0,0.6627374107074775,0.5181506823047576,-0.1293774982370616,0.6656722229108175,0.6627374107074775,0.6627432799344535,0.6627667568603556,0.6627961030581346,0.6630308742380253,0.6633243421178718,0.6639112902991066,0.6656722229108174,0.6686073284169833,0.6744777825805625,0.6920793388399112,0.7213007585502581
synthetic_cell_00968,0,1,0,2,21,0.2278283241981349,0.4590098200255594,-0.1184153300640748,-0.2990680371427412,0.3567964079888045,-0.2858717548283566,1,-0.6905680829374414,0.0372653488417943,0.3922921339584941,-0.1649811282777049,-0.9311991389116422,-0.3635343267230504,0.4488400497534269,0.3145775996997651,-0.3173201031204107,1.0,-0.1116239919915111,-0.0764242973070502,0.6515945064804638,-0.1060280482430222,-0.11162399199151113,-0.11161281910803118,-0.11156812681076167,-0.11151225972171325,-0.11106525432560702,-0.11050632594273765,-0.10938789752966285,-0.10602804824302221,-0.1004131476688195,-0.08912700322226297,-0.05482799549679179,0.00372900069543934
synthetic_cell_00969,0,5,0,3,21,0.5077714730696195,0.4488802868568957,-0.1346597086667627,0.2946200612433824,1.3781430072726235,0.0381425971505304,0,-0.4028043459986852,0.3436100121320244,-1.4651449358801127,-0.0068943083461371,0.046246774984809,-0.1741990499976379,-0.0388602967905684,-0.308181888971562,0.2191970542487834,0.0,-0.2018797982521926,-0.4794010822763554,-0.6246893903163145,-0.2059974211936679,-0.2018797982521926,-0.20188802328255043,-0.2019209238151177,-0.20196205040580634,-0.2022911001154501,-0.20270250463985343,-0.203525621158921,-0.20599742119366785,-0.21012519367943336,-0.2184106575088704,-0.24349638839169255,-0.28599764245386333
synthetic_cell_00970,0,2,6,1,14,0.1058877284098161,0.1553715547773132,-0.0274443791324825,-0.4599242316240896,1.1303401757055722,0.8859058424595075,1,0.5953269452373117,1.2974663332422791,0.6786623789425346,0.8456938471970874,0.9071939149355918,-0.0974158666467383,-0.5716215246229284,0.3139546984120049,-0.6057215202937777,1.0,0.7055302205615632,0.7726278664182328,1.8170592633484104,0.7083179731415654,0.7055302205615632,0.705535796697531,0.7055581012182102,0.7055859818167828,0.7058090244957083,0.7060878224800898,0.7066453999664228,0.7083179731415653,0.711104987639586,0.716676159576933,0.7333549801948266,0.7609552553827658
synthetic_cell_00971,0,4,0,0,7,0.408448280774388,0.2583764092548075,-0.1004075440379955,0.6663828596080545,-0.3125246624098974,0.6941150809829866,1,0.9491191444998714,-0.2365897998585758,1.0835083841741646,-0.151305125516919,0.5143174576738387,-0.0493287325638767,0.9203043542816488,1.4847553248301228,-0.8302950325090701,1.0,0.919084439560636,0.7920817041179335,-0.5645418262356383,0.9211383024260976,0.919084439560636,0.919088553048519,0.9191050067713055,0.9191255734100107,0.9192900859089312,0.9194956749107879,0.9199066802081813,0.9211383024260975,0.9231862801631981,0.9272639072199621,0.9393378867459646,0.9588479651567388
synthetic_cell_00972,0,5,0,3,21,0.3892535328801554,0.3267700150582968,-0.2465332083538337,0.2160405274139747,0.9816449902151376,0.5425504629482224,1,-0.4170570060549555,0.5539975960812643,-1.09279781063205,0.2334109459985161,0.4893484085285664,-0.3919539740568944,-0.7011119331897983,0.2130434664666557,-0.4983831877303734,1.0,-0.0923103234157491,-0.3627401484220468,0.6235299941814036,-0.0867807520516796,-0.09231032341574913,-0.09229928281296344,-0.0922551196570611,-0.09219991403654988,-0.0917582020619625,-0.09120589463948381,-0.0901007220950726,-0.08678075205167965,-0.08123268935655333,-0.07008161988515677,-0.03619907021473915,0.021626255210231034
synthetic_cell_00973,0,2,3,0,14,0.4151701104860746,0.1578397277331679,0.0893454417527398,0.563645712097753,0.5206969071212352,0.2959442497473046,0,-0.3096318313719518,-0.2470442678723637,-0.142396902138867,0.70960605806759,-0.2599313487815093,0.8712624151144975,-0.4564421281091443,-0.4310667743869957,0.1966237453832646,0.0,-0.6980084840213651,-0.4944306386910718,-0.4087160460567022,-0.7004211360131624,-0.6980084840213651,-0.6980133110309512,-0.69803261900289,-0.6980567538183106,-0.6982498263441752,-0.6984911519234899,-0.6989737522597829,-0.7004211360131622,-0.7028319799425693,-0.7076476436331286,-0.7220354179510857,-0.7457415448859093
synthetic_cell_00974,0,1,0,1,7,0.1802695909626299,0.001724764003086,-0.1771712825203327,-0.7661795255940981,-0.3495632724914488,-0.9632919207124424,1,-0.149192442089133,0.6680768803273773,0.4427185703868912,0.6291890272244511,-0.7644580441315275,-0.2820437859593341,-0.176678946881661,0.190275223141775,0.5183269229901833,1.0,-0.0557511901250212,0.1705617718164177,1.0833692557752537,-0.0503472560441688,-0.05575119012502123,-0.05574039991834823,-0.055697238382086185,-0.05564328486530268,-0.05521159288780249,-0.054671818380677806,-0.05359173806913035,-0.050347256044168814,-0.04492571177408632,-0.03403032775166303,-0.0009360977878291228,0.05550423705390242
synthetic_cell_00975,0,6,6,2,14,0.5270591160084859,0.48301441449254,-0.053510635640452,-0.364231965319218,0.9623905877375664,-0.9911707408455328,0,0.3829463583945079,-0.0625688996202016,0.4077622939777565,1.0270224824874945,0.0621055280748484,0.3657047457571664,-0.7454947410738237,-0.0511360839201788,-0.1843035574740852,0.0,-0.2300589311047448,-0.0299035648220978,-1.0458112754704898,-0.2340797150520663,-0.2300589311047448,-0.2300669631342109,-0.23009909163608785,-0.23013925312738512,-0.2304605796006256,-0.23086232397570372,-0.23166609984580644,-0.23407971505206626,-0.238109969375154,-0.2461983553860939,-0.2706764633921521,-0.3121101912267656
synthetic_cell_00976,0,2,4,3,7,0.6500238833334343,0.3911516450442772,-0.0817704437832769,0.6079660002952049,0.960399004157928,-1.6171909186468536,1,0.9120066435573024,-0.1736637377550973,0.5993491429760405,0.3045227652066938,-0.2292608133672831,0.0189018430922145,-0.1423380956535661,0.5720751142990346,-0.2855550644982236,1.0,0.2250587221403342,0.4839047124488417,-0.847553599259227,0.2294976389655289,0.2250587221403342,0.22506758905988006,0.2251030571773436,0.2251473933124696,0.2255021219090117,0.2259456313643092,0.22683297877781505,0.22949763896552883,0.2339473979486359,0.2428788675663399,0.26991803091022826,0.31572028303061095
synthetic_cell_00977,0,4,4,0,7,0.180442847136468,-0.0476414148852486,-0.1011949960076669,-0.5627768655786494,-0.1631970484709997,-0.8514843919535954,0,1.106611458530562,0.6447267029717243,0.311041719821102,0.3673804230483954,0.2287306932730238,-0.3412514138559909,0.916682986515656,0.1122161474622824,-0.2287409785730082,0.0,0.9379230105020384,0.7907157439907111,-0.8830098500533372,0.9298883984143412,0.9379230105020384,0.9379069788809095,0.9378428508881549,0.9377626875037233,0.93712124469841,0.9363191019141913,0.9347136857364151,0.929888398414341,0.9218161654547089,0.9055592054035262,0.8558960588414236,0.7702150022297783
synthetic_cell_00978,0,1,4,2,14,0.3285369630203016,0.267375158576274,-0.0530164220317178,0.2879496275427109,0.0144079572186661,0.051755446663762,1,0.7452296603888933,1.0565289961415454,-0.2825409198483664,-0.3668673848186592,0.6835139520395025,0.554613565368778,0.1509567518080481,0.862695481222339,-1.2355700124819968,1.0,0.6575345167089655,0.8528234485903845,-0.2225854933046257,0.6604872089167805,0.6575345167089655,0.6575404215709338,0.6575640410418129,0.6575935654320811,0.6578297626026347,0.6581250140977972,0.6587155332670732,0.6604872089167805,0.6634403198266611,0.6693471617316396,0.6870609072991342,0.7164794312224343
synthetic_cell_00979,0,4,4,2,7,0.2607708675343321,0.2688122952171567,-0.0359719031386875,-0.4743273912441141,0.266894257321196,-0.219513896849328,0,-0.0051205012945617,-0.0539535112044604,0.6091656154802854,1.0102726239931292,0.0150100239601623,0.0870318848748995,0.085355814092933,-0.1591859288215533,-0.5809021084754757,0.0,-0.0273356071646759,-0.1345711095860725,-1.10442056968428,-0.0320530599159874,-0.027335607164675927,-0.027345027660653613,-0.027382710223705697,-0.027429814730516432,-0.027806702890606334,-0.02827794328570821,-0.029220857597927863,-0.03205305991598745,-0.03678486904510905,-0.046291051361196,-0.07514045531607376,-0.12425406692766504
synthetic_cell_00980,0,4,2,0,7,0.221449754251133,0.047278761711153,0.030301152760608,0.5012348683779773,-0.4644021556902259,-0.1481367159321215,0,0.1487983026588011,0.017789686233179,-0.5737992250064435,0.5126491104164121,-0.1108533154511962,-0.0548494692423205,-0.412018720931719,-0.0290654108612141,0.1953897131760739,0.0,-0.2246640142012109,-0.246650121602466,-0.0265456788147943,-0.2287033380492886,-0.2246640142012109,-0.22467208318084786,-0.224704359488601,-0.22474470574892744,-0.22506751084178478,-0.22547110465996528,-0.22627858331235629,-0.22870333804928855,-0.23275226230047466,-0.24087837901306125,-0.2654728168915105,-0.3071109234527566
synthetic_cell_00981,0,4,6,1,21,0.3794961611573203,0.3627997772784608,0.1117175896571542,-0.7990742547899412,-0.715713858608852,-0.4671880797049484,1,-0.5910131347301132,-0.4302812938423772,0.0393948498662344,0.9196222768336342,-0.694837168577632,0.1814950348789124,-0.4018507738458456,-0.476406369401055,0.8690608776167937,1.0,-0.762361801607092,-0.7130157965750492,1.67041844424386,-0.7545295649509847,-0.762361801607092,-0.7623461717739187,-0.7622836510515163,-0.7622054970217271,-0.7615801397236484,-0.7607981305083996,-0.7592330704828554,-0.7545295649509846,-0.7466626875004619,-0.7308254453106324,-0.6824946651396916,-0.5992853958394573
synthetic_cell_00982,0,11,4,1,21,0.3901580381366823,0.4139802050545881,-0.078891486651236,1.1914127458067187,0.5365033704969674,0.821770268611801,1,0.9741859600871936,0.8810596983986724,0.5401916681909912,-0.2897659045476919,0.7250791151839399,-0.6421773617145954,0.8894529302804678,1.2615988713197563,-0.8624430975360181,1.0,1.3578974298959534,1.128952944728287,1.5770579105308151,1.358443290055014,1.3578974298959534,1.357898537922353,1.3579029693768312,1.3579085072297987,1.357952751426678,1.3580079100006475,1.3581177375417313,1.3584432900550139,1.3589726888918847,1.3599813674712062,1.3625932811151933,1.3654795557124524
synthetic_cell_00983,0,8,1,0,14,0.519828161414285,0.2539624488996534,0.0458624887118759,-0.4038307786531726,-0.5941268216329811,0.7900283978146195,1,1.870137719088222,0.8860064082929221,1.1501698661841493,-0.9924783841258212,1.3656253166443966,-1.2961080281994373,0.016081770195008,1.6722530006670606,-1.324197285649451,1.0,2.0332194336090685,1.9893332781416848,-0.9304541140781264,2.0314445160525167,2.0332194336090685,2.033215916306875,2.0332018457969587,2.0331842547318657,2.0330434090783833,2.0328670590593583,2.0325133817126093,2.0314445160525163,2.029636860681134,2.0259225058026376,2.0139725413084553,1.99127520569377
synthetic_cell_00984,0,5,3,0,14,0.440509302136112,0.2745390923316471,0.0757574415453355,0.2154092112993992,-0.0981802014883735,0.0845775059914313,1,0.9317638961064006,-0.304459913011914,0.6745509489304344,0.6641386007230845,0.7361861190261119,-0.1372499983034663,1.0398648091182847,0.953922635691132,-1.4046384083670422,1.0,0.7927036263932887,0.3392200114955264,-1.2625609995175875,0.7951918032204857,0.7927036263932887,0.7927086054723794,0.7927285216816428,0.7927534167021512,0.7929525672043783,0.7932014810854439,0.7936992274105386,0.7951918032204855,0.7976771409275434,0.8026386438327672,0.817437755947708,0.8417355910798158
synthetic_cell_00985,0,2,0,2,21,0.131533632855369,0.3930388974137872,-0.20965094662548,0.1807352132187618,0.1401827020033391,-0.4712066726495599,1,1.0279039095881015,0.7897210162138739,0.8513496916311827,-0.2891859853315253,0.9166695414140876,0.128047939254731,0.6460382705031167,0.744903009284604,-0.3244257750051538,1.0,1.193633364949629,1.2179641785037254,0.0186579603371534,1.1947437267528047,1.193633364949629,1.1936355980323308,1.1936445298701288,1.1936556935579983,1.1937449586649522,1.1938564289574,1.1940789985631275,1.1947437267528047,1.1958415862975114,1.1979990867283241,1.2041530044578834,1.213262188698705
synthetic_cell_00986,0,6,1,3,7,0.5472783923433201,0.3621363444632631,0.131733757341266,-0.4712160982529723,-0.1161518170476598,-0.6703692114965595,0,-2.055779785429148,-1.1002086152111172,-0.869644257792825,0.2323182254901639,-1.6170126479761011,1.15104752042053,-2.0873628860973525,-2.334365133904784,2.0163573548742235,0.0,-2.4013922373928103,-1.7206100561228672,-0.9138913896214864,-2.3979511262401743,-2.4013922373928103,-2.4013853978055195,-2.4013580377503807,-2.4013238338428793,-2.4010500490143474,-2.4007074339343846,-2.4000209228079954,-2.3979511262401743,-2.394467152368295,-2.3873697754435006,-2.3650277134718807,-2.324203578179196
synthetic_cell_00987,0,3,6,1,7,0.4232058518778652,0.141534633721404,0.0353444645661099,0.1090239543517161,-0.4895042540822526,-0.1402120522413634,1,-0.1566235341423285,0.9887148022502588,-0.288410093684565,0.5930331260463233,0.2063642476471393,0.4332861931057172,-0.9353807802042676,0.4326572285459121,-0.1197907744340288,1.0,-0.195227835308456,0.0716120393092271,1.697956294239458,-0.1893445827866076,-0.195227835308456,-0.1952160898162874,-0.19516910700379136,-0.1951103765896462,-0.1946404573498267,-0.19405286855306766,-0.19287705893546236,-0.18934458278660757,-0.18344035843385806,-0.17156950958404352,-0.13546776335520633,-0.0737435548881182
synthetic_cell_00988,0,1,4,1,7,0.1319488079135895,0.0826762188390998,-0.0520496428638418,0.2139065108784598,0.0006126215934689,-0.1529196711734708,1,-0.2677943770273094,-1.7131422231727371,-0.127522827070277,0.6066579439361468,-0.2531275396243296,0.2301317922056618,0.3959386653723311,-0.2935084758396126,0.1086565423161659,1.0,-0.6420139055450079,-1.0302106713584391,0.9309014917183694,-0.6345952504303964,-0.6420139055450079,-0.6419990999831625,-0.6419398764619111,-0.6418658441942021,-0.6412734714189894,-0.6405327189256214,-0.6390502592562902,-0.6345952504303963,-0.6271448551252797,-0.612149296068169,-0.5664135615006669,-0.4877635004681199
synthetic_cell_00989,0,0,0,2,14,0.1782534960098998,0.3512081327786461,-0.2419870799212603,-0.9152080242306329,-1.1402693602810163,0.6699459668730547,1,1.3257934857921685,0.1251446688098728,1.2907357136504736,-0.3736438548993082,0.448806872500628,-0.2131144060238166,0.0837818246733264,0.5041075714390741,-0.5030488626338636,1.0,1.0167592482955696,1.2584731603990116,-0.8464644789575565,1.0184774468138866,1.0167592482955696,1.016762692801718,1.0167764705035491,1.0167936919045224,1.0169314340396263,1.0171035389295826,1.0174475054646999,1.0184774468138864,1.0201874060627116,1.023581919897776,1.033549750573087,1.049359558267875
synthetic_cell_00990,0,2,7,1,21,0.2982771610800277,0.4596924931838728,0.1878429665799676,0.7431003151146214,0.3814270731477704,-0.6377952416006578,1,0.5181607159749684,0.5623438166998503,0.1233309033290864,-0.8677768965294328,0.3546623708976261,-0.1034384417566111,-0.3583146060102082,0.4225791966206023,-0.7686695217695535,1.0,0.58543419525489,0.8535822087346213,2.147637193234976,0.5886346638099869,0.58543419525489,0.5854405939371049,0.5854661887583695,0.5854981824927699,0.5857541406627215,0.5860741090246269,0.5867141139965637,0.5886346638099869,0.5918372888164678,0.5982483823653653,0.6175168175312503,0.6496667592228075
synthetic_cell_00991,0,9,4,1,14,0.3482943251760801,0.224459841007531,-0.0594807063220601,0.3897367210259066,-0.3851818043046631,-0.4447311562692879,1,-0.5561333695817423,-0.3563752549557756,-0.3184809325460583,-0.0633525015295729,0.2778066406216941,-0.7788173303377661,-0.8603036243568944,0.1450959414035114,-0.1209724097073799,1.0,-0.1620405783881386,-0.4413133415353104,0.892617065267244,-0.156271375528347,-0.1620405783881386,-0.16202906019786079,-0.16198298662487204,-0.16192539283198568,-0.16146456943738302,-0.16088835763576514,-0.15973532597550721,-0.1562713755283469,-0.15048200071110726,-0.13884325524893007,-0.10345712140700845,-0.04299016479960321
synthetic_cell_00992,0,8,2,1,14,0.7564131497650234,0.2659200336989653,0.0957934600426471,-0.8199985015031044,-0.3624586511617687,-0.6959545325659722,0,-0.2858033042960681,-0.8341310283295713,-0.270869555292425,0.7896861504061549,-0.2404871376085569,1.1426281485762804,-0.8416998813130121,-0.2502106248865008,0.2192156254378735,0.0,-1.0477167825665,-0.7917695581513324,0.4343165489984773,-1.0489276445651297,-1.0477167825665,-1.0477192143989948,-1.0477289413259614,-1.047741099077792,-1.0478383247982928,-1.0479597661213425,-1.0482023453939053,-1.0489276445651294,-1.0501282698932137,-1.0524981610701816,-1.059345222070164,-1.0698031492592828
synthetic_cell_00993,0,6,6,2,21,0.0960758234895006,0.4222588159076246,0.0020405803834402,-0.9634297891854584,-0.3558045417609127,-0.6683438484964709,0,-1.38805829421743,-2.392353665622448,-1.8624690160599668,2.0361220721430304,-0.4189994062442399,0.8810579172798816,-1.783939386837623,-2.643985079956484,2.732826789391509,0.0,-2.527937600942018,-2.888320900385416,0.8088339270617889,-2.52406161034206,-2.527937600942018,-2.527929894636502,-2.527899067586659,-2.5278605296617136,-2.5275520617304923,-2.5271660653614494,-2.5263927002687816,-2.52406161034206,-2.520139707048673,-2.5121573034511386,-2.4870865607126813,-2.441468434942311
synthetic_cell_00994,0,8,0,2,7,0.0566476611879939,0.2566589984396148,-0.1434087895587043,0.5844786487720689,0.5817915276580834,0.2966047252103825,0,-0.7276069509489366,-0.9133972558073328,-0.4092197139678684,0.0724524290288186,-1.4049727512336814,0.797965422936824,-0.5485269528655218,-1.132168251075063,0.4095030770016654,0.0,-1.2892524589875127,-0.8239538347949531,0.0379825595138356,-1.2896332715989152,-1.2892524589875127,-1.2892532365249243,-1.2892563460390707,-1.2892602315017743,-1.289291257984045,-1.2893298979407852,-1.289406700049282,-1.289633271598915,-1.2899980260892068,-1.2906786770596943,-1.2923175365399215,-1.2936252293758608
synthetic_cell_00995,0,5,4,0,7,0.0858702491843183,0.0408875356539768,-0.0186838960891019,-0.0423187000621402,-0.3230488662684516,0.499448465044726,1,0.2441073867032395,-0.2059772067172028,-0.2734423847327368,0.0314647025596812,0.5530080526388178,0.8252183553655963,1.30983911723676,0.594320922097886,-0.4800144908545268,1.0,0.2917543058950498,-0.0280030470412945,0.0390103664858904,0.2959640200233729,0.2917543058950498,0.2917627160117833,0.29179635685380023,0.2918384087501732,0.29217485765858275,0.292595503056928,0.2934370741905301,0.2959640200233729,0.30018296882433154,0.3086479861839568,0.33424900156635395,0.3775245866919446
synthetic_cell_00996,0,3,6,0,7,0.1570861856575383,-0.0036442605264018,0.0530310506434165,-0.8173862646687069,0.2994026480609384,-0.3398683729490227,0,-1.3837729801929048,-2.054483215146125,-0.5913268365864833,1.4989217435602824,-1.4499812554680285,0.5189616717711453,-1.4326159818589863,-1.7887711803224184,1.1812422719037252,0.0,-2.232460664104043,-2.147503842107405,-0.5282867335029983,-2.229600094720513,-2.232460664104043,-2.232454981541152,-2.232432249746217,-2.23240383152983,-2.232176346865441,-2.231891643582561,-2.23132107804879,-2.229600094720513,-2.2267007341769287,-2.220784822491439,-2.2020854094641664,-2.1676610057065826
synthetic_cell_00997,0,5,0,2,21,0.2593804402134315,0.6087241928893533,-0.183171114835208,0.0587492206144406,0.8168062825356635,-0.0506247539615698,0,-0.3076691128464427,-0.6107211979319588,0.3859577439029377,-0.6398247831207642,0.6796796411410259,1.1911478856136322,-1.1211293134110694,-0.3296763702010944,0.5505670898850035,0.0,-0.4019836424669898,0.0007540117880072,0.1752735845997459,-0.4054135985770741,-0.4019836424669898,-0.4019904969718396,-0.40201791520976743,-0.40205218849878505,-0.4023263944592561,-0.40266920095313147,-0.40335497690080085,-0.405413598577074,-0.40884888136364606,-0.41573486887501854,-0.43650578730035583,-0.47142639283611215
synthetic_cell_00998,0,7,4,2,21,0.3667308940781374,0.589033317040572,-0.0157500585000333,0.3054157060995224,0.6231350268269988,0.9482182323698984,0,-0.2367057987430791,-0.8132173368952529,-0.8362067915375305,0.8221190199180111,0.2509109754004288,-0.3888170772112723,0.4947658400842563,-0.5574526023959991,0.8428141131576333,0.0,-0.2214903007756384,-0.9561754290519026,0.0211794019710984,-0.2255405312480423,-0.2214903007756384,-0.22149839149226505,-0.2215307547510319,-0.2215712097069989,-0.22189488463993223,-0.22229956644565893,-0.22310922336512434,-0.22554053124804235,-0.22960043861583987,-0.2377487514876099,-0.2624116237246238,-0.3041699618891018
synthetic_cell_00999,0,0,0,2,7,0.2256162465164918,0.4042993964822913,-0.1877976249600576,-0.0796616725345816,0.4416916409401646,-0.3611226892626704,1,-0.0761920820189173,-0.7002809981645377,-0.220171691323362,-0.7467885089984743,0.374466336959747,0.0243093438651016,0.2953454499544088,0.6338805376770646,0.6422802299772404,1.0,0.1350032090208117,-0.0888802838416528,-1.227204320841596,0.1397516061041154,0.1350032090208117,0.1350126927369931,0.13505062812768057,0.13509804854937266,0.1354774592403169,0.1359518408203476,0.13690099751931684,0.13975160610411536,0.14451301584753418,0.15407431123603463,0.18305532957725232,0.2322692062743832
synthetic_cell_01000,0,7,2,1,21,0.3226553007262236,0.2316627107275915,0.0228284223079314,0.5831635863841445,0.0890598199264392,0.0995345355706989,1,0.4232905237582678,-0.5659571363536534,-0.9090597963059478,0.2828064136444185,-0.060195559935219,0.2856621959002619,-0.0705938917415274,-0.142356687897721,0.2154762194646161,1.0,-0.307679711399868,-0.3861078450327935,2.435522792545246,-0.3014100124025948,-0.307679711399868,-0.3076671957167757,-0.3076171320323458,-0.3075545502847425,-0.3070538106350975,-0.3064276719680982,-0.3051746813998831,-0.30141001240259474,-0.29511663127900034,-0.2824593220884093,-0.24393279107979576,-0.17794850379148397
synthetic_cell_01001,0,7,4,3,14,0.3738859264271562,0.1124099983004827,-0.0400632376580522,-0.8386928679001853,-1.1466398754023968,-0.619708684506129,1,0.4190908914251072,-0.7936762603929769,0.7804874108577813,-0.0390777413439882,0.5762366109525444,-0.4470448180932166,0.077950481477147,1.0335774608681192,-0.9123728655063988,1.0,0.458831751460976,0.1823917346616094,-0.6050979072186401,0.4624672956224998,0.458831751460976,0.4588390172523624,0.45886808063217327,0.4589044103389433,0.4591950672559346,0.45955843647472194,0.46028533458976306,0.4624672956224997,0.46610804758533186,0.47340456701194766,0.4954029137583601,0.5323490083312012
synthetic_cell_01002,0,8,5,1,7,0.2223799913160239,0.0870560614409232,-0.0088533049066062,0.32849423752351,-0.2772921643032843,0.5499868326352272,0,-0.6931964555579087,-0.2730073307610006,-0.3952958306718885,1.242915280856948,0.4227472200764714,-0.270745935444195,-0.6766910288977023,-0.6225321853680369,0.4226722035567897,0.0,-0.4862240329337757,-0.9507046288942396,1.293705239728072,-0.4893644927445022,-0.4862240329337757,-0.48623031047018,-0.48625542075324113,-0.4862868089162332,-0.4865379265704146,-0.48685185443429857,-0.4874798122855346,-0.4893644927445021,-0.4925082488845813,-0.4988050801408834,-0.5177595342817098,-0.5494888128623923
synthetic_cell_01003,0,6,7,2,14,0.3404270301855232,0.3171820470749324,0.2504004593575361,-0.1935911403650619,-1.0657316282182543,0.167307206721271,1,1.1033431982459736,0.1718046794358564,0.4496543466081382,-0.4836646482150724,0.094772979487237,-0.396027047064983,0.1834804065670478,1.1583266089552904,-0.918908494317579,1.0,0.7868271390421266,0.938483513969075,-0.914872101886693,0.7893355107109187,0.7868271390421266,0.7868321583696984,0.7868522355785431,0.7868773318612547,0.7870780929702125,0.7873290213825844,0.7878308010141546,0.7893355107109187,0.7918411848936402,0.7968437864839674,0.81176961251052,0.8362900699783151
synthetic_cell_01004,0,0,4,1,7,0.5075433913535707,0.2364951196938696,-0.0399848787365723,0.3668746820017141,-0.4722482109933465,-0.3346520720907497,1,0.8589008600295358,1.012813147222455,0.9434413608749228,0.0070011032957312,0.2629081601051425,-1.4265527646913014,-0.0001924241585341,1.3035430343120515,-1.1118428187832654,1.0,1.2284162026854828,1.157298230679338,1.099348784187428,1.2294070315336252,1.2284162026854828,1.228418197538047,1.2284261764218145,1.2284361488418154,1.2285158807924434,1.2286154271052487,1.2288141236323342,1.229407031533625,1.2303845197934353,1.232298757742823,1.2377026577895225,1.2454941438688645
synthetic_cell_01005,0,9,1,1,14,0.1594300777666688,0.0486027540973743,0.1337820380981754,-0.1545187616382714,0.1797430631714576,0.7706559641247849,1,-0.1291711652762303,-0.8718945130418121,-0.2128489293134775,-1.1242700753959731,0.1467739520778167,-0.4139032865708538,-0.5598659299551108,0.9849434445546524,-1.143640225070716,1.0,-0.0194467397645279,-0.0493508998381457,1.48407654907972,-0.0141675677363125,-0.019446739764527928,-0.019436198209626058,-0.01939403131539292,-0.019341321179771304,-0.01891957939676756,-0.01839225049659213,-0.01733708761717282,-0.014167567736312536,-0.008871660522370414,0.0017698192398962213,0.03408122119114357,0.08914621374893508
synthetic_cell_01006,0,4,1,1,14,0.2483603416191358,0.2238526076282171,0.1249429750408109,-0.0290634004670448,-0.5937949528778241,0.1474209447827969,1,0.8992867145125332,0.4455159276197434,0.3450686586234781,0.1762607802061879,1.6378180422929325,-1.185855400296176,0.1536303258365058,0.6835786080640374,-0.4948607656584756,1.0,1.354346844019965,0.6913950292603918,1.7956073761931324,1.3549049059443066,1.354346844019965,1.3543479763645807,1.3543525050953404,1.3543581645513498,1.3544033818801646,1.354459757638138,1.3545720221113804,1.3549049059443066,1.3554465921220573,1.3564801026123705,1.3591685770652178,1.3621893605405764
synthetic_cell_01007,0,11,6,2,14,0.2310358908153279,0.3096862883750702,0.0052004324059116,0.4389939665284816,-0.2060588055510012,-0.5638422106240647,0,0.3990751495226183,-0.1027026911792539,-0.4555289155430063,0.1862706562457857,0.5033957927629349,0.3140410144210796,-0.5622407322615465,0.0070569604095377,-0.4454699133437667,0.0,-0.0463047770540349,-0.027550562722708,-0.4602130820434479,-0.0509570413078284,-0.04630477705403493,-0.046314067628814445,-0.046351230488815294,-0.04639768532572985,-0.0467693744832743,-0.047234112016323375,-0.04816400690534417,-0.050957041307828466,-0.05562320474782213,-0.0649967214265363,-0.0934370957055079,-0.14183208739086367
synthetic_cell_01008,0,1,7,3,7,0.6683738735225492,0.2781675657255214,0.163577297002513,0.5609712751243967,-0.6562948148943843,-0.4519699753655609,0,-0.171682604898499,0.3569165555032938,0.4148897683390847,1.514855134642236,0.0670235983900081,0.8243491367555038,0.4400928809750115,-0.258741693376611,0.4968385099273374,0.0,-0.2012453120850592,-0.2837217666646337,-1.5310797487886882,-0.2053651154698629,-0.2012453120850592,-0.20125354146105803,-0.2012864593768002,-0.2013276076978315,-0.2016568313051849,-0.20206845333916004,-0.20289200533558227,-0.20536511546986289,-0.20949508369123132,-0.21778498495848234,-0.24288439718175445,-0.2854096878467541
synthetic_cell_01009,0,6,1,2,14,0.5713655145207927,0.456765728641431,0.0448894531960602,1.25957859921428,0.5131213337738427,-0.425573397174358,1,0.9335965444360096,0.6989235934551792,0.3359992784488818,-0.3811948895260016,0.9650718400154524,0.2734945298595563,-0.2532516212159104,0.3908463408158002,0.1189972870273251,1.0,0.8077564419637802,1.0013843247283991,-0.6621358980259445,0.8101928890402195,0.8077564419637802,0.8077613179450629,0.8077808217486054,0.8078052012293624,0.8080002261094921,0.8082439797023778,0.8087313945803194,0.8101928890402195,0.8126261341961953,0.8174823614681911,0.8319568917321501,0.8556844724315129
synthetic_cell_01010,0,4,5,0,14,0.7541481933970787,0.3772142469378653,-0.0455280181292964,0.2820163883132849,0.5351141086507385,0.1188021182963819,0,0.8737133341194814,-0.5497411274418443,1.3595209637864425,-0.0176896730282703,0.1850225385618177,0.1334119056548793,0.3145384585267013,0.3449840648981522,-0.2799280971033363,0.0,0.5368995912115494,0.6733859157597423,-1.2473401049650146,0.5302431160863839,0.5368995912115494,0.5368863062284354,0.5368331651737405,0.5367667363303933,0.5362352045960355,0.535570537515329,0.5342403623543635,0.5302431160863837,0.5235586854854904,0.5101063830883801,0.46909045093681323,0.398601594177355
synthetic_cell_01011,0,5,5,2,14,0.5532009691704094,0.440445971704306,-0.0578993089913665,0.7630322643071077,-0.081251908693321,-0.2061962033962014,1,1.1561929439988952,0.3530909053331104,-0.9039783158056004,-1.7521741982371326,-0.0557273320948392,-0.3929263009733055,0.3321019118523577,0.4784596236643152,-0.0069013644507208,1.0,0.8122764710795141,1.0368546291382408,-0.7224717241626974,0.8146973848506738,0.8122764710795141,0.8122813161027949,0.8123006960699788,0.8123249207454984,0.8125187067921413,0.8127609108640945,0.8132452234359114,0.8146973848506738,0.81711498776042,0.8219396030774867,0.8363166685575318,0.8598730144053603
synthetic_cell_01012,0,0,3,1,7,0.6896507052741324,0.341604412387982,0.0651510855557529,0.5883590128360763,-0.7659692526654314,-0.3088376799623886,0,-0.637068204736922,-0.0358549039912426,0.8674825761545739,1.207029803839329,-0.5901144343074461,0.4217508964340053,-0.1823621376888719,-0.1794656372522139,0.3477912917695131,0.0,-0.5477420881652882,-0.4040729540042578,0.4175025418019268,-0.5506711381138983,-0.5477420881652882,-0.5477479443601424,-0.5477713692177898,-0.5478006504657832,-0.5480349074704156,-0.5483277461970698,-0.5489134813469383,-0.5506711381138983,-0.5536020016944697,-0.5594685910342924,-0.5770965395694183,-0.6064952944334344
synthetic_cell_01013,0,4,5,2,7,0.1199223846695204,0.3260089278400357,-0.0565679019376359,0.3360631930955071,0.3348490114350551,-0.0312275351486958,0,-0.1849340030865224,0.3847394089202235,-0.129423113036552,0.2570490857815532,0.8624626678425349,-0.1761190157549606,0.418773477155793,0.0320716468821028,0.2301080328485412,0.0,0.453984511317177,-0.0181465594467237,-0.6171980759914587,0.4476129779955496,0.453984511317177,0.4539717942253617,0.45392092481567115,0.4538573357081513,0.45334852904367995,0.4527122862603884,0.4514390195735949,0.4476129779955496,0.4412154876029264,0.4283430725696892,0.38911502720783125,0.32176728990404974
synthetic_cell_01014,0,10,3,0,14,0.2393751333702386,0.1129713349214206,0.0668745791895053,0.3605628653400012,-1.785122435108433,-1.7044725678445236,0,0.006728817239329,0.4182563885250495,-0.3076913904770986,0.0601322022954788,-0.4241997636386169,-0.0200155610101851,1.0996089200921726,-0.1316856842815331,-0.2190423207529334,0.0,0.2444033313304746,0.0946394505767687,-0.8943501889942853,0.2387520341768539,0.2444033313304746,0.2443920496751164,0.24434692221298354,0.24429051099380775,0.24383914559295436,0.2432747497861127,0.24214532840687242,0.23875203417685387,0.23307983124112625,0.22167317464573588,0.1869643002663719,0.1275562468275589
synthetic_cell_01015,0,5,2,1,14,0.4070712600706107,0.1643778946341987,-0.029143739558874,-0.3764162037170773,-0.1294555189113309,-0.2150239808973925,1,0.4895521277867453,0.6288458422288598,0.8697547485356348,-1.053389977536912,1.26477040913461,-0.8213434307826717,0.9344194939670192,0.7843353725790789,-0.693124327526347,1.0,1.585818837153442,1.1753786778648636,1.6418891545238583,1.5855814340396257,1.585818837153442,1.5858183841298594,1.5858165711650254,1.585814303000236,1.5857960793093056,1.5857731036539484,1.5857264981368393,1.5855814340396255,1.5853220762817852,1.5847367294535069,1.5824340042447467,1.576685801644206
synthetic_cell_01016,0,7,0,2,14,0.2370832343224829,0.3764341049980148,-0.0245747039044117,-0.5964557516492277,-0.869143327343296,-0.7099714570768453,1,1.502252086712932,0.3997375164796178,0.7565061709476966,-0.577186195774996,0.8402855134966303,-0.4579129591281079,0.3030571952997127,1.395095150773489,-1.0245583005611527,1.0,1.32135780833463,1.348430035006856,-0.3556365196426633,1.3220292387238777,1.32135780833463,1.321359166623505,1.3213645991630558,1.3213713884514993,1.3214256472977604,1.3214933320982258,1.3216282384803664,1.3220292387238772,1.3226850884624934,1.323949316030625,1.3273491286523815,1.3316196546588601
synthetic_cell_01017,0,4,6,3,21,0.1611500511151547,0.1440828380661531,-0.0249233116029318,1.1645978104568713,0.332324686254794,-0.6826530218970738,0,-1.4061906794143064,-1.1795779221235627,-1.6224971261796317,0.5195090648762494,-1.3101333205006875,0.2277636154735606,-0.4954363531700965,-1.3791989023045994,1.1785290603768728,0.0,-1.669917252449762,-1.7975828355761552,0.6146832299519994,-1.6689898915307178,-1.669917252449762,-1.6699154227868398,-1.6699081031332466,-1.6698989513118572,-1.6698256465428547,-1.6697337899805236,-1.669549324143617,-1.668989891530718,-1.6680372977743905,-1.6660556742360508,-1.659486309634417,-1.646373060099455
synthetic_cell_01018,0,9,3,2,21,0.1404493149491137,0.4046851154396076,0.0736938732785168,-0.1508052153957594,0.8706531313483905,0.783846984856566,0,0.2624809119415016,0.1616868379856992,-0.0780507946387749,-0.6258261706504802,0.7262801230275501,0.0445583009929257,0.0299063948737069,-0.0376846787169299,-0.0623432147530214,0.0,0.498407415037674,0.422470811335028,0.19938652087927,0.4918832201939128,0.498407415037674,0.49839439369022126,0.49834230721522194,0.498277196679858,0.49775621474409826,0.4971047432493468,0.4958009870584456,0.49188322019391273,0.48533199760611145,0.4721488998771947,0.43196296937763246,0.36293233377197553
synthetic_cell_01019,0,2,7,0,14,0.3681552985265268,0.1316802679867463,0.2277023535284366,0.2268934565380697,0.962991575136317,-1.2432830490080748,1,0.138878255213673,-0.0244411623280294,-0.572597414127009,0.6789742424516308,0.1569907177685296,-0.1277102186327746,-0.6380039610631224,0.4172417910808891,-1.0092584197055396,1.0,-0.2212435578166743,-0.3259189367185499,-0.6863851212076387,-0.2152709009681186,-0.2212435578166743,-0.22123163414096578,-0.22118393856926913,-0.22112431714978,-0.22064726761336187,-0.2200507603106449,-0.21885709489317412,-0.2152709009681185,-0.20927664526227477,-0.19722384894568137,-0.1605611291682879,-0.09785135218666471
synthetic_cell_01020,0,10,6,3,7,0.610681707295478,0.4275082066007891,-0.0241107069192443,-0.256650338432362,0.3331729878302983,-0.3572924641537083,0,0.8076291017444538,0.2958049344895627,-0.5918104378515987,0.80183635574212,0.0048511013168908,0.0265071663740455,0.4821289203830551,0.0771278043876306,0.0118304012087195,0.0,0.2241025188988402,0.0648253612869662,-0.8027297041119454,0.2185209864986869,0.2241025188988402,0.224091376285195,0.2240468050094543,0.2239910890672348,0.2235452876407737,0.22298785119923753,0.22187236321138287,0.21852098649868687,0.21291903760305192,0.2016543598204476,0.16738322914721182,0.10874424301167204
synthetic_cell_01021,0,5,4,3,14,0.3099551982516937,0.205543743982367,-0.0926009104167377,-0.3252953824123492,-0.2544005027092453,-1.165766588527109,0,0.4795741650221439,0.6747561968895553,-0.7213559105323254,0.9371499883710808,0.3233430016781675,1.15649174853994,-1.7035873101661476,-0.1628109107844851,0.5122320551461305,0.0,-0.5938343826421649,-0.0224034155643681,-0.1296308851358349,-0.5966050341241248,-0.5938343826421649,-0.5938399231476053,-0.5938620852032312,-0.5938897878488745,-0.5941114120415436,-0.5943884497692915,-0.5949425496345638,-0.5966050341241247,-0.5993763883296379,-0.6049206196716981,-0.6215546862192827,-0.6492073002953681
synthetic_cell_01022,0,0,3,0,7,0.0835539028452323,-0.0333292744844916,0.1143150320747568,0.1960788120730631,-0.1755638252524246,-0.1096892280343532,1,0.9998139182629984,0.9613775015711592,-0.330709956743728,-0.6209008106169017,0.0278932880822718,0.2745282585640068,-0.2246451275419935,0.180918332667,-0.1270670478004538,1.0,0.5223415710080864,1.004757055094896,0.2621951488123049,0.5257588605101782,0.5223415710080864,0.5223484018161869,0.522375725201723,0.5224098797781046,0.5226831301498748,0.5230247274304107,0.5237080358036342,0.5257588605101781,0.5291798271110317,0.5360321747189125,0.5566610677118012,0.5912011834197594
synthetic_cell_01023,0,8,5,1,7,0.2609298107392748,0.1416056428437044,0.0148959835270509,0.6293117830541262,0.2201411420611242,-0.5155490660202897,1,0.4602578999353201,-0.0930326147432307,-0.4312328001408515,0.5115553292082092,0.8270319707139753,-0.3429493693315772,1.3238463994055645,0.6642275200042521,-0.1443679192498416,1.0,0.6817832833747494,-0.1006153681193249,1.4222312237331205,0.6846526434876532,0.6817832833747494,0.6817890221551844,0.6818119772765903,0.6818406711775006,0.6820702223324215,0.6823571610555705,0.682931037168924,0.6846526434876531,0.687521837863096,0.6932590899492271,0.7104499626009178,0.738949856609767
synthetic_cell_01024,0,0,2,2,14,0.3150885970564333,0.3938945442145685,0.0509431113323702,0.7297360249555147,0.817212788619977,-0.7092749761868629,1,0.7552058088003921,0.3460387358770188,0.4325838289806304,0.6593705603905016,0.9325009313162768,-0.988859709019196,-0.1114974816970371,0.8533283050596554,-0.8504593060842032,1.0,0.8697728436668768,0.4446038753952031,-0.7949233743852804,0.8719961682887187,0.8697728436668768,0.869777294893399,0.8697950996182059,0.8698173551162323,0.8699953827617863,0.8702178763782136,0.8706627265164353,0.8719961682887186,0.8742147962816461,0.8786372963263834,0.8917745752062578,0.9131527530441769
synthetic_cell_01025,0,11,7,3,14,0.1837949938495444,0.1344998073724749,0.2029788462022881,-0.3247214843496112,0.3905922192334826,-0.5093649189871872,0,-0.0057433345360843,0.2357171134083246,-0.0313861952332419,-0.974122872981028,-0.2563001086989037,-0.8668173128418554,-0.5178426678964196,-0.3289989763286748,0.8299820938424833,0.0,0.317507024953606,0.4648431275129804,-0.5401859527823293,0.3116045033142485,0.317507024953606,0.31749524260583367,0.3174481123036791,0.31738919737615323,0.31691779597522995,0.3163283393334676,0.31514874349059857,0.3116045033142485,0.30567931396036563,0.2937613883866601,0.25747618882888207,0.19529870629931764
synthetic_cell_01026,0,9,4,1,14,0.2088597343301121,0.0854722033832369,-0.0504945268995641,1.2370606723600224,0.1376421906926569,0.7236888516136833,1,0.184255377370254,0.1230135458056452,-0.3204726192006659,-1.178976798763944,-0.0263574171628009,-0.2048209615091667,0.2552625487416388,0.69517444169242,-0.6357923521456053,1.0,0.4103327915227978,0.4840601241210722,1.1227708339422438,0.4141350047767486,0.4103327915227978,0.4103403894870216,0.4103707816048641,0.4104087723392095,0.410712721678465,0.4110927169303377,0.41185290213637027,0.41413500477674864,0.41794359474544496,0.42557930378708575,0.4486234271268339,0.4874068355735321
synthetic_cell_01027,0,11,7,3,7,0.2645355613055686,0.2446492040403063,0.1117075473353024,1.1096502090017497,0.1293997662424705,-0.8348124438897903,0,0.0200393837576796,0.2685070857262217,-0.03531589887868,0.816309780599358,-0.0893358507578141,0.5433760612227854,-0.4330447881545483,-0.5775810987523046,0.3466380761179145,0.0,-0.3167741889488034,-0.1344973967075944,-0.9197625788537976,-0.3204969715917078,-0.3167741889488034,-0.3167816270592807,-0.31681137980173585,-0.31684857140595357,-0.31714613127006513,-0.31751814860052713,-0.31826240775765535,-0.3204969715917078,-0.32422713461442315,-0.3317090557658607,-0.35431733425281214,-0.3924659783141845
synthetic_cell_01028,0,5,3,2,14,0.2677947397665825,0.3662480188623432,-0.0377268225168888,0.8213018490979992,0.399541479596465,0.8927597993987126,0,-1.0653954912949075,-1.0599840760216237,-0.594505618769579,1.4307701486580942,-0.7748758108034854,0.8195644281943751,0.4970462760303697,-1.0890521100756436,0.2581095621867912,0.0,-1.2549350370094965,-1.5732284116794155,-0.9443007240796716,-1.25543378315149,-1.2549350370094965,-1.2549360495893802,-1.2549400993064461,-1.2549451600971213,-1.254985592176224,-1.2550359965624271,-1.2551363523130934,-1.25543378315149,-1.2559172982848663,-1.2568379567351888,-1.2592167982004725,-1.2618245575862017
synthetic_cell_01029,0,7,6,0,7,0.4015737994214425,0.2227793494441046,-0.025090393160565,0.4058994728592525,0.6559830990122687,-0.3330339698596861,1,1.361276775706759,0.8803445283852804,0.7352318443785283,-0.3134894935054185,1.2697567535904837,-0.0847758606073831,-0.6084134370066132,1.3517228697679442,-0.8172996984263334,1.0,1.1505405520339491,1.3797428989444274,-0.5254498672130387,1.1517990044359327,1.1505405520339491,1.1505430802624017,1.1505531927246808,1.1505658322864794,1.1506669081181695,1.150793151150779,1.1510452973574568,1.1517990044359325,1.1530459931948753,1.1555048739984186,1.1625879962953676,1.1733296902463857
synthetic_cell_01030,0,9,4,1,7,0.3089758144217704,0.3133403225928493,-0.0332814589771863,-0.2613632624276543,-0.2573592074395512,0.3300106319634351,1,-0.4313835667074808,-0.5194387139017531,-0.795179403931136,0.2669899339818254,-0.8116995534229854,-0.0901844042926178,0.0398042767074912,-0.4292812360737268,0.139043357428351,1.0,-0.6270560419367878,-0.7202740242174628,1.422378510889452,-0.6196887902657844,-0.6270560419367878,-0.6270413388224175,-0.6269825251054645,-0.6269090051255233,-0.6263207319483122,-0.625585107192437,-0.6241129138003126,-0.6196887902657843,-0.6122901589160843,-0.5973992114218882,-0.5519860112688916,-0.4739026075495256
synthetic_cell_01031,0,11,5,3,7,0.5737343583690243,0.3363501838701819,0.0173874163940491,0.3967961758732377,-0.3621504008915053,-0.4423569565208228,0,1.027203564954044,-0.6391442647234857,0.6917187848588934,0.6810471004235285,0.6612713213586221,0.6509798206134821,0.0146586480558484,0.3944642241409986,0.0984973899561552,0.0,0.2322108447153508,0.2470999106599733,-1.1658344643414962,0.2266014476495085,0.2322108447153508,0.2321996465672035,0.23215485314564976,0.23209885950360357,0.23165083577607154,0.23109061970186975,0.2299695665930396,0.2266014476495085,0.22097143866273605,0.209650053274119,0.1752040838546327,0.11625792536868751
synthetic_cell_01032,0,1,4,0,7,0.3521689156381704,0.1911163338937411,-0.1343936646343023,-0.1576214595929398,0.9847204131031708,-1.0462078627762297,0,0.5120584429280726,-0.6230621993345575,0.5278884174075096,0.936889903038258,-0.1993140299936722,-0.4138681203356481,0.3258998611622636,0.4656823625903575,-0.2980207097873316,0.0,0.1107289222169666,-0.1273668753265333,-1.4160396011318996,0.1055370038309746,0.11072892221696658,0.11071855610717514,0.11067709095597589,0.11062525791497019,0.11021052952023229,0.10969195892596047,0.10865428450840903,0.10553700383097457,0.10032740146006926,0.08985563030188622,0.05802915934637037,0.0036851701010362035
synthetic_cell_01033,0,3,2,2,14,0.1922342560381074,0.2589925152211129,0.0715832627362671,1.0330663106338978,0.954779463747087,0.0782019704839695,0,-1.076342532171151,0.1082584726353365,-0.1440041836728284,0.1170910582136262,0.0634576613858088,-0.3653657393170583,0.3171904415705978,-0.0916744592088578,0.2503541414506555,0.0,-0.0813464327425147,-0.4992620984782635,-0.3227452715228031,-0.085878274600484,-0.08134643274251473,-0.08135548331449394,-0.08139168612956463,-0.08143694083442563,-0.08179902589974129,-0.0822517507272069,-0.08315759489879208,-0.08587827460048399,-0.09042317107680599,-0.09955161516596431,-0.12723639090514352,-0.1743038794802999
synthetic_cell_01034,0,3,4,3,7,0.2693397361252962,0.2591169233225188,0.0136918057798713,0.2735135464195851,0.4412999094347565,-1.0398729416973094,0,-0.7700052836323059,-0.646599786055589,-1.6528480711116758,1.2378531049022683,0.507684233940727,0.4294494317676683,-0.0476270290776633,-1.4577125295330544,1.2142478763588982,0.0,-0.8541450703509466,-1.5464026700684983,-0.043924157333475,-0.8560211511838698,-0.8541450703509466,-0.8541488279699114,-0.8541638582290775,-0.8541826455653819,-0.8543329247315741,-0.8545207247908887,-0.854896161328971,-0.8560211511838697,-0.8578916607777485,-0.8616153441727312,-0.8726363661406391,-0.8904274813588051
synthetic_cell_01035,0,2,2,3,21,0.0086840124263908,0.1853137771714556,0.0915693749862268,-1.1767835847462167,1.3116170884159934,0.9572345684290492,0,-0.579465669689532,-0.6215159234727718,-0.2945621691466678,1.4701823721199954,-0.1986610207215935,0.6908673294397973,-0.0027983724602829,-0.6221783378236719,0.247351920100434,0.0,-0.8581799551503583,-1.0859594304715785,0.2453758386937376,-0.8600421699006187,-0.8581799551503583,-0.8581836851341093,-0.8581986048485359,-0.8582172539951777,-0.8583664272945096,-0.8585528441462618,-0.8589255113553185,-0.8600421699006185,-0.8618987161637477,-0.8655941805820034,-0.8765281988680713,-0.8941664582346723
synthetic_cell_01036,0,5,2,0,14,0.1987127938630742,0.1050434318799554,-0.0488346054662605,0.8731693956074732,0.2144996809951292,-0.3462946361495256,1,-0.0156131038045673,0.0961736870679355,0.3387318474148124,-0.2181983288555811,0.959680438459086,-0.1465411402231837,-0.2505439048958677,0.7497341934324947,-0.981943453645222,1.0,0.4603791553871355,0.2610818089978451,-0.4755146595268707,0.4640093818179632,0.4603791553871355,0.460386410580242,0.46041543156544373,0.46045170827560117,0.4607419410856338,0.46110477983554293,0.4618306158953285,0.46400938181796314,0.4676447787548408,0.47493047602480265,0.4968954563070997,0.5337829296908345
synthetic_cell_01037,0,2,6,2,14,0.3422504042744363,0.3307289718781438,0.0209900727784772,-0.7457237228779486,-0.292932960055341,0.1671237974622201,1,0.4887735057268132,1.3039912434941223,0.7736386125087376,-0.2376879472003039,0.2782853855130718,-0.4484402211814175,1.3624631302980432,0.997453884360194,-0.9675850823525958,1.0,1.282915315947407,1.1340851228380795,-0.1075179398419349,1.2837188558772503,1.282915315947407,1.2829169375316556,1.2829234232897029,1.2829315291845231,1.282996324212227,1.2830771875664413,1.2832384788183537,1.28371885587725,1.28450774169068,1.286040826451008,1.2902695693999156,1.2959964343608528
synthetic_cell_01038,0,10,6,0,7,0.2505207385906797,0.2351641023273553,-0.0059742310362993,0.0011581260608504,0.5862725185033215,0.5766792341538067,0,-0.3111563570891305,-1.4025819727328552,-0.5593178085659212,0.7611381483985815,-0.4622535201635298,0.5577210978812882,-1.593074423006314,-1.0632465693390978,0.956166560442524,0.0,-1.347423629740046,-1.118652916187494,-0.4019176717140463,-1.3476045342246123,-1.347423629740046,-1.347424008858958,-1.3474255246431148,-1.3474274178173478,-1.3474425009522513,-1.3474611991244507,-1.3474980756539991,-1.347604534224612,-1.3477679785566996,-1.3480417948849954,-1.3484263171823745,-1.347530278243068
synthetic_cell_01039,0,5,6,2,21,0.134274222207933,0.314359894299155,0.0431507064749906,-0.5939926066041779,-0.9765793086880524,-0.6460150833817453,1,0.7259835155779174,1.0765302146847846,1.3837484234344546,0.2331878787875578,0.98110222422006,-0.6105960102504637,0.4248752120878544,1.3766393909737134,-1.4283120884660232,1.0,1.354378757147679,1.18648455161488,-0.0108922778821331,1.3549367094009672,1.354378757147679,1.3543798892737193,1.3543844171301476,1.3543900754931728,1.354435284075351,1.3544916488931162,1.3546038914628953,1.354936709400967,1.3554782851384997,1.356511572436367,1.359199358750705,1.36221893324277
synthetic_cell_01040,0,2,4,3,14,0.3579728158526493,0.0898918024691605,0.0030392542582072,0.1083615472647252,-0.1479003408861415,-0.0904525813217992,1,-0.3486085071940853,-1.0545348335269562,-0.5105291268149926,0.3257260571956778,-0.1387032145690049,0.1231070317930575,-0.2376268380299597,0.7538587084372168,-0.9395108625552102,1.0,-0.6134500151000559,-0.8270484550252079,-0.0506717404534895,-0.6061295212182362,-0.6134500151000559,-0.6134354051743344,-0.6133769642250726,-0.6133039102342122,-0.6127193661483936,-0.6119884057039312,-0.6105255507605886,-0.606129521218236,-0.5987779755877953,-0.5839821852477043,-0.5388623700335246,-0.4612944112207519
synthetic_cell_01041,0,5,5,3,7,0.4326126770884861,0.4391861143943029,-0.0505230482628816,0.1591411221575516,-0.1567742490454981,-1.326067807402756,0,0.761047170244894,-1.1748920221808978,0.3492995463703615,-0.3144483183594946,-0.0692991482416445,-0.3451163176223471,-0.1363839405821625,0.1962113116297263,-0.33848650275013,0.0,0.1440486459510665,0.1410509596712123,-1.2786766057482433,0.1387422226742116,0.1440486459510665,0.1440380516321096,0.14399567361217694,0.14394269941309282,0.14351883886710542,0.1429888458664582,0.14192830257342653,0.13874222267421163,0.1334173123462984,0.12271251136066101,0.09016757165402252,0.03456131223283752
synthetic_cell_01042,0,0,1,2,7,0.1652894465215286,0.2826516432124938,0.1353729095396818,0.5061154221140507,-0.6211749929013088,-0.0278352766283479,1,0.6723002157088668,0.6701355349656126,0.4537969447516919,0.247504108089666,0.9717392696490724,-0.4092192719190318,0.3959742141233153,0.4646059197963246,0.0366066984136887,1.0,0.9871474992820986,0.6882406474273125,0.172532751033548,0.9889674600513904,0.9871474992820986,0.9871511466012287,0.9871657355834904,0.9871839711491333,0.9873298291669771,0.9875120853244953,0.987876375779653,0.9889674600513904,0.9907798952483782,0.9943815062616275,1.0049878511245725,1.0219194576653765
synthetic_cell_01043,0,2,1,0,21,0.1572160084705355,0.2433969535300296,0.1193036560533529,1.5366479974889753,-0.204650019159817,0.5651928297996829,1,0.8937396298792737,1.9421787284477663,0.6912829396304672,-0.7865029458039365,0.788930980819573,-0.6469797120777652,0.1901881907532288,1.7528793700063314,-1.7355828029546905,1.0,1.570593073493224,1.745161641815277,-0.1823739136875858,1.5704079944748932,1.570593073493224,1.570592724751983,1.5705913289311717,1.5705895822293856,1.570575531561549,1.5705577754830793,1.570521620115438,1.5704079944748932,1.5702013277812272,1.5697224661419293,1.5677480520407023,1.5625766557644343
synthetic_cell_01044,0,4,0,3,7,0.6059718996215123,0.5084863765864316,-0.1801604097139961,-0.1334897316355279,0.904012753423376,-0.1306825278512112,1,1.5582251539964966,0.0315323884333579,0.8693815225277169,0.0731396779206551,1.1146473028785695,-0.834488724991387,1.4493472452650351,1.1048206083677008,-0.6972816367157213,1.0,1.6272592364226548,1.0351037273037524,-1.269087745523954,1.6268794213118634,1.6272592364226548,1.6272584995708201,1.6272555512530917,1.6272518638074351,1.6272222822794171,1.6271851003513853,1.6271100523616346,1.6268794213118631,1.6264766527678034,1.6256014821352098,1.6224051831337443,1.615087070155485
synthetic_cell_01045,0,1,0,2,7,0.4126371200132722,0.2294609087465662,-0.2343577073049038,-0.3691541501174295,-0.5162710213339003,-0.6412076135056946,1,0.1391847194093859,0.434827236724175,0.8288796299982215,-0.1290587060287435,0.1736688956451467,-0.5429764876810125,0.2973392429313786,0.9174758672157448,-1.5784877009198064,1.0,0.6718635435427371,0.5991813857852464,-0.5768160869237948,0.6747669933358531,0.6718635435427371,0.6718693502641782,0.671892577159156,0.6719216107985148,0.6721538807204106,0.6724442200509717,0.6730249045429547,0.674766993335853,0.6776705164753398,0.6834771447447759,0.7008819154211154,0.7297576046148849
synthetic_cell_01046,0,11,6,3,7,0.4767371722634444,0.3359700988813014,0.1452481709278512,0.67205504085621,1.564805637775168,0.0731373707402072,0,-1.5644845116294264,-0.6081742646001727,-1.1175059833829506,0.805001762308552,-1.512265168205154,1.1661372862589363,-0.8187116136795343,-1.8774165292788856,2.067892946981722,0.0,-1.9337386607704572,-1.573369835262434,-1.3351046135596218,-1.9319046644360625,-1.9337386607704572,-1.9337350241758837,-1.933720476541747,-1.9337022891733118,-1.9335566771720265,-1.9333743794235552,-1.9330088406886843,-1.931904664436062,-1.930039076687012,-1.9262123520983052,-1.9139542417174977,-1.8908464946851462
synthetic_cell_01047,0,2,4,0,14,0.4067621352640582,0.3095163794369053,-0.0749946587823549,-0.0606634424588886,-0.3179440722501631,-0.7371976107236071,0,0.0824440743653139,-0.2251462248863343,-0.503118759086294,-0.3716051547733607,-0.1336668188540292,0.6413858865934465,-0.4426090863214917,-0.0513912032435476,-0.4677908724951883,0.0,-0.3392629767155002,-0.045211670512488,-0.7836220009188163,-0.3429084755186762,-0.3392629767155002,-0.3392702607986654,-0.3392993974102256,-0.3393358188021198,-0.3396272150193494,-0.3399915229199611,-0.3407203469765091,-0.3429084755186761,-0.3465608126808395,-0.35388545286636164,-0.37600880862736435,-0.41330549706282943
synthetic_cell_01048,0,7,2,2,14,0.474797590445326,0.4749663196364585,0.0291110762708205,1.1027723996116436,0.562461332408179,0.9999153219740796,1,1.350396571451321,0.940362453780622,0.9971180906376506,-0.278354004030157,0.4525447482304398,-1.076090797939684,0.6113599093011013,0.8877411361250933,-0.3844205842564458,1.0,1.5343980237806154,1.4722617526715556,-1.211451400753532,1.534337330854144,1.5343980237806154,1.5343979229418527,1.5343975187657934,1.5343970116983363,1.5343928812408563,1.534387533265464,1.5343762202431999,1.534337330854144,1.5342559226190855,1.5340302001191315,1.5328362550389374,1.5290360565592138
synthetic_cell_01049,0,10,0,1,14,0.2870051387234651,0.1475049456742757,-0.154893812422029,0.0603852394056496,0.4445787707379758,-0.8281164203204141,0,-0.7005543252349609,-1.796450224627434,-0.8326482300781411,0.1002482063971351,-0.8933257615311028,0.3305991205564546,-0.3185774676455821,-1.4066233085340876,1.4397759506125336,0.0,-1.2435314417412855,-1.318062029259054,0.8844033823774183,-1.2440693769066349,-1.2435314417412855,-1.243532532425207,-1.2435368945694,-1.2435423459186816,-1.2435859034545742,-1.2436402171318726,-1.2437483997001408,-1.2440693769066349,-1.244592355910823,-1.2455927682588344,-1.2482175039252836,-1.2512572722412012
synthetic_cell_01050,0,6,7,0,14,0.3126203046306898,0.1810669731438863,0.2558833654205008,0.0486077459843641,0.5568879752524649,-0.449726455127391,0,-1.8436785918577023,-0.4897305673163992,-0.6845718310825636,-0.0214750818541784,-0.6064985341416766,0.2151907448294496,-0.953843286590874,-1.8298754015322616,1.8396911415066852,0.0,-1.233716217178731,-1.225596735533993,-0.6774115299921452,-1.2342878828523616,-1.233716217178731,-1.2337173750878259,-1.2337220061421603,-1.2337277936503754,-1.23377404130807,-1.2338317197636754,-1.2339466389768847,-1.2342878828523614,-1.2348448289296534,-1.2359138865072736,-1.2387502665495806,-1.2421618706386115
synthetic_cell_01051,0,6,5,0,14,0.2204126968189557,0.2784939822262388,0.0059547262701864,0.5243272762779906,0.8480894547590114,-0.7080371183939412,1,1.0527925542216732,-0.0004376285362913,0.4983937099175614,-0.390275635301574,0.658361261272254,-0.7747815299222238,-0.6102200937799123,0.3642512547628392,-0.2369730766042834,1.0,0.8024818550396523,0.8284576381002772,-0.4566478432652526,0.8049364284968777,0.8024818550396523,0.8024867671469572,0.8025064154596656,0.8025309755883033,0.8027274461084376,0.8029730078938458,0.8034640429660166,0.8049364284968776,0.80738792716081,0.8122810435766242,0.8268693090537054,0.85079670995018
synthetic_cell_01052,0,11,2,3,7,0.0150521987749558,0.0655842372317443,0.0709948090945161,-1.0843690526751522,-0.1664561135008825,-0.5739893399747229,0,-0.1336667505360239,-0.4252225721913721,0.0149481440454375,-0.4044093046174746,-0.1263701927203858,-0.0638244815186038,-0.1272020431031349,-0.441592336781604,-0.2250818962483675,0.0,-0.0697688305877567,-0.0462314563260574,0.3644931342587838,-0.074340459452418,-0.06976883058775672,-0.06977796045555924,-0.06981448046506707,-0.06986013168804846,-0.07022538990134182,-0.07068208367157895,-0.0715958740897822,-0.07434045945241798,-0.07892542197677115,-0.08813483692433119,-0.11606925895192217,-0.16357534845980062
synthetic_cell_01053,0,9,2,3,7,0.7976627936549139,0.4497168476253353,0.0668626819282564,0.3825264405226538,-0.3307896092914922,-0.0548704871316113,0,-0.9961863009027152,-0.2548445445187232,-1.4863673882337132,1.0040162042211924,-0.0088198562932357,0.8528554419758885,-0.8675217558391279,-1.1537237953052435,1.257294329028197,0.0,-1.234165772192181,-1.356215106951853,-1.3822833309648743,-1.234735892947607,-1.234165772192181,-1.2341669270222415,-1.2341715457600058,-1.2341773178715345,-1.2342234423167915,-1.2342809666594732,-1.2343955773221762,-1.234735892947607,-1.2352912832715992,-1.2363571967737146,-1.2391838831213304,-1.2425784564603342
synthetic_cell_01054,0,3,2,3,21,0.4175302321010604,0.4677836452912506,-0.0786517127268446,0.019110063066075,0.0495457220291141,-0.6218498558669909,0,-0.7285648272885235,-1.3330780566755642,-1.058008212629859,1.3180765361902167,-1.2202442512062028,0.9255757514168366,-1.5830672169731983,-2.1316987208253697,1.7658454895031117,0.0,-1.9900393861287509,-1.6401719858609185,-0.2962892395428906,-1.9880119095463171,-1.9900393861287509,-1.9900353639264916,-1.9900192738074218,-1.9899991582108874,-1.9898381155072487,-1.9896365171856576,-1.989232336645472,-1.9880119095463171,-1.9859514845990076,-1.9817310067961236,-1.968258891396599,-1.9430182717430433
synthetic_cell_01055,0,8,6,1,7,0.4308843565293768,0.2174535842158692,0.0633111398531515,0.5382363518675527,0.2217236076266899,-0.3895503804870486,1,0.5055766676819289,-0.1889004613966548,-0.7904439586137236,1.176384454754685,-0.2862551193111198,-0.277390442191546,0.0281692908369124,0.0073877517833884,-0.2788224706848518,1.0,-0.2178639820762802,-0.4671812840782148,0.9008533733334664,-0.2119029393081533,-0.2178639820762802,-0.2178520815475271,-0.21780447856690502,-0.2177449728935784,-0.21726884961924656,-0.21667350087618004,-0.2154821550186612,-0.2119029393081533,-0.205920379136681,-0.1938912187288946,-0.1573013722916555,-0.09471962571323049
synthetic_cell_01056,0,6,4,1,7,0.3912806010640732,0.2836606070904824,-0.0809865690379822,0.2935050612129966,0.9898771119168364,-0.107005991920027,1,1.8283472473009308,0.1746140820572121,1.433580954107501,-1.6047322967978628,0.8657430152613731,-0.5718967738570585,0.1259113323805135,1.530755162376654,-1.3732285953628436,1.0,1.674067643084482,1.9864311152486047,1.4673466201923406,1.6735269685518344,1.674067643084482,1.6740665856385302,1.6740623548992775,1.6740570643253407,1.6740146537158815,1.67396142529698,1.6738542505215477,1.6735269685518341,1.6729622124179,1.6717596754777442,1.6675540530573711,1.6584626704031733
synthetic_cell_01057,0,4,1,1,14,0.2014294177260916,0.2098166349959399,0.105046726608237,0.3565345761040977,0.3002924597731328,0.838003417000646,1,0.4726796363841473,-0.2019914805968597,0.6138675738768445,-0.0405450408457785,0.0980603268929127,-0.0220397839454145,0.2353265086981584,0.613895094888182,-0.615688073602261,1.0,0.3647868497235119,0.3938507232132808,1.3349521951833083,0.368745583875913,0.3647868497235119,0.3647947596351412,0.36482639958644514,0.36486595021125773,0.3651823826200798,0.3655779915745189,0.36636943707790426,0.36874558387591294,0.3727117924833707,0.3806660384685778,0.4046922628660772,0.4452011143093341
synthetic_cell_01058,0,3,4,3,7,0.2670478216936057,0.2348945118378062,-0.0837283019958705,2.9038617722748645,1.184658136457125,-0.7223268459538384,1,0.2143689149314747,0.0564516426298405,1.4381877038313855,-0.9040966560074848,-0.1691944036646876,-0.4226207463397131,-0.0347285319348984,0.3781277201510985,-0.0716679197316477,1.0,0.6311265437545135,0.9487215517157978,-0.5757573198524218,0.6341699882772392,0.6311265437545135,0.631132629486573,0.6311569724632354,0.6311874012929257,0.6314308362666835,0.6317351407360257,0.6323437849248846,0.6341699882772392,0.6372144879823692,0.6433060206557978,0.6615891978158133,0.6920081501019383
synthetic_cell_01059,0,3,4,2,14,0.0538054223775632,0.115593812985706,0.0275067721662068,0.704154194275284,0.2757947020312565,-0.5813798504717723,0,0.5522958689951704,0.01799009512139,-0.0375220542338686,-0.1466559444180904,0.0146584348723596,0.6280013059908952,0.6785103401936851,0.2270362861918644,-0.960065596724333,0.0,0.2435875842008901,0.3446513580516175,-0.782878772520674,0.2379390904029272,0.2435875842008901,0.24357630813264222,0.24353120301973574,0.24347481973885962,0.24302367791507515,0.24245956175626676,0.24133070026220685,0.23793909040292713,0.2322697104838517,0.2208687590201836,0.18617747448718516,0.12680032446404652
synthetic_cell_01060,0,4,7,1,14,0.7634941930330548,0.5551035422345776,0.2475122348199754,1.2498386955165288,0.6068359743763955,-0.2417507935284487,1,0.6200400439210771,1.4095828736962015,1.0430846498211963,0.056851613564436,0.4609564203835546,-0.9224867039435216,-0.0643006066111034,1.1641873968163472,-0.747987801254528,1.0,1.1748445613665648,1.2230953718241662,0.0881581492348409,1.17601949182946,1.1748445613665648,1.174846923135123,1.174856369734432,1.1748681769148814,1.1749625915902258,1.1750805029129638,1.1753159681481087,1.1760194918294598,1.1771823728783384,1.1794712775096174,1.1860303357005184,1.1958513069475014
synthetic_cell_01061,0,6,5,3,21,0.4932049814769109,0.2844776454330268,-0.0059496484447437,0.4325695318192879,0.5503250287480888,0.5327012112561247,1,0.1002248644991853,-0.0315094575847386,-0.6159126883650616,0.5676007154112557,0.6332038731031315,0.7494042347819462,0.0530939914700122,0.0975488466692819,0.259624880155221,1.0,-0.1421323351599497,-0.3220386939764034,0.485960172819127,-0.1364315479699969,-0.1421323351599497,-0.14212095332265037,-0.14207542518073799,-0.142018513219813,-0.14156314620563304,-0.1409937591918251,-0.13985439148445736,-0.1364315479699969,-0.13071106864758722,-0.11921155646721651,-0.08425470141413928,-0.024541940186055503
synthetic_cell_01062,0,4,7,3,14,0.150851754538132,0.1225330295308576,0.193330654420073,-0.2351396456350111,0.203611587073093,-0.0723504949007957,0,-0.6506746953934781,-0.274486546042737,-0.8961347572157162,0.5015719809287982,-0.4491884874385319,0.5115044083749816,-0.5577200477861125,-0.6298027707351624,0.4941594415254362,0.0,-0.8966278216365379,-0.8368409947722042,-0.618511085447794,-0.8983579083778436,-0.8966278216365379,-0.8966312882881077,-0.8966451546368024,-0.8966624869930113,-0.8968011226379866,-0.8969743590936832,-0.8973206377444743,-0.8983579083778435,-0.9000813999682743,-0.9035079696092276,-0.9136129416871666,-0.9297946585092407
synthetic_cell_01063,0,1,1,2,14,0.3848143128455815,0.3670919387795828,0.1061861155130926,-0.703033197971536,1.1156395334761715,0.164253504296862,0,-2.3447267081084195,-1.1346108534363646,-1.3669079835891222,1.884649044692706,-0.9424270845769114,0.7556943147585015,-0.3117954523372814,-1.8977393492634824,1.5849381143232082,0.0,-2.1227372959734216,-2.605766108880999,-0.6564461900910095,-2.120253796411754,-2.1227372959734216,-2.1227323649137086,-2.122712639237098,-2.1226879789062485,-2.122490566831938,-2.1222434780535977,-2.121748220768571,-2.120253796411754,-2.11773415022343,-2.112585616375381,-2.096252153675275,-2.065984463109266
synthetic_cell_01064,0,5,1,3,21,0.3811508889609977,0.4777137193776771,0.2540711902473523,0.6487159623666644,0.7727023784141975,-0.6297428224685254,0,-0.150597702782319,-0.5506961895837357,0.4143933564458973,-0.2401869477156011,-0.3032100122503404,-0.3684609266273921,-0.4980342784045156,-0.2700285985728944,0.5397650286689621,0.0,-0.1250675644024099,-0.03198517149525,0.3570170017237334,-0.1294491564128994,-0.1250675644024099,-0.1250763155252385,-0.12511132050162363,-0.1251550778134394,-0.12550517994665442,-0.1259429166386542,-0.12681875296492331,-0.1294491564128994,-0.1338427492826847,-0.14266541869471425,-0.16940744151337006,-0.21481861741951558
synthetic_cell_01065,0,6,0,3,7,0.1913186344279896,0.114511927945219,-0.1923647901273356,-1.791275780554379,0.4015676466991532,-0.4373437844651003,0,-0.1540846141001315,0.1231446977435184,0.3499776770019862,0.9351391997301162,0.1771418607722911,-0.376346478790766,-0.0514819091956806,-0.4176657374519022,-0.1887317134696932,0.0,0.0840361126499966,-0.1899257268511507,-0.923276533989904,0.0789359254341271,0.08403611264999657,0.0840259293611626,0.08398519551948604,0.08393427667319323,0.08352686414866436,0.08301744417402576,0.08199809027266697,0.07893592543412711,0.07381869757876493,0.06353360926517272,0.03228271179599731,-0.021050058457999003
synthetic_cell_01066,0,1,5,1,7,0.5947967088625743,0.4742346171791231,-0.2097604987556456,-0.0670329083806324,-0.9055312859200824,-0.7546693884111039,0,0.1571933147276946,-0.3103063095324226,-0.312398832336738,0.5053253349484799,-0.5883850235687087,-0.0451352083373403,-0.4619658328764902,-0.512038606695996,1.2648914669128866,0.0,-0.4205169288871194,-0.2883180552361331,0.6029456803087117,-0.4238831944349467,-0.4205169288871194,-0.420523656456168,-0.4205505669330521,-0.4205842054806268,-0.42085333190394175,-0.4211897849619168,-0.4218628406534771,-0.42388319443494676,-0.42725433997323903,-0.43401071030737715,-0.454381997953818,-0.4886004963864267
synthetic_cell_01067,0,8,2,2,21,0.4136624743079388,0.6997723189303264,0.0001802431176488,1.702906252301809,-0.0303192517594763,0.3256015915463449,1,0.4762166933020383,-0.2198574472035276,-0.1875333173982146,0.5735174911163752,0.1971492566404751,-0.0606758641911066,0.3915825719385438,0.5237983286402612,-0.583727847870375,1.0,0.1760475090445269,-0.0868752749575086,-0.3254338754044414,0.1806548553456494,0.1760475090445269,0.1760567116453686,0.1760935225351906,0.17613953724190987,0.17650769865723775,0.17696800975223065,0.17788899583988546,0.18065485534564932,0.18527422506435715,0.19454846686775473,0.22264445245137598,0.2703034244253447
synthetic_cell_01068,0,11,3,3,14,0.2718755606677692,0.2202774598804205,0.0435460485182788,-0.9383449328248308,0.7853861554104952,1.4472153186250136,0,-0.7449058458626768,-0.3904347020547719,0.2775816325833735,0.0952216239945417,-0.2292318937507233,-0.1969934619232382,0.0175237434847557,-0.5332344208282427,0.841401805667582,0.0,-0.2414308800974904,-0.4033976997445114,-0.0400266882194602,-0.2454125837754584,-0.2414308800974904,-0.24143883423966636,-0.2414706511814369,-0.2415104231979725,-0.24182863288792172,-0.24222647882063245,-0.24302244959344324,-0.24541258377545835,-0.24940348374446994,-0.25741233718386913,-0.2816452333731713,-0.32264815115157325
synthetic_cell_01069,0,2,6,1,14,0.3378407675049835,-0.0249406681531445,0.0805999013212687,-0.838027700286984,-0.6242066617019806,0.4860709241884338,0,-0.8897640196004024,-0.7118380458812181,-1.035285123340321,0.9783653786448911,-0.7703484772087814,0.8398683026925059,-0.5946688113627875,-1.9911970152867973,1.672106867180421,0.0,-1.3958049497017877,-1.3366499684606543,0.9922518692750462,-1.3958195893695673,-1.3958049497017877,-1.395804997453587,-1.3958051877227236,-1.3958054238984006,-1.3958072468533858,-1.395809359320914,-1.3958130295012559,-1.3958195893695673,-1.3958156028067696,-1.39575105226466,-1.3950923346237973,-1.3923634384332317
synthetic_cell_01070,0,3,2,2,7,0.2644198193296104,0.1660304485703964,0.0843087369534441,0.8780093988972182,0.0937182707341656,-0.3541762631705002,0,0.1608895927811674,0.1370196682406887,-0.2948150974874676,0.3420029044587402,0.5065652330809912,-0.2914907497132938,-0.5571183893702039,-0.1498004771555975,0.2107426616988199,0.0,0.1182737655964846,-0.0422146294146119,-0.9105410543862704,0.1130559189802754,0.11827376559648457,0.11826334781152245,0.11822167595237823,0.11816958451010123,0.11775278825155253,0.11723163119324495,0.1161887783989116,0.11305591898027542,0.10782020653465943,0.09729566862591957,0.06530650922065673,0.01067669435277445
synthetic_cell_01071,0,0,2,3,7,0.1495051036467661,0.0848443056881802,0.0062213927428981,0.2330540896051828,0.7440431968296761,-0.5771332826742045,0,-0.2300541954624006,-0.4602181652245755,-0.4825765838231424,-0.0374260266402821,-0.2314613583841282,1.428662561945949,-0.5757855099268835,-0.3292083700530662,-0.2294015632027108,0.0,-0.8335452217706376,-0.3950770845892256,-0.3209206426003381,-0.8354920950096536,-0.8335452217706376,-0.8335491204794354,-0.8335647151177611,-0.8335842079726289,-0.8337401330719763,-0.8339349950098237,-0.8343245701817028,-0.8354920950096535,-0.8374338935035669,-0.8413016470954866,-0.8527668608460433,-0.8713383719251556
synthetic_cell_01072,0,8,0,2,14,0.4368266167899092,0.4201125200560496,-0.1618783744159439,1.1064623041480497,-0.1465320788551242,-0.6319503319451985,0,-1.2544913816360337,-0.7504527428732335,-0.5299880231426229,0.1133004185436212,-1.408516999389621,-0.2033344448689069,-0.0890955389829095,-0.965757654711383,0.8461384670979372,0.0,-1.038879883581472,-1.055278847116354,-0.6466926064599177,-1.0401211140237874,-1.038879883581472,-1.0388823759385186,-1.0388923449721983,-1.0389048053765582,-1.0390044530828697,-1.0391289238023247,-1.0393775682495012,-1.0401211140237876,-1.041352320780949,-1.0437840150227364,-1.0508216248948596,-1.061614325388968
synthetic_cell_01073,0,3,7,1,21,0.1928364555753295,0.284585721834553,0.1791377902431636,0.0242672943370081,0.6327444032778965,0.221488867848549,1,-0.4721323368466523,-0.0351702149505179,-0.857863629111462,-0.0612750938142755,-0.0489718797139973,0.2731728656755637,0.0059362436421137,-0.3947153351199624,0.3796145290150695,1.0,-0.3363646070184157,-0.4484853390724956,1.8453711455460244,-0.3299963309480423,-0.3363646070184157,-0.33635189487042644,-0.3363010452987983,-0.3362374811300734,-0.335728879626367,-0.3350929074284175,-0.33382022908273756,-0.32999633094804226,-0.32360368139301804,-0.3107457572054396,-0.2716006976251126,-0.20452972400873765
synthetic_cell_01074,0,1,4,2,14,0.1761439110394313,0.2979084737262969,0.0727992026862412,0.7118849595334343,-0.4796771407339051,0.4987275300414736,1,0.306108152773866,0.7598418242146298,0.1154369220609548,0.2886232874203845,-0.0479784278569544,-0.3639515524378255,0.6594530480259304,0.4383072805594397,-0.9488312046998666,1.0,0.5623147730811114,0.4305037856080752,0.0920098985238167,0.5655946926825,0.5623147730811114,0.5623213301098985,0.5623475583397054,0.5623803438848539,0.5626426385437205,0.5629705325246179,0.5636264054308475,0.5655946926824998,0.5688773259555359,0.5754501109699147,0.5952170671472112,0.6282428551490725
synthetic_cell_01075,0,0,7,0,7,0.1290593516927558,0.0205389775205417,0.2068628699263951,-0.0991816923960348,0.9154305156849712,0.1213127418891087,0,-0.9013445309486866,-1.5674113083212076,0.6640976556898444,0.8417940024204986,-0.1523706583853181,-0.0988709873013222,0.0138603705471416,-0.9345820734409356,1.0158425232363164,0.0,-0.6562082566750357,-1.0880435701046938,-0.6580721304639946,-0.6587645572309246,-0.6562082566750357,-0.6562133699773617,-0.6562338231604943,-0.6562593895804352,-0.6564639185637854,-0.6567195737692141,-0.6572308635448871,-0.6587645572309246,-0.6613200571861808,-0.6664280612287733,-0.6817171682641868,-0.7070068371498417
synthetic_cell_01076,0,7,7,1,21,0.1306768838456825,0.21237695663935,0.1648277259564774,1.01731920320784,-0.0801423136144654,0.0628247330320073,1,0.9733896396852346,-0.5001310249197348,0.0781438950846998,-0.2372730569793366,0.3433914245447364,0.39873291046396,0.1614839533839781,0.9511490805179784,-0.8667241981834084,1.0,0.310854308277117,0.3983099585066945,1.978669362973225,0.3149983842955419,0.310854308277117,0.3108625875765712,0.3108957051310867,0.3109371028767174,0.3112683169244777,0.31168241460980106,0.3125108765237819,0.31499838429554183,0.3191512346416904,0.3274826713541593,0.35267183593709023,0.39522384473419864
synthetic_cell_01077,0,1,6,0,21,0.6079192529720819,0.4319979649795046,-0.0245899496341256,-0.6946465205498655,0.4531977429074975,-0.3668781081006709,0,-0.881466460428634,-0.5834771903665719,0.6089279723326856,1.1056437940090968,-0.0946920141321243,1.2155207472288387,-0.5970842341211008,-1.4598998439685065,1.310363047110387,0.0,-0.9612775561233352,-0.7888031457762156,0.0323787610369464,-0.9627854708307187,-0.9612775561233352,-0.9612805799842602,-0.961292675108148,-0.9613077932933343,-0.9614287099692604,-0.961579783710006,-0.9618816902423601,-0.9627854708307187,-0.9642852322106513,-0.9672596577524322,-0.9759705962433038,-0.9897031501500251
synthetic_cell_01078,0,8,6,3,7,0.7297791487375955,0.4538458792226618,0.0943656172442328,1.0199087175114143,0.7365288045885416,-0.6148751469506184,1,1.0920982815766065,0.4502493034694904,0.8515959783559269,0.0035819656897125,0.8362845921994395,-0.2710834654407264,-0.2175023248185275,1.357131143521072,-0.8406364695153518,1.0,0.939367190507187,1.0078761581138018,-1.1657321731932482,0.9413513506883746,0.939367190507187,0.9393711650770614,0.9393870631082908,0.9394069350886224,0.9395658885633782,0.9397645243916262,0.9401616086940707,0.9413513506883745,0.9433291368898906,0.947264911451385,0.9589015367286492,0.977643232069733
synthetic_cell_01079,0,4,1,1,7,0.5434336439216966,0.343971731798703,0.0791495560336362,-0.1519639597680416,1.6069921197332842,0.2566648328486619,0,0.5119346594032143,-0.1464227731254861,0.1676270538445993,0.6677442725402446,0.2785515634774843,0.3758648032596773,-0.1721096100137522,-0.2668457824289366,0.0915178268385737,0.0,0.017190268387262,0.0425141146840363,0.7750778177394374,0.012319800245987,0.01719026838726197,0.017180542930385352,0.017141640480879735,0.01709301101957091,0.016703919366039655,0.016217414959482205,0.015243940468799701,0.012319800245986981,0.007433902572048685,-0.0023836825989936106,-0.032193192059419264,-0.08299360291374668
synthetic_cell_01080,0,6,6,0,14,0.11876070849156,0.1216086897841509,-0.1066624397758201,-1.0553052025718266,0.3866214488047212,-0.5918772872295804,0,-2.074553284934714,-1.115655305845122,-0.7355563847295044,0.1592440562661812,-0.4436259209463502,1.3109787630497705,-0.4494490670051485,-1.588010710072167,1.5268917267791056,0.0,-1.631970716978406,-1.66641613904805,-0.4004067551055545,-1.631173761219304,-1.631970716978406,-1.631969147214013,-1.6319628671910615,-1.6319550149901567,-1.6318921104724913,-1.6318132624438484,-1.6316548410784248,-1.6311737612193038,-1.6303524872036694,-1.6286362522587032,-1.6228851237315072,-1.611209424531134
synthetic_cell_01081,0,5,2,2,14,0.2345719270188423,0.3226652776228924,0.0097605216092968,-0.7517821130744304,0.3884603716934104,0.9028964935153826,0,-0.7933853298929567,-0.0825474840660288,-0.7658642000771412,-0.3001705888234899,-0.5526454105861273,1.1932732166299458,-0.1349926305350061,-0.1045597119347199,0.2423162771850663,0.0,-0.8329044007592625,-0.5033110018362443,-0.8489305844444993,-0.8348534762116148,-0.8329044007592625,-0.832908303857089,-0.832923916052147,-0.8329434308543178,-0.8330995315876064,-0.8332946132066873,-0.8336846282038192,-0.8348534762116147,-0.8367974923638203,-0.8406697276978726,-0.8521487593862793,-0.8707445470547528
synthetic_cell_01082,0,11,1,3,14,0.2396549335966774,0.0996482492286747,0.127856057055551,0.6109164030943656,-0.5256299539163976,0.4509516889039845,0,-0.2379544026132804,-0.394274406711459,-0.7255349639314241,0.5517717296246527,-0.6602863722949688,0.440697653464758,-0.3356963420412228,-0.6173367256759585,0.392036851597538,0.0,-0.7726578334182425,-0.6562826345473431,-0.3755833351368925,-0.7748139492012198,-0.7726578334182425,-0.7726621491491078,-0.7726794119343104,-0.7727009901046402,-0.7728736030026037,-0.7730893378774072,-0.7735207028946544,-0.7748139492012197,-0.7769664577362635,-0.7812600425179953,-0.7940381628885999,-0.8149163057698247
synthetic_cell_01083,0,9,3,1,14,0.3315420596856285,0.1828985950964459,0.094657775727761,0.2682674608532227,-0.0383751393326258,0.1331358073952906,1,0.9365193682570006,0.6080523249418476,0.5480573380132369,0.8252435339793719,0.3774511010395915,-0.5901882319436476,1.106657348964465,0.9791471185769992,-0.7039554280455087,1.0,1.0039340365092753,0.6149441474194869,0.6317172554100787,1.0056963095069489,1.0039340365092753,1.0039375688562142,1.003951697933553,1.0039693585816867,1.004110615805174,1.0042871173336512,1.00463988640788,1.0056963095069484,1.007450652346138,1.010934862509824,1.021179241513342,1.0374749140510078
synthetic_cell_01084,0,11,6,1,21,0.3000785239042075,0.403894177081624,-0.0683468712856416,-0.1680495493610175,-0.6405505264047849,0.4432528819843177,0,0.1116050433184388,-0.3183336404037843,0.211572867993959,0.8988829943695706,-0.9364750223532358,0.6431180884561509,0.1834395160354444,-0.9971291135765964,1.3119582572383102,0.0,-0.5465826093019064,-0.2788434928142718,2.762396028596749,-0.5495156438574048,-0.5465826093019064,-0.546588473438114,-0.5466119300622914,-0.5466412510209582,-0.5468758258114294,-0.5471690620215341,-0.5477555929756524,-0.5495156438574047,-0.552450519990421,-0.5583252184358782,-0.5759781686588205,-0.6054208487246318
synthetic_cell_01085,0,2,2,1,21,0.2562520727356343,0.2260327465380106,-0.0439106736880346,-0.7189622804316227,0.0100944757293367,-0.8268691310004811,1,0.5661458275654164,-0.1693836994517353,0.1964038820212164,-0.0505202335295333,-0.7588444715485654,0.2276717910104031,-0.5415734377184764,-0.0611423079345598,0.2915855527754313,1.0,-0.2139486734767955,0.3177229909906303,1.7961492728339543,-0.2080010858617622,-0.2139486734767955,-0.2139367997642704,-0.21388930405232887,-0.2138299324733325,-0.21335488229284152,-0.2127608757651627,-0.21157221716596397,-0.2080010858617622,-0.2020320752094655,-0.19003029749232353,-0.1535248763313016,-0.09109145563078072
synthetic_cell_01086,0,7,5,2,14,0.4320139297453471,0.4465473815399239,-0.0757369438353422,0.6942262279150959,-0.6500071017748424,-0.5329723801369818,1,1.71937530137344,0.6061763552117159,1.1601863870135576,0.3855181721275562,0.9932112188008242,-0.2747939354278639,0.2044807786641875,1.0630594802125417,-0.2735011006117211,1.0,1.310359960598615,1.329333284055938,-1.7523498539158118,1.3110691856396064,1.310359960598615,1.3103613942125338,1.3103671280628462,1.31037429401356,1.310431567110772,1.3105030221071459,1.3106454768234932,1.3110691856396062,1.3117630950981662,1.3131042388670666,1.316741196610163,1.3214283603807029
synthetic_cell_01087,0,4,0,1,21,0.5845791532118508,0.3554292071731824,-0.1152000242205924,-0.1886311806702244,-0.109492234987696,1.1331791509296412,1,0.4953891332444873,-0.2078760501918652,0.1231427008724954,0.6711207015032934,-0.8038672441595397,-0.1442231154716745,-0.3824742906681481,0.3099547854249772,-0.3529595333062587,1.0,-0.2617364079841781,-0.0058028684308746,1.836498012541545,-0.2556245954383495,-0.2617364079841781,-0.26172420697004933,-0.2616754020056956,-0.26161439375768847,-0.2611262460850672,-0.26051585734102733,-0.2592943997979161,-0.2556245954383495,-0.24949020808365105,-0.23715421488454536,-0.19961835318912724,-0.13537456237505063
synthetic_cell_01088,0,8,2,0,21,0.3858688948086135,0.4114143401155037,-0.007972129266861,0.2247828857434819,-1.3560615613767395,-0.4061705718521123,0,-0.9792383707650032,-1.6795535327601865,-0.429355926005015,1.8602150717951265,-0.9733494864856208,0.4562715931137882,-0.2221702923664961,-1.3955359823795666,1.6556140969398032,0.0,-1.578639432059359,-1.8807938894960052,0.5011423240686129,-1.5780257519182654,-1.578639432059359,-1.5786382275647421,-1.5786334086722282,-1.5786273829998714,-1.578579095330896,-1.5785185299150903,-1.578396712289954,-1.5780257519182652,-1.5773890389019267,-1.576045789646211,-1.5714446364902797,-1.5617893168984027
synthetic_cell_01089,0,0,7,2,21,0.7569110229326708,0.696446621250055,0.1846031895016915,0.5185525956073235,0.5958794761611863,0.0048517816328063,1,1.0247636996175469,0.3056071730817501,0.4388772293234049,1.794996527352618,-0.2441983452314724,-0.0551876402444252,0.3859086062901674,0.1717644839316802,0.0727234584120203,1.0,0.2252539217078208,0.1596711630782006,-0.3712594811402405,0.2296921677199754,0.2252539217078208,0.2252627872904309,0.22529825005996348,0.22534257950975303,0.22569725460669265,0.22614069714520532,0.2270279105841729,0.22969216771997542,0.23414125118537663,0.2430713556260493,0.27010630990774404,0.31590116717112415
synthetic_cell_01090,0,8,1,0,14,0.8040955481992432,0.2922655773265235,0.0903657458066262,-0.1656163843471293,1.4203663550698793,-0.7142704420229232,1,0.955484653340323,0.6437144382104452,0.1176243428547966,0.7171813789644554,0.6730588701644442,-0.4636040130946333,0.2472244831040028,0.984802601344881,-1.061214498345188,1.0,0.7963214745502224,0.5354829698380009,-1.6369127354183022,0.7987972184619584,0.7963214745502224,0.7963264288504128,0.7963462459405932,0.7963710170544125,0.7965691759896978,0.7968168496284316,0.7973121128561372,0.7987972184619584,0.8012700360568126,0.8062062366354477,0.8209273375739511,0.8450881156924505
synthetic_cell_01091,0,9,0,3,14,0.5946942009064135,0.4024639514643686,-0.1203032776746227,0.7811235440052545,0.5581899417498231,0.5983375630920895,0,0.2700904735457287,-1.031117166986354,1.3839320768623575,-0.0132905218841232,-1.2131065518517834,-0.8095478157784347,-1.3436787681728335,-0.2915774372929579,0.9904827479264108,0.0,-0.3574731613695169,0.2047006102927349,-1.2912469162463682,-0.3610560799657548,-0.3574731613695169,-0.35748032072982794,-0.35750895843244357,-0.35754475614871883,-0.35783116138337395,-0.3581892266112987,-0.35890555217150116,-0.3610560799657547,-0.3646453980222992,-0.37184268072365667,-0.393573372705977,-0.43018019428753485
synthetic_cell_01092,0,4,2,2,7,0.1561899674991902,0.1951342317975365,0.0559794578989139,0.55889989247752,-0.0727288396045757,0.0049843551498585,0,-0.9975158593352744,-0.758890812198334,-0.4864778820215134,0.9175468290707618,0.1352890503877837,0.7250852462535979,-0.4141561086546722,-1.0883362632783964,0.6817006013816291,0.0,-0.9600220864284872,-1.205532130408177,-0.2254743358530878,-0.9615343156200344,-0.9600220864284872,-0.9600251188882137,-0.9600372484085161,-0.9600524095919396,-0.9601736703625297,-0.9603251744935497,-0.9606279427131241,-0.9615343156200344,-0.9630384217432415,-0.966021627726562,-0.9747596377427239,-0.9885397533268808
synthetic_cell_01093,0,4,4,1,14,0.0286141995939425,-0.1255592070833217,-0.1033367647999505,0.6142988246572904,-0.4190904414459073,-0.8989336782136005,1,0.3042636792369761,-0.141840576032606,0.6219721585782905,0.5320556622419392,0.4417991660087177,0.371166301485162,0.1718307675768936,0.0029293590206824,0.2172905522172835,1.0,0.2090440561071908,0.1436176105318838,1.5198912250388132,0.2135380081301849,0.2090440561071908,0.20905303271232709,0.2090889395875671,0.2091338242045971,0.209492942043787,0.20994194152129644,0.21084028054464554,0.21353800813018492,0.21804318829376698,0.22708666048664908,0.25447114593453507,0.30088009081957473
synthetic_cell_01094,0,7,4,0,21,0.149518327528792,0.2379185077449927,-0.0828350815529531,0.1862950885740653,0.3050509685871592,0.5107474047822251,1,1.7314026820316633,0.4308709815885249,0.5391913162522499,-0.0157006793919135,1.021337614782595,-0.2514112620345376,0.4008778485336174,1.6782942086624864,-1.680590054314043,1.0,1.2759583783214612,1.2008408843734797,0.5563626874777575,1.2767858261141054,1.2759583783214612,1.275960047554272,1.2759667239132646,1.2759750680743331,1.2760417698347322,1.2761250181117427,1.2762910842333854,1.2767858261141054,1.2775987874652281,1.2791805273100796,1.2835592817755184,1.2895497003886576
synthetic_cell_01095,0,10,2,2,14,0.5562335922124138,0.532825422940112,0.0384174341426319,-1.166659343961698,-1.329495411267252,0.0409836362836581,0,-0.5079121259696604,-0.1349004059112637,-0.1450668646144331,1.1925970487604185,-0.954763446760029,0.3190940395557365,-1.659123854587765,-1.037410717976754,0.487305451094328,0.0,-1.1865166802174298,-0.7096768562062211,-1.6698162510741157,-1.1872505494516798,-1.1865166802174298,-1.1865181613995213,-1.186524085591274,-1.1865314896234833,-1.1865906735622191,-1.186664532592916,-1.1868118470427156,-1.1872505494516798,-1.1879708366845636,-1.1893699960373905,-1.193224133388995,-1.1984238245670926
synthetic_cell_01096,0,4,4,1,7,0.1603006130273234,0.2132364597976944,-0.1030442452360737,-0.1707121737850992,0.2153564213757491,-0.0080508628243506,1,1.730744799259889,0.503804832830522,1.7084896962169092,-0.3021068927287069,0.9023988400184888,-0.2852421144781492,1.0200985839206402,1.5548241645781269,-1.7095494887551157,1.0,1.7000686763290709,1.7111744553876955,1.3139028015120011,1.6994386479501022,1.7000686763290709,1.7000674408001868,1.7000624977041787,1.7000563166279867,1.70000677974791,1.6999446378587089,1.6998196173653355,1.699438647950102,1.6987839112974978,1.6973995296236053,1.6926332503973047,1.6825568557103585
synthetic_cell_01097,0,8,6,0,21,0.2344096043702115,0.4781793861051313,0.0246075544222141,-0.6972733499182485,0.2133214931012639,1.2398099727771648,1,1.0979176574496785,0.4279010888805155,-0.0793000508605186,0.2373457248896691,0.4537079365563952,0.146402364747188,0.2322144128988327,1.1343303301012129,-1.21016322612104,1.0,0.5905005832236723,0.6165567243912797,0.6387084780697407,0.5936836408840671,0.5905005832236723,0.5905069472058344,0.5905324032220115,0.59056422343908,0.5908187930314556,0.5911370245739714,0.5917735522483016,0.5936836408840671,0.5968687328866505,0.6032443933832333,0.6224035827022537,0.6543615915169564
synthetic_cell_01098,0,0,6,1,21,0.3176436971675971,0.362728925347011,0.0732218060281096,0.6823478962569773,0.2439114906945347,-0.8540059755753007,0,-0.2888067872194947,0.4444989422881351,-0.5881714828547522,0.3199863241039763,-0.4007883901734826,0.2624939649083891,-0.0591324051524889,-0.5690510405748282,0.7688923535617684,0.0,-0.3024870076885225,-0.2134530483097446,1.04255707472043,-0.3062588889417276,-0.3024870076885225,-0.3024945436529238,-0.3025246878248267,-0.3025623687467963,-0.30286384439067965,-0.30324075954057184,-0.3039948246544304,-0.30625888894172754,-0.31003849492188373,-0.317620337051372,-0.34053668811896837,-0.3792265816500466
synthetic_cell_01099,0,1,3,3,21,0.4146017011287818,0.3659896326336084,0.1064876184411272,0.2653070329389256,-1.3972774396197607,-0.372755387401834,0,-0.555281635701022,-1.2204809602810702,-0.1085124523841156,0.7144552859154097,-0.4821126732734042,0.2438131188171381,-0.227536778697723,-0.8801685010495525,1.09740629930119,0.0,-0.8507756868933584,-0.9944225211192456,0.5229773270470864,-0.8526633467804228,-0.8507756868933584,-0.850779467589471,-0.8507945901604711,-0.8508134928938653,-0.8509646955286791,-0.8511536506536058,-0.8515313997562024,-0.8526633467804228,-0.8545455166367325,-0.8582927646582414,-0.8693864401914714,-0.8873051996927491
synthetic_cell_01100,0,1,5,2,14,0.3353705148585951,0.3313616108740256,-0.0733703817759008,-0.0354576053415779,0.2787664819207093,-0.4264237238735601,1,1.5828214548035098,-0.0162997903752861,0.2685117652137421,0.9957043318074744,0.4326911471869645,-0.179848608209201,1.0172154320840752,0.6058204128146528,-0.3668133686670002,1.0,0.8300076319362858,0.5099368730990451,-0.5273959923538705,0.8323676116896555,0.8300076319362858,0.8300123555175806,0.8300312496997538,0.830054867105609,0.8302437934588142,0.8304799190732619,0.8309520619250359,0.8323676116896553,0.8347238532282782,0.8394244612340003,0.8534191920615019,0.8763038181882629
synthetic_cell_01101,0,0,2,2,7,0.3356520169050155,0.4028345719407948,0.0034136809536548,0.3410481117408852,-0.3769417470387906,0.3173074348607054,0,0.1627820403000588,0.173969973720293,0.531094098900368,0.2307621619716621,-0.4897195977498763,0.4739828558111343,-0.2738236467697365,0.0756566591506908,0.0106990527512742,0.0,-0.1489025698397474,0.2817202573199664,-1.0705857970196986,-0.1532022516664041,-0.1489025698397474,-0.14891115771492297,-0.14894550967775377,-0.14898845067100636,-0.14933202019079325,-0.1497615859531588,-0.1506210632070728,-0.15320225166640408,-0.15751335988523057,-0.16616933322112332,-0.1923974050020627,-0.23690562574732846
synthetic_cell_01102,0,6,5,2,14,0.4968137598046483,0.4190644456172814,0.032804887989312,0.9572678070223808,-0.4104440072365086,-0.4558306027648853,0,-1.423158134646657,-0.9288873839137224,-1.0315262950341677,1.1288821147394292,-1.10942082525261,0.814195074039601,-0.1887563612876552,-2.1370023293282463,2.128096191916748,0.0,-1.63260576383668,-1.7229975129963195,-0.774972756047203,-1.6318066257074066,-1.63260576383668,-1.6326041897228059,-1.6325978923013182,-1.6325900183508675,-1.6325269397818203,-1.6324478740513941,-1.6322890168237871,-1.6318066257074064,-1.6309831540158124,-1.6292624777116984,-1.6234976557539442,-1.6117978987097585
synthetic_cell_01103,0,5,2,3,14,0.3151060273609079,0.1929246066549036,0.0441617542072257,-0.4404962794097111,0.2347101516072164,-0.6504750086484932,1,1.654023018758228,1.2079320555267472,0.9359384234703002,0.3383329273626636,0.84490678044612,-0.3291092801738319,1.3843080790451607,1.277312775741836,-1.5072366781227702,1.0,1.677785104106664,1.4869405287244253,-0.666444697042354,1.6772316543339802,1.677785104106664,1.6777840211995565,1.677779688612102,1.6777742707198626,1.677730841241922,1.6776763384321878,1.6775666121904258,1.6772316543339802,1.6766540333624158,1.6754254974281664,1.6711397158924515,1.6619075025334245
synthetic_cell_01104,0,9,1,2,14,0.245592982787998,0.3013251891032898,0.1999800957396798,-0.4782994676314238,0.7375082143452225,0.9327012049702152,1,0.2923824608835954,0.3057091687493845,0.8997291972318197,-0.4902895933707448,1.042435763763676,-0.0809381478474735,0.0440029655708627,0.4505914562404982,-0.472389341339575,1.0,0.8448230191474958,0.7664984016493988,-1.0075633234239865,0.847132085084495,0.8448230191474958,0.8448276412571464,0.8448461295384824,0.8448692395362051,0.845054105340832,0.8452851520604281,0.8457471264231704,0.8471320850844949,0.8494370557288801,0.8540340486160299,0.8677093172285391,0.8900326835570606
synthetic_cell_01105,0,1,1,0,14,0.3840138052130278,0.0951611953948717,0.1605365716018262,-0.2552267659672569,-0.4434091489360547,-0.4956373543470116,0,-0.7713414069996606,-0.5572503047635033,-0.5681467182705701,-0.0003436910684245,-0.9447216906987655,-0.2782842700163435,-0.4266004969050005,-0.7287758274751689,0.321441158359783,0.0,-0.7516661802355308,-0.7259399873611749,-0.0967128438197621,-0.7538944348806398,-0.7516661802355308,-0.7516706397397267,-0.7516884776384568,-0.7517107747461583,-0.7518891409616875,-0.7521120720304049,-0.7525578445951632,-0.7538944348806398,-0.7561195882149631,-0.7605599833771827,-0.7737907439607294,-0.7954641256610332
synthetic_cell_01106,0,3,6,2,14,0.3743056309211071,0.2842782649562234,-0.0528489025131315,-0.2443580020356214,1.2442285004973077,-0.2637146156877093,0,0.0616948269827186,0.118782118324431,-0.5331248125624252,0.8740155174395408,-0.5265566664161105,-0.0755654392861053,-0.9755484913861834,-0.8130946840067357,0.8668213117110201,0.0,-0.5511615797693865,-0.3584774479723889,-1.0279925996544386,-0.5540788784647133,-0.5511615797693865,-0.5511674125438987,-0.5511907437168867,-0.55121990785165,-0.5514532276541984,-0.5517448941375588,-0.5523282823313623,-0.5540788784647132,-0.5569979083760134,-0.5628405826454458,-0.5803947971399813,-0.6096640094452755
synthetic_cell_01107,0,2,4,2,14,0.4772932929201786,0.5940993033809251,-0.1087046631440835,-0.569590027113745,0.6310187566063667,-0.190210180132936,1,0.2716942748291364,-0.2962135199252609,0.7183377992820006,-0.7874373955617151,1.178242166182358,0.3937188930923793,-0.0632700448518459,0.7077248911532095,-0.2644870261962587,1.0,0.5878130812138572,0.5565913956377249,-0.8570785143068261,0.5910053746088214,0.5878130812138572,0.5878194636029124,0.5878449932492485,0.5878769055098362,0.588132211683194,0.5884513645340718,0.5890897367659771,0.5910053746088213,0.5941997671196766,0.6005942233342141,0.6198113629000023,0.6518711838924289
synthetic_cell_01108,0,8,0,3,14,0.3100458993382727,0.1257899888833518,-0.2249755845370858,0.3838424537960272,-0.8028746238202208,0.9034757188439958,0,-0.8219401015788805,-0.4530145073674849,-0.1847213158627824,-0.5403643010711817,0.3360936003976452,-0.1274899289543315,0.8466431896791249,-0.3895716887400908,-0.2112679428561157,0.0,0.1169255021022015,-0.393972936395348,-1.2290360693720566,0.1117122888606716,0.11692550210220147,0.11691509355159223,0.11687345863115729,0.11682141336518687,0.11640498663389633,0.1158842917767059,0.11484236435829136,0.11171228886067151,0.10648124228534529,0.09596613379480658,0.06400604681513322,0.009427308985332157
synthetic_cell_01109,0,4,5,1,14,0.2544559586927478,0.0970224741855055,-0.1437553059541418,1.0839326284090092,-0.4037337326033328,-1.0008911677225063,1,0.2578784771679448,0.2789896671016396,-0.0189435546368664,-0.2519618814661227,-0.0533272429868579,-0.2854516819912847,0.1637868853356444,0.451549639994774,-0.2431549856979008,1.0,0.3498376108521521,0.3571296688946586,0.6083241598984702,0.3538477188088232,0.3498376108521521,0.34984562315218515,0.3498776726714934,0.3499177352886874,0.35023826493167415,0.3506389986669414,0.3514407045279756,0.35384771880882315,0.35786566152448773,0.3659244587533536,0.39027303159130977,0.4313482136119021
synthetic_cell_01110,0,4,4,1,14,0.2525349834898988,0.1258623893430467,-0.0522364889173981,0.709899405089972,1.0518401592890931,1.1774799331356471,1,1.4678402432329456,1.903958706287312,0.9551134447887946,-1.137257455497969,2.4673065099538247,-1.2365796365001307,1.073161097287991,2.779103691697089,-2.615260597709071,1.0,2.76242901906842,2.20357845249499,1.0102078046136571,2.758148136436482,2.76242901906842,2.7624205073577413,2.7623864585119904,2.7623438929478312,2.762003188127444,2.7615768561972716,2.760722688410027,2.758148136436482,2.7538169407080146,2.7450026760813553,2.7173288627235803,2.667006462777168
synthetic_cell_01111,0,4,1,2,14,0.4307966809538601,0.468797115234801,-0.0019575549920671,0.4600178349213073,0.1910359542767022,-0.1202204404160358,0,0.7636187966330865,-0.1523479935231728,0.3996879170789337,1.1635799487586729,-0.6817914962773303,-0.3401893895818694,-0.7282569393044643,-0.2620419553691387,0.3625840298305604,0.0,-0.2004574091103336,0.0596855627088683,-0.8985112021457151,-0.2045799201629695,-0.2004574091103336,-0.20046564388273613,-0.2004985833848515,-0.20053975869055565,-0.20086919824355112,-0.20128109038024478,-0.20210518315110929,-0.20457992016296944,-0.20871261504206956,-0.2170080267059768,-0.2421244283758234,-0.284679567620433
synthetic_cell_01112,0,9,4,0,21,0.0281860586173936,0.101892130729638,-0.0935270268505247,1.1359999111074464,-0.2848157891471234,-0.0493437418735272,1,-0.3696984767201782,0.3111041779885024,-0.7590511442272547,0.5292879758112236,-0.3649358990701887,-0.0897218066944415,0.7491071524561645,0.1992411481424522,-0.4012930692462966,1.0,-0.1175706701475366,-0.4337063701970158,1.3702676914997192,-0.1119542903432542,-0.11757067014753662,-0.11755945653483366,-0.11751460131494809,-0.11745853055975072,-0.11700989531926803,-0.11644892834283097,-0.11532641844806812,-0.11195429034325426,-0.10631881038746283,-0.09499107635884121,-0.06056384120681081,-0.0017815636004348168
synthetic_cell_01113,0,1,4,2,14,0.7915090205222721,0.674051277489714,-0.05050050130264,1.0236066120041931,0.312097831622193,-1.0018282333318884,0,-0.2697242875088231,-1.4045117131055624,0.2020912678828215,0.5121473695095387,-0.7089774186261388,0.4859617883535675,-0.6455798240375099,-0.3383216131499529,1.0707128707376212,0.0,-0.9617435115521644,-0.7652885280003013,-0.7759292119455385,-0.9632498249804996,-0.9617435115521644,-0.9617465322217275,-0.9617586145797189,-0.9617737168065255,-0.9618945057750465,-0.9620454197806063,-0.9623470065060868,-0.9632498249804993,-0.9647479738510071,-0.9677191406168734,-0.9764200317730882,-0.9901349336234544
synthetic_cell_01114,0,9,5,1,14,0.0854573073411118,0.1097951842584945,-0.0462207950137017,0.6726213916284027,0.1125974244287993,-0.2245138187479794,1,-0.3785332919264568,-0.4256914743157176,-0.5724505622776033,0.6135131389695552,-0.2173481448336757,-0.0987113305952808,-0.3425244964504401,-0.405116021815639,-0.0578954027601338,1.0,-0.5156906032441253,-0.7057153489756426,1.6772242037954346,-0.5087060644522909,-0.5156906032441253,-0.5156766628795915,-0.5156209002691775,-0.5155511944135979,-0.5149934438793183,-0.5142959965497349,-0.5129002384357235,-0.5087060644522909,-0.5016928300920563,-0.4875807446667667,-0.4445689025890729,-0.3707044195607698
synthetic_cell_01115,0,3,1,3,7,0.0952264716376831,0.1698074303377993,0.1244753705477731,-0.2930928030396285,0.0110345592068163,1.017877817852921,1,0.1903738271037007,0.883596724548692,0.3309178862899218,-0.5537930806312639,0.0668652230503452,0.2586444998191163,0.0072527592526207,0.287485029251209,-0.6612937086787082,1.0,0.4536279986811488,0.7907586238176245,-0.404407090338126,0.4572814257983923,0.4536279986811488,0.4536353001134093,0.4536645060617254,0.453701013990397,0.4539930971334228,0.4543582502619269,0.4550887199544306,0.45728142579839226,0.46094018613688215,0.4682730993109994,0.4903836538833444,0.5275268852028433
synthetic_cell_01116,0,8,5,1,14,0.0397377394764773,-0.050201903680704,-0.0238841567448772,-1.4566046213896149,-1.2064812789426325,-0.3762634290436623,0,-2.397606326129626,-1.3595699345279335,-1.275247647441626,1.500297064449608,-0.9792248667676248,1.1358922738408517,-1.051722885691464,-2.0635142050904824,1.7236342921807444,0.0,-2.4125427309344225,-2.5579781660026635,1.531498596321475,-2.409063300555126,-2.4125427309344225,-2.412535814976606,-2.4125081494286307,-2.4124735636309342,-2.4121967227148327,-2.4118502851101233,-2.411156120881614,-2.4090633005551254,-2.4055407387093433,-2.3983653780171332,-2.375782879443062,-2.3345363236178445
synthetic_cell_01117,0,0,5,3,14,0.3240349008623829,0.2431143423211152,-0.1461135948700161,-0.3708239199413135,1.3630292463269813,1.1055607430329242,1,0.601281805549889,1.4159943704684277,1.1095803813051115,0.1741981951702015,0.9945808163015196,-1.0910574614645934,-0.0294370082664717,1.445270384332621,-1.948358211812997,1.0,1.3861595745527755,1.1978459818350706,-0.6199058654711791,1.386608310443481,1.3861595745527755,1.3861604890097294,1.3861641461592225,1.3861687160697502,1.3862052142786463,1.386250684245835,1.3863411141630932,1.3866083104434805,1.3870399038427361,1.3878509240397303,1.389853424834509,1.3916690284204902
synthetic_cell_01118,0,4,4,1,21,0.3455186263276586,0.4491498970889376,-0.0507198455731049,-0.1789883121659775,1.088590802286621,-0.4880007576939449,1,0.6352059035678927,1.2953241982822254,0.1757368075832301,-0.7403111391898316,0.5610685690859409,0.0386789794820583,0.6394539684799949,0.6631661852280752,-0.7375396087868232,1.0,1.0719551510232657,1.1783792876182728,2.366777583373324,1.0734836660715652,1.0719551510232657,1.0719582174887374,1.0719704829747347,1.071985813986376,1.0721084282249798,1.0722616112884455,1.0725676943093843,1.073483666071565,1.075002611528393,1.078011099002871,1.0867887478022362,1.1005075375042477
synthetic_cell_01119,0,4,6,3,7,0.363202275370815,0.1947235963061844,0.0100883374596968,0.6898537459600184,-1.1228727384469888,-0.6671847967318794,0,0.4015117989669596,-0.0223426054060952,-0.4111913243785402,0.6950086673649875,0.0293134387309837,0.5786271260590095,0.1922125551984379,-0.3603702519241075,0.0366945240068556,0.0,-0.1425853157527152,-0.1564178031372976,-1.427946574321476,-0.1469067071378173,-0.1425853157527152,-0.14259394689521482,-0.14262847193342232,-0.14267162928457727,-0.1430169302148724,-0.14344866160874,-0.14431247468783212,-0.14690670713781726,-0.15123967717244055,-0.15993983180592253,-0.1863041216927098,-0.23105166259233717
synthetic_cell_01120,0,8,4,0,21,0.2129049063874711,0.3083495963044121,0.021711743732008,1.4212367110105304,1.0548800983637652,-0.6391460458095212,1,0.3899613858385143,0.5229374958860709,-0.5655232112855282,-0.740267263203182,0.4422748162913689,-0.0700136000344297,0.12230577885407,0.5341185992769087,-0.4592117221897434,1.0,0.521911102985633,0.5091966381842185,0.0458577375424848,0.5253298718125332,0.521911102985633,0.5219179367420398,0.521945271921215,0.5219794412405778,0.522252809593491,0.5225945544436983,0.5232781582671389,0.5253298718125331,0.5287523281132601,0.5356076863069968,0.5562458614243402,0.5908022847989145
synthetic_cell_01121,0,11,2,0,14,0.1954430392118127,-0.0300745441520796,0.0423695228208836,0.8017539166516047,-0.0025395552832738,-1.1866053233953058,0,0.4633869423662543,0.9630857353145156,-0.1406064964688443,-0.4267965145925636,0.5825361465144356,0.0163252211987188,0.1493408294427149,0.4081606013120929,-0.262231232548877,0.0,0.7068289534229109,0.7515002564017749,-1.066822842879306,0.699588507577289,0.7068289534229109,0.7068145045814692,0.7067567079299006,0.7066844592224396,0.7061063538535033,0.7053834329215413,0.7039366273390313,0.6995885075772889,0.6923160106482167,0.677675264725237,0.6329951684400967,0.5560687803363664
synthetic_cell_01122,0,9,4,0,14,0.0480858212563748,0.1303333436145481,-0.0898694573121187,0.2031442721725481,0.2670653865916069,-0.6219776984667935,0,-0.981518970695675,-0.8509624551980628,-0.3766635833771196,0.9523757113981708,-0.3067866041256472,0.657797412344145,-0.9149499149841666,-1.1847995827787197,1.0194179376767056,0.0,-1.211519748508782,-1.2118616010237304,-0.7802108348525039,-1.212167693452999,-1.211519748508782,-1.2115210584430747,-1.2115262976195653,-1.2115328453285472,-1.2115851765153467,-1.2116504641902623,-1.2117806178718653,-1.2121676934529992,-1.2128014537762781,-1.2140257479130467,-1.2173407474436753,-1.221593233066865
synthetic_cell_01123,0,10,1,0,21,0.2757790496836061,0.2400921180619462,0.1661360803027938,0.0967832769861292,0.3052423758739068,0.5894589960717227,1,1.8108110539551912,1.0540472686144111,0.2963901733072731,-1.1853160823038773,0.1221072708352685,0.3312786728429947,1.213584441669644,1.1334177669971737,-1.42338299048314,1.0,1.3873245434750032,1.8188915895231583,1.1207275462287958,1.3877692758919593,1.3873245434750032,1.3873254499530019,1.3873290751855525,1.3873336051973792,1.3873697841157409,1.38741485471742,1.387504485062346,1.387769275891959,1.3881968377395886,1.388999710434848,1.3909770911604045,1.3927485615615474
synthetic_cell_01124,0,4,6,1,14,0.4358973931598546,0.2857299692333681,0.041234420272301,0.223456413819631,0.3417059722012334,-1.0553400502361234,0,-0.2960054056151239,-1.2278131882931194,-0.0600585171081934,1.198175175101159,-0.4065034576330524,-0.0556848846781475,-0.6938072361680695,-0.6170939938504888,0.6962218730299267,0.0,-0.8665741446892387,-1.0299606948889926,0.380626552900344,-0.8684075123888841,-0.8665741446892387,-0.8665778171805865,-0.8665925069173208,-0.8666108685736676,-0.8667577412234175,-0.8669412804449446,-0.867308186331463,-0.868407512388884,-0.8702350092861124,-0.8738717668388648,-0.8846247823374304,-0.901945039814522
synthetic_cell_01125,0,5,3,3,14,0.0994923833648579,0.024152782439291,0.0864420999650623,0.1348143501337543,-0.1095900245234565,0.5972710228637614,1,2.122626463024975,1.2976545897900966,1.13779088677852,0.1741654684524723,2.0795200067146933,-0.3923664814793617,1.2729925956883896,2.3296143814048835,-1.6890009787146014,1.0,2.286487337421092,1.8633413591272103,-0.0803322853602723,2.283842052093292,2.286487337421092,2.2864820854689527,2.286461076115473,2.2864348109474153,2.286224550528591,2.2859613771930745,2.2854338703091526,2.283842052093292,2.281157924732006,2.2756722773783373,2.2582611309126777,2.225969102255715
synthetic_cell_01126,0,1,3,1,14,0.3944627239946238,0.1755600721505282,0.0779228412655898,0.3188148360098563,-0.8357525861278615,0.2791703733675525,0,-1.192553906666877,-1.5691446740937127,0.4733086536058083,0.3285489331267678,-0.6399595300077352,0.1276327671355687,-0.578627896117495,-1.3974231258279028,1.4606976193512102,0.0,-1.05144510462982,-1.1071087490209928,1.0328294070397963,-1.0526431540639043,-1.05144510462982,-1.0514475109267711,-1.0514571357079736,-1.0514691657695248,-1.0515653696447886,-1.0516855328537085,-1.0519255532055043,-1.0526431540639047,-1.0538308769680786,-1.0561746931915432,-1.0629413608810052,-1.0732580459102534
synthetic_cell_01127,0,5,7,2,7,0.4627931316316531,0.4618637941756961,0.1430907812193473,-0.2858396176757308,1.0218419115350206,0.733302241924823,0,-0.1502175496377181,0.2473590048649784,0.3299825089014607,0.3631178700413761,-1.0345067678489837,0.8033396430731197,0.2675549361430471,0.0146116859070093,0.5713310704464488,0.0,-0.4120151510777848,0.0549709559413821,-0.4035828731667884,-0.4154106334086794,-0.4120151510777848,-0.4120219368761163,-0.4120490802783152,-0.41208301000094605,-0.4123544665612533,-0.4126938341320203,-0.41337272498895106,-0.41541063340867934,-0.41881120063839844,-0.4256270302835372,-0.4461816406289819,-0.48072221677916327
synthetic_cell_01128,0,3,2,3,7,0.2459610766547443,0.2663825719691829,0.0011134818576531,-1.0242771298321518,-0.2207203909057365,0.6133783375377544,0,-0.0947838669214215,-0.352628431013143,-0.0477461934694228,-0.4947798074715532,-0.7810782354432553,-0.1564143937524673,-0.8649851878853893,0.0713306082295828,-0.0162155969393355,0.0,-0.4023359426781356,0.0122926207095887,-0.7823079179384034,-0.4057646880909899,-0.4023359426781356,-0.40234279477005613,-0.40237020335592766,-0.402404464579112,-0.4026785739823955,-0.40302125970347547,-0.403706793851131,-0.4057646880909898,-0.40919875168925396,-0.41608227530092334,-0.4368455971238775,-0.4717528562689788
synthetic_cell_01129,0,0,3,1,7,0.1740147689353769,0.0142488290635723,0.0861122589069196,0.1873389538572121,0.2420366970282827,-0.1509179008086251,1,1.7981789527472087,1.3777866818812574,1.3630898384796457,0.1448101402379753,0.281939962759707,-0.7180328879913874,1.1364732409048224,1.9214829534103703,-1.7987358471433,1.0,1.7497375122630796,1.8293751950859996,1.308643261721578,1.7489367944545318,1.7497375122630796,1.7497359365487941,1.7497296326633716,1.7497217504928422,1.7496586005550534,1.749579431585053,1.7494203210604031,1.7489367944545315,1.748110171262765,1.7463784181532647,1.7405411364538341,1.7285831088107129
synthetic_cell_01130,0,8,0,2,14,0.3314120477066948,0.2386608855916048,-0.1799666564893056,0.2841338346426301,-0.5029672977110914,-0.2005321891282543,1,0.8670068330065925,0.6148750479845485,0.5698909294504102,0.5549916406801698,-0.5075474030139044,-0.5913537681012064,-0.5182352126082893,1.1255063558890446,-1.1335773116621524,1.0,0.3492714476953153,0.6867380761026756,-0.7257659841103178,0.3532835012998855,0.3492714476953153,0.34927946387304026,0.3493115289036609,0.3493516109112216,0.3496722957261906,0.35007322354907106,0.35087531799420146,0.35328350129988556,0.35730340330901456,0.3653661601416215,0.3897269410800851,0.43082357138377975
synthetic_cell_01131,0,8,6,0,7,0.0891048888185553,0.024853317977548,0.0562472183131228,-0.1027445914740737,0.3582588564561489,-0.8842827198283106,0,-0.4151028992749795,-1.146688371387789,-0.5420197026761251,0.9424488828935442,-0.843541509760861,0.5845370898080369,-0.2957283014911725,-0.6422407410514631,0.5554152124040818,0.0,-1.1419848030102182,-1.1202625579802723,-1.1360190742215324,-1.142871708259419,-1.1419848030102182,-1.1419865891943142,-1.1419937334369494,-1.142002662629206,-1.1420740517062953,-1.142163176805888,-1.1423410555533657,-1.1428717082594189,-1.1437461048067579,-1.1454567089886183,-1.1502710812586614,-1.1571577990436388
synthetic_cell_01132,0,0,7,3,21,0.0663982074730209,0.1816532545127291,0.2626892827348694,1.0127006379883914,0.690243755855177,0.1546334902148055,1,1.204125217499681,0.986335602241454,0.8499842184562717,-1.280056118999659,1.4115133370117268,-0.6955775799410439,0.6068936376481402,1.5760930093544978,-1.6029848935283937,1.0,1.854216473669345,1.7239781734352062,0.588102144658835,1.8530567087039609,1.854216473669345,1.8542141823711975,1.8542050160497616,1.854193555607942,1.8541017704483982,1.853986784820241,1.8537559655270017,1.8530567087039607,1.8518685202217313,1.8494060673458284,1.8413159197607385,1.8253998557893616
synthetic_cell_01133,0,9,4,2,7,0.2374497013014297,0.4083351105475837,-0.1353851075004525,-1.201278817643244,1.2168659103063473,-0.7520370256151803,0,-2.0215896824311965,-1.8659241650096856,-1.2315463394577373,0.6217023535477099,-0.8331059954670395,1.3139373932441842,-0.4599382814722458,-1.6280756427992726,1.1618574239063084,0.0,-2.114820431273825,-2.2695471653136225,-0.42919511779484,-2.112364138412178,-2.114820431273825,-2.1148155544372838,-2.114796045660978,-2.114771656472656,-2.1145764142244348,-2.114332039443562,-2.1138422158708448,-2.1123641384121776,-2.1098718897347606,-2.1047787244614833,-2.088615972057144,-2.0586482006104023
synthetic_cell_01134,0,8,1,2,7,0.0790730486042529,0.3403580107586422,0.1234330895824201,0.3610369414819149,-0.195209664678273,-0.3945356154137268,0,0.1241943003336467,0.036126863801062,0.3958411590369555,0.7951226562008273,0.9816946678449138,0.5039918919046285,-1.190814520939785,-0.4408676361566425,-0.1991466191039088,0.0,-0.1021832771835044,-0.0327475294260903,-0.1848747854162525,-0.1066435121872968,-0.10218327718350442,-0.10219218504244919,-0.10222781698532583,-0.10227235805481723,-0.10262873223199602,-0.10307431393586658,-0.10396585681237723,-0.1066435121872968,-0.11111629960346704,-0.1200990160058196,-0.14733448965227064,-0.1936126041165671
synthetic_cell_01135,0,0,4,0,14,0.1442094761486158,0.0903764952801076,0.0289352776378526,-0.0172101386033614,-0.5950550600576784,0.013686397729728,1,0.6426160606420006,1.1832413555003622,-0.2288594223322588,-0.6957663232243967,1.0718371535076288,-0.3611452342137905,0.4435771299529957,0.2783262791472772,-0.2231369596185972,1.0,1.182727535003386,0.98881881577623,-0.4422383061921972,1.1838753752345863,1.182727535003386,1.1827298427808952,1.1827390734084207,1.1827506106070684,1.1828428647450648,1.1829580736886043,1.1831881284724513,1.1838753752345863,1.1850109760577203,1.1872447491398581,1.1936338278234506,1.203156163865707
synthetic_cell_01136,0,6,3,2,14,0.0781065273569246,0.1762693663853535,-0.0240414396311993,-0.5703783337941097,0.4058707502632597,0.0129064310222294,0,0.960785762454075,-0.4616567607778736,0.2870125143829346,0.1768835515807664,-0.1210732186775804,-0.7765958822727999,0.773470513577177,0.1203812825344029,-0.104357510777635,0.0,0.617418334612013,0.3320343001589425,-0.6267019479041013,0.6104851528130748,0.617418334612013,0.6174044981502798,0.6173491511036058,0.6172799645959026,0.6167263645710325,0.6160340946861943,0.6146486557682016,0.6104851528130748,0.6035220748897593,0.5895066445078196,0.5467544974501942,0.47321530302279874
synthetic_cell_01137,0,4,7,1,14,0.521309948633888,0.1794137268219192,0.222559682431408,0.2783565077752539,-0.4730886815603347,0.0023971884970949,1,0.4683532743879405,1.504430640812712,-0.1590218143272624,0.167850700626948,-0.18528788671666,-0.9248399997194248,0.7975892120970511,1.125804705888542,-0.8009471541418651,1.0,0.918580006991401,0.7607833921365295,0.9303626140211568,0.9206356033645214,0.918580006991401,0.9185841239341785,0.9186005914770292,0.9186211753919071,0.9187858261439104,0.9189915880713843,0.9194029395843017,0.9206356033645213,0.9226853267670264,0.9267664816992166,0.9388513382373139,0.9583805263559881
synthetic_cell_01138,0,3,7,2,14,0.2010587858037279,0.1745110073066246,0.3151737358308847,-0.4011063319406307,-0.2759622172109646,-0.3634917747383948,1,1.1999253895769288,0.1549480912067509,-0.0866973118468519,-0.5127928586983228,0.8136049596489232,-0.4826466555801282,-0.3592560082974342,0.830645182519994,-0.7566364442296791,1.0,0.82689906732425,0.8115962373507548,-0.875671081420727,0.829269729814802,0.82689906732425,0.8269038121963257,0.8269227915446145,0.8269465154148463,0.8271362937523726,0.8273734850205612,0.82784776142475,0.8292697298148018,0.8316367290126871,0.836359077543059,0.8504208379339633,0.8734232275941435
synthetic_cell_01139,0,0,2,0,7,0.1074259524804392,-0.001200815055906,0.0374771791669267,0.4879724038765426,0.0317159509814652,-1.3767512605992696,0,-0.0309276272786769,-0.0253055654801381,-0.2066500551146928,0.7302859282505536,-0.7961059710035875,0.3219656524887774,0.2760867935571523,-0.3220413756413237,0.1852230788034776,0.0,-0.4054146973649768,-0.3034248961545528,-0.4707530096739581,-0.4088328624839419,-0.4054146973649768,-0.40542152837028683,-0.4054488526067528,-0.4054830083865123,-0.4057562739756729,-0.40609790426221665,-0.40678132531739497,-0.4088328624839419,-0.4122562715847108,-0.4191182631549031,-0.4398151982018887,-0.4746058231200386
synthetic_cell_01140,0,3,5,3,7,0.2615277656705854,-0.009581745153375,-0.0783298898498534,-0.7603907984662028,1.105485866034175,0.4140479114759082,0,-0.916195500246241,-0.1335142996860855,-0.4337609561569761,-0.9504765964078876,-0.1141151223533326,0.321721162230808,0.1067460395188968,0.1532394651583309,-0.3994782148506228,0.0,-0.2559275913430576,-0.246194482265724,-1.4787130297776778,-0.2598594763504901,-0.2559275913430576,-0.2559354461962238,-0.25596686596800167,-0.25600614149065015,-0.25632037797359536,-0.25671325425744956,-0.2574992752633598,-0.2598594763504901,-0.2638002082517709,-0.2717076753127245,-0.29562798085430375,-0.33608171141857307
synthetic_cell_01141,0,9,0,2,7,0.1461087083110201,0.3196391422519306,-0.1647142526699054,0.2298706581382753,-0.060778707930804,0.4434018202306939,0,-0.5648965312569028,-0.1616554663980773,-0.2916556714424191,0.2620512489072096,-0.6882593069996121,-0.875532969048958,0.3175978471271239,-0.298916552330181,0.5513890525080062,0.0,-0.1489459372645109,-0.4707731125063718,-0.6792739704346392,-0.1532454700568515,-0.1489459372645109,-0.1489545248426599,-0.14898887561734261,-0.14903181512531619,-0.1493753727591137,-0.1498049236545988,-0.15066437114343298,-0.1532454700568515,-0.1575564281961278,-0.16621209823108113,-0.19243923488603454,-0.23694581271831222
synthetic_cell_01142,0,2,5,3,14,0.1535063299877862,-0.0835615114352377,0.0277545548201746,1.407966920477019,0.3390284128638618,0.725079910614062,1,-0.2141308811925943,0.2047273983039614,0.7398662288289356,0.6687532870625809,-0.2077155482495831,0.1944550625356394,0.1793858468354243,0.6156037601921251,-0.9471032233708524,1.0,-0.0112129330754007,0.0353047023340812,-0.6920180025652267,-0.0059620569341455,-0.011212933075400723,-0.011202447914428417,-0.011160506603838867,-0.011108078465603972,-0.010688593375021939,-0.010164087123880759,-0.009114575488793632,-0.0059620569341455095,-0.0006946440569301223,0.009889250517434844,0.04202310799514058,0.09677617453876862
synthetic_cell_01143,0,1,2,2,21,0.2793484145943709,0.4448326080346876,0.0398111243511547,0.6750627605129084,1.262712309924553,0.329862494521408,0,-0.6920658006535554,-0.4615330868462195,-0.4669011450343974,2.175634955212087,-0.9946616063728886,0.6803053181292154,-0.8352003308613893,-1.0234864141711026,0.8801562423166901,0.0,-1.4720862751536208,-1.374867487197475,0.2890196289597475,-1.47183877024555,-1.4720862751536208,-1.4720858004491788,-1.4720839008199267,-1.4720815244574124,-1.47206244049831,-1.472038402800095,-1.4719897175603516,-1.4718387702455498,-1.471570800587757,-1.4709727575038158,-1.4686691958339713,-1.4630504905063124
synthetic_cell_01144,0,10,4,3,14,0.2377112704986787,0.2346522751559638,-0.0829659010541243,0.2924912864510906,-0.845738198030925,-0.5511018904930941,1,1.003457097429484,0.8531805558577138,1.0970553918124204,-0.7598317216393173,0.2088900585448495,-0.0044638296080083,1.048373603605699,1.444857601909478,-1.567701759181083,1.0,1.2522379767289498,1.4764073533939268,-1.1319084999609277,1.2531469408636038,1.2522379767289498,1.2522398084244835,1.2522471346572006,1.2522562912117967,1.25232949417541,1.2524208740944636,1.2526032206305149,1.2531469408636036,1.2540419902617002,1.2557896246720157,1.2606798589877768,1.2675688911587106
synthetic_cell_01145,0,5,5,2,7,0.1795253558403305,0.3326997810621801,-0.0333365938326899,0.0611230737133515,0.5203603426140517,0.1541372613399574,1,0.5116285027594192,1.4317833472405754,0.872751342650488,-1.1792722177561898,1.16925131080689,0.1151230317193836,0.7054174343132108,1.7746834504726905,-1.9453149889019712,1.0,1.4719612785700895,1.5567261499745038,-0.8842004447545404,1.472115152629624,1.4719612785700895,1.4719616053650502,1.4719629117839819,1.4719645430954849,1.471977525078832,1.4719935811787628,1.4720251213975102,1.4721151526296237,1.472249816220067,1.4724607607248976,1.4726131308396782,1.4711782593352134
synthetic_cell_01146,0,1,7,0,7,0.0135543692904716,-0.1549644862153376,0.2304158938124858,-0.1354377223117698,-0.1724405383148707,0.2508956953007837,1,0.7647097011050321,0.1645572249233456,-0.0802890478162254,-0.932803520059494,0.2757193593723042,-0.2763655169440604,-0.0341664921421829,1.8497731898773395,-1.7197517005613934,1.0,0.6347705814779953,0.7623099118052565,-0.1997030046764871,0.6378015030835097,0.6347705814779953,0.6347766422517803,0.6348008853918378,0.6348311894178795,0.6350736256467523,0.6353766808956611,0.635982824012014,0.6378015030835096,0.6408333920434693,0.6468994392270206,0.6651040404884744,0.6953849436066432
synthetic_cell_01147,0,2,7,3,21,0.4865800908356568,0.4088343118812137,0.212041952141118,1.0503746321866985,-0.1007836191324605,-0.8290715572341184,0,-0.3859974183441842,-0.4258060063550112,-0.5408503392669685,0.13384905385891,-0.3328236475401679,0.5156077634811166,-0.8313083370900162,-0.4234599208183762,0.5025928685517184,0.0,-0.7551371841114217,-0.5319228468182563,0.2361349970886203,-0.7573535104787585,-0.7551371841114217,-0.7551416198424644,-0.7551593626452406,-0.7551815408754826,-0.7553589557706275,-0.755580696937018,-0.7560240871904444,-0.7573535104787584,-0.7595666518777822,-0.7639827717056459,-0.7771386874963679,-0.7986805751690572
synthetic_cell_01148,0,5,4,3,7,0.2680201770485907,0.1410153847035349,-0.0189345800136673,0.1430558470729673,0.8199567119759104,-0.153638458318286,1,0.5916932386769238,0.8290635823308247,0.8202384713423017,0.5214903588200813,0.2554137293862681,-0.5406927419778572,0.1163378051694244,1.0859846378158835,-1.4397593324000746,1.0,0.7639796745049213,0.7396143839167792,-0.0303577272431452,0.7665665626240358,0.7639796745049213,0.7639848503164082,0.764005553482904,0.7640314322621615,0.7642384553228535,0.7644972161238334,0.7650146770325265,0.7665665626240358,0.769151303922668,0.7743136949746775,0.7897321778264597,0.815118178877667
synthetic_cell_01149,0,9,4,2,14,0.3719386257500498,0.2084051547356553,0.020194647673577,0.1600211306169168,1.1540622509427785,0.5114351534450713,1,1.1431838122682396,0.5948789091409178,0.6051235893500414,-0.4136562089744586,1.1948454243728692,0.3327736640724883,0.3193402614988815,1.5744492755969663,-1.672981714771729,1.0,1.101325646580528,1.1551954573089285,-0.8553246526913486,1.1027532284573758,1.101325646580528,1.10132851188538,1.1013399727006272,1.1013542978102229,1.101468862287975,1.1016119767884962,1.101897901472858,1.1027532284573756,1.1041705328602132,1.1069736104229349,1.115117947150709,1.1277240775495478
synthetic_cell_01150,0,6,4,3,7,0.3645796760170411,0.3324038157367473,-0.0893515927916132,-0.4749984399897384,-0.538581543139699,-0.6669825655758336,0,-0.1067871125910285,-0.8661294833187295,-0.615465050753929,1.6653488463462596,-1.6533059005633826,1.2370970875820544,-0.0992951272523959,-1.738425884117017,1.73690254395888,0.0,-1.5142462464970248,-1.139110324260685,-0.3053829831473545,-1.513853856746691,-1.5142462464970248,-1.5142454830359307,-1.514242428339489,-1.5142386080516812,-1.5142079690377392,-1.5141694783887945,-1.514091856800641,-1.5138538567466908,-1.513439986114391,-1.5125470867187334,-1.509334435219688,-1.5021185595533375
synthetic_cell_01151,0,3,7,1,14,0.3230003688904038,0.1118027670562653,0.1383734376535256,-0.6885977840321655,0.6328664533354075,0.4145662683546315,1,0.7283542227983085,0.7401229281870468,-0.0908146549157424,-0.5283425173492344,0.5083289587490267,-0.5041220096114417,-0.0957650113232734,1.64273333608297,-1.5455689869381852,1.0,0.8160790902233159,0.8351531832494864,1.8810838622336012,0.8184869361043116,0.8160790902233159,0.8160839092021869,0.8161031849880712,0.8161272794287309,0.8163200232670577,0.8165609237549386,0.817042626412448,0.8184869361043114,0.8208913794738332,0.8256894002221687,0.8399844703336734,0.8633967593827826
synthetic_cell_01152,0,3,4,2,21,0.0943843429293593,0.4723709337253646,0.001614200774234,-0.6218120358300921,0.3640107783519981,-1.339588140630625,0,-1.4948580110995082,-1.4484519706015402,-2.0107827603887194,0.9191055435766916,-1.141065228708015,1.3783568897378289,-0.2661535365763595,-3.1553225935315576,2.77558880444964,0.0,-2.122866199369572,-2.213638397814385,0.5210802054731173,-2.12038225682496,-2.122866199369572,-2.1228612674269907,-2.1228415382187817,-2.1228168734731554,-2.122619426069461,-2.122372293101469,-2.1218769473440484,-2.12038225682496,-2.117862164546886,-2.1127127291806733,-2.096376486953858,-2.066103913066672
synthetic_cell_01153,0,0,2,1,7,0.4389807178888306,0.4748717940314267,0.0027729542568113,-1.779855170438321,0.5346081795604456,-0.4241352191572454,0,-0.3071453165409427,0.1855206488610121,-0.3715727703622461,1.6905581128946312,-0.0845099182914346,0.0008260445678027,-0.4487121795076199,-1.537770672786962,1.909349173315412,0.0,-0.5109831939841012,-0.733718983394504,0.896481961081774,-0.5140385677041821,-0.5109831939841012,-0.5109893019432447,-0.511013733893431,-0.5110442740867079,-0.5112886058381813,-0.5115940459606513,-0.5122050104485698,-0.514038567704182,-0.517096641012653,-0.5232203128792341,-0.5416408885383351,-0.572432201641803
synthetic_cell_01154,0,8,7,3,14,0.2602219284920218,0.2491190896944566,0.2182374155662652,0.6553897622649186,-0.2714502624815382,0.0583921568428317,0,-0.7658198765157778,-1.50774954235158,-0.2539203187630374,0.5914567072159236,-0.3233499300811071,0.1689294042697812,-0.7149727574177225,-1.0901642929881163,0.4938064478257286,0.0,-1.0440077413778297,-1.2132451114148446,-0.9510949627653292,-1.0452313496813177,-1.0440077413778297,-1.0440101986138124,-1.0440200271583002,-1.0440323119400652,-1.0441305542213692,-1.0442532670488303,-1.0444983920087998,-1.0452313496813177,-1.0464448107089215,-1.04884064199377,-1.0557676805533491,-1.0663661194739222
synthetic_cell_01155,0,10,5,0,21,0.2664467811512722,0.2999391740820191,-0.1048812720493753,0.7630736411160988,0.8801973211613423,0.3631849992751026,1,0.9354740615094016,0.3224222935014545,0.2458679318411233,-1.1029810277164709,1.1130562891110811,-0.3441064186351767,0.3612420321331698,1.158957753251623,-1.5098190161387834,1.0,1.202307075363749,1.071131603006212,0.8295896532810959,1.2033876295288946,1.202307075363749,1.2023092490395892,1.2023179432415922,1.2023288098659333,1.2024156977132185,1.202524194552287,1.2027408109873041,1.2033876295288946,1.2044554723833212,1.2065523110494292,1.212519198720199,1.221299791822118
synthetic_cell_01156,0,0,5,2,14,0.2752459491370346,0.3523221215013371,-0.0246736946647792,0.8401854954020331,-0.4457782433508045,1.249241688478844,0,0.7050890894335773,0.6397189461125649,0.1461327067392748,0.4600454306603118,0.22939250319117,-0.0910823163959662,-0.6040469614110667,0.2843787500427747,-0.0153440275900301,0.0,0.3149761500810955,0.5167420412206992,-0.3785833006255489,0.3090823259193455,0.3149761500810955,0.3149643850674657,0.31491732410431766,0.31485849585603104,0.31438778810828194,0.3137991990811945,0.31262134029541455,0.3090823259193455,0.3031658950417729,0.2912656697749354,0.2550350431338901,0.19295343918650942
synthetic_cell_01157,0,8,6,1,14,0.431423719265639,0.2122685490142508,0.0802203843987428,0.1820199492394631,0.5380716498520879,2.101475246284664,1,2.045156113136347,1.5022226194890953,1.5042275521425303,-0.6347489338436765,1.63706492594071,-0.5028323878196486,0.2516619926539239,1.557436947580477,-1.071530177722405,1.0,2.1681402828446927,2.311716398950729,0.9943897018803266,2.165901703066925,2.1681402828446927,2.1681358414599754,2.1681180744900956,2.1680958625578475,2.167918038278379,2.1676954357519564,2.167249155953714,2.165901703066925,2.163627133635651,2.158969176028985,2.144109931289135,2.11630131187601
synthetic_cell_01158,0,4,6,1,7,0.2705724409917336,0.1606171062302426,-0.0253960581613393,-0.5298932145448514,-0.9367131417528956,-0.0144256497527717,0,0.2033456682796202,-0.7985124437465787,-1.4631018127088695,0.5742562413078607,-0.4761330654501923,0.3711050200838321,0.4923810507459968,-0.8188256344765126,0.7768532053868364,0.0,-0.6044132092762844,-0.8645841701732883,1.5698391101041496,-0.6071475060933956,-0.6044132092762844,-0.6044186773265862,-0.6044405495514759,-0.6044678898857874,-0.6046866146713176,-0.6049600258486847,-0.6055068649734133,-0.6071475060933956,-0.609882250665034,-0.6153524963352773,-0.631758453057558,-0.6590103033859512
synthetic_cell_01159,0,2,1,0,7,0.3046536877322232,0.2148003978572677,0.0771799712988257,0.2423996568738354,-0.0450427878707238,0.2349060784294481,0,-0.245720214759512,0.1178083843305474,-0.9199977208241888,0.2494583916435708,-0.652697297501186,0.4488991564464345,0.2587355985022078,-0.971251139260118,1.183365532978311,0.0,-0.4749712135680005,-0.4099242633602606,-0.5853946782709855,-0.4781503442531813,-0.4749712135680005,-0.4749775681757676,-0.4750029867551113,-0.4750347603128271,-0.47528896209967575,-0.4756067475668427,-0.47624242875116907,-0.4781503442531813,-0.48133304248119624,-0.4877085731461761,-0.5069056703275289,-0.5390612459085408
synthetic_cell_01160,0,9,7,1,14,0.5019836453867432,0.1730797492020311,0.2357043773396122,-0.1377839230995393,-0.0063318326440769,0.1793843716509779,1,0.5314370533890622,0.6125550998536885,0.0382206320906689,0.367782212764142,-0.5878006900863598,0.2521002236775339,0.0871784087599992,0.0344160402508873,0.0947236512294665,1.0,0.0746987207654476,0.4222341216197723,1.1329661000446494,0.0796543572274846,0.07469872076544758,0.07470861751137224,0.0747482050790781,0.07479769085264662,0.0751936295830238,0.07568868427477082,0.0766792307476715,0.0796543572274846,0.08462445979784954,0.09460750971844077,0.12488886568279374,0.1763872918438444
synthetic_cell_01161,0,1,2,3,14,0.1733241722773995,0.1230151656454552,-0.0468829566662453,0.0639778443831848,-0.0248035877997672,1.5201537666123457,1,1.4736018896114595,-0.1792680083174764,0.3567229422027659,-0.0332489922423632,0.1179196658648847,-0.2380840075427557,0.2090341935819938,0.6032125743971248,-0.2090350847065496,1.0,0.6750732319137309,0.7801207649862568,-0.4557884184178223,0.677965651452828,0.6750732319137309,0.6750790166517872,0.6751021556101369,0.6751310793217591,0.675362469543694,0.6756517085540602,0.6762301900876913,0.6779656514528279,0.680858066978949,0.6866422474894168,0.70397780808425,0.732731902815328
synthetic_cell_01162,0,6,2,2,14,0.2945548685509119,0.4677549405969095,0.0496667000591449,0.1869374400980142,-0.7575774913784299,0.2967149181507648,0,0.0823071131626548,-0.1802207770770186,0.1222109813011115,-0.4853002369003359,-0.1296450177537845,-0.3788888985179496,0.1845732406780305,0.2691894377773515,-0.2340092620537912,0.0,0.2579274109979006,0.2164739032332187,-1.1167730891500405,0.2522296376706268,0.2579274109979006,0.2579160367151557,0.2578705387304586,0.25781366432878816,0.2573585922963306,0.25678956027056205,0.25565085668669224,0.2522296376706267,0.24651063260624687,0.23500939197479034,0.20000889967247243,0.14008850577861076
synthetic_cell_01163,0,11,1,1,14,0.5793946525426814,0.2772669267067071,0.0942141004426465,0.9135789906573026,-0.1547540329337907,0.348321374560725,1,0.7339622281186208,0.3082665908100249,0.1304964396494372,0.1501336577333547,0.5045028754520152,0.5995546016542617,-0.0695348329083839,0.4795639486009017,-0.2553337961301685,1.0,0.321951187657081,0.4981979388609536,1.2218571362193582,0.3260571286965828,0.321951187657081,0.32195939095321646,0.3219922044837759,0.32203322217542857,0.32236139482999776,0.3227716883701611,0.3235925339799137,0.3260571286965828,0.3301715766087652,0.338425404517877,0.363375288573361,0.4055069079339265
synthetic_cell_01164,0,6,0,3,14,0.3014517708972499,0.1246963418838499,-0.2602011376889921,-1.3825352874457484,0.5197645719254099,0.3258702866023932,0,-0.5357896836374465,-0.1591549937495648,-0.3476773848006682,1.0942391031980687,-0.1142645981137738,-0.5286167383563554,-0.5638551076696963,-0.8197097540078165,0.7995419500370172,0.0,-0.4428425261496053,-0.7642667293362709,-0.6269152899255385,-0.4461320686700034,-0.4428425261496053,-0.44284910080904516,-0.442875399626005,-0.44290827355032314,-0.4431712810534284,-0.4435000806252419,-0.4441578132214521,-0.4461320686700033,-0.4494259530932317,-0.4560261837750902,-0.47591606755062116,-0.50928879259665
synthetic_cell_01165,0,3,3,1,14,0.1413515035986802,0.1205402865448563,0.1013354508812743,-0.4415510627011308,0.5852510218545433,-1.252945329184625,0,-0.4281655361746209,-1.0325740323770014,-1.0334487736195783,-0.097743491249903,-0.3437497458520875,-0.2621519631056125,-0.781694459255373,-0.6985359491881814,0.6395886459726151,0.0,-0.7483008641437623,-0.8780457191263016,1.4385911276272794,-0.7505406838653071,-0.7483008641437623,-0.7483053466972484,-0.7483232767963779,-0.7483456891618671,-0.7485249777312488,-0.7487490624712356,-0.7491971448088862,-0.750540683865307,-0.7527774833863253,-0.7572414147289301,-0.7705447411737332,-0.7923456130708001
synthetic_cell_01166,0,1,2,3,7,0.2206313307638802,0.1146466140593188,-0.0286626174411654,-0.4761150906370234,0.592502682528578,-1.0430055411248793,0,-1.706745412031519,-0.7434294138142519,-0.9348928805592636,0.7851982199543887,-0.9793438200888656,1.5420419834296148,-1.0192183777408916,-2.0370690497651927,1.954601312949375,0.0,-1.9593851809966472,-1.6277645594455714,-0.9158403208033522,-1.9574630491175835,-1.9593851809966472,-1.9593813687472263,-1.9593661184690156,-1.9593470527399441,-1.9591944116317073,-1.9590033219443088,-1.9586201808102632,-1.9574630491175833,-1.9555087076959266,-1.951502617749007,-1.9386914948791227,-1.9146121660337219
synthetic_cell_01167,0,2,4,0,7,0.3735160014652363,0.2349412256455199,-0.0538744343981262,0.5159941952272976,-0.3310173935876457,-0.4875075338321284,1,1.4082670229086187,0.9694266340091688,0.7616602287734784,-0.4222845347883382,1.1740969034739284,0.2743868960497373,0.413309194245825,0.7535040585900575,-1.1634317399610326,1.0,1.340474664154761,1.4841972478309782,-0.3474028216009978,1.34108039851643,1.340474664154761,1.340475891510926,1.3404808003012378,1.34048693486173,1.3405359542282118,1.340597085538092,1.3407188711333131,1.3410803985164301,1.341670091476358,1.3428006205285958,1.345788218942453,1.3493345301520034
synthetic_cell_01168,0,7,0,2,14,0.2516462709450838,0.4838512963463461,-0.1064100692859684,0.0900834477003013,0.3604767990377407,0.4728966749515366,0,-0.0083424637366663,-1.1243608069101525,-0.5959184506744378,0.4198009511242898,-0.2333300213537778,-0.0361093176492791,0.3604421944038261,-0.2015330515299658,-0.1674828206347979,0.0,-0.3986540567747683,-0.7584793050913722,-0.3978202693363452,-0.4020954551719899,-0.3986540567747683,-0.3986609340841881,-0.3986884435436008,-0.39872283086668536,-0.3989979493881483,-0.3993418973044779,-0.40002995850160505,-0.4020954551719899,-0.4055422604947906,-0.4124515342970563,-0.43329424813381817,-0.4683409902711494
synthetic_cell_01169,0,11,4,3,7,0.492903376224202,0.2457165475870282,-0.0815931024067173,-1.1031993952187096,-0.668801886174848,-0.3376974765195146,0,-0.0100006426764247,0.134185901880719,-1.2163953528552989,0.8004495344435507,-1.135499970337578,0.5005276372057874,-0.9894693020748104,-1.096373247693592,1.4106399987404168,0.0,-1.0421179042777724,-0.5826029519418254,-1.3997461395599688,-1.0433480071006214,-1.0421179042777724,-1.0421203744573841,-1.0421302547782076,-1.042142604284485,-1.042241364525613,-1.0423647252122072,-1.0426111472552397,-1.0433480071006211,-1.0445680081961086,-1.0469770565297196,-1.0539448453941915,-1.064614878095903
synthetic_cell_01170,0,8,3,3,14,0.5571155388245843,0.2861518481740904,0.1434973917962715,-0.0257830139682786,-0.290325711500118,-1.2283491109665432,0,0.2449989425782648,-1.9869567279677576,0.0657310595369307,1.2981941908677328,-0.6868122029531658,0.8931191632562643,-0.8742138886812449,-1.3912740545738016,1.7099118498788548,0.0,-1.29447711031875,-1.081805452374475,-1.1022055358219798,-1.2948399681555192,-1.29447711031875,-1.2944778520721518,-1.29448081844523,-1.2944845249702832,-1.294514119498719,-1.294550968381465,-1.2946241845688518,-1.2948399681555192,-1.2951866419475468,-1.295830753011283,-1.2973569540329057,-1.2984667184103962
synthetic_cell_01171,0,8,7,0,7,0.3458309977251981,0.1458265723909274,0.2084463798876507,-0.7507901404838269,-0.0965647800558306,-0.93270447747055,0,-0.0203213811015438,-0.8622742414231976,-0.2222855650131075,-0.5532536605145255,0.4622534118680269,-0.1473646779910682,-0.3854885786752258,-0.3127670559224277,0.3669072262475729,0.0,-0.0227468122818075,-0.1969150960162242,-0.5365345343783058,-0.0274800346553838,-0.022746812281807527,-0.022756264206768816,-0.022794072490172183,-0.02284133415736013,-0.023219479998013583,-0.02369229348778886,-0.024638357303276254,-0.027480034655383873,-0.03222772400510077,-0.04176599920672038,-0.0707143507325613,-0.12000180228862406
synthetic_cell_01172,0,5,1,1,7,0.1963697373140114,0.1293450960867181,0.1598880577089083,-0.6479370651186704,0.3617468428771828,1.1220071411478707,1,0.4109245201084721,-0.4993412894724335,1.0180168933033005,-0.4386090870562207,0.8176334148192652,-0.5785843535672262,0.9022289341240716,1.3070796510484617,-1.1314418915762436,1.0,0.9723150890114756,0.5147795662710829,1.1688397274613782,0.9741860220977296,0.9723150890114756,0.972318837918842,0.972333833268326,0.9723525768251196,0.9725025000571611,0.9726898409452427,0.9730643115731491,0.9741860220977296,0.976049787099834,0.979755132286682,0.9906813064305754,1.0081748176639274
synthetic_cell_01173,0,5,3,0,7,0.1494117950523391,-0.0569304662480666,0.0613295500082518,-1.094812069024047,0.3203448077279823,0.0245468714904407,0,-0.7331131460150122,-1.2057888746495586,-1.0372292850823426,1.8286851482534727,-1.1798735781513454,1.4517924565434153,0.0594696770956022,-1.683550969450729,1.0729994708886856,0.0,-1.7673621005884148,-1.7615339475960707,-0.8313106103691629,-1.7660998655932738,-1.7673621005884148,-1.7673596035187742,-1.7673496141445133,-1.7673371249612495,-1.7672371128552118,-1.767111851014268,-1.766860504247734,-1.7660998655932736,-1.764810049162188,-1.7621469206891354,-1.7534763658464234,-1.7366715573244385
synthetic_cell_01174,0,4,1,2,14,0.3208821662318609,0.4913591193928515,0.0450218776630849,0.1137259314216655,-0.1325598682283269,-0.8689179358438791,0,-1.446259838896013,-1.045172962770688,0.0669049578240957,1.5779576523888537,-0.6907188509563442,0.5587667911424914,-1.3945567742296603,-1.2073761176695184,0.9716652154084644,0.0,-1.6432188003882828,-1.5791163715190444,-0.7230504699174792,-1.6423831900300752,-1.6432188003882828,-1.6432171535849638,-1.6432105653954823,-1.6432023279620538,-1.6431363406097352,-1.6430536366013528,-1.6428874951533454,-1.642383190030075,-1.6415229903159982,-1.6397280890844472,-1.633734419637509,-1.6216326028517358
synthetic_cell_01175,0,5,4,2,14,0.1377601322551384,0.1730303411380732,-0.1367036490674463,0.5633331514567793,-0.308132495547855,1.4219225139587064,0,-1.0480154133578283,-1.0361322962187018,0.2980569389541808,-0.5144272841242277,0.0645862844074162,0.4541742769002574,-0.1426168633277572,-0.352526101923821,0.2548648212875913,0.0,-0.5095216519566068,-0.5872364888338619,-0.4330375115758224,-0.5125820483386907,-0.5095216519566068,-0.5095277699259558,-0.5095522419183716,-0.5095828321676005,-0.509827564493309,-0.5101335056501547,-0.5107454732623158,-0.5125820483386906,-0.5156451795349944,-0.521779073061551,-0.5402311637561183,-0.5710778452932137
synthetic_cell_01176,0,10,3,1,21,0.1347680615454889,0.197839014295049,0.1098162603034372,0.6216937304603268,0.8010707114268455,-0.2283420275847997,1,0.379800382781206,-0.0845526965320979,0.002177989675433,-0.2713649852374635,0.5898604886143358,0.2168576188667636,0.2455174106800589,-0.0814893845065002,-0.1052498437570102,1.0,0.383560313727963,0.2794733103019998,1.7407171139222897,0.3874545319358712,0.383560313727963,0.3835680950587977,0.38359922066885305,0.3836381283264466,0.38394941537109545,0.3843385885538384,0.3851171489560723,0.38745453193587115,0.39135577212409506,0.3991787211900183,0.42280013589146004,0.46259778144659686
synthetic_cell_01177,0,8,6,3,7,0.3944765627702557,0.3191688614037855,-0.010483783844863,-0.2846756513536014,1.0208273481058538,-0.0986765967713855,1,1.3149278430876967,0.5093702331604137,0.7295864616510497,-1.303015914182264,0.4031626580381052,-0.0785072941791888,-0.2264607728503022,1.0548576426951803,-1.1633502397314135,1.0,1.0449828887725254,1.550168347930988,-0.9535051861331484,1.0466040953440197,1.0449828887725254,1.0449861399729459,1.0449991444247007,1.045015399201953,1.0451454059021625,1.045307835385039,1.0456324307235394,1.0466040953440197,1.0482163824047828,1.051413507146139,1.060772755232728,1.0755133505921344
synthetic_cell_01178,0,6,5,0,7,0.1390764433701096,0.1718537364601435,-0.0482489730962346,-1.129479543213088,1.1823836046827585,-0.592267000582866,0,-0.2776344309029012,-0.9969342255989906,-0.0274587812038292,0.5768567557446882,-0.1521808764869302,1.3669051596317727,0.2790514992989364,-0.6467809211065018,0.5530256625809459,0.0,-0.7521942564749279,-0.7006862373927087,-0.2946734822622103,-0.7544206963597273,-0.7521942564749279,-0.752198712362292,-0.7522165357931865,-0.7522388148149496,-0.7524170362972232,-0.7526397863349857,-0.7530851964564699,-0.7544206963597272,-0.75664402220614,-0.7610807241350083,-0.7743000978811597,-0.7959534741668663
synthetic_cell_01179,0,11,2,1,14,0.1718760341506163,0.1982980994531721,0.0803337867007896,-0.7825306932971314,-1.0610515606173123,-0.1451360015367831,0,-1.773994578953502,-2.521376761049769,-1.057496557446955,1.0999258614327982,-0.5577527440935295,0.5861011571408452,-0.5107928088721213,-1.708805550322321,1.4748605068410026,0.0,-1.9870776961909984,-2.5310301778510897,1.457329542634025,-1.9850603976036103,-1.9870776961909984,-1.987073694273565,-1.9870576852966486,-1.9870376711342204,-1.986877440160015,-1.986676857141741,-1.986274709347053,-1.9850603976036103,-1.9830102220334789,-1.9788104575504493,-1.9654022046753492,-1.9402737844178142
synthetic_cell_01180,0,8,7,2,7,0.0778987525533374,0.171972075945229,0.2513223121333296,0.1576383787023083,1.323959269372829,0.68477185040947,1,0.6381999497121212,0.3344776486794374,0.1004399696162774,-0.6586580805736358,0.2992615522524339,-0.7266405020067233,0.8306021650468979,1.2769109135951766,-1.294563775653141,1.0,0.9771064820227398,0.7362852565479505,-0.5192224024635197,0.978960949248166,0.9771064820227398,0.9771101981135136,0.9771250621920151,0.9771436416497037,0.977292251673808,0.9774779500141147,0.9778491320862387,0.9789609492481658,0.980808132908127,0.9844799682887236,0.9953028262652798,1.0126148224132376
synthetic_cell_01181,0,5,6,1,21,0.1728237156638607,0.3039127365837534,0.0279829108127127,-0.2892571152299948,0.4745977723435871,0.3451703793256421,1,0.5915590970066475,0.0950593684257137,-0.9606650171170464,-0.5730058883979633,-0.2378610425515958,0.7670633666979525,0.3114219783373044,0.2259380538666233,0.3314101009323694,1.0,-0.0348943826509155,0.2415616113488168,2.491822390799363,-0.029562124028198,-0.034894382650915524,-0.034883735294005215,-0.034841145176869384,-0.03478790597916392,-0.034361930361197654,-0.03382930582123847,-0.03276354050632326,-0.029562124028198026,-0.024212757903370817,-0.013463241184221875,0.019181256226667998,0.07483146068652356
synthetic_cell_01182,0,4,5,2,14,0.1017875607797569,0.3103337049868248,0.0126351537807909,0.3898440771756924,0.0741542545253835,-1.1879417077786143,0,-0.285869690024054,-0.1890011831561857,-0.1679378159992425,-0.2128115984975034,-0.1082082007039505,0.1169459171226349,-0.2995392218596993,-0.1577420356674522,0.1131017679704982,0.0,-0.2129578197654102,-0.1470365111752928,-0.3299359959012145,-0.2170373725339611,-0.2129578197654102,-0.21296596892160818,-0.21299856594687308,-0.21303931312944163,-0.21336532661439123,-0.21377293345834056,-0.21458844661621052,-0.21703737253396113,-0.22112680784626831,-0.22933479475955915,-0.2541816517445955,-0.2962632307735889
synthetic_cell_01183,0,9,4,3,14,0.1784622944181126,0.2178430186718999,0.0224001681720688,-0.5304098402147152,0.0139073684952121,-1.7030623826821654,1,0.1557860218871002,-0.1348391826989052,-0.4309196626844543,0.4725344353921881,-0.1914078922062214,0.0633231925065486,0.3333429139910817,0.2665392405391987,-0.4263552129981175,1.0,-0.0965902862430185,-0.2448891650787798,-0.485409283514067,-0.0910460065734318,-0.09659028624301853,-0.09657921632646203,-0.09653493591135681,-0.09647958370757274,-0.09603669869601204,-0.09548292405024318,-0.09437481396836203,-0.09104600657343175,-0.08548313241787373,-0.07430212995522224,-0.04032729201819415,0.017660173689622468
synthetic_cell_01184,0,11,4,3,21,0.1300006446185589,0.2399914533807477,-0.1287038923090223,1.319458382588533,-0.463978192511401,-0.2565436424674436,1,1.3941178253265631,0.9833647801202324,1.5461521733861066,-1.3121059110648383,1.9009125588537643,-0.1219051867334432,0.9783828394957564,1.696569917748311,-1.7761775670742943,1.0,2.136961118183706,2.048902740536574,0.1871418228938694,2.134829687158887,2.136961118183706,2.1369568903473115,2.1369399776007385,2.1369188335151477,2.1367495547101187,2.136537640780398,2.1361127606924266,2.134829687158887,2.1326630179553265,2.1282231196404813,2.1140361870624544,2.087408745799952
synthetic_cell_01185,0,0,6,0,7,0.2886774026338708,0.2057709692585044,0.0208137608282804,0.1446434471680408,-0.2525176556539276,0.0136829814413421,0,-1.1570574776235525,-1.1522224285338032,-1.6487842802171464,0.8763025968508407,-0.905983243522718,1.770938293301447,-1.485936066008842,-1.970235879391528,1.5687855487844655,0.0,-2.214434747626674,-1.8039031484925108,-0.9732650318274332,-2.211636125203312,-2.214434747626674,-2.214429188524572,-2.21440695059014,-2.214379149738422,-2.2141566055530415,-2.213878081773477,-2.213319888264235,-2.2116361252033117,-2.208799146077376,-2.203009303150438,-2.1846985805517742,-2.1509570629112336
synthetic_cell_01186,0,6,3,3,14,0.1206902474676195,0.029943721270109,0.050343267797277,0.4743710539767583,-0.3475433544474487,0.0160169195744932,0,0.3852345332011581,0.1768776802906306,-0.7555046612137499,0.5342637820589033,-0.1764135268574239,-0.3530198954133828,-0.2703717813705613,-0.0635187940720659,0.064663218315846,0.0,-0.0546099266380593,-0.1393009625046528,-0.4437723427444744,-0.0592336498314795,-0.05460992663805933,-0.05461916033027671,-0.05465609565203498,-0.05470226604815958,-0.05507167895987569,-0.05553356938667881,-0.05645776406542183,-0.05923364983147951,-0.0638710720418393,-0.07318650457826009,-0.10144779602637934,-0.1495281589738274
synthetic_cell_01187,0,7,7,0,14,0.0676828233443919,0.0089238312026621,0.1715416409425605,0.2183573589157882,1.0087356289872276,-1.2735465335496423,0,-1.412983257575794,-1.0132317491393006,-0.4085600423212006,-0.3137482678493832,-0.8893181179794218,0.4930620469106453,-0.8548950272266549,-1.9418188502128213,2.1229641071388143,0.0,-1.27553780219822,-1.0471885406183885,-0.1841964057102976,-1.2759657459110507,-1.27553780219822,-1.2755386736682945,-1.2755421589262939,-1.2755465140985156,-1.2755812994450897,-1.275624640952911,-1.2757108560679762,-1.2759657459110507,-1.2763779620510265,-1.2771545299063811,-1.2790891166985785,-1.2809163697318147
synthetic_cell_01188,0,1,6,0,14,0.3344211840789654,0.3079937932062415,0.057562813208797,0.7556404400494292,0.986990992150831,-0.2687951535921231,1,0.5030074264618501,0.059037411807355,-0.4209526662807645,0.479008861855124,0.2408598593901084,-0.3000422869675486,0.6170114851382142,0.7535797895179468,-0.6123318358648723,1.0,0.3656276425395878,-0.004336251262755,-0.2442449216236847,0.3695834872655815,0.3656276425395878,0.3656355466925671,0.3656671636084618,0.3657066854371918,0.36602288740451244,0.3664182081249524,0.3672090765531384,0.36958348726558143,0.3735467861819907,0.38149515187219846,0.4055032463665407,0.44598024557403876
synthetic_cell_01189,0,3,4,2,14,0.5116064417334508,0.4341978345855202,-0.1008766614480928,-1.342152554030262,-0.914995044717808,-0.4409790037286201,0,-0.4280595448121101,0.2912434508993794,-0.1972523107877917,1.0446467656532892,0.3980793429687834,0.0355366802649848,-0.3709375350324214,0.4600717228635267,0.0236932981934566,0.0,-0.2050854581792979,-0.4650240365564881,-1.1684133881801382,-0.2091920647107025,-0.2050854581792979,-0.20509366125386216,-0.2051264739601695,-0.20516749076109062,-0.20549566187487497,-0.20590596746008302,-0.2067268837857069,-0.20919206471070245,-0.21330874352414328,-0.22157178776854256,-0.24658839543465585,-0.2889682076459819
synthetic_cell_01190,0,11,5,3,14,0.6483181605637239,0.3981164624653012,-0.0371480115720856,-1.0836903832839058,0.0042457528750974,-0.7244008811054542,0,-0.6574659560785969,-1.2473737247041043,-0.6337490080037879,1.163721567483888,-0.3998814719461973,0.0572702640498816,-0.1568261945865717,-1.9957633233933796,2.1924577218432035,0.0,-0.9753615380593218,-1.3803414012764568,-0.9267614997871604,-0.9768210524610076,-0.9753615380593218,-0.9753644654580496,-0.9753761747195919,-0.9753908105463441,-0.9755078671346458,-0.9756541127151598,-0.975946352755927,-0.9768210524610076,-0.9782720740855768,-0.9811479997746397,-0.9895552472447474,-1.0027542495981339
synthetic_cell_01191,0,9,0,2,14,0.5414672519482383,0.4380021759560965,-0.15756370145695,0.3019600998901246,0.6746935885921904,-1.557340129990737,0,-0.0882932766367821,-0.3852432324230225,-0.3040789730005256,0.4519393489743334,0.4451588610775625,-0.0794599678185782,-0.7081564335073889,-0.0793313961557241,0.7994133592719537,0.0,-0.2276418461461637,-0.4111344536224354,-0.6280078729298331,-0.2316709365263836,-0.2276418461461637,-0.22764989473041716,-0.2276820894537701,-0.2277223337271471,-0.22804432266642724,-0.2284468956476145,-0.22925233047549798,-0.23167093652638351,-0.23570955553852785,-0.24381484603809245,-0.26834507332417257,-0.3098703689724949
synthetic_cell_01192,0,6,6,1,14,0.2258655491859693,0.1745861776559381,0.0065016764788987,1.4567345941569307,-0.0534478754248865,0.0937130846256774,1,-0.9032576061640568,-0.2085412744067474,0.7049494883806575,-0.4563043858081386,-0.0092837709050309,0.1788096012321913,1.1460823878063269,-0.0396401875084662,-0.64047557881424,1.0,0.1919897347726075,-0.0714247095053285,1.9615197506292288,0.1965422948206484,0.1919897347726075,0.19199882818400757,0.19203520230071813,0.19208067100652146,0.1924444630333825,0.1928993089395807,0.1938093531365415,0.1965422948206483,0.2011064940495426,0.21026923990716642,0.23802146540740954,0.28507648891428333
synthetic_cell_01193,0,1,3,3,21,0.7081631696155748,0.60921537837902,0.05666022576112,0.1193488658642871,-0.6149448330782487,-0.3141362859482337,1,0.6035534591528043,0.3953246114211126,-0.2958216479656859,0.5328677537230617,-0.3957288502475888,0.7884182545849687,-0.5290924926812516,0.3126788389809781,0.186761075143225,1.0,-0.299267646079175,0.2009403802497723,-0.3698632621699969,-0.2930268555635316,-0.299267646079175,-0.2992551880109184,-0.299205354793928,-0.2991430611488424,-0.29864462704811023,-0.2980213721393712,-0.2967741551626745,-0.2930268555635316,-0.2867625856676918,-0.27416410836135824,-0.23581896559334214,-0.1701533573930191
synthetic_cell_01194,0,10,5,3,14,0.1850606712498965,0.0332412097301286,-0.0213998307725038,0.8545790870024146,-0.6078618168795034,0.585524591997866,0,-0.8957414671659507,-0.9773880428938588,-1.060161674690935,1.0480258757711456,-0.9686009259367124,-0.2555061129582301,-0.4729395436140264,-0.6306311430438131,0.3983427252265647,0.0,-1.208927210139357,-1.4797039561200758,0.1458027459942695,-1.209584064470861,-1.208927210139357,-1.2089285378301295,-1.208933848035037,-1.2089404845351546,-1.2089935262756395,-1.2090597027042267,-1.2091916357654435,-1.2095840644708613,-1.210226796666333,-1.2114692223690688,-1.2148401244581755,-1.2191908246971161
synthetic_cell_01195,0,4,5,3,7,0.5836563022375936,0.3051699990116104,-0.0590982532061085,-1.985410118684968,0.2022052233838908,-0.4327308471988178,0,-2.0100654869485743,-0.4823548918095955,-2.188205163605444,0.9072092419516904,-1.2703492031369412,1.4541710844720248,-0.4042929091274234,-2.054917287989876,2.5268734848073144,0.0,-2.1563599185190947,-2.113256773215935,-1.2697678009894815,-2.153760873139705,-2.1563599185190947,-2.156354757175641,-2.1563341103317026,-2.156308298468877,-2.1561016712258882,-2.1558430562037776,-2.1553247221497345,-2.153760873139705,-2.151124870767101,-2.1457411886929467,-2.1286827258751133,-2.09714129024411
synthetic_cell_01196,0,3,1,3,7,0.4496483257296324,0.2285863145470155,0.1357152636149197,-0.1944740961805685,-0.5671333997399017,-0.7387170844458466,1,0.7717467597770858,0.7136823681623542,0.4387643200199376,0.6338409066651951,1.274679611008254,0.7721948169095597,-0.2475067120475195,1.285939660173195,-1.5384177071135283,1.0,0.5562894105895815,0.6125807312817698,-0.8589287638826396,0.559590036649403,0.5562894105895815,0.5562960088865062,0.5563224021946633,0.5563553941007991,0.5566193401695647,0.5569492997179765,0.5576093081106117,0.559590036649403,0.5628935216031034,0.5695084464981414,0.5894053267618109,0.6226593770215602
synthetic_cell_01197,0,0,0,3,14,0.1579188532590712,0.0102682082278793,-0.0964299320431352,-1.7674324396529495,0.0115610687231361,-0.0078045155089836,1,0.0051023930367027,0.8925430149146301,0.5067200273567016,0.3638896407436593,-0.6489137518242789,0.4416296019294081,-1.056860031773749,0.5507214952889047,-0.8307275162222594,1.0,-0.280108106494154,0.446457247334423,-0.4055705375659961,-0.2739331586909734,-0.280108106494154,-0.28009577965095117,-0.2800464713526178,-0.27998483389734785,-0.2794916509750095,-0.2788749641893694,-0.27764089729544433,-0.2739331586909734,-0.26773519328746354,-0.25527071301661663,-0.2173387048408194,-0.15239892845093406
synthetic_cell_01198,0,9,5,0,7,0.2782134181046006,0.0507145715090389,0.0045503369272452,-1.1036739404348872,0.6290854825912167,0.8123782187113979,1,1.116714882131024,0.9691882263693958,1.9719194959376252,-0.9477277435302188,0.8442047407879374,0.1540246968674971,-0.1103734406588896,1.6287150499609089,-1.780016476071047,1.0,1.3803577496136772,1.9266842867961416,-0.7656401994857476,1.3808264237648782,1.3803577496136772,1.380358703807744,1.3803625199112737,1.3803672885269123,1.380405376879331,1.3804528357826436,1.3805472477620926,1.380826423764878,1.3812780952591976,1.3821296919710293,1.384257296741804,1.3862926941845584
synthetic_cell_01199,0,0,7,3,7,0.1437667822808134,0.2062202626340818,0.2110679724375446,-0.7169976664577571,0.4551260448211407,1.229088737557959,0,0.1135526615966379,0.4558468125013309,-0.2355809481944075,-1.0918132430522651,0.4059390724647342,0.617656425501351,0.1709208477557603,-0.0192837991617725,-0.428741305737073,0.0,0.3600947810588183,0.583929123656912,-0.3373075348433891,0.3540459044735485,0.3600947810588183,0.36008270702446543,0.3600344099349964,0.3599740364310937,0.3594909627296066,0.3588869064872974,0.35767808068744783,0.3540459044735484,0.3479733337311153,0.33575756002589274,0.2985540463732497,0.2347631874898771
synthetic_cell_01200,0,11,5,1,21,0.1893708198471072,0.3233040446469771,0.0150251149297545,0.3743276854456985,-0.2170636079287151,0.6298362781991417,1,0.388569463375517,0.9072018589993668,0.190222163883915,0.2658793640971764,0.4362373489414081,-0.7914138395746446,0.0365881636670781,0.6900847398173667,-1.091345877622612,1.0,0.7571748316243674,0.560876477047836,2.570716397131095,0.7597851049251116,0.7571748316243674,0.7571800540427087,0.7572009436431724,0.7572270554796271,0.7574359435874278,0.7576970371712758,0.7582191685600048,0.7597851049251116,0.7623933954145048,0.7676033778383685,0.783168592608008,0.8088123854190756
synthetic_cell_01201,0,9,7,0,14,0.3755192536867495,0.2611999477099972,0.1636934633973389,0.2098032500294467,-0.8287385325079593,0.5300335131175234,0,-1.2399858040927882,-1.2579871384281258,-0.3159872288178121,0.1803166434760992,-1.8473585812984883,1.568978674431118,-1.2890400652640417,-1.757937444824495,1.8081580737182992,0.0,-2.072659504704102,-1.2083806520358384,-1.029870307162766,-2.0703480999674007,-2.072659504704102,-2.072654916630755,-2.0726365629478094,-2.0726136177174963,-2.0724299307859195,-2.0722000092832396,-2.071739122714549,-2.0703480999674,-2.0680017555701964,-2.0632034532892494,-2.0479498113115286,-2.019579246390864
synthetic_cell_01202,0,4,6,0,7,0.461843168937194,0.218138644299647,0.0264175376706143,-0.7712903140076763,-0.0923637997509573,-0.0861534623244237,1,0.8121718073133657,0.7023961081431491,1.2756526482662447,-0.9247109485756464,1.6604556149641003,0.0710437583880052,1.4140519341948077,1.907467904844947,-1.7994839869861683,1.0,1.7508343489899485,1.4422003911722203,-0.5354092307282412,1.7500298618473358,1.7508343489899485,1.7508327657633498,1.7508264318276197,1.75081851209183,1.7507550615369363,1.7506755165579713,1.7505156532232824,1.7500298618473356,1.7491994428857374,1.7474600187740628,1.7415990861308364,1.7295995063938514
synthetic_cell_01203,0,0,2,0,21,0.2265606056793376,0.3549831310396213,-0.0438472160653311,0.7859082572893369,0.0827243092840586,0.0834372586734893,1,1.040736035272864,0.5556732214879019,1.3319514262048544,-0.6079352751566737,0.9234440403362334,-1.0055264026605413,1.4056230387877662,1.9871106273605124,-1.6302329243000608,1.0,1.7993232117220177,1.3964705982774843,0.3719928298292874,1.7983520901865298,1.7993232117220177,1.7993212963917382,1.799313633994612,1.7993040535770632,1.7992273133673118,1.7991311458167065,1.7989380023212078,1.7983520901865295,1.79735386816198,1.7952753250526188,1.7883688335407628,1.7745323224481624
synthetic_cell_01204,0,1,2,2,21,0.5508079332833048,0.5278540018724008,0.0596073587171269,0.6659207302194281,1.495657710944373,-0.3043122298790874,0,0.7321200266191807,-0.6360358127727981,0.4238395740352689,1.2364536344462973,-0.3486304234742964,0.8651698520909493,0.0222268025673723,-0.3935738722801912,0.6079873234569134,0.0,-0.3838857081998983,-0.1689702292423812,-0.0371343475641353,-0.3873778587628728,-0.3838857081998983,-0.38389268665879134,-0.38392060073031203,-0.3839554938505159,-0.3842346600283751,-0.38458367071413996,-0.3852818681154957,-0.38737785876287273,-0.3908757721955767,-0.39788833213993796,-0.41904949390386176,-0.45465571384783365
synthetic_cell_01205,0,0,0,1,14,0.5681574708417911,0.3108977172772088,-0.1660295478104838,-0.649648128986368,-0.2147422062874028,-0.3060990940465377,1,-0.0692555917461954,-0.9808989291030816,-0.3996692171576288,-0.2783750090314434,0.3915979338800599,0.775353059649806,0.2135231119771249,-0.0316597550486014,-0.0475631228209098,1.0,-0.2804701662753061,-0.421320277296705,1.0230180522051195,-0.274293974235647,-0.2804701662753061,-0.28045783695232995,-0.28040851873455497,-0.2803468688791989,-0.2798535867248048,-0.27923677582067,-0.27800246042828447,-0.2742939742356469,-0.268094755869357,-0.2556277434428114,-0.21768792822032706,-0.1527344357124069
synthetic_cell_01206,0,9,0,0,21,0.4823056902331378,0.4020783981200863,-0.1598168097469896,0.75870282551661,-0.2400425215853585,-0.1282879792900358,0,-1.587360782789385,-0.2455754971205854,-0.6468697314277803,0.7419577874747484,-1.552413550690261,-0.0301184903606772,-0.3806946155362916,-1.4653397994808244,1.1666619974440435,0.0,-1.313638540093702,-1.2611824328453063,0.5358114645493145,-1.3139355487222766,-1.313638540093702,-1.313639150609104,-1.3136415920117395,-1.3136446422822403,-1.3136689851142258,-1.3136992652258928,-1.3137593300331825,-1.3139355487222764,-1.3142159114806855,-1.3147260122894187,-1.3158390379609095,-1.3162228989208145
synthetic_cell_01207,0,9,3,1,7,0.4775827864659286,0.1263456052929165,0.0893292651374617,0.023737596153385,1.4010992330552536,0.332497122539505,0,-1.046604609305031,-0.8999727143471042,-0.6424784324655021,1.1475462749116272,-0.3520864853180669,0.115225832491288,-0.976028500669199,-0.6476014357609124,1.1097514824697896,0.0,-1.2084131654776522,-1.4165388375626111,0.9336622863921764,-1.2090717863492504,-1.2084131654776522,-1.2084144966891537,-1.20841982097747,-1.2084264750829623,-1.208479657710978,-1.2085460103603243,-1.208678296234291,-1.2090717863492502,-1.2097162974742302,-1.2109623182769667,-1.2143443046424336,-1.2187144787296782
synthetic_cell_01208,0,6,1,3,7,0.3828839536271136,0.1882100582838638,0.1725542224531244,1.1168705318778431,-1.1438555128595858,-0.3919661491168959,0,-1.081554335869538,-0.737191722627525,-0.3149733273596001,1.0657264152694554,-1.6367100563248247,0.1943897773057415,0.2139079441455263,-1.0121146641731718,0.6143036547856335,0.0,-1.225004266603127,-1.231285814977752,-0.5339492396994677,-1.225605871329008,-1.225004266603127,-1.2250054841809928,-1.2250103539187975,-1.2250164398002183,-1.2250650751983085,-1.2251257402164855,-1.2252466388464058,-1.225605871329008,-1.226192966432458,-1.2273229532169236,-1.2303471878855128,-1.2340888317873833
synthetic_cell_01209,0,0,1,3,14,0.1154379051970483,0.2530305693047904,0.1554213253486612,0.679917683480338,0.4504378007532312,-0.805961813933166,0,-0.7278872394926431,-0.7661161651267302,-1.097221271511503,0.5269388837423845,-0.4696285609334752,1.2159631311619907,-0.9294183099909932,-1.5421106044393502,2.4096307642774377,0.0,-1.3856237510399374,-1.146796904289511,-0.0327890098176786,-1.385673378904226,-1.3856237510399374,-1.385623868523493,-1.385624337729454,-1.385624922598211,-1.3856295359798765,-1.3856351386860821,-1.3856457966964042,-1.3856733789042257,-1.3857046259234038,-1.385711280142365,-1.3852720983279665,-1.382928902316905
synthetic_cell_01210,0,4,5,2,7,0.1689415109023382,0.2780377851152863,-0.1140819719699551,-0.2656026220542578,-0.0662713814561084,-0.6682913972254374,0,0.3016082926134917,0.2053385571897064,0.547378947788049,0.885781049108005,-0.1469121319438108,-0.889082469679477,0.5758671761968188,0.1783238928992697,-0.1331552895964737,0.0,0.4862209445568214,0.1360165321210719,-0.3459718406015006,0.4797386291260935,0.4862209445568214,0.48620800667537456,0.4861562540761289,0.4860915609118497,0.4855739190005306,0.4849266251760151,0.4836312331263713,0.4797386291260934,0.4732295796675023,0.46013171107001805,0.420208555805234,0.351639587239785
synthetic_cell_01211,0,10,2,0,14,0.0742388894526921,0.080718017833826,0.0321680353924235,-1.295240780739357,-0.4063179192903543,-0.2982827114215599,0,0.4458585674234021,-1.4249203825748475,-0.5655043399510713,1.1857178568466362,-0.4819629077418155,0.0757015011395859,-0.5539810508032283,-0.5886800255866429,0.5053000973948152,0.0,-0.817900815749693,-0.9270658286653068,-0.670641299893416,-0.8199014517695272,-0.817900815749693,-0.8179048216081439,-0.8179208448601407,-0.817940873515979,-0.8181010863784282,-0.8183013114088541,-0.8187016240639162,-0.8199014517695271,-0.8218973901029925,-0.8258745567640234,-0.8376771087514039,-0.8568412858230898
synthetic_cell_01212,0,3,3,3,7,0.1561444652304715,0.0138871842963729,0.0443391253237244,0.72531487747367,0.1476916747503464,-1.2842248243714378,0,-1.3771975299040795,-0.9117695853260992,-1.0210882453075452,0.8321940766441551,-0.1792370846075613,-0.0233821920021382,0.215786624939398,-1.3461388366668647,1.240970400732387,0.0,-0.9285798215852966,-1.588068052405656,-0.6113692837848702,-0.9302001036866784,-0.9285798215852966,-0.9285830693953387,-0.9285960603471678,-0.928612298388095,-0.9287421767426862,-0.928904459664349,-0.9292288081720811,-0.9302001036866784,-0.9318130205356796,-0.9350161258677958,-0.9444321212398578,-0.9594033821495128
synthetic_cell_01213,0,11,7,3,7,0.2582809852172479,0.0085122777613052,0.2452103296774729,-0.8552706942172229,-0.5183572120645581,0.8133751768454384,0,0.220226536277196,-0.4695881954833617,-0.7038451015669216,0.5300508942243494,0.2553613941639927,0.067101145510057,1.048158191231311,0.0728013603732569,-0.1792368399497458,0.0,0.0945346075145308,-0.460119594361921,-0.115020417717087,0.0893983416979418,0.09453460751453077,0.09452435232075633,0.09448333084921265,0.09443205244284902,0.09402176252822653,0.09350874354191455,0.09248218403544022,0.08939834169794178,0.08424478220897579,0.07388627004390343,0.042408994932638784,-0.011321495814617872
synthetic_cell_01214,0,6,4,0,7,0.0846261445443665,0.2679542098341469,0.0209808048136045,0.2541757341496199,0.3979252331428866,0.3036587606498312,1,2.949756676173169,0.9175146125869292,0.6420807310687212,-0.814060650563319,1.1772781432115371,-0.0257763147040883,1.3551556127441784,1.755441897850458,-1.6885210691568902,1.0,2.1542660369131945,2.274207039573163,-0.3217530763940289,2.1520751366728947,2.1542660369131945,2.1542616905541774,2.1542443037004544,2.154222566943449,2.154048545267907,2.153830699001664,2.1533939417434382,2.1520751366728943,2.149848581173733,2.1452876565785433,2.1307275803500145,2.103444566941054
synthetic_cell_01215,0,10,6,2,7,0.4794569346955062,0.3814279411518638,0.0844412800768732,-0.1436250293210184,-0.9713214403034144,-0.817536085130212,0,-0.4122517869103141,-0.2210727723027897,-0.6395414546783939,0.6947655084715819,0.0869870587859307,0.8040444360770083,0.520018838971501,-0.5100687690626957,0.4273192182266233,0.0,-0.4389496887986385,-0.6883316494305848,-0.6020723591204932,-0.4422526092485649,-0.4389496887986385,-0.43895629012039916,-0.43898269559038916,-0.4390157028394259,-0.43927977727753237,-0.4396099113613162,-0.440270315792784,-0.44225260924856485,-0.44555996542580556,-0.4521874216400077,-0.4721612461472264,-0.5056814457799829
synthetic_cell_01216,0,2,4,3,7,0.4234776920028346,0.2617380241832876,-0.0827389225712196,-0.101769269053053,-0.6925626276777509,-0.0377701702433579,0,0.1073328795424086,0.3638989795822616,-0.3959596368810925,1.0051813797038327,-1.1480215249012078,0.4281225418082917,-0.8381008516102175,-0.9210284188390978,0.9919726549903534,0.0,-0.7745788452629558,-0.2386655188574312,-1.0219799643244962,-0.776728359393009,-0.7745788452629558,-0.7745831478366739,-0.7746003579914388,-0.7746218703695608,-0.7747939567634374,-0.7750090330920262,-0.7754390796295337,-0.7767283593930089,-0.7788742199752374,-0.7831543696798274,-0.7958910675286853,-0.8166964356180666
synthetic_cell_01217,0,0,5,2,7,0.3655376521679992,0.3102591374732409,-0.0102339390779275,-0.3292088536383678,-0.0631247287849938,0.8601270206238664,0,0.0555556294009856,-0.1553589507405032,0.6950506919696173,-0.0472313059486372,-0.2509024647856307,-0.3917529269894328,0.5018223068413896,0.3779770426317707,-0.3627612309373547,0.0,0.3311978724664198,0.248475235518121,-1.2208598234977048,0.3252483015473989,0.3311978724664198,0.3311859963490558,0.33113849095535713,0.33107910713375027,0.3306039533940856,0.3300098033633514,0.3288208108553274,0.32524830154739887,0.3192757329394439,0.3072620569970056,0.2706816435235048,0.2079855027770999
synthetic_cell_01218,0,3,0,3,7,0.2443840868177536,0.2447442524725601,-0.2102553954504633,0.7499164945276331,0.9115527826867512,-0.9956424346612524,0,0.6518665371536219,-0.6326643414903361,-1.189920646790759,0.7289807643445647,-0.1114665701097541,0.409965736972309,-0.910340595295284,-0.0585223805312328,-0.1909082659197108,0.0,-0.6567993807329842,-0.554303430139708,-0.5987219855555276,-0.6593536498615936,-0.6567993807329842,-0.6568044899866594,-0.6568249269746195,-0.6568504731493147,-0.6570548401194877,-0.657310292680403,-0.6578211767401527,-0.6593536498615935,-0.6619071041424016,-0.6670109740109436,-0.6822873347172742,-0.7075546097117151
synthetic_cell_01219,0,5,4,1,21,0.6003133000951884,0.4459583214984864,-0.0490987413906631,-0.3302115152968125,0.0763979942628679,0.0268745038730943,1,-0.2439600781011978,-0.0745556212513493,-0.2409221716630499,0.8124612425742495,0.088723387139109,-0.2080565627572464,-0.0118881260475784,0.042633303242665,0.2331560601825083,1.0,-0.148574856112425,-0.4618585120871347,1.8276623227451416,-0.142851928878202,-0.148574856112425,-0.14856343014983994,-0.14851772550058345,-0.14846059289152558,-0.14800346013414092,-0.14743186454582657,-0.14628807503680713,-0.14285192887820194,-0.13710915423501058,-0.1255645846718744,-0.09046881040026626,-0.030511983461419066
synthetic_cell_01220,0,2,2,0,14,0.0928085149328175,0.0458872691791504,-0.0190505960748656,0.0806019778519944,-0.6229888015124098,-1.166345141782784,0,0.023919280456601,-0.6576611324666104,-0.5540822351516286,-0.5179825763543038,-0.9217991908262376,0.4229940253521855,0.0550883195712172,-0.1654037290771548,-0.1629111063179491,0.0,-0.5114217224966072,-0.2137465546446383,-0.6293453942127148,-0.514475589191604,-0.5114217224966072,-0.5114278274522376,-0.5114522473879496,-0.5114827725621838,-0.5117269841233236,-0.5120322739128883,-0.5126429374183008,-0.5144755891916039,-0.5175321449056532,-0.5236527498133238,-0.5420638695407003,-0.5728385696173911
synthetic_cell_01221,0,10,2,1,14,0.6143555806698142,0.3006679804156826,-0.0460301885178122,0.1358955775251967,-0.4215351415861089,-0.683518333574731,0,-0.7251562260690285,-0.7574399720012062,-0.7453219101558142,0.9922401001485376,-0.8218007291337701,0.8851204724541848,-1.092617092250688,-0.4499522872193602,0.5038520577316873,0.0,-1.4607756505635756,-1.1892486309961516,0.7982025086542204,-1.4605670151804926,-1.4607756505635756,-1.4607752533264087,-1.4607736635771431,-1.4607716745891077,-1.4607556906057224,-1.460735530327124,-1.4606946080948842,-1.4605670151804926,-1.4603381876543806,-1.4598192482544208,-1.4577595760714304,-1.4525693576125163
synthetic_cell_01222,0,10,3,2,21,0.5667275058489992,0.8156391441669579,0.2327218451319206,-0.6320935904178924,1.010990771407178,0.3784142800204982,0,-0.0266376781614049,-0.9679512452647004,-0.826021997063797,0.8333732024449059,-1.490507247440928,-0.0667366506793849,-0.9777612888625332,-0.9721435582657322,1.3161628047932776,0.0,-1.2107364508411949,-0.9223971010892692,0.180337327113924,-1.2113870876268769,-1.2107364508411949,-1.2107377661403491,-1.21074302677704,-1.2107496013129693,-1.2108021471832042,-1.2108677033820834,-1.210998394677292,-1.2113870876268769,-1.2120235586705235,-1.2132533309955802,-1.2165852206691607,-1.220867380406473
synthetic_cell_01223,0,6,6,2,14,0.5660293524770107,0.489592672786804,-0.0409268607456523,-0.3592377743246217,1.0701041786571392,0.8353580057674699,0,-0.7365621201351342,0.0373575442903185,-0.8587909624083729,1.1928109024521685,-0.6241858154652757,0.140586973332649,-1.2810773933462944,-0.986154675680972,1.600512066917653,0.0,-1.0970422272234142,-0.9783405821087406,-1.01261625006065,-1.098083579873699,-1.0970422272234142,-1.0970443212224188,-1.097052696767947,-1.097063165186154,-1.0971468719644013,-1.0972514039253563,-1.0974601288520407,-1.0980835798736988,-1.0991135070202107,-1.1011384283544141,-1.1069218913814953,-1.1155111945028435
synthetic_cell_01224,0,7,6,0,14,0.392005504861327,0.1808901704855955,0.036641554227922,0.7554876681316157,0.5478119235199532,-0.4956374142746595,0,-0.9764896239591242,-2.66929617382696,-2.644449629798232,0.7466528135940873,-1.105800012907966,1.7366851516081434,-1.3880513156612375,-2.356921280818387,2.524495383965559,0.0,-2.7449441847641696,-2.6163912923819272,-0.4679049017437711,-2.7403224402259325,-2.7449441847641696,-2.744934992165076,-2.744898219732045,-2.7448522496081362,-2.744484305285051,-2.74402391642085,-2.743101609620759,-2.7403224402259325,-2.735649552739594,-2.7261494592840023,-2.696399432572235,-2.642560322110997
synthetic_cell_01225,0,5,1,3,7,0.1349677133932373,0.1016161566887057,0.135416435149087,1.7843423666878426,0.2867664999898055,-0.8477351542243023,1,0.4716250940016749,0.5464829207862939,1.3139776332273394,0.1556337933257315,-0.0777635260917036,-0.7401130561077653,0.4792551051265121,0.5977297521359124,-0.7560537418371134,1.0,0.8608755344273908,0.8575476711862828,-0.6406845803786704,0.8631294350957681,0.8608755344273908,0.8608800465922187,0.8608980950788132,0.8609206552983433,0.8611011214867358,0.8613266652089379,0.8617776219841393,0.863129435095768,0.8653788535766198,0.8698635791804112,0.8831927095506719,0.9049079492498462
synthetic_cell_01226,0,2,7,1,14,0.3363376852367766,0.2340690031306684,0.3239446142624343,0.2417575860880659,0.4241322182010782,0.2997957117624402,1,0.1615906571288064,0.5121893163517476,0.4441957875091795,0.9891981989864366,0.4037293630267942,-0.0443577175439242,0.2946051054192292,0.174951570458214,-0.4147688931857867,1.0,0.3510838197535502,0.1262468528287114,0.8768797465789026,0.3550896450512357,0.3510838197535502,0.3510918235182096,0.3511238388948235,0.35116385883095075,0.3514840469174388,0.351884353437144,0.35268520396707115,0.3550896450512357,0.359103275072006,0.3671533566270091,0.391475057628927,0.4325030288040253
synthetic_cell_01227,0,3,0,1,14,0.2133414940491531,0.0861304669265707,-0.0776935308978954,-0.6060358102864265,-0.3932705630806151,1.013231964792448,0,-0.2678823114554654,-0.4089184548341581,-0.2121589310262281,-0.5534858411930671,-0.4474487931133961,0.5487140655845982,-1.0119502569132577,-0.946805567897498,1.5461160009335004,0.0,-0.6174288101253708,-0.1239027230192038,1.0856964744485196,-0.6201183781816246,-0.6174288101253708,-0.6174341890308935,-0.6174557046641392,-0.6174825992307076,-0.6176977567466978,-0.6179667060178587,-0.6185046119306107,-0.6201183781816245,-0.6228080802926735,-0.628187298100733,-0.644312601160883,-0.6710713740284998
synthetic_cell_01228,0,3,3,2,21,0.4699663903322798,0.6855132276069383,0.0186690455998018,0.3057259742074841,0.4522278970540132,0.3731600974554599,0,0.0766515181927341,-1.3237644012373884,-0.2695384072360985,0.5233343478702155,-0.6154766747505932,0.6482485960860067,-0.9970391316053466,-1.2513726023344658,1.0375000315109617,0.0,-1.0362230949909847,-0.7297849959496391,0.5487362216046342,-1.0374734556196734,-1.0362230949909847,-1.036225605544566,-1.0362356473669412,-1.036248198762925,-1.0363485746323942,-1.0364739561312775,-1.0367244240559814,-1.0374734556196734,-1.0387138565966614,-1.0411641317544182,-1.048259029603952,-1.059152378741731
synthetic_cell_01229,0,0,0,1,14,0.5626845208295428,0.3571353640992168,-0.1136783556686911,0.6741080104839394,-0.0658485792202934,-1.0175425551474833,1,-0.3026248110033277,-0.1176448659456765,-0.0127793800786246,0.5271283447610631,-0.0948407793553829,0.4904160914334717,-0.3690602307861416,-0.3468030163389366,0.1345197985533348,1.0,-0.4238787788732617,-0.3328029058669465,0.9372458899810204,-0.417209755990665,-0.4238787788732617,-0.42386546733446456,-0.4238122201153693,-0.4237456586977782,-0.42321307162143523,-0.422547098501434,-0.4212143551109513,-0.4172097559906649,-0.4105142503721766,-0.3970442739200029,-0.3560121579444952,-0.2856258348378842
synthetic_cell_01230,0,8,4,0,7,0.3055502022458787,0.1398870447630331,-0.037088082673888,-0.2776891745127165,1.7011243183473792,0.2205351312448782,1,0.533485566132993,-0.8015635108148629,0.2687186170878743,0.0675514506734109,0.1831497206668618,-0.0157746071699524,0.4867230012428978,0.8967923024994935,-1.0229196034746852,1.0,0.2319415313324674,0.0281501952990088,-0.5058232940085468,0.2363567950409176,0.2319415313324674,0.23195035111116197,0.23198563065859534,0.2320297310662773,0.23238257324698158,0.23282372319161135,0.23370634661317702,0.23635679504091758,0.2407827350190187,0.24966606798795438,0.2765568182368258,0.3220983249549166
synthetic_cell_01231,0,3,7,2,21,0.7678989863079642,0.8156141789054031,0.2170174317408227,-0.1836498501666637,-0.4597602227188365,0.7257303172084504,1,1.1626604394859046,1.6102077464947613,0.2999581881445447,0.5664978652934745,1.2367807939281177,0.5558253120019928,0.8690723052982827,0.8595372088824039,-0.346887380204969,1.0,1.2178191128569071,1.1361153429538322,0.3611428748828352,1.2188463591322758,1.2178191128569071,1.2178211802896959,1.217829449504561,1.2178397848613847,1.217922421224663,1.218025600348694,1.2182315701512025,1.2188463591322756,1.219860520228515,1.221848871577941,1.227481275256766,1.235674216958855
synthetic_cell_01232,0,10,6,1,14,0.2404828218678199,0.1678490216455194,0.0408327601276539,1.132773421862684,0.2717478665066146,-0.5481422714945201,1,-0.2466402717399772,0.8642546970584712,0.0525870124587977,0.5657722657951416,-0.2212787439420004,-0.0557931901824935,0.1484401672099243,-0.2640984269983501,0.5349507728190217,1.0,0.0928940636367798,0.1000358919651354,1.6670947792209467,0.0977871708964044,0.09289406363677977,0.09290383576150273,0.09294292482688804,0.09299178743314966,0.09338273924873534,0.09387155635573904,0.09484961451889964,0.09778717089640439,0.10269430572339024,0.1125501019595387,0.14243911417658633,0.19324823574348285
synthetic_cell_01233,0,2,2,0,14,0.1242548100959998,0.1542600636508349,0.0041279607207889,-0.2625105801235136,0.516841223336973,1.251870502723321,1,1.157663695773956,0.3904215101163548,-0.4287370871233348,-0.2173211598904386,0.6562593236958288,-0.7662414325692646,0.4660017030212477,1.6485967032187367,-1.923605291096817,1.0,0.993140642235776,0.6733298185764596,-0.470930031858936,0.9949400072706824,0.993140642235776,0.9931442485074423,0.9931586732940806,0.9931767036022143,0.9933209190407754,0.9935011206760284,0.9938612977585471,0.9949400072706821,0.9967317022876023,1.0002913987555946,1.0107685142777567,1.0274730791518767
synthetic_cell_01234,0,10,3,2,14,0.2217717118969886,0.284250713908447,0.0150184115339902,-0.0134965683136416,0.8083171807126075,-0.0765675158388163,1,-0.7611652198598773,0.1182898409670557,0.4591258365505366,-0.13239333581641,-0.0727732079083471,0.2316666386520754,-0.1560265484452117,0.1769354332381782,0.0984136148314969,1.0,-0.1536457461907046,-0.0657331086294844,-0.6495164438192063,-0.1479053925900559,-0.1536457461907046,-0.15363428549723154,-0.15358844191954216,-0.15353113563896098,-0.15307261307007805,-0.1524992791189963,-0.15135200922236322,-0.14790539259005595,-0.14214506936273447,-0.130565035260654,-0.09535991806379547,-0.0352109876921014
synthetic_cell_01235,0,2,1,2,21,0.1755726865310243,0.4764405488322217,0.1579471617028094,0.93192174200331,0.6179332415974976,0.036143092320766,0,-1.1249083542061926,-1.0922936915568715,-1.591596124750477,0.7180835081173322,-0.2445825694377041,-0.6217939322918128,0.240914036289417,-1.7762370209986362,1.1382814468068254,0.0,-0.8358646837337839,-1.6909317837484992,0.7580033126923621,-0.8378035860261897,-0.8358646837337839,-0.835868566556421,-0.8358840976478722,-0.8359035110641235,-0.8360588004535943,-0.8362528672516822,-0.836640850468981,-0.8378035860261895,-0.8397373576702268,-0.8435888895243743,-0.8550040890265164,-0.873487730599763
synthetic_cell_01236,0,6,5,0,14,0.1854018354996432,0.118796648905516,0.0141502017683437,0.4527243958679843,-1.419663398775389,-0.1315668692486612,0,-0.5915070621342922,-0.3355297718960587,0.1251982863087737,1.1843697252844043,-0.4354576058237951,1.4073361522700465,0.5344788837260959,-1.263924222140462,1.6722624425883708,0.0,-0.7941253219664051,-0.7389266727904749,-0.4020080337915555,-0.7962076636553076,-0.7941253219664051,-0.7941294906649095,-0.7941461653000051,-0.7941670082362081,-0.7943337374013432,-0.7945421129600848,-0.7949587438418871,-0.7962076636553075,-0.7982858806906277,-0.8024293272181479,-0.8147445470013998,-0.8348094247198937
synthetic_cell_01237,0,5,1,2,14,0.2019670894543935,0.3903670636943814,0.0179471995984318,-0.1642567712318562,-0.8584831219652804,-1.6100379745375415,0,-1.3414177541521313,-0.4209096333998794,-1.6472232778160445,1.4551108997003346,-0.4579772053622077,1.2327844986806415,-1.3327450416181312,-2.3343522626614237,2.174506277689534,0.0,-1.8578110697733308,-1.7930443788876211,-0.7166573915623595,-1.856238002388707,-1.8578110697733308,-1.857807953212246,-1.8577954857851477,-1.857779898839949,-1.8576550968024714,-1.8574988279552722,-1.8571854018560845,-1.8562380023887068,-1.8546351735829263,-1.8513394676056067,-1.840718573724996,-1.820487235104812
synthetic_cell_01238,0,11,6,3,7,0.1695226619855957,-0.0293734015209229,0.0149036547226582,1.124981427856084,-0.337643726626694,0.9842436448533582,0,-1.0240043889982569,-0.3224482871924285,-0.7806362477509818,0.7727660039571078,-0.8641958146879102,0.9831493259752224,0.329116952272401,-0.734452350210443,0.3741086548676156,0.0,-1.0848398037677731,-1.0859359839819769,-1.0102880397099707,-1.0859230906542838,-1.0848398037677731,-1.0848419813420467,-1.0848506912003963,-1.0848615775360568,-1.0849486287110794,-1.085057343811144,-1.0852744438283544,-1.0859230906542836,-1.0869952461376946,-1.0891055081744523,-1.0951520904281757,-1.1042036649454117
synthetic_cell_01239,0,1,3,3,14,0.5322171963063027,0.2902382419549201,-0.0026684109036614,0.516785751092592,-1.0771209614144663,0.1712955609447199,1,0.5920586595165416,1.4841064321772517,0.5164559959925458,-0.4666474699054064,1.4592427905025138,-0.3790475537924563,0.5539122095524798,0.7464294415526955,-0.9758790771692132,1.0,1.5005011124966992,1.2509546556239226,-1.2443881678459163,1.5005569079948655,1.5005011124966992,1.5005012438203005,1.5005017683263255,1.5005024221848846,1.5005075820721627,1.5005138543700547,1.5005258063739209,1.5005569079948653,1.500592805161863,1.500604149194956,1.500141118683905,1.497625056306527
synthetic_cell_01240,0,4,5,0,7,0.2658768235855273,0.1547670984221152,0.0243452832103973,-0.4616201312288959,-0.1202279718680653,1.8011625656127208,1,1.4241415250963143,1.8305108027854529,1.3370861706058308,-0.5430174584944455,1.6643436013804307,-0.4347626018779541,-0.0147305151713775,1.8770181816062783,-1.798102608471645,1.0,1.9421954064593736,2.0711710671454773,-0.872680913222791,1.9407332975076548,1.9421954064593736,1.9421925125872372,1.9421809358851638,1.9421664622770083,1.9420505641648054,1.9419054182888977,1.9416142149638185,1.9407332975076543,1.9392406445862624,1.9361628890238396,1.9261756634656193,1.9069266431993386
synthetic_cell_01241,0,0,0,0,21,0.3130557046371495,0.345335270535717,-0.1350642414072182,-0.5138741836264289,0.3179296764547689,-0.0454712472788553,0,-0.3256420117483959,-0.6217448966874872,0.0116971595658171,-0.1054353118520247,-1.0088041830768535,0.3744995559030306,0.0983233271864574,-0.594074296643327,0.5295276445683924,0.0,-0.5757899754655755,-0.3201300417118208,0.1564236077179127,-0.5786226374519119,-0.5757899754655755,-0.5757956395584481,-0.5758182959811722,-0.575846616624767,-0.5760731863643099,-0.5763564099342099,-0.5769228945150378,-0.5786226374519119,-0.5814564370649428,-0.5871268664848873,-0.6041500221735573,-0.6324862228604349
synthetic_cell_01242,0,0,5,2,14,0.4112999350675913,0.3849744114164844,-0.0810608192391208,1.601342419596638,-0.6463078685389909,-0.3373614998203338,0,-0.9259108273980168,-0.7580419804379246,-0.8718858445213048,0.9591156769263984,-1.2858652732260287,0.6810527623513313,-1.4401747786418473,-1.5525909187129,1.6055191226187704,0.0,-1.7155508499081378,-1.3121805797861157,-0.3502841571889098,-1.7144666668576036,-1.7155508499081378,-1.7155487076974503,-1.7155401378088717,-1.7155294230949205,-1.7154436112320006,-1.7153361109176772,-1.7151203246212638,-1.7144666668576034,-1.713356151116813,-1.7110553775931159,-1.7035020218264654,-1.6886600085854124
synthetic_cell_01243,0,8,4,2,14,0.4018904626800544,0.407170988699252,-0.0798091429918207,-0.0880434468709019,-0.3478670206883473,-0.1977057983675221,0,-0.0851696725246569,-1.526466280900596,-0.8807607751839317,1.2572707440592894,0.7361615728614321,-0.1752846091242707,-0.0821977089529234,-0.7681638900086268,0.8474979812172356,0.0,-0.5007019315601906,-1.3419104805969488,-0.4909350803558022,-0.5037926373508845,-0.5007019315601906,-0.500708109936434,-0.5007328235649164,-0.5007637158783299,-0.5010108654816029,-0.5013198301458249,-0.5019378511421354,-0.5037926373508845,-0.5068862905271546,-0.5130818669757716,-0.5317241361228686,-0.5629049401786433
synthetic_cell_01244,0,3,1,1,7,0.1030294739191645,0.0220716997937989,0.083645737002248,0.0583814157540588,-0.2126351256060273,-0.0500145403425457,0,-0.3171610547803538,0.2455420701207664,-0.6784169979131847,0.0324210572978524,0.2437660931410823,-0.0230203525058897,-0.9189612941659508,-0.5853208939301557,0.1779950940864921,0.0,-0.2608393093564763,-0.2367539146396999,1.0237356536235258,-0.2647543150002153,-0.2608393093564763,-0.2608471305689354,-0.26087841577315685,-0.2609175230757224,-0.26123041337248215,-0.26162160585968797,-0.2624042557251728,-0.2647543150002153,-0.2686780491564354,-0.2765511648881191,-0.300365559710416,-0.3406332168483267
synthetic_cell_01245,0,5,3,0,7,0.2273756869274817,0.0287832033190012,0.0840226860948047,-0.1759962626329889,0.939969693552238,-0.315118374693055,0,-0.0955564682662824,-0.1337550164255379,0.1728155386389846,0.6751186582462592,-0.1119008274070494,0.268864340951914,-0.6171682649614192,0.0769005000439233,-0.0501246404589646,0.0,-0.3649261959171957,-0.2344803099220192,-0.1696554884571107,-0.3684835017888417,-0.3649261959171957,-0.3649333042311413,-0.36496173774112134,-0.36499728020046074,-0.36528164273394287,-0.36563715297101557,-0.36634836316710573,-0.36848350178884165,-0.37204702748906104,-0.37919218552790585,-0.40076216872205384,-0.43708664272761744
synthetic_cell_01246,0,1,7,0,7,0.1321413596474479,0.0658693345063333,0.2123466321084188,-1.0909022955296546,0.5528593796869318,-0.2099519876967592,0,-0.8324956320375573,-0.9623636443710356,-1.3665333572260343,0.2318701870188109,0.5339653795323093,0.8481940694824412,0.6060603182919432,0.0231924568130988,-0.5830778704711528,0.0,-0.6563129226005826,-1.260080304443806,-0.7320059268516208,-0.6588688634668032,-0.6563129226005826,-0.6563180351860443,-0.6563384855016186,-0.6563640483368849,-0.6565685486337708,-0.6568241679584478,-0.65733538589703,-0.6588688634668031,-0.661424001209751,-0.6665312732449966,-0.6818181233830418,-0.7071038271494987
synthetic_cell_01247,0,0,3,0,14,0.4513069403495323,0.2615457326980118,0.1043520068589198,-0.7863838335210467,0.3228161301135562,-0.4108743435294483,0,-0.5848454137491067,-0.8101583189167993,0.9166422028378644,-0.240128543028001,-0.2863128288862042,0.3148650432446119,0.0064129123419869,-0.3093132874039377,0.1922150451956902,0.0,-0.2810203456950739,-0.1747358854219904,-0.6496189956888404,-0.2848659982018574,-0.2810203456950739,-0.281028028686175,-0.2810587609855396,-0.28109717711332743,-0.2814045362635001,-0.2817888104461012,-0.2825576091281016,-0.2848659982018574,-0.28871989282131905,-0.2964518674243019,-0.3198311012563619,-0.35933422863732545
synthetic_cell_01248,0,11,6,3,7,0.2828685519872437,0.1201216716490882,0.0188302427167881,0.1294858894351898,0.3115787582889856,0.5996644387960337,0,0.8825821903949271,-0.5901078518697095,0.1809753038733551,0.5811204594015038,0.8472329263773309,-0.781223771129269,-0.8077095292260451,-0.071104303940061,0.3307710564842561,0.0,0.3729490719535676,0.0683137782048604,-0.4085433969629764,0.3668560209571361,0.3729490719535676,0.37293690987925904,0.37288826061759495,0.3728274468706095,0.37234085011084034,0.3717323872613383,0.3705147389640333,0.366856020957136,0.3607389659916737,0.34843329258580663,0.31095260357602633,0.2466747782292569
synthetic_cell_01249,0,11,4,2,14,0.2556022328477224,0.3031924852976512,-0.084493462217573,-1.1692205131031552,1.332136008378083,0.4195622886053901,1,0.8853806700441227,0.0467210968192899,0.8223676610591919,0.1734950184098722,0.9581838000111154,-1.0054900293557505,-0.1929659080976475,0.5690430296900965,-0.5916724961941369,1.0,0.9879523128063876,0.6794826464593893,-0.7013679606373829,0.9897695077939012,0.9879523128063876,0.9879559546132924,0.9879705215458786,0.9879887295476838,0.9881343669851023,0.98831634724276,0.9886800853169789,0.989769507793901,0.991579157811636,0.9951751401600681,1.005764130936518,1.0226652482656782
synthetic_cell_01250,0,6,6,3,7,0.5931994704894911,0.346631349708484,-0.0697221292838915,0.2010469218568966,1.5389241284070898,-0.0393688620554402,0,-0.3004986088971138,-0.5984620594993959,-0.2306235201567273,1.355511573229276,0.1898386899220613,0.5134491637247028,-0.2164561972068654,-0.0215311378204588,0.2907327514995245,0.0,-0.6187210705361293,-0.8866579519904156,-1.0333430994337838,-0.621406197675091,-0.6187210705361293,-0.6187264405908683,-0.6187479208197352,-0.6187747711280313,-0.618989574465889,-0.6192580807344706,-0.6197950997088237,-0.621406197675091,-0.6240914277230138,-0.6294616077844535,-0.6455590460060217,-0.6722688634324426
synthetic_cell_01251,0,11,6,1,7,0.3891061396453925,0.2929317948912259,-0.0520557876263513,-0.179253687544706,1.6076039942404208,-0.9683709561716528,1,-0.1926337357900884,0.1324800932171823,0.0330094314408475,-0.163490172018476,-0.4282387110967504,-0.5045132193361906,-0.4957397775700214,-0.4221436667455275,0.4237595134415652,1.0,-0.0507761470636536,0.0751402345089015,1.443395103256974,-0.0453893099661774,-0.050776147063653625,-0.05076539093140556,-0.05072236569763193,-0.050668582569733556,-0.05023825413432248,-0.04970018513244253,-0.04862351942424494,-0.04538930996617736,-0.039984982587087436,-0.029124392773506345,0.003862561001496974,0.06011442343781326
synthetic_cell_01252,0,11,1,1,21,0.5416626791689306,0.4293923838976172,0.1023547820633188,2.370714118907292,-0.7928406251772079,0.3323614151568895,1,0.5786800195679729,2.0193989160875594,1.150574588019872,-0.1832640646188006,0.1904401440538326,0.2828641371552824,0.3377442885206113,0.334998279075396,0.060931744653154,1.0,1.063445148524086,1.570427553702611,1.6283168794923912,1.065002908620009,1.063445148524086,1.063448273275172,1.063460771911818,1.0634763943802006,1.0636013410099903,1.0637574414057718,1.064069365237068,1.0650029086200088,1.0665513042310504,1.069619308537956,1.078580457384213,1.092621636384433
synthetic_cell_01253,0,8,6,3,14,0.2570637285215428,0.2169591583081552,0.0513815975049363,0.1670397297607299,0.3080598292328678,-0.8979840769270404,0,-0.6979067120561847,-0.5171169542487011,0.0483604015385379,0.5096064232370167,0.2346791836661829,0.0795800039248847,-0.3542949333164072,-0.1257852388937771,-0.4939481138647673,0.0,-0.4053946155112806,-0.652131704273833,-0.0386241583264047,-0.4088128496425366,-0.4053946155112806,-0.40540144665413264,-0.4054287714407861,-0.40546292790832356,-0.4057361990014471,-0.4060778361722945,-0.40676127101058257,-0.40881284964253656,-0.4122363282396056,-0.41909846025726794,-0.43979582832658176,-0.4745872140170958
synthetic_cell_01254,0,6,5,2,14,0.1245134966387248,0.2410729078749964,-0.0626074269515596,1.590917010102242,-0.4455992014191517,0.5085893273423492,1,0.9779779939125286,1.4261928097164396,0.6710261831505333,-1.3894146141521555,0.9956342541455068,-0.511314063138823,0.231365462714952,0.9312017576450866,-1.07006846167153,1.0,1.6083109716559243,1.7777532693853233,-0.1270050660685965,1.607996273201155,1.6083109716559243,1.6083103645821073,1.6083079353946872,1.608304896902953,1.6082805086478789,1.6082498224153694,1.6081877795006603,1.607996273201155,1.6076590780008762,1.6069164268004479,1.6041287067005223,1.5975284216877659
synthetic_cell_01255,0,8,5,0,7,0.5583736202882825,0.2757178912140409,0.0245783005607882,-0.3881963102313117,0.127968689896174,-0.082718697979911,0,-0.3379116918480603,0.6795501526933991,0.4839675302396631,1.1943728359427417,-0.5721137163026715,0.0530588725767818,0.2584515961133042,-0.0655853516818769,-0.0679069669834074,0.0,-0.1274969257024485,-0.0954650439339742,-1.1212054862349476,-0.1318701690917806,-0.1274969257024485,-0.12750566018640822,-0.1275405986049794,-0.12758427271426637,-0.12793370901678577,-0.12837061289419735,-0.12924478183686175,-0.13187016909178054,-0.13625535478836784,-0.1450610338541061,-0.17175067267962943,-0.21706981570039216
synthetic_cell_01256,0,6,0,2,7,0.1646913005991543,0.3601484252718679,-0.1746741732383715,0.6490338824360322,-0.3426994410309514,1.0471901349963917,0,-0.1536084127880727,0.5814360514962437,1.0268698313420768,0.3193533363507288,0.4885959183083576,0.104694908026363,0.7126850213562673,0.1931301854059754,-0.1922662221160777,0.0,0.6019118713988585,0.4316529180558862,-0.4764622739467574,0.5950319783334063,0.6019118713988585,0.6018981411419982,0.6018432189297421,0.6017745634986441,0.6012252134300021,0.6005382593492709,0.5991634632378989,0.5950319783334062,0.5881225628776368,0.5742155808272568,0.5317977975641212,0.458846043362914
synthetic_cell_01257,0,8,1,0,21,0.0467289102231271,0.1764287586404335,0.0461593376135031,-0.9439185271276028,-0.7791255429218317,-1.5541129861172571,0,-0.919110313759131,-1.3497516757782653,-0.7164393529481885,1.29596888256939,-0.4654037710135632,0.351830421551989,-0.5760476228010889,-1.295604380298304,1.010748078654146,0.0,-1.3279431797475945,-1.6160945360949182,0.8078094037951281,-1.3281910297692288,-1.3279431797475945,-1.3279436922894985,-1.3279457417843743,-1.3279483021391956,-1.3279687244064748,-1.3279941007137623,-1.3280443475818142,-1.3281910297692288,-1.328421889152778,-1.328831946883815,-1.3296365235216523,-1.329478473625528
synthetic_cell_01258,0,8,4,1,14,0.2730589243176521,0.2384570421108287,-0.0417543234890912,0.2737087236113553,0.5527772766454204,0.1756467356438689,1,0.9822829088349412,-0.740183399595048,0.1262955464181938,-0.4482938566946786,-0.5302178663231458,1.2736808070953314,-0.1211741476692712,0.1399242382679215,-0.8433107413118613,1.0,-0.2910127066155066,0.3940334622963067,1.3776687234070149,-0.284800284610656,-0.2910127066155066,-0.2910003050859194,-0.2909506980315525,-0.2908886871076242,-0.29039251549130934,-0.2897720904761766,-0.2885305392482178,-0.28480028461065604,-0.2785645821847142,-0.2660238378636303,-0.22785669525234978,-0.16250381365119052
synthetic_cell_01259,0,10,7,1,14,0.6479673396728757,0.4140780288887178,0.1695546684329748,-0.8025814424763986,1.544321104431314,-0.9558127017934516,1,1.2650723542216542,0.9416507112695424,0.750238604715272,0.5870721196754156,0.6054594568014753,0.7037259623984468,-0.1909075336185483,0.7660334179228515,-0.5821625170702388,1.0,0.6509609526092176,1.0514872051290465,0.901756113525156,0.6539362351976081,0.6509609526092176,0.6509669024939955,0.6509907020624404,0.6510204515889023,0.6512584504184997,0.6515559554113528,0.6521509863232848,0.653936235197608,0.6569120949229545,0.6628649106937474,0.6807204011456492,0.7103879551623071
synthetic_cell_01260,0,4,7,0,14,0.0479730331963148,0.0439542281224689,0.1273395662482441,-0.080858353475928,-0.0736335805973602,0.5471232522917894,1,0.7542251900778832,0.1502260480864573,-0.8603290771154435,-0.2067653359262217,0.1982950128624415,0.3035472265782701,-0.4773192249555139,0.0707537572775509,-0.039659291539531,1.0,0.0462047766944796,0.2445106320781467,0.1534700645535064,0.0512583340151089,0.046204776694479574,0.046214868597460455,0.04625523682081763,0.0463056984756606,0.04670944672477891,0.047214269486964146,0.04822437267840487,0.05125833401510882,0.056327044200114855,0.06650937365025264,0.09740514072361116,0.1499830192858933
synthetic_cell_01261,0,9,5,2,7,0.3888627584412455,0.2216417376767523,0.0236168018309653,0.1247742396276993,0.4861134748516504,0.1606295223307622,1,0.3292065965834072,0.2080337061192126,-0.4847588787860895,-0.2023803204959521,0.5780478823308619,0.3639187288029571,0.2815560031095797,0.7811645669696947,-0.4339842808092588,1.0,0.3017588470032504,0.1921616569449277,-1.0140664451537982,0.3059341800275503,0.3017588470032504,0.30176718859816787,0.3018005553432913,0.3018422645968802,0.30217597149628295,0.3025931872163077,0.30342789176822177,0.3059341800275503,0.3101185065967883,0.3185135546941589,0.34389884349331884,0.3867954208586792
synthetic_cell_01262,0,11,4,1,21,0.1717477691536296,0.2693384894870226,-0.0669776598056562,1.340289288213787,-0.4952881550852981,1.1410350636413569,1,-0.6655794030879469,0.7686866138130867,0.5035946664300023,0.597576959605181,0.3549753711231661,-0.2360572096999317,-0.1298206949500264,0.4989725864178618,-0.5432271327523261,1.0,0.1870251665939078,0.003220686527404,2.221530988934829,0.1915947876278686,0.1870251665939078,0.1870342940079896,0.1870708041402056,0.18711644287614268,0.18748159557417426,0.1879381433947001,0.18885159500561177,0.19159478762786855,0.19617616749783537,0.20537363430558772,0.23323291012616598,0.2804760092124761
synthetic_cell_01263,0,9,6,2,14,0.1422215514397558,0.3341515020470616,0.0774951031583134,0.8202019560865366,-0.9317502149115802,-0.3310416497784601,0,-0.488646862561932,-0.6891786304164527,-0.7487486558665568,0.6286413663632151,0.0902119085097441,0.8841118862539324,-0.649608089395634,-0.8203108212356132,0.3640398364644294,0.0,-0.9073790787654314,-0.9265367457647836,0.1095025805557789,-0.9090722182759016,-0.9073790787654314,-0.907382471780874,-0.9073960435747112,-0.9074130077140637,-0.9075486966927641,-0.9077182474868101,-0.9080571470499923,-0.9090722182759013,-0.9107585035105806,-0.9141098815438946,-0.9239830257008089,-0.9397574464920093
synthetic_cell_01264,0,4,1,3,7,0.4524543620531603,0.2706149664280853,0.1634864399194369,1.445983493117955,0.6354335839729711,-0.3655047468251506,1,0.7601899794783772,0.6833374736600818,0.1587985868952822,0.6345764426244476,1.0915143459840966,-0.5163426560094235,-0.4396481743127144,0.4936716657204088,-0.0604356652857352,1.0,0.7447298516619331,0.5033495347895391,-0.508395569114491,0.747382892756425,0.7447298516619331,0.7447351593168302,0.7447563898754959,0.7447829279366556,0.7449952269202553,0.7452605867945323,0.7457912597515945,0.7473828927564249,0.750034250986293,0.7553312704923504,0.7711648347021807,0.797280087816191
synthetic_cell_01265,0,6,2,2,14,0.3717995191297557,0.3098588759351288,-0.0019417211578806,-0.0235536217262253,0.4953127220546831,-1.5646156569946064,0,0.1504972174234127,0.4599610234819505,-0.2536694723252756,0.6390994307137432,-0.0278132880139198,0.1170566396216853,-0.180974774390182,-0.0491345298994634,0.1365127356469734,0.0,-0.0363077666265012,-0.0057932934469251,-0.0967475721722969,-0.0409943861047587,-0.03630776662650123,-0.036317125671518534,-0.03635456242209301,-0.03640135964387546,-0.03677578874644454,-0.037243953376205265,-0.038180709678257777,-0.040994386104758654,-0.04569514571541042,-0.05513857898867915,-0.08379451746782686,-0.1325682316243246
synthetic_cell_01266,0,3,6,2,7,0.1629979881684448,0.3921468649637003,0.0442104225373278,1.0527752267300583,1.1765577703310564,0.3056962633535508,1,2.023386014416168,0.6669392296762389,0.3306191042223045,-0.151048327246398,2.089385781177554,-1.6085017484847688,1.4809578697353545,1.7105166498378146,-1.5855740820504007,1.0,2.3963378646678946,1.4110782532727473,-0.004074989285443,2.3933150725295937,2.3963378646678946,2.3963318603416552,2.396307841386041,2.396277813977408,2.396037446117188,2.3957366146854406,2.3951337122775613,2.3933150725295937,2.3902507907596413,2.383996876249427,2.364217037541568,2.3277634784514096
synthetic_cell_01267,0,4,5,3,7,0.4952787370868803,0.2850009870799625,0.0397390415781755,0.0803248692126371,-0.4125248703741601,-0.9275960175400376,0,-0.0498630706121653,0.3409884562205448,0.0478127585486374,0.3793856072926349,-0.2634014333718498,0.3522968533475603,0.935819127487356,0.3272425216584524,-0.2261236444431536,0.0,0.1225549071651428,0.0418131790542532,-1.1960243091995844,0.1173223481926128,0.12255490716514278,0.12254446005833655,0.12250267090769519,0.12245043284177495,0.12203246322318768,0.12150983853750305,0.12046404739667475,0.11732234819261281,0.11207182020735179,0.10151734106353408,0.06943586797461769,0.014643868168953885
synthetic_cell_01268,0,10,4,3,21,0.2064889057994229,0.314131038156408,-0.0910673041181914,0.9489782711748485,0.1707968822064265,0.8285472154332312,1,1.3792374734772537,0.8141143423684105,0.4785924172152984,0.3815609338748136,0.1692530033252283,-0.6230034271368627,-0.5977794156560094,1.071700559270139,-0.7933184157773462,1.0,0.7677680101742594,1.0354809062820811,0.4059646558664,0.7703418794890815,0.7677680101742594,0.767773160039165,0.7677937594156891,0.7678195084492775,0.7680254932164172,0.7682829553298733,0.7687978161276716,0.7703418794890815,0.7729135106776186,0.7780494070559505,0.7933862025318437,0.8186286878933751
synthetic_cell_01269,0,2,5,0,7,0.4702858104784907,0.1769893183534882,-0.0602135547270669,-1.9209870549419448,0.5588009651237388,-0.5189773775107239,0,0.0818376184431683,0.0394118131978342,-0.2605905015911469,-0.4226600999675775,-0.6170965645659906,0.3484593804372086,0.0949939621104796,-0.1933117303453316,-0.3686638199483955,0.0,-0.1503526072599545,0.1588857959969026,-0.5226665466476352,-0.1546473059607644,-0.1503526072599545,-0.1503611852037203,-0.15039549743951636,-0.1504383887708351,-0.15078156086952857,-0.15121062954143785,-0.15206911156725605,-0.15464730596076437,-0.15895339610519618,-0.16759922824146403,-0.19379603305924695,-0.23824932120651152
synthetic_cell_01270,0,4,2,1,7,0.0924460746876607,0.0623791421536583,0.0126401511770172,1.0459271006212216,-0.4507080473134335,0.6348094566793776,1,0.9474600163932908,1.0447609679884322,0.8184062050552519,-1.4654827145554803,1.3218066008214568,-0.4370489045445208,0.0970317975366047,2.582422400305696,-3.1368165270824298,1.0,1.592062444105411,1.683145020568401,1.5278154415284382,1.5918035845251988,1.592062444105411,1.5920619483189187,1.592059964296437,1.5920574822960658,1.5920375473795716,1.5920124313398454,1.5919615405450114,1.5918035845251985,1.591522619818641,1.5908936067624453,1.5884562514911709,1.5824715187528624
synthetic_cell_01271,0,11,3,3,7,0.3470597573510059,0.221154337092222,-0.0207921306283509,-0.3596208767387798,-0.6566296449608215,0.3496154316957582,0,-0.6010568629891788,-0.892666203726552,-0.426703192285387,1.9681253412139368,-0.8856330096778791,1.1981018704535886,-0.5047899299379305,-1.4257254361303762,1.1186138055837125,0.0,-1.5361923059043898,-1.422598223612218,-0.7096101230515274,-1.5357244974273774,-1.5361923059043898,-1.5361913921331687,-1.5361877361750957,-1.536183164262719,-1.5361465103509515,-1.536100496326036,-1.5360078121370075,-1.5357244974273772,-1.5352346791283191,-1.5341882944733654,-1.530502423027471,-1.5224551522244612
synthetic_cell_01272,0,8,6,3,7,0.2668870284358604,0.0700558991436494,-0.0144560947910257,0.2080068086610738,-1.049160504766089,0.4973240594876321,0,-0.574110596527409,-0.1266213853552384,-0.78940146888099,0.2889378105275947,-0.7110856942909637,0.7212663759563842,-0.7662856147445045,-0.6163553809665925,0.5653213730385697,0.0,-0.9704851504462916,-0.632467176249951,-0.5909252545932461,-0.9719614227969896,-0.9704851504462916,-0.9704881112437461,-0.970499954104889,-0.970514756941703,-0.9706331500329598,-0.9707810672984315,-0.9710766542307276,-0.9719614227969895,-0.9734293199004111,-0.9763393498267459,-0.9848517461914328,-0.9982354835293867
synthetic_cell_01273,0,1,3,2,21,0.3603524547951151,0.3653155099428979,0.0091706182162527,-0.9818069480401064,-0.7746257192893804,-0.0271717032616136,0,-0.5499359069328751,-1.6134796118159511,-1.17050984512476,0.2867649282130146,-0.6977038254877425,-0.1908155400511877,-0.1772701071450179,-1.45224634453028,1.527692952389127,0.0,-1.0084303784007784,-1.3490690221767188,-0.0522871819449622,-1.0097762500848813,-1.0084303784007784,-1.0084330793086589,-1.0084438825749822,-1.0084573858360928,-1.0085653790343718,-1.0087002882143878,-1.0089698315726108,-1.009776250084881,-1.0111128319724698,-1.0137574824498778,-1.0214516709339387,-1.0333979074707142
synthetic_cell_01274,0,4,1,2,21,0.2842175830952158,0.4982789223484369,0.0623836756379536,-1.605535448519735,0.327136282070602,-1.478800852122116,0,-0.2461071504254079,-0.2086592366208672,0.1050038447759545,0.4885377247880007,-0.3688272133666175,0.7734277017536608,-1.6431607283547909,-0.7137490504988666,1.0340538290145946,0.0,-0.8886692947002618,-0.2917827902834631,0.1599141562222806,-0.8904267313159403,-0.8886692947002618,-0.8886728158603505,-0.8886869002507811,-0.888704505176396,-0.8888453220660985,-0.8890212868015834,-0.8893730277594141,-0.8904267313159402,-0.8921777645957663,-0.8956599941867704,-0.9059365749177198,-0.922419789173432
synthetic_cell_01275,0,0,3,3,14,0.5378967145791116,0.2508937615720524,0.0438127118750641,0.8952467001912598,-0.3861801392711878,-0.4347508006468207,1,1.6077664988485072,0.5618427549722624,-0.04289665528588,0.4687553447328736,0.3781152923188275,0.3266057000861211,1.4431373119416993,0.9919099421656355,-0.4493568883698077,1.0,0.9718365622361208,0.8383588225269388,-1.4152798487892408,0.9737091398034826,0.9718365622361208,0.9718403144209513,0.9718553228807519,0.9718740828264778,0.9720241372114341,0.972211642144312,0.9725864412073917,0.9737091398034824,0.9755745608200628,0.9792832527036835,0.9902197452564994,1.007731384793726
synthetic_cell_01276,0,5,1,2,7,0.4280410901479966,0.4644186940545371,0.1516866482614562,0.0804501467981487,-0.8016835688386574,-1.0270712874186607,0,-0.2708360929307687,-0.0893273856396047,-0.8264304271969458,1.124701359554622,0.3645761836815634,-0.1235674139272962,-0.0100919972045233,-0.5592538299742259,0.8060474735312975,0.0,-0.266258417924608,-0.7799327618208247,-0.8427124019103589,-0.27015480053173,-0.266258417924608,-0.2662662020212058,-0.26629733875676603,-0.2663362604617688,-0.2666476655085464,-0.2670370002594531,-0.26781593073878546,-0.27015480053173,-0.27405978104092765,-0.2818949968805034,-0.3055925401887778,-0.34565490213337174
synthetic_cell_01277,0,1,3,1,14,0.1225251350764068,0.1936173540323764,0.0921484767420913,0.1802832040895707,0.172665045662532,-0.4491572498403505,0,-1.044936829344719,-0.9546256703655184,-1.0274612488985315,0.2215762912870916,-1.504704275192286,0.2694022654520645,0.5448773863834537,-1.1736947515655511,0.544252182730675,0.0,-1.1464867264591796,-1.2411463378402796,1.044702142871046,-1.1473581606241268,-1.1464867264591796,-1.1464884818092809,-1.1464955027116028,-1.146504277718718,-1.1465744329246572,-1.1466620147101603,-1.1468368035782739,-1.1473581606241268,-1.1482169775826416,-1.1498960964360854,-1.154613394332288,-1.1613295631730745
synthetic_cell_01278,0,10,1,2,7,0.0902191135489728,0.2444552834567432,0.158848983720034,-0.4190768537575557,-1.6099696549800195,0.7273957405631867,1,-0.0007683414373456,-0.4688488559187725,0.1592913547956349,1.0197048242860012,0.7413028985594058,-0.0017927329229486,0.3917730852753978,0.4829882499695027,-0.5582309669840888,1.0,0.1110805233318161,-0.4511545919091058,-0.0307756828237735,0.1159111319165063,0.11108052333181608,0.11109017089617883,0.11112876170261822,0.11117700144581037,0.1115629687812739,0.11204555134879511,0.11301112729915253,0.11591113191650629,0.12075532974169174,0.13048393442011424,0.15998079443660015,0.21010094793579737
synthetic_cell_01279,0,5,1,2,14,0.4362741226348453,0.4094017657496521,0.0889358372821016,0.7897868255583371,-0.4898941454572656,-0.6966388435772682,1,0.10016733989274,0.8412576069558919,0.313979645648385,1.047897067361133,0.2568962667984179,-0.2031383370556174,0.1164273226539863,0.3981708212659565,-0.3909740144062222,1.0,0.3343323629444234,0.1686489882312196,-0.295498759666402,0.3383957554581228,0.3343323629444234,0.3343404814410058,0.33437295576143583,0.3344135494136123,0.3347383286797407,0.3351443778024933,0.3359567256360277,0.3383957554581228,0.34246735643558474,0.35063459349646753,0.37531750392344493,0.41698008013011423
synthetic_cell_01280,0,2,3,1,14,0.2907758018613727,0.2479050883205878,-0.0220918732153279,0.666484947297193,0.6906764067859291,-0.4796007816438946,1,0.2389348716841935,-0.1602018736383572,1.138785525728891,0.1390158560187627,1.5369858063305666,-1.0454028452585284,0.277898369138104,0.9871041157422414,-0.6139970233917742,1.0,1.1241330229691688,0.4112649863012859,1.1360526471554813,1.1254822261606143,1.1241330229691688,1.1241357320646723,1.1241465680205736,1.1241601120065912,1.124268425519826,1.1244037213744444,1.124673992296043,1.125482226160614,1.1268206021786586,1.1294641706461985,1.1371167149641348,1.1488588204618508
synthetic_cell_01281,0,6,0,1,21,0.3503931586197605,0.5205889063554043,-0.1630872389356348,0.9385267770926984,0.9047139296105045,-0.0669330904399726,1,0.2949683372210284,-0.727891102255687,-0.1484185773396552,-0.0289373732577661,-0.1774464018991723,-0.6849236053795532,-0.2500644025410601,-0.4469591979516861,0.3644663246165635,1.0,0.0049452528882951,-0.1547706770102441,1.9780917761124623,0.0101406006183582,0.004945252888295074,0.0049556273806987,0.004997126001460671,0.005049000742416776,0.005464057254919482,0.005983024283471687,0.007021445804314787,0.01014060061835817,0.015352095642613672,0.02582298389924492,0.05760842457186583,0.11174936130311636
synthetic_cell_01282,0,10,6,0,21,0.3513323953072449,0.2687772832757549,-0.0122388535895817,-1.0548276827033574,-0.3494731793992658,-0.0224291988492221,0,-0.8479408400941542,-0.310158704523484,-0.2457874553894185,-0.1199594450233327,-0.5052553459534221,1.2679381357524329,-0.4778366437656864,-0.7107564627498351,0.5688518469850864,0.0,-0.9334000296588368,-0.5142254470441883,0.0038985675553443,-0.9350037468749932,-0.9334000296588368,-0.93340324445493,-0.9334161033463231,-0.9334321763012662,-0.9335607335503905,-0.9337213640461248,-0.9340424042209576,-0.9350037468749931,-0.9365999826629584,-0.939769376663473,-0.9490814345328599,-0.963870088739615
synthetic_cell_01283,0,6,6,1,7,0.5042131360636628,0.3556314482965104,0.020374879194981,0.2525484305855457,0.3805391856777866,-0.6660551655916429,0,0.2063431080585178,-0.6429298972399335,0.1657098129335108,1.0129409958974391,0.214159681976766,0.6244753928000577,-0.2547907921474681,-0.6631922519121402,1.038272929382437,0.0,-0.3745583509259619,-0.4215634533536559,0.7546188969041182,-0.3780825554169706,-0.3745583509259619,-0.3745653932685905,-0.3745935628840313,-0.374628775454336,-0.3749104980410676,-0.3752627062583018,-0.3759673054585969,-0.3780825554169705,-0.3816127475840398,-0.38869054073602,-0.4100528270586394,-0.44601240061983666
synthetic_cell_01284,0,7,5,0,21,0.5703013085317475,0.3869318310402682,-0.013867548132294,0.0171171675592111,0.7323279688756449,-0.0625205668164544,1,1.3341063671752385,-0.1179519646137201,0.2664492037763539,0.0876911879527288,0.831675339559711,-0.0474357593678222,0.7778970847934594,1.017240872845717,-1.031987718918947,1.0,0.9257401005770176,0.6689133633957768,0.02527922603112,0.9277710909317592,0.9257401005770176,0.9257441684798033,0.9257604398557946,0.9257807785465914,0.9259434668856373,0.9261467742459825,0.9265532114537891,0.9277710909317589,0.9297960357445634,0.9338271147701787,0.9457575791669294,0.9650155173598375
synthetic_cell_01285,0,7,7,1,14,0.052572293803928,-0.0825496590671552,0.2100063274798395,0.7585221679608374,0.4338756183097849,-0.4682566702916054,0,-1.4591468120414226,0.3963222362750371,-0.1930552093504225,0.2287486803740133,-0.4483992927586727,1.092286185077717,-0.2970495020443268,-0.6081744503331049,0.3779969493868754,0.0,-0.874324581018567,-0.6142941707256095,0.7859033881057267,-0.8761313139575791,-0.874324581018567,-0.8743282004266234,-0.8743426778227317,-0.8743607740365107,-0.874505522474266,-0.8746864047519948,-0.8750479911537314,-0.876131313957579,-0.8779319892945151,-0.8815145422309589,-0.8921004361064692,-0.9091270793655556
synthetic_cell_01286,0,7,1,0,14,0.6351322408894667,0.2179010763200867,0.20021221746282,-0.8142427091269743,0.6776829657857109,-1.889468584433577,0,-0.8458407971446907,-1.4472624561971856,-1.5769310686868956,1.2245065616737458,-1.3502913986536742,0.0984429166994967,-0.6602192063549555,-2.0624026623114986,1.7133237152832674,0.0,-1.7125422588597243,-1.8775124720045937,-0.7551955507765675,-1.7114684149822397,-1.7125422588597243,-1.7125401372550915,-1.712531649793628,-1.7125210381200864,-1.7124360508410892,-1.7123295819083537,-1.7121158605478506,-1.7114684149822394,-1.710368310927033,-1.7080885787378466,-1.7006000968180037,-1.685872059754606
synthetic_cell_01287,0,7,0,1,21,0.1717588595789129,0.1992777855323174,-0.2446222583042432,-0.977444324637006,-1.1889138177503504,1.2140290388560102,1,1.991753737594685,0.7775292910747996,0.8185336335659461,0.105912455562913,1.165957611094628,-0.2887877045168758,0.9225682266815598,1.5586938370097496,-1.7201156941260165,1.0,1.660642621626427,1.5110194268812631,2.442802469203757,1.66014808284896,1.660642621626427,1.660641656129405,1.660637793198794,1.660632962414735,1.6605942312873583,1.6605456051290255,1.660447644569968,1.6601480828489596,1.659629786037722,1.658521140345252,1.654604999868899,1.6460222049908753
synthetic_cell_01288,0,11,4,3,14,0.3782658597923063,0.1582831875216601,-0.1275266227100304,1.0581438799852527,-0.9483704340607968,-0.927405234930142,0,0.2331404785053547,0.3021355260381034,-0.0940417239918016,-0.0303079029259191,-1.1585217454457566,0.2665989039522172,0.277529909198592,0.153004213115685,-0.0499909600153486,0.0,-0.1804512265061353,0.2534278297728736,-0.9474958158689032,-0.1846424898021558,-0.1804512265061353,-0.1804595983023101,-0.18049308591877114,-0.18053494641073553,-0.18086986918702913,-0.18128861968634155,-0.18212644363044334,-0.1846424898021558,-0.18884441911014932,-0.1972797490194022,-0.22282754133177265,-0.2661405862491733
synthetic_cell_01289,0,6,7,0,14,0.3281990526839199,0.2404157677525715,0.284809895286104,-0.4895516150702474,-0.5330948857567839,0.1597813356010312,0,-0.3076237510296101,-0.5633069747273147,0.2530178105073223,0.9521464821414674,-0.4639981334123479,0.0548616618722832,0.0250309016825918,-0.390461139175648,0.6667857995450868,0.0,-0.46168918759612,-0.5775347792885323,-0.6801185528082374,-0.4649139626253682,-0.46168918759612,-0.46169563317343076,-0.46172141564373353,-0.46175364409391356,-0.46201148617115123,-0.4623338248782955,-0.4629786221345467,-0.4649139626253682,-0.4681426253185138,-0.47461104715645697,-0.4940945428892668,-0.526753289066559
synthetic_cell_01290,0,5,7,1,21,0.2441698942709783,0.4437498128753694,0.1980447463085497,-0.729515961807047,0.6129038629815994,-0.2333001606297242,1,-0.24166834968498,0.0876666196004793,0.4272740176303624,-0.5466610167926457,0.481735261693334,-0.1297814027552606,0.1548544334881273,0.2226055159859901,0.2283232740564332,1.0,0.4163201367851922,0.2961845390018394,2.766201398175273,0.4201017742288122,0.4163201367851922,0.4163276937416611,0.4163579218227208,0.41639570749812066,0.416698015847104,0.41707595856423046,0.41783203437684924,0.4201017742288122,0.423889644081231,0.43148347912521984,0.4543984981390275,0.4929550845563009
synthetic_cell_01291,0,3,5,0,14,0.3138941211473666,0.2697291874046919,-0.0372893744572562,0.0582591114280724,-0.7306236658315503,-0.5406789134625882,1,2.0091852035114486,0.6398908637700592,1.3341744426618487,-0.2793554488693496,1.1167517952924886,-0.2292552073072654,0.7205916376361022,1.746595296652698,-1.7249054430066295,1.0,1.7171586697515535,1.7654208159374605,-0.6496998378799216,1.7164699107586303,1.7171586697515535,1.717157317172085,1.7171519058572895,1.7171451394706005,1.7170909186259737,1.7170229180792584,1.7168861679288612,1.7164699107586303,1.7157560315920444,1.714252126771735,1.7091173383006117,1.6983935136056967
synthetic_cell_01292,0,6,7,1,14,0.0264916497194144,-0.1554725459864338,0.1320632369699644,-0.325355352882188,0.5501610906231281,0.3147597789504683,0,-0.5261015923380257,-0.8270317954473811,-0.4231260396971202,0.177745914203198,-0.44740702211835,0.7391403216403167,-0.4082385043715606,-0.4736359629669212,0.4109803018313847,0.0,-0.8760623009744389,-0.7367487296597695,1.4056587651176895,-0.8778630621522359,-0.8760623009744389,-0.8760659084807273,-0.8760803382680912,-0.876098374967176,-0.876242647136833,-0.8764229337030346,-0.8767833274267764,-0.8778630621522358,-0.8796577238457346,-0.8832281236027368,-0.8937765472550107,-0.9107373594738466
synthetic_cell_01293,0,2,2,1,21,0.0844549148549814,0.1158333921321808,0.1490679180031297,1.0208443160848724,-1.435556822493421,0.5369007328453282,1,-0.5284849646670644,-0.470971997898241,-0.8446433787723218,0.0385268468671099,-0.4453349737017446,0.5309384267811406,-0.2412340715902955,-0.6139028337047792,-0.2144015230970357,1.0,-0.7397850298710769,-0.6821262748260849,2.271029866284984,-0.7320303794159926,-0.7397850298710769,-0.7397695546678241,-0.7397076524868355,-0.7396302716827086,-0.7390111021458449,-0.7382368325224207,-0.7366872679849453,-0.7320303794159925,-0.7242416323078907,-0.7085622864218873,-0.6607183261634704,-0.57836434563624
synthetic_cell_01294,0,10,0,1,14,0.1999858673404976,0.2450860550421173,-0.1609862972813025,-0.1030354902054395,-0.2454424290341353,-0.7589686314861979,1,-0.1507022774946701,0.1623389644338448,-0.6060243989372889,1.073945010353825,-0.3157861647286407,0.6616136563754806,0.5325099739605883,-0.1967116625593064,-0.3557136582586085,1.0,-0.4111668600699215,-0.5324897292545809,2.0512259713963616,-0.4045415223297002,-0.4111668600699215,-0.4111536355959633,-0.4111007366484597,-0.4110346105978887,-0.41050550755899184,-0.4098438922392996,-0.40851987362968684,-0.40454152232970014,-0.39789000823402754,-0.38450893576764306,-0.34375092519888767,-0.2738461749922005
synthetic_cell_01295,0,5,0,0,14,0.1736744768820372,0.1850530470337975,-0.190004473225124,-0.7632676714465074,-1.825479541856674,0.1765414107918871,1,-0.1208691224995862,0.7969916897809635,0.783613952309316,0.066214283844786,0.8832086263042656,-0.442837462542088,0.2728904553821751,0.93848194104634,-1.2662388470878383,1.0,0.8326453360967734,0.54322244286067,-0.9798617933242902,0.8349962512483643,0.8326453360967734,0.8326500416122442,0.8326688635285824,0.8326923905964314,0.8328805940170716,0.8331158153944657,0.8335861478672436,0.8349962512483642,0.837343364611725,0.8420255251732153,0.8559633795383207,0.8787480800078021
synthetic_cell_01296,0,2,0,3,7,0.4593666792935382,0.2084810286458615,-0.0868078215561039,2.3430760285808265,0.6329757582022003,0.1450205498703791,1,-0.3705372352961117,-0.7593410350290623,-0.594714328658318,0.5532520354565591,0.1036681774499975,0.0334710914941841,0.6052518828940443,0.3518569939815323,-0.8475967432247373,1.0,-0.287695445338837,-0.8238931805051549,-0.5779876151453457,-0.2814944232676558,-0.287695445338837,-0.287683066529409,-0.28763355035887184,-0.28757165304691507,-0.28707639061376017,-0.2864571027961222,-0.2852178283588018,-0.2814944232676557,-0.27527020072743347,-0.262752656503358,-0.2246570435537762,-0.1594298316612994
synthetic_cell_01297,0,3,1,3,21,0.3459581508176887,0.2926347715227613,0.1485192411208933,-0.000190894739574,1.0587848645858635,-0.1189875605812773,1,0.6438225640593365,0.4145636065554273,0.677740358341778,-0.4473464860988799,0.2883044480700343,0.3515236977552344,-0.0538274794171015,0.7899074761391177,-1.2151093090199778,1.0,0.5426487622646775,0.886117583886595,0.5110197265242659,0.5459962650921519,0.5426487622646775,0.542655453987376,0.5426822210117578,0.5427156800927162,0.5429833647418085,0.5433180004703002,0.5439873710740541,0.5459962650921518,0.5493469555780218,0.5560572797612077,0.5762482915022179,0.6100190982542238
synthetic_cell_01298,0,9,7,0,14,0.0823153774780192,0.1745621979720427,0.16711868751544,-0.0845884457130769,0.7499582600202432,-0.626452497124132,0,-0.108682491192587,0.0894372863424922,0.3987554342167422,-0.1144967753412063,0.4736504909272925,0.5827803184781977,0.6971950660509242,0.333398695416662,-0.8604847527956622,0.0,0.30667076089475,0.1987229537042988,-1.1417463400568892,0.3008054786167787,0.30667076089475,0.3066590527653234,0.30661221934698235,0.3065536755476918,0.30608524411144034,0.30549950227273753,0.30432734386168553,0.30080547861677864,0.29491778979802014,0.28307565034919474,0.24702411170551467,0.18525714557303372
synthetic_cell_01299,0,3,2,3,14,0.1890204397401135,0.1424959610671221,-0.0141333087775519,-1.0831311950348064,-0.0576613535047763,-1.3274616686294716,0,-1.109357760216526,-1.1353309163401677,-1.422902215890213,0.124670428613837,-0.9414611753638252,0.6068040448122187,-0.5022255371310769,-1.0696954339308238,1.271564745597867,0.0,-1.4514062358741573,-1.4396233885002157,-0.3218008689553758,-1.4512297989515126,-1.4514062358741573,-1.45140590280878,-1.451404569755692,-1.4514029016581704,-1.4513894856106044,-1.451372537281269,-1.4513380457139275,-1.4512297989515124,-1.4510333957058301,-1.4505799836525508,-1.4487223429066869,-1.4438870713501544
synthetic_cell_01300,0,0,3,2,14,0.1192117284713376,0.310173189750978,0.1140067225993097,-0.8363473700843334,0.9082824212495196,-0.0373331096199182,1,0.31028541412755,0.5646069938674015,1.1273104015923134,0.1424617112151945,0.9781871148612348,-0.5646116281698154,0.1015143834124367,1.0555003006419947,-0.44092368544328,1.0,0.9727587233113872,0.7339304538409357,-0.5480805589777618,0.9746281318262644,0.9727587233113872,0.9727624691802708,0.9727774523753957,0.9727961807382799,0.9729459823806119,0.9731331711854622,0.9735073373265234,0.9746281318262643,0.9764903615645956,0.9801926040839308,0.9911092122006879,1.0085859169817946
synthetic_cell_01301,0,3,2,0,14,0.197584671537476,0.046494626490742,0.0502718339151408,1.4815285227218964,0.6147833728850497,0.6627141479917102,1,1.7849215409658663,1.5819582640727534,1.0299791752561125,-1.452563644408018,0.7214170312180169,-0.1639239101378445,1.2019978075844924,1.9999949575840168,-1.9438602910024028,1.0,2.0288539613477976,2.353704688814782,-0.425455152300457,2.0270940459541937,2.0288539613477976,2.0288504739450355,2.028836523037045,2.028819081483814,2.028679432303426,2.0285045788213645,2.028153897701186,2.0270940459541937,2.0253014979616064,2.021617674105994,2.009761841706923,1.9872298857779422
synthetic_cell_01302,0,2,7,3,21,0.6608078570941969,0.5908123866635085,0.1989843910685663,1.2539894990831726,0.0214089998069234,-0.4924242867441472,1,0.1543644333752907,-0.0052830704033683,0.0839207261305945,0.5582528388995149,0.4164354461773489,-0.4911468059747859,-0.2768175561847709,0.3120125151642947,0.2911167078360143,1.0,0.2110086427725222,-0.0548559398571048,0.1635191674044554,0.2154958433955498,0.2110086427725222,0.21101760592206423,0.2110534589730362,0.21109827630547645,0.21145685569774778,0.21190518169106423,0.21280217232724846,0.21549584339554978,0.2199942248090416,0.22902395717336763,0.2563660805014721,0.30270059982478403
synthetic_cell_01303,0,7,4,1,14,0.4384788240533654,0.3768926904611579,-0.0879072058386563,0.7782275985833428,0.8690965718059676,-0.3568545907712176,0,-0.7950232659533201,-1.291735073691844,-0.1868628561076821,0.5844139346164124,-0.4716458435961653,-0.1376858759412426,-1.435642439298555,-1.0323756895012717,0.7113086686781719,0.0,-1.126738782193054,-1.1146570231331192,0.9803807095539936,-1.1276780811524696,-1.126738782193054,-1.1267406727982345,-1.1267482347398825,-1.126757686088924,-1.126833253741117,-1.126927605361997,-1.1271159481623707,-1.1276780811524694,-1.1286052388669465,-1.1304224699112844,-1.1355655900912298,-1.1430298816139575
synthetic_cell_01304,0,4,0,0,14,0.2040084577162195,0.128002108661467,-0.118139294386648,-0.6914777806171288,0.1339933056889241,-1.6923413350109844,1,0.7396033231204175,0.5819320195633885,-1.0482363175385527,0.4167313826007606,0.66982261877638,-0.2765531630499284,0.018465193987787,0.7991673194862019,-1.1029749743011743,1.0,0.4375200108442296,0.1348538128414516,-0.9603224265898572,0.4412287938643013,0.4375200108442296,0.4375274226012483,0.4375570698641014,0.43759412947082993,0.4378906274338112,0.4382613025763761,0.43900282792981565,0.44122879386430125,0.44494329833752067,0.45238886675620804,0.47484675571813695,0.512600215165629
synthetic_cell_01305,0,1,2,0,7,0.1424868679563074,0.1697954382569094,0.0781250216395763,0.7275240497217463,1.3090238125596247,0.0068393280170405,1,0.3703566139692072,1.212990062206948,1.297556401013721,-0.654036291211817,0.4578665110219704,-0.1560965062094139,1.2654551315266442,0.452467540030275,-0.3656129966603721,1.0,1.352281458785754,1.3580622930427568,-0.817879700713706,1.3528466185093666,1.352281458785754,1.3522826052763401,1.3522871905929716,1.3522929207857934,1.3523387041880395,1.3523957879851807,1.352509470028332,1.3528466185093664,1.3533954522659413,1.354443407544831,1.357176417623533,1.3602754452705297
synthetic_cell_01306,0,2,1,1,14,0.2608291909202573,-0.0228328535148998,0.0916728342482803,-0.1686032356017917,0.2756709792945252,0.0102625431224931,0,-1.318316486546775,-1.7073954694130764,-1.165937975035699,0.7090400643749851,0.105201515101636,0.6743905092441164,-0.1485586218799909,-0.9336232002162582,0.5512175181335901,0.0,-1.3172491218958935,-1.8885169131036192,1.372553354700628,-1.3175337225801975,-1.3172491218958935,-1.317249707682163,-1.3172520501647935,-1.3172549767774686,-1.3172783300340487,-1.3173073723943791,-1.3173649590915169,-1.317533722580197,-1.317801590372725,-1.31828643967394,-1.3193216108524302,-1.3195686900742047
synthetic_cell_01307,0,5,0,3,14,0.2214667286098746,0.1967290721557049,-0.2078835654682462,-1.3022678345565393,-0.0941576308599899,-0.6190680129213934,1,0.8162784501863288,-1.0006649477645562,1.3916991214326797,0.0912025489374468,0.7454539870714001,-0.6126008343896147,0.5365213587390367,1.2256488147941025,-1.2396918586850292,1.0,0.83183101371753,0.4361152391509886,-0.3476619521861272,0.8341847273285531,0.83183101371753,0.8318357248103528,0.8318545690368833,0.831878123994236,0.8320665506014546,0.8323020511384602,0.832772942518546,0.834184727328553,0.8365346587780013,0.8412225145068658,0.8551779279966356,0.8779934779071582
synthetic_cell_01308,0,10,2,0,14,0.4264908478188282,0.3290635236839265,-0.003377457318725,-1.0126344443521365,0.2301394043616371,-0.1305376609854847,0,0.0724985431475968,-0.5445381644434483,0.1082282820444992,1.769285965793003,0.2264914417727571,0.0026879172038192,-0.0513036122646231,-0.8741474205015344,0.4957190093549168,0.0,-0.3102139173530899,-0.7256038412399389,-0.6837475560364473,-0.3139592446962174,-0.3102139173530899,-0.3102214003953355,-0.31025133287117834,-0.31028874915633836,-0.3105881070363318,-0.31096237330765225,-0.3117111350841729,-0.3139592446962173,-0.31771211053367254,-0.32523991258647056,-0.3479896493333407,-0.38638681992052804
synthetic_cell_01309,0,2,1,0,7,0.3907917396101308,0.2328242345215731,0.1583565604501317,1.1885723003755582,-0.3367871881186032,-0.139895091936309,1,1.4358303679953544,-0.169150090193445,1.1279705091661594,-0.072000654956914,0.8228442063532088,-0.5002593106974871,0.082510948239285,1.7265863784266682,-2.1282426891494977,1.0,1.0848848098746864,1.0317256873166936,-0.4810665230450413,1.0863688915060856,1.0848848098746864,1.084887787784002,1.0848996990329296,1.0849145872202317,1.085033657743972,1.0851824083631931,1.0854796171581442,1.0863688915060854,1.0878430919176407,1.0907611525868055,1.0992600008798532,1.1124889689110034
synthetic_cell_01310,0,11,7,2,7,0.23276656366891,0.2851049397203378,0.2801112761921505,0.1290648025796135,0.0487941773160323,-0.3660126137689645,0,0.0591472699728363,-0.3635727754683785,-0.5240879575030439,0.7558894931156238,-0.179467890317969,0.1873371880802799,-0.2267554822477807,-0.3428241047881334,0.9026672824078668,0.0,-0.4263052736263008,-0.5116210257807565,-0.995185849186296,-0.4296516472390111,-0.4263052736263008,-0.4263119615505632,-0.42633871344273117,-0.4263721537468747,-0.42663969372127236,-0.42697416246429987,-0.4276432453457573,-0.42965164723901106,-0.43300276133251536,-0.43971864942896793,-0.45996512377116255,-0.4939643390251315
synthetic_cell_01311,0,2,3,2,21,0.3900768140170462,0.6400223564282372,0.1669178013118552,-0.0574804906963871,-0.6347363695602333,-0.5930156782837838,0,-1.7918809940441405,-1.2293069640234011,-1.565298104761359,2.14006275445794,-0.792587646331779,0.8337148140577535,-0.7155602925406043,-2.1817605901766,2.0720146755298128,0.0,-2.1457682654423267,-2.5418966596003423,0.4983233614685941,-2.143205618806495,-2.1457682654423267,-2.145763176641861,-2.145742819980068,-2.1457173708678634,-2.14551364654744,-2.14525866247277,-2.144747597962654,-2.1432056188064945,-2.1406062704556152,-2.1352966637582154,-2.1184665873405546,-2.087326401368716
synthetic_cell_01312,0,1,4,0,14,0.5012321781047453,0.3210622183436323,-0.1648081200718437,0.3132581344274289,0.618072278569561,-0.4297718283378208,0,0.2101167261555966,0.3285316261651546,-1.009671444223986,0.2174291715558059,-1.3957630965670305,0.3427579711854935,-0.3022421956645721,-1.0348179230606849,1.1950608021388174,0.0,-0.6444664513245979,-0.131322209111405,-1.067663571908498,-0.6470631031796428,-0.6444664513245979,-0.6444716450473866,-0.644492419923672,-0.6445183884854835,-0.6447261356210386,-0.6449858160600906,-0.6455051647826691,-0.6470631031796427,-0.6496592374329906,-0.6548493607301317,-0.6703916547455269,-0.6961261451676021
synthetic_cell_01313,0,1,3,3,7,0.8194127869845418,0.3658207142656439,0.1285373390783519,-0.3471537322170356,0.2853622568279846,0.3197912114122645,0,-0.1536612277212428,-0.6606608281592825,-0.1882285248109561,0.1727901554695531,0.4871959175003714,0.5628039273888082,0.1186096681616657,-0.2409703415022206,0.2049431212481332,0.0,-0.2005607480233057,-0.4183730109696884,-1.0457775392604642,-0.204682903946618,-0.2005607480233057,-0.20056898208793267,-0.20060191875884617,-0.20064309052532425,-0.2009725017555584,-0.20138435846641636,-0.20220838031098048,-0.20468290394661798,-0.20881524120573808,-0.21710993014309302,-0.24222410352976603,-0.28477532792715504
synthetic_cell_01314,0,5,3,3,14,0.3938156780033101,0.3004619131906973,0.1158148325671748,-0.9511800178602152,0.7338694809747477,1.372478435233761,1,0.4762850150320762,0.0218382613086015,1.258224420366487,0.0089520189527491,-0.5921305700761255,-0.0164659679279977,0.7838072652449146,0.441121141001374,-0.5948571141939079,1.0,0.4572778159862196,0.6793685766925244,-0.7498478085421474,0.4609187003244316,0.4572778159862196,0.457285092420621,0.45731419837398735,0.45735058130106715,0.45764166411516083,0.4580055660419206,0.4587335306951227,0.4609187003244316,0.46456482991663267,0.47187221717992217,0.49390407122935986,0.5309090344297033
synthetic_cell_01315,0,8,7,0,21,0.2577692974185512,0.198590039855795,0.1990402068859111,-1.190107695902793,0.2587905889594956,-0.4907927701482747,0,-0.7892990305538781,0.2922205216055965,-1.0002894595845762,0.2128518441063553,-1.326565097888047,0.8747992346095351,-0.3155022347859921,-1.0532210712073549,0.9370032587181328,0.0,-1.0759647397247514,-0.6041543835075349,0.5047938813243124,-1.0770785262110714,-1.0759647397247514,-1.0759669780849719,-1.0759759310956518,-1.0759871213909462,-1.076076605011923,-1.0761883625918387,-1.0764115539781163,-1.0770785262110711,-1.0781813951995303,-1.0803537272179933,-1.0865916812919036,-1.0959794749428777
synthetic_cell_01316,0,3,5,3,14,0.23685834790753,0.0979834423067981,-0.0442272709478703,-0.145983860914108,0.3404755474147844,0.140711667638512,1,0.7291890697110166,1.4737509057375722,0.783786555045447,0.3749146428050567,0.8183556021843508,-0.3814571946054677,0.3493762803083332,0.6508100888554008,-1.0210049420812843,1.0,1.181421347348311,1.1044267168321962,-0.1375631780847811,1.1825736763584729,1.181421347348311,1.1814236640719928,1.1814329304854654,1.181444512419376,1.1815371245526343,1.1816527812731816,1.1818837325543428,1.1825736763584727,1.183713797442074,1.1859567056745006,1.1923739495079833,1.2019457686052077
synthetic_cell_01317,0,3,3,3,14,0.2931871200894688,0.1844653479872906,0.1394057200724351,0.8741497602056709,-1.2346701790108503,-0.1912045118790709,0,-0.9291369737126718,-0.2613778527661659,-1.6447923650835978,-0.0527254521822634,-0.7250665152403558,-0.2730971525769949,-0.2464749069752997,-1.1750707307504686,1.070793222892553,0.0,-0.8059113198149729,-1.0115912117624872,-0.5477066495415457,-0.8079531583349977,-0.8059113198149729,-0.805915407790337,-0.805931759521527,-0.8059521988023228,-0.8061156977031303,-0.806320032878523,-0.8067285744820539,-0.8079531583349976,-0.8099905881373844,-0.8140516063390594,-0.826112686225397,-0.8457310682377557
synthetic_cell_01318,0,10,1,1,7,0.0610199630887334,-0.0451706195803946,0.2208585056132584,-0.9818643101453336,-0.5860113970043994,-0.4206214583310478,1,1.1899250182154415,1.9143634681167927,0.5790483261743058,-1.1650356370104566,0.2486034827912536,-0.7960911874746518,0.962945443572514,1.785737249589775,-1.663488239392783,1.0,1.7659794455619258,1.966175466856038,1.9861655341176,1.7651229115402955,1.7659794455619258,1.7659777586054801,1.7659710097357835,1.7659625712997356,1.7658949698306963,1.7658102329285021,1.7656399748099187,1.7651229115402953,1.764240080675215,1.7623947355400318,1.7562072312029178,1.743633901099161
synthetic_cell_01319,0,1,2,2,7,0.4413439479567719,0.452726504547376,0.013323563673948,0.6108014499436546,-0.6962255745714101,-0.6948098155298754,0,-0.2715735870381074,-0.0382624179372599,-1.1385919138918794,0.2523659829516976,-0.5040970135413378,0.3571199543202582,-0.1011060596091083,-1.1667073794217897,1.6949551532060114,0.0,-0.5835890625305716,-0.5576154279301023,-1.045331121163583,-0.5863949225655973,-0.5835890625305716,-0.5835946732069404,-0.5836171159561422,-0.5836451694909435,-0.5838696016844714,-0.5841501516325094,-0.5847112833372938,-0.5863949225655972,-0.5892017322550872,-0.5948176168076263,-0.6116726018239284,-0.6397133452291196
synthetic_cell_01320,0,9,3,0,14,0.2848748862419772,-0.0604417435621554,0.067936038287896,0.7224611941990475,-0.4320689077374885,0.0530213881308637,1,1.403697596157094,0.908766845167317,1.0864724016496226,-0.4020606075255356,1.3071660075359075,-1.2071255605023528,0.9362975776229424,2.2433980258539976,-2.5365942482695063,1.0,1.970142816647398,1.556303323218731,-1.0039706158241666,1.968584665028008,1.970142816647398,1.970139731361455,1.9701273889772546,1.9701119582059137,1.9699884003670305,1.969833673779144,1.9695232888471377,1.9685846650280079,1.9669952958553598,1.963722083084892,1.9531322312547632,1.9328244632433287
synthetic_cell_01321,0,4,4,2,21,0.1314493288914864,0.4740407991202847,-0.1434443596580646,0.0902083147398074,-0.445038894258758,-0.0134864533713484,0,-0.5380986394966525,0.6633612600602742,0.3515107174846372,-0.4493490564114256,-0.0507448813721786,-0.3993048050992461,0.2004984861534887,-0.2576554911950974,-0.1910574516687098,0.0,0.3627102662751229,0.3343243247893148,0.9217893636950988,0.3566524014445831,0.3627102662751229,0.3626981743271251,0.36264980558055904,0.36258934249962066,0.3621055519552576,0.3615005990928189,0.3602899781638677,0.35665240144458304,0.3505707794189135,0.3383367136632067,0.3010768026522923,0.23718685984462706
synthetic_cell_01322,0,3,4,3,14,0.4201301323694604,0.1090838308798976,-0.1095622196371459,0.4970784264128467,0.947821291934676,-0.584158423488369,1,1.758936066021742,0.6737012551925228,-0.2779361344175317,-0.6768395036511984,0.0694570070258013,-0.3194227807157948,0.9419713997742594,1.0592651280281464,-0.8937514665177421,1.0,1.1672773914566548,1.2759970255007227,-0.2360386145128104,1.1684783268760013,1.1672773914566548,1.1672798050532998,1.1672894589722391,1.1673015253186152,1.1673980139769462,1.1675185194175262,1.1677591783531887,1.168478326876001,1.1696673952639347,1.172009222791949,1.1787314508565887,1.1888390935348567
synthetic_cell_01323,0,4,2,1,14,0.369835016995195,0.1590951678349942,-0.0525449506745805,0.9421427126589168,-0.0051698091102621,-0.9255550106142494,1,0.1976371536076064,1.5998641293124,0.7053461671817068,-0.3861655624828944,0.3118178854297497,-0.1327936991987818,-0.6106918438919097,0.8086808228186981,-0.7148614930242873,1.0,0.7100102513698556,1.1489582882170175,1.4701326558938526,0.7127826081007548,0.7100102513698556,0.7100157968217726,0.710037978601937,0.7100657057651633,0.7102875205731954,0.7105647827485507,0.7111192853814571,0.7127826081007548,0.7155541187727545,0.7210939584933466,0.7376761768054855,0.7651067324206777
synthetic_cell_01324,0,4,4,2,21,0.57071825155043,0.6957876440599587,0.0121813678665043,-1.222940347447622,1.0228162386571928,-0.2808076928359203,0,-0.6332437852784357,-0.8584396517414461,-0.6211151717041741,0.0477331021880453,-0.3806876423699699,0.9082934760835816,0.0119999800694026,-1.4955193658966686,1.2612769538664714,0.0,-0.8495392114468641,-0.8184178658535812,-0.1962972293613938,-0.8514311205434113,-0.8495392114468641,-0.8495430006116852,-0.8495581570587097,-0.8495771021398123,-0.8497286436634143,-0.8499180226671563,-0.8502966204203373,-0.8514311205434113,-0.8533175694105184,-0.8570734650325371,-0.8681938025206177,-0.8861594041293434
synthetic_cell_01325,0,8,3,0,14,0.4955793724367776,0.3466581767288775,0.0632058603988561,1.0094824903267263,-1.2323105219761694,-2.1567069269878543,0,7.86070973751718e-05,0.6970582547003009,0.6564815167988025,1.2386894762344711,0.2894587330860317,0.6282786889046136,0.0176339431160376,0.1055834785676745,0.1708287888879235,0.0,0.0515495063329366,0.1089646645065872,-1.4297434583425344,0.0465609609584139,0.05154950633293657,0.05153954554718745,0.05149970174911982,0.05144989552769551,0.05105138681656073,0.050553103645518446,0.049556046812423774,0.046560960958413874,0.041556157930893386,0.03149827282958038,0.000947879711974489,-0.05115418183039271
synthetic_cell_01326,0,8,5,0,7,0.2630888254880875,0.0004818637730334,-0.1179725916823636,0.6207972054961075,-1.220435823764526,0.0153818890199654,0,-1.153294828516774,-1.139120110552897,-1.2567521423191514,0.531096067995837,-0.3933113992944922,0.5070312406698938,-0.4568863536984824,-0.8661399989303294,1.091155906206314,0.0,-1.2962571334883568,-1.5488209631359169,-0.2014433141488076,-1.296613874186809,-1.2962571334883568,-1.296257863050253,-1.296260780655595,-1.296264426217123,-1.296293532883146,-1.296329771552309,-1.2964017660270386,-1.2966138741868087,-1.2969543879387129,-1.2975860499648941,-1.2990738685847347,-1.3001161993251023
synthetic_cell_01327,0,11,2,0,21,0.3426548427649887,0.2837745287040288,0.0832388707284768,0.6022528895253791,-0.5437255455894502,0.1415073058475817,0,-0.1475152107791194,-0.5567257971672253,-1.1874726627160952,1.4308515986096384,-0.3274415189196475,0.1774956891088087,0.1321322931077717,-0.6068199904604166,1.4459148900531538,0.0,-0.7412565457825693,-1.1371050094408823,-0.1675324303485621,-0.7435205736551658,-0.7412565457825693,-0.7412610765830944,-0.7412791996771609,-0.7413018533015774,-0.7414830725526549,-0.7417095721706162,-0.7421624893514585,-0.7435205736551657,-0.7457817511081627,-0.7502949486543333,-0.763750170794787,-0.7858179066384907
synthetic_cell_01328,0,6,0,0,7,0.4598329674937172,0.2042917485341591,-0.165740885992822,-0.1078031666704082,-0.3136744351917808,-0.002823496508762,0,0.3280842249001503,-0.4017565897595635,0.4209788104806837,0.1967141978186279,0.3108419053534313,-0.5567101359138011,0.8001422966249698,0.2815878957884833,-0.1830813831608681,0.0,0.5496605239725492,0.1002189673632193,-1.2542289837381402,0.5429601952661005,0.5496605239725492,0.549647151588896,0.549593660919762,0.5495267950307291,0.548991765825354,0.5483227241417582,0.5469837905593647,0.5429601952661004,0.5362316035221576,0.5226900543478775,0.4813989599081381,0.41042667342492856
synthetic_cell_01329,0,10,0,3,7,0.2106924586155552,-0.065897328204631,-0.1474272634217723,0.1488428012251943,-1.1405941849716346,1.0789896553599134,1,1.6416310146050686,1.4294706993825292,0.3764567799263747,0.8266330189602581,1.621193777970815,-0.8231049888268642,0.2757876353032933,1.6202718640843876,-1.8614753799833963,1.0,1.6355961975088888,1.218805120981466,-0.441348411097259,1.6351877320159116,1.6355961975088888,1.635595403556613,1.6355922268290943,1.6355882538531443,1.6355563873605148,1.6355163474208672,1.6354355773871259,1.6351877320159114,1.6347561121536902,1.6338226348971003,1.6304465671176105,1.6228126202680873
synthetic_cell_01330,0,1,2,0,7,0.2464226275217467,0.2288795488813838,0.0308739483139686,-0.4836098452200744,1.1815609179485205,0.5228228542144326,0,0.0978735833001106,-0.7817200377732196,-0.5438852429718765,-0.4836152955716117,-0.316245121401388,0.4679918707768238,-1.2049162877641204,-0.3055140263243365,0.3872312995590384,0.0,-0.6663591145376258,-0.2385645977107949,-0.779828687348804,-0.6688805311646744,-0.6663591145376258,-0.666364158316002,-0.6663843333935645,-0.666409552159559,-0.6666112990319273,-0.6668634743998733,-0.6673677971698674,-0.6688805311646743,-0.671400902536892,-0.6764379140143866,-0.6915081394579372,-0.7164132575819621
synthetic_cell_01331,0,7,4,2,14,0.5366745991498096,0.4761786899038684,0.0208331836367272,0.2435340263479961,1.2450168010839984,-0.7564656918183766,0,-0.6879066050053504,-0.230608167861436,-0.5709948566313359,0.114870544780985,-0.1748151646206102,-0.1329006306497402,0.1441447712856545,-0.5546340598106082,-0.0498205947279336,0.0,-0.3187451626537396,-0.5955977102967277,-1.134665276538542,-0.3224611719472975,-0.3187451626537396,-0.3187525872648774,-0.3187822860080772,-0.31881941010895715,-0.3191164297756131,-0.31948777143232726,-0.32023067781856834,-0.32246117194729756,-0.32618451411660354,-0.33365265077012496,-0.35621842941441323,-0.3942924059501787
synthetic_cell_01332,0,7,3,1,7,0.3166718630401906,0.1410488451153211,0.1659011996569602,-0.4024928262278868,0.6669022812313311,0.3899844500132235,0,-0.3624010607049933,0.2109942902266073,-0.0724548415791275,0.4617066390716213,-0.2880252400266321,0.5587333803029673,0.5627899441103251,-0.5205328169597748,0.1955157651774872,0.0,-0.2009201777347497,-0.2235990960891952,1.1637299056049084,-0.205041098459949,-0.2009201777347497,-0.20092840933761694,-0.2009613361611455,-0.201002495617614,-0.20133180833663253,-0.2017435418306157,-0.20256731698185848,-0.205041098459949,-0.20917219185804417,-0.21746436703375124,-0.2425707900855788,-0.28510839800137
synthetic_cell_01333,0,3,5,2,14,0.0735441518534284,0.2715516035415395,-0.0243355185286033,-1.3572426004926563,-0.9394949372331608,-1.1152002653498383,0,-1.2286357660123908,-1.4665393881100883,-1.3703699937517977,0.5639816028156454,-1.086423167125464,1.153471683316827,-0.7257272735559881,-2.340561597859047,1.9990505419762787,0.0,-1.8970789273300932,-1.7652686826593544,-0.6562717404457133,-1.8953709139963424,-1.8970789273300932,-1.8970755418206497,-1.897061998562321,-1.89704506674304,-1.8969095023109728,-1.8967397719648103,-1.8963993945093627,-1.895370913996342,-1.89363219281441,-1.8900618572470016,-1.8785942358003638,-1.8568752904443313
synthetic_cell_01334,0,9,5,2,14,0.1630323853140534,0.3352694281114834,-0.0720696607146217,-0.6324654557262752,0.051964132844049,0.6325262079906593,1,2.5285571157202966,1.7485476126186716,1.9273098544142369,-0.642648061397834,1.0243724519594508,-0.5737885411491105,0.6789356073702353,2.334477442526325,-2.1393180366991498,1.0,2.3911514157319145,2.776349439881023,-0.8598086922183279,2.388146447083812,2.3911514157319145,2.391145446928034,2.3911215700668476,2.3910917202874815,2.3908527739107197,2.390553720456721,2.3899543777498717,2.3881464470838116,2.3851001138069416,2.3788824720254653,2.3592144680230662,2.3229573901481397
synthetic_cell_01335,0,6,6,2,21,0.2546489558805161,0.3952575469654614,0.0289185209871108,0.356407847068461,0.6059885239031293,0.4997876785641854,1,1.20165992230623,0.1200051069584101,1.149576969832921,-0.1574969988766044,0.6194479702590601,0.1632154430475318,0.027148443044819,0.5282261755538331,-0.5041591032445609,1.0,0.8463176234425603,1.0776318752779956,0.0806035135550713,0.8486215530974266,0.8463176234425603,0.8463222353155595,0.8463406826488511,0.846363741458281,0.8465481976270842,0.8467787319781575,0.847239680524486,0.8486215530974265,0.8509213514369879,0.8555078914349189,0.8691509320947035,0.8914176774727809
synthetic_cell_01336,0,9,1,3,21,0.4455467771463413,0.4837489525861772,0.106711599836293,-0.4516674315606689,0.1897571642028167,-0.9055460296754964,0,-0.5501691933035162,-0.6703676044189292,-0.6927642875823443,1.001081710334529,-0.2007025826109603,0.7255856122925097,0.8361316148854654,-0.5938820062026442,0.3965077899452187,0.0,-0.6499563140685376,-1.0587826299239884,-0.0389838018106642,-0.6525340997367147,-0.6499563140685376,-0.6499614701908647,-0.6499820946600191,-0.6500078752010274,-0.6502141176945477,-0.650471916141909,-0.6509874969164546,-0.6525340997367146,-0.6551112354874847,-0.6602629640554805,-0.6756868808940134,-0.7012133957018101
synthetic_cell_01337,0,6,5,3,14,0.2094277023967477,0.0090981563802177,-0.0102470304177729,0.570573829121529,0.1507688652554183,-0.2211383830374252,0,0.2413761580135561,-0.0258949396639939,-0.0346251683477542,0.4325543429043156,0.0528095580176148,0.0633976271559765,-0.1116348014383052,0.0899315558595537,-0.0002034733023758,0.0,0.0041901095375499,-0.0178415041192996,-0.6203864433856612,-0.0006356829100679,0.0041901095375498736,0.004180473119688879,0.0041419268387589084,0.0040937426163245106,0.003708214000045018,0.003226166205988651,0.002261614328720659,-0.0006356829100679448,-0.005476591562797633,-0.015203256869143476,-0.044732445641207895,-0.09504036403286457
synthetic_cell_01338,0,3,5,1,14,0.4012710682013547,0.2831400637819203,0.0088862476952307,-0.7716702248970356,-1.3021037187736642,-1.1338358310416046,0,-0.800667829615034,-0.1837797850482148,-0.2697823966392643,-1.3600319615289496,0.6357517087209683,0.3220151664778629,-0.4241356296911983,-0.440541855292034,0.222249353954793,0.0,-0.0259419186776162,-0.0170805088603893,1.0704109564933049,-0.030664160908858,-0.02594191867761623,-0.025951348719065816,-0.02598906946534697,-0.026036221704212402,-0.026413491841480747,-0.02688521000993954,-0.027829080875362427,-0.03066416090885805,-0.03540079310834575,-0.04491672253369016,-0.07379617840720755,-0.1229625879178955
synthetic_cell_01339,0,7,1,2,7,0.2413818105487365,0.3471498967782568,0.0906818439315888,0.1699789938814651,-0.2950104016071001,-0.7271275276845218,1,0.6019967023242475,0.5713606569400651,0.5369954350662723,0.1899333997527119,0.1455288320617833,0.0116233273855788,-0.3454455828081558,0.3293638916915533,-0.1297659094221465,1.0,0.4021326594004179,0.6627190967901717,-0.3510254574838465,0.4059630528170024,0.4021326594004179,0.40214031352793184,0.40217093030682743,0.40220920188524856,0.40251539868752045,0.40289820504437646,0.40366401838232047,0.40596305281700235,0.4098000205864804,0.417493079304512,0.4407140209976181,0.47980807974558287
synthetic_cell_01340,0,4,5,3,14,0.365946155345101,0.1732792194614743,0.0099660348475281,1.604530370801832,0.7255176650239922,-1.7742093283152305,0,0.6469728046985621,-0.9012841432163664,-0.3293028316128689,-0.2146058297479335,-0.3095218005044852,-0.4991428525236898,-0.5309159680585716,-0.02252120287619,-0.4917629776767597,0.0,-0.1006637223045439,-0.0566067575965118,-0.7681638575644045,-0.1051291793343941,-0.10066372230454393,-0.1006726405710285,-0.10070831414552697,-0.10075290725783657,-0.10110969790920638,-0.10155580053496319,-0.10244838635263355,-0.10512917933439402,-0.10960722540066752,-0.11860056919039211,-0.14586880879567468,-0.1922044894276737
synthetic_cell_01341,0,7,7,2,14,0.5280351061936209,0.5860963841810072,0.2023965940559982,-0.7465004817344696,0.2775122465262733,-0.5095468240861263,0,0.0316627815962182,0.4569180779484104,-1.052687722742154,-0.2924705865620968,-0.1503222815219305,-0.3797411477911196,-0.6307116146530738,-0.105672910048946,0.3035717342659758,0.0,-0.0674342979381898,0.0017219571208018,-0.6114660943804524,-0.0720139495406261,-0.06743429793818982,-0.06744344379537305,-0.06748002776465076,-0.0675257589424005,-0.06789165699609058,-0.06834915107250171,-0.06926454378899809,-0.0720139495406261,-0.07660699106925124,-0.08583273315520107,-0.11381749439840422,-0.1614120243435929
synthetic_cell_01342,0,8,2,1,7,0.233755055964753,0.0902455432203165,0.0610067540777863,0.2241230763291156,1.0212377374141104,-0.8709204319752902,0,-0.4792418385625433,-1.39784050561737,-0.6203053982233347,1.856870318093392,-0.1398950565407838,0.1061010968052689,-0.774462319359366,-0.8867162618396585,0.9788632151085463,0.0,-1.1744401485682183,-1.5959052863406968,1.9162367199700712,-1.1752155194052285,-1.1744401485682183,-1.1744417124633368,-1.1744479675188215,-1.174455785156851,-1.1745182789883837,-1.1745962780009485,-1.1747518811358741,-1.1752155194052285,-1.1759775993073232,-1.177461218906847,-1.1815757608968918,-1.187232954239478
synthetic_cell_01343,0,4,0,0,7,0.1945321372557763,0.0317406988636352,-0.1438029292171084,-0.9342067303367084,-0.9286363015861356,0.1768158569289717,0,-1.0431258979702474,-0.7954814174834544,-0.5578826661875719,0.6639291556565023,-0.2880211262596654,-0.4898234429421229,-1.199091646265212,-1.088754355606498,0.9633051844500344,0.0,-0.9426651566588476,-1.1765095416227345,-1.1337024874421775,-0.9442370338044072,-0.9426651566588476,-0.9426683079974247,-0.942680913049836,-0.942696668685986,-0.9428226865820898,-0.942980140879649,-0.9432948219670728,-0.944237033804407,-0.945801206215307,-0.948905802231199,-0.9580180774049726,-0.9724557354996076
synthetic_cell_01344,0,8,4,1,7,0.3548254433493047,0.1673784631228546,-0.0818577085588172,0.9911215017919284,0.2682017929602458,0.1533496164712188,1,0.2889040898885702,0.6398690397017116,0.7088049299393011,-0.2034565214098559,0.0364156180198942,-0.677144002448833,0.153401382388967,0.3256920356311213,-0.6576024515983236,1.0,0.7169304529966958,0.7385795642727521,0.7400418341468578,0.7196790281098854,0.7169304529966958,0.7169359510516581,0.7169579432373423,0.7169854333924814,0.7172053515362904,0.7174802413823967,0.7180299943591965,0.7196790281098854,0.7224265903746883,0.7279180319331611,0.7443510308622094,0.7715194245160917
synthetic_cell_01345,0,10,5,0,14,0.23029368792938,0.1601629930038457,-0.0279943610032469,0.3436059999421225,0.7872317501105792,0.2823140374516532,1,0.4538078043442057,0.1999682210283707,0.0431341659163423,0.3983362719400259,1.0542908305176577,-0.1292274401313943,0.1867474768833333,0.4455351353008295,-0.3280394666208995,1.0,0.5907836935881446,0.20957633273172,-0.6837202990313979,0.5939657783256653,0.5907836935881446,0.5907900556312636,0.590815503890996,0.5908473144118953,0.59110180641039,0.5914199408992312,0.592056274261756,0.5939657783256652,0.5971498905818979,0.6035235710752878,0.6226766557233444,0.6546239393059774
synthetic_cell_01346,0,5,4,1,7,0.6735105409080683,0.2403705817855091,-0.111227111285353,0.5442389824214172,-1.089547048033505,-0.5278203074957954,1,0.4218649063541435,0.3350084891388004,0.2202952593364279,-0.3687404151568941,0.077500486945827,-0.8760611572461374,0.6696816661041491,1.0182585151728183,-0.9073339174118288,1.0,0.8141069222095245,0.5744887315365131,0.4945958280995233,0.8165215455441684,0.8141069222095245,0.8141117546959148,0.8141310845137754,0.8141552464986764,0.8143485308617906,0.814590107432843,0.8150731636809492,0.8165215455441683,0.8189328139001865,0.8237446274991359,0.8380822232060261,0.8615692250254285
synthetic_cell_01347,0,1,7,0,14,0.2556858195747052,0.3444707844074519,0.1977887527333093,0.1193781846709628,0.1257395043509312,0.32353512942396,1,1.5606275298705237,0.3874494421876881,0.6891878593089058,-0.1060972610409603,0.3596890296288597,-0.3191339363095989,0.3659433912504459,0.473637830521799,-0.1823449713582058,1.0,1.0614315456648078,1.1845071341865647,-0.5111159494582882,1.0629962256072902,1.0614315456648078,1.0614346842072035,1.0614472380110265,1.0614629294427411,1.0615884279536332,1.061745218636955,1.0620585244975087,1.06299622560729,1.0645515895963946,1.0676336765388768,1.0766382444345566,1.09075570590505
synthetic_cell_01348,0,9,2,1,14,0.3943109388950606,0.2399191896422315,-0.0724368162722809,-0.2676625976402194,-1.5060726526130537,0.259391583352095,0,0.0649379395722442,-1.1880964031441847,-0.448322384329145,1.476636628238511,-1.0851341065479776,0.7747171136852311,-0.6467446064171667,-0.5470026205815419,0.8442789900340686,0.0,-1.3095457409386264,-1.0702528284307633,1.19335520403842,-1.3098568146754328,-1.3095457409386264,-1.309546379485902,-1.3095489330199706,-1.309552123463627,-1.3095775880354328,-1.3096092712084078,-1.3096721450940376,-1.3098568146754326,-1.310151341186002,-1.3106900660100036,-1.311891344162848,-1.3124302549770201
synthetic_cell_01349,0,9,7,3,7,0.1905231853039045,0.2388036715066855,0.1739923417934101,0.3924781437151614,0.5927067038524632,0.1703808407480767,0,-1.13250339919528,-0.7203896738838123,0.1656215332803227,0.602164066587613,-0.4148788322062119,-0.2058778329691534,-1.4663332105221312,-0.8727477199143084,1.1523742321743802,0.0,-0.9866255690504852,-0.9299482277293636,-0.5160097408086827,-0.9880463740484074,-0.9866255690504852,-0.9866284193010609,-0.986639819959153,-0.9866540700071975,-0.9867680393899897,-0.9869104235237393,-0.9871949325363563,-0.9880463740484072,-0.989458414785511,-0.9922555626545876,-1.0004199253293888,-1.0131922059460203
synthetic_cell_01350,0,2,3,1,14,0.1632376532431116,-0.0365049910308392,0.1049116367610897,-0.7345333992284775,-0.4004360850969074,-0.7592464574770268,1,0.2196568736038797,0.6288712252818095,0.2191223832952671,0.4172828358618806,-0.8691083876296715,-0.3294906177215943,-0.0997564025614908,0.7189101023290476,-1.2834539706113388,1.0,0.0389042814757416,0.3262671612550661,1.066971627189791,0.0439829273119581,0.03890428147574157,0.038914423380335156,0.03895499161717012,0.039005703304671284,0.03941145244752647,0.039918777908227315,0.0409338917689471,0.04398292731195808,0.049076901967808374,0.059310289258483195,0.09036347593484448,0.14321792333836597
synthetic_cell_01351,0,3,6,2,21,0.5612091674095755,0.6441276490677754,-0.0738003011269106,0.3206260254383936,1.128925787995794,0.5528295773864254,1,1.228754582691851,0.6379775832499464,0.3021880284039591,-0.4409826042183737,0.0643436817863434,-0.5773435041912642,0.1122408150001802,0.9956256222445868,-0.9047555488276232,1.0,0.9299427596187112,1.123062023734455,-0.5259333428615157,0.9319593073262462,0.9299427596187112,0.9299467987371852,0.9299629549718846,0.9299831497269646,0.9301446862161836,0.9303465528539161,0.9307501055814348,0.9319593073262462,0.9339697082000924,0.9379713948778252,0.9498112378991656,0.9689099643528066
synthetic_cell_01352,0,2,4,0,7,0.1218825975460212,0.158307305347576,-0.0341316414810476,-0.4198894036785892,0.0201600310171956,-0.2742344757920054,0,0.3386649211460831,-0.5781223663735577,0.0235582774545007,0.0505484628324788,-0.5550230447516067,0.5268346172700618,0.4739168922420258,-0.809130347091687,1.23720969739195,0.0,-0.1996245810413594,-0.0452649734885157,-0.2111204152329348,-0.2037499541491524,-0.1996245810413594,-0.19963282151786083,-0.19966578383717326,-0.19970698766617756,-0.20003665547772495,-0.20044883311800565,-0.20127349749749324,-0.20374995414915234,-0.20788553115608574,-0.21618676741154005,-0.2413211272417661,-0.2839078169890589
synthetic_cell_01353,0,7,0,0,14,0.4230948151341377,0.1555530663265177,-0.1125589682330414,0.7315977648706501,0.0734853469284298,-1.2680372331922896,1,-0.285410576179901,-0.3367674015218133,-0.2362562136205877,0.4513365368798565,-0.7829622769127231,0.909657275749066,-0.7447805890122083,0.1991662234485766,-0.2233806569285067,1.0,-0.9327812368682924,-0.4603725565950265,-0.5277444273750435,-0.9243633453312736,-0.9327812368682924,-0.9327644398202461,-0.9326972500743173,-0.9326132593960368,-0.9319411941459029,-0.931100763076399,-0.9294187362693921,-0.9243633453312736,-0.9159067055804622,-0.8988775924162301,-0.8468720807320194,-0.7572067143695096
synthetic_cell_01354,0,7,3,2,14,0.4366569170164316,0.3648032150236585,0.0582245071941306,1.4746973769200027,-0.5110747861600828,-0.6778112284612732,0,0.1249228962327094,-1.6879241219737842,-0.2051391443468201,0.012908321256101,-0.5927125447389443,0.1798833405880379,0.5950713133551289,-0.4815482873240951,0.5868086731996293,0.0,-0.4678320899151952,-0.6567350962143159,-1.0439340325890092,-0.4710357545545362,-0.4678320899151952,-0.46783849341932965,-0.4678641075910143,-0.4678961256546178,-0.4681522841070591,-0.468472516952607,-0.4691130980494044,-0.47103575455453617,-0.47424315880261897,-0.4806686187157002,-0.50001965586654,-0.5324456869573443
synthetic_cell_01355,0,3,5,1,14,0.1902395526656226,0.1119989155062047,-0.0142279221072071,-1.063313274800216,-0.2261165368087274,-1.208246256301828,1,0.5194138683158676,-0.0440385716485901,-0.6039268587180361,0.6217299887506803,0.1564623184793042,0.4621806304311956,-0.4961350318312206,0.2577672640437924,-0.5730396113145869,1.0,-0.2384584422334444,-0.1479831725619924,1.52249732710679,-0.2324266255768095,-0.2384584422334444,-0.23844640065176412,-0.2383982334396103,-0.23833802243226693,-0.23785625470161972,-0.23725384592723744,-0.23604836513424685,-0.23242662557680946,-0.22637279515275782,-0.21419960223332044,-0.17716568020328102,-0.11380374189662953
synthetic_cell_01356,0,11,4,0,7,0.4664831795318769,0.1789907035313473,-0.0892973601334232,0.6055887529614025,-0.3318498870875646,-0.7390426761343735,0,-0.1259326522378394,-0.222292664300769,0.2516218829072264,0.0724787920592355,-0.0058940507517242,0.5775887225127002,-0.9195229847225492,-0.4380730644507585,0.1515130214496756,0.0,-0.3997236401311318,-0.0490263950862304,-0.9923350316711412,-0.4031613628518543,-0.3997236401311318,-0.39973051011489885,-0.3997579902706711,-0.39979234096188876,-0.40006716633575357,-0.4004107475859052,-0.4010980746782485,-0.4031613628518542,-0.406604466719245,-0.41350626012260433,-0.43432591067635706,-0.46933213317486716
synthetic_cell_01357,0,7,4,1,14,0.4306377904695889,0.2215904537671074,-0.0444498306753185,-0.0225992044090566,-0.6154961432388176,-0.7224193787387696,0,-1.122820217329962,-0.6347528940346806,-0.7807291183686427,1.8336344539687848,-1.4630409497034969,0.238220009707479,-0.3056887739047178,-1.8562371192812317,2.193461508344282,0.0,-1.5307567061539105,-1.6279741242512271,1.2566391129187793,-1.5303075773862849,-1.5307567061539105,-1.5307558296115,-1.5307523225739013,-1.5307479368238894,-1.5307127726819485,-1.5306686220467098,-1.530579668562499,-1.5303075773862846,-1.5298365698044865,-1.528828200376852,-1.525259536042142,-1.5174181851773536
synthetic_cell_01358,0,8,0,3,14,0.294541228880008,-0.0938240468021912,-0.1872484906475409,0.2406122466244946,-0.3837826511603734,0.1957502020437238,1,0.8168666318414276,0.6333298083227299,0.9912998309200054,-0.5014275322329882,-0.5901794669096165,-0.0751075054706036,0.6614637390737318,1.0994720227749284,-0.5374227514138409,1.0,0.7430315472304327,1.1762200482025045,-0.185716177571084,0.7456904246327264,0.7430315472304327,0.7430368665171382,0.7430581436046715,0.7430847398305938,0.7432975042794254,0.7435634463531084,0.7440952849354585,0.7456904246327264,0.748347660102632,0.753656557125796,0.769526741647177,0.7957063326005555
synthetic_cell_01359,0,2,7,0,7,0.5776093154927608,0.3545236133100189,0.096560938169662,-0.6281720520812124,0.0178395656895443,-0.90172393986314,1,0.7972320066192294,0.1221129674837038,0.2090396515693219,0.4741230324788624,1.743733174160286,-1.0163258665467996,0.5918713562358795,1.1272752911515465,-1.2618069428634997,1.0,1.2575266332772654,0.364654070667073,-1.40488504966487,1.2584174226801683,1.2575266332772654,1.2575284287504134,1.2575356100884953,1.257544585513344,1.2576163389808004,1.2577059058840931,1.257884622569278,1.2584174226801683,1.2592941698802405,1.2610048167472994,1.2657810124685116,1.2724696914347031
synthetic_cell_01360,0,11,0,3,7,0.3126740110338222,0.2656234145654708,-0.1853772337184469,-0.731325618154334,-0.9503998891757268,-1.3347729961435502,0,-0.3286113437484726,-0.9063601322372828,-0.7352825414025156,0.504705878727337,-0.3320891559423266,-0.5320306540850752,-0.0628340393196094,-0.2935821525778682,0.6962386179480861,0.0,-0.479489342815649,-0.8931679132044711,-1.0200077858963994,-0.4826529467245415,-0.479489342815649,-0.47949566647842645,-0.47952096127346283,-0.4795525800910094,-0.47980554356508015,-0.48012178016261253,-0.48075436034478203,-0.4826529467245415,-0.48582000928110847,-0.4921639412783623,-0.5112636146424028,-0.5432480273456712
synthetic_cell_01361,0,1,1,2,14,0.524376043304267,0.3738460144360386,0.1184247994511606,-1.4851592763301615,0.142033435163329,-1.063787983737198,0,0.0276068631974395,-0.9774389680905192,0.0591395726661649,0.2487311241699582,-0.9509077673438356,0.5364807706019521,-0.7258795375238761,0.2393449708598874,-0.0112137700351588,0.0,-0.8543564216682507,-0.4089648302676854,-1.183745021854144,-0.8562317761818409,-0.8543564216682507,-0.8543601778396552,-0.8543752023083768,-0.854393982406168,-0.8545442036459436,-0.8547319312514573,-0.8551072227293043,-0.8562317761818408,-0.8581015543624338,-0.8618237596190804,-0.8728402242467713,-0.8906233327219467
synthetic_cell_01362,0,1,2,2,14,0.4520950208944653,0.2469024617416309,0.0029529485852703,0.2351100306310735,0.3789033969267624,-0.2854370155311238,0,-1.277262863739703,-0.388928676170711,-0.5627971791479108,-0.1337151709917901,-1.0178788264161331,1.0648159759256048,-0.971080684723046,-1.718744711036591,1.883310438694799,0.0,-1.3681075807480494,-0.8435961710754803,-1.0830516009884716,-1.3682174038043395,-1.3681075807480494,-1.3681078182011053,-1.368108767301927,-1.3681099520771955,-1.36811936622845,-1.368130973690782,-1.3681536538631274,-1.3682174038043393,-1.3683092681871867,-1.368438426127168,-1.3683769431524864,-1.3666973222518015
synthetic_cell_01363,0,6,2,2,14,0.2682772249075898,0.24780384091491,-0.0305745384124598,-0.3350559832512339,1.133820634770466,-1.156162012435948,1,-0.3147821648551343,0.944544721813358,0.5060874807195871,-0.2010432819816697,0.3608366037666923,-0.2037713312582079,0.3386342335414095,0.3299218931750476,-0.4952855811200036,1.0,0.5944831294864337,0.5159554015952112,-0.4324290054990347,0.5976525009281548,0.5944831294864337,0.5944894661918523,0.594514813097222,0.5945464969171559,0.5947999749874311,0.595116841264671,0.5957506355323468,0.5976525009281547,0.600823810725432,0.6071716182879435,0.6262449324939968,0.6580520682278916
synthetic_cell_01364,0,9,1,3,14,0.4658280943639781,0.2102897940927595,0.1459472582293204,0.9809230565842866,0.7699917267932976,0.1727507646551215,0,-0.1255398798781696,-0.1214985497908379,-0.3315919656486062,0.6690112844751414,-0.2160432055463475,0.2606953278567834,-0.3135514206834791,0.159661326216694,-0.0628073509137547,0.0,-0.4199103693203768,-0.4057333896980533,-0.5299424277312865,-0.4232787193403789,-0.4199103693203768,-0.41991710104379515,-0.4199440281387421,-0.4199776874602091,-0.4202469801272105,-0.42058364112117913,-0.4212571131227699,-0.4232787193403788,-0.42665196397003824,-0.4334125764303207,-0.4537969432396586,-0.4880384203157004
synthetic_cell_01365,0,1,7,1,7,0.4519594857429022,0.2800400888320685,0.2505831060102228,-0.5154164594037992,-0.1176243671925276,0.4468702602765633,0,-0.3692015551656064,-0.0886988161248319,-0.0326941839578184,0.5002389145202883,-0.2562621200544602,0.2155147796898364,-1.0329439768295137,-0.2790500726320542,0.6415447330747046,0.0,-0.5771271736199424,-0.3489963191114271,0.8976943473967604,-0.5799552402581915,-0.5771271736199424,-0.5771328285542494,-0.5771554483414241,-0.5771837231876861,-0.5774099264327197,-0.5776926915948357,-0.5782582583944019,-0.5799552402581915,-0.5827844122942196,-0.5884454896841871,-0.6054398115477139,-0.6337253543911191
synthetic_cell_01366,0,4,0,3,21,0.2064860056912668,0.2325866141692427,-0.0850713318878446,1.4416574877698278,0.1115950198151411,0.2592869349183674,0,-0.2065722283213536,0.6886529609999504,-0.7778443609187992,0.6508260947563848,0.946057960655388,-0.5960655251557359,0.902485496486129,-0.1987806306410496,0.0564716199725378,0.0,0.5945250460977451,-0.2531789764244946,0.7243985402558298,0.58767053822551,0.5945250460977451,0.5945113664337786,0.5944566466002068,0.5943882441584623,0.5938409186445988,0.593156496857385,0.5917867706676413,0.5876705382255099,0.5807866859989269,0.5669313655601225,0.5246728634240215,0.4520009485560041
synthetic_cell_01367,0,6,7,2,14,0.3688430006522316,0.2877364564661419,0.2109869171232019,-0.3435701794121312,0.993207714197914,-1.3655640177232846,1,-0.7422084749084195,0.1947125999131196,-0.1063046273942126,1.058916882622544,0.3463433602994691,-0.1741367198311186,0.934608094529046,0.4611044437849874,-0.6004295109682269,1.0,0.0650683405276543,-0.6250174332668381,-0.8815863688394401,0.0700570722712398,0.06506834052765427,0.06507830323274039,0.06511815464636166,0.06516797024818129,0.06556654843888603,0.06606490454205842,0.0670620607926464,0.07005707227123972,0.07506050223289071,0.08511090462804152,0.11559991919477366,0.16746317856552553
synthetic_cell_01368,0,1,3,0,14,0.2248907960847763,0.1012881500932679,0.0455761672009768,-0.0141411376679238,0.3381599692011512,-0.8490680848485768,0,-0.0757192025521074,0.3047660345001667,-0.061140310772737,0.143366954810122,-1.3488899251207598,-0.3932057294664687,-0.4649900478130208,-0.6706634611349659,0.3990249277237652,0.0,-0.3602630621637538,0.0617606666757792,-1.2683474780395625,-0.3638363931268974,-0.3602630621637538,-0.36027020241583524,-0.360298763682847,-0.3603344658485752,-0.3606201064371538,-0.36097721525316856,-0.36169162597474946,-0.3638363931268974,-0.3674160563086475,-0.37459382714052236,-0.39626436086476746,-0.4327654910368091
synthetic_cell_01369,0,8,7,0,21,0.3316608604701559,0.4000386459015571,0.2673237781972015,0.5176221830870169,-0.0999264387493899,-0.2614853845437058,1,0.5587927775334721,0.5747486818704555,1.6582082379448682,0.6911810477522657,0.590532259762896,-0.2435523212325507,-0.8426545616379757,1.0745574339618926,-1.0883032099949173,1.0,0.5985357256556071,0.8351952693105645,1.1889614823417811,0.6016911701486607,0.5985357256556071,0.5985420346045054,0.5985672704798928,0.5985988155035723,0.5988511828527183,0.5991666598507226,0.5997976726332365,0.6016911701486606,0.6048484553223074,0.6111679200391944,0.6301538486555079,0.661807457567874
synthetic_cell_01370,0,11,2,1,14,0.2099105596039561,0.2516587087800445,0.0550210185717033,-0.178142578628864,0.648678369185058,0.6772730938061643,1,1.7417231487656626,0.9027028372705176,0.5907249005731727,0.560155694822615,0.0223570379049831,-1.2344498381949758,-0.2022925788104058,1.330804751426104,-1.3008154264418543,1.0,1.1104661368253506,1.2137029057519673,1.6852254579068249,1.111862306952021,1.1104661368253506,1.1104689395263325,1.1104801499173023,1.1104941619767548,1.1106062212614842,1.1107462022908257,1.111025853431778,1.1118623069520208,1.113247979302186,1.1159871305586275,1.1239343721164883,1.1361942280887811
synthetic_cell_01371,0,3,0,2,14,0.2229108284059084,0.2588870470487514,-0.0568815805087356,0.5609572621013186,-0.5743536149884767,-0.3946626449705942,0,-1.6667141987742058,-1.0198143676568578,-0.3390414434871921,1.588349557242123,-0.405965812717434,0.5082171102959775,-0.941614704572988,-1.31844327522475,0.900204369916873,0.0,-1.5629877192872434,-1.8068699618388824,-0.3624461759865979,-1.562427827036983,-1.5629877192872434,-1.562986621992324,-1.5629822319136664,-1.5629767422925265,-1.5629327443892616,-1.5628775445708774,-1.5627664694438872,-1.5624278270369827,-1.5618452791463162,-1.5606114940613047,-1.5563478366966967,-1.5472854599032324
synthetic_cell_01372,0,9,1,1,21,0.601489957755594,0.4534070019096798,0.1411180111891962,-0.7911970643342053,0.0755470775134553,-0.6286136709940934,0,-1.404745361212208,-1.462781920620257,-0.5427691422114521,0.418880943099561,-0.3863566829896511,0.60096863190448,-0.3483654633021801,-1.486726752903604,1.3255660476568485,0.0,-1.2922217588446905,-1.524898788635347,2.4990009281761707,-1.2925923673091797,-1.2922217588446905,-1.2922225160451555,-1.2922255442086574,-1.2922293279766246,-1.2922595406437625,-1.2922971626884128,-1.2923719268283704,-1.2925923673091795,-1.2929468460870135,-1.2936067305157701,-1.295181563379897,-1.2963767685288803
synthetic_cell_01373,0,5,6,3,21,0.1481466857014668,0.1853802074405239,0.1260155441625866,0.226116540367484,-0.3654941512653585,0.1761481341297853,0,-0.1512469049882248,-1.740483553723284,-0.2820297449133696,0.7804532915331298,-0.4779033169341953,0.3905334433653689,0.2317472986729148,-0.3930522459051127,0.18713282824719,0.0,-0.8334677278906745,-1.098248462456784,0.7074090098147725,-0.8354148674412702,-0.8334677278906745,-0.8334716271302333,-0.8334872238916782,-0.8335067194006125,-0.8336626657392066,-0.8338575542428982,-0.83424718260243,-0.8354148674412701,-0.8373569341145074,-0.8412252296792724,-0.8526921144200088,-0.8712665612441554
synthetic_cell_01374,0,4,1,2,7,0.2872410252193541,0.2755192679502634,0.1134635065312174,-1.2274893447606778,1.127839072669981,-0.7487926629964465,0,-1.6566178622562608,-1.3653349811276565,-0.775120908304969,1.4090826152496685,-1.7219867518926504,0.5295828730294085,-0.2128600612142087,-2.121944043440961,1.9458367678903097,0.0,-1.9352694565367452,-2.02240699117481,-0.5851547625984204,-1.9334301995464236,-1.9352694565367452,-1.935265809457642,-1.9352512198839145,-1.9352329800876749,-1.935086948531336,-1.934904126007466,-1.9345375366162916,-1.933430199546423,-1.9315593142464742,-1.9277218836544363,-1.915430764929046,-1.8922650258840195
synthetic_cell_01375,0,5,5,2,14,0.5506286500745724,0.5900001869187796,0.0261352145715978,1.100557482658156,0.1219471189976312,0.0868391888160426,0,-0.4845548555582652,-0.2562056605943371,-0.2183830758095131,1.3856980386490043,-0.5166005657332611,1.1937242501697125,-0.9498378448115916,-1.1168418177039612,1.271231622545706,0.0,-1.1868828745673468,-0.8392959597169392,-0.4864300543877773,-1.1876154853564664,-1.1868828745673468,-1.186884353241347,-1.186890267400382,-1.186897658890902,-1.1869567424643939,-1.1870304759592156,-1.187177539072808,-1.1876154853564664,-1.1883345053182683,-1.1897311035992548,-1.193577344751018,-1.198763163178845
synthetic_cell_01376,0,10,6,0,7,0.2773538139781732,0.1808323613957933,0.0117611691606424,0.1618344353282569,-0.5381077106475178,-0.5086781420201382,0,-0.4126456336068564,-0.6842771384542321,-0.6508058397068845,-0.2492935731760456,0.1231500831156142,0.1548064267337056,-0.2961993487098496,-0.0632485767599301,-0.6898414920825752,0.0,-0.3997201503199334,-0.5517738736044409,-1.089398137262635,-0.4031578850335659,-0.3997201503199334,-0.3997270203276025,-0.39975450057898587,-0.39978885138972514,-0.40006367772006496,-0.40040726016656636,-0.40109458965412925,-0.40315788503356587,-0.4066010009779776,-0.41350281878820494,-0.4343225445922903,-0.4693288992973166
synthetic_cell_01377,0,2,4,1,14,0.2908555743716897,0.1893369719512174,-0.0790700423558388,-1.6185066707718676,-1.0793642191563235,0.5300861418617954,0,-0.4124596461820992,-1.3226833436056835,-0.9383138344105834,0.578662024832231,-0.9638172937777414,0.186120515846608,0.43651737156392,-1.0704671973266533,0.7909131031336414,0.0,-0.936511667252638,-1.1931407195015975,1.01124661374151,-0.938104691171157,-0.936511667252638,-0.9365148607369032,-0.9365276343779895,-0.9365436007633103,-0.9366713051858816,-0.9368308689744195,-0.9371497734877072,-0.938104691171157,-0.9396901586653407,-0.9428377906495382,-0.9520827526932271,-0.966753526951035
synthetic_cell_01378,0,9,1,1,7,0.4109624354092847,0.1562650265653268,0.0800951974309366,-0.807244836075012,1.050416141442481,-0.1145500266794431,1,0.6600612627459576,0.6414778633664184,0.0695276612922904,-0.4790073448858685,0.3641756550710547,0.2334362352508182,0.4357910286605501,0.5282859200528784,-0.4050914044120421,1.0,0.6755236348774107,0.7985521850048328,0.5438700411317335,0.6784145065842806,0.6755236348774107,0.675529416530625,0.675552543149173,0.6755814514350676,0.6758127182121619,0.6761018028189164,0.6766799752200536,0.6784145065842805,0.6813053634226409,0.6870863939272518,0.7044122425431564,0.7331492744008231
synthetic_cell_01379,0,8,4,1,7,0.3482307381921188,0.0777495103617641,-0.1338971575319032,-0.2984222489465062,0.6592208712793342,-1.737660740421392,0,-1.2224292611608392,-0.5558233152725206,0.1967692591859479,0.2126005854926626,-0.5332196163735109,1.1998197963826538,-0.8979561515190806,-0.5666689436722719,0.5370265377755616,0.0,-1.1792393992903518,-0.7589221547883415,0.5919100358696128,-1.179998277263119,-1.1792393992903518,-1.1792409303150595,-1.1792470538842823,-1.1792547071540902,-1.1793158856240722,-1.1793922393951433,-1.1795445485811744,-1.179998277263119,-1.1807437486302705,-1.1821938034686752,-1.186204859856613,-1.1916802404356446
synthetic_cell_01380,0,5,4,0,7,0.1764163950312743,0.0991440814593729,-0.0598695876984106,1.384838410434215,-0.0636817452038876,0.2251126927329115,0,-0.0481772094147631,0.1451419653691844,0.52005245950511,-0.2763821197202732,0.3076178979709981,0.1698309374265058,0.2652193887578704,0.0497869924398439,-0.4449819609648512,0.0,0.3454830024292851,0.3452875815416175,-0.7083358412377194,0.3394843399493493,0.3454830024292851,0.3454710284720467,0.34542313170510003,0.3453632586359956,0.3448841896787715,0.34428514253181686,0.3430863454749632,0.3394843399493493,0.3334623354827793,0.3213487529085521,0.28446031108625863,0.2212229985806226
synthetic_cell_01381,0,2,3,0,14,0.2915136091645768,0.2219102111092138,0.1566136329819013,0.0294802496260805,1.0955498653910385,-0.7164719842351006,0,0.0930273317508547,-0.2506388174894952,-0.4436412735835006,1.5601311974795082,-0.5654086503026523,0.7669810369680222,-0.2667708400906094,-0.7917731403825865,0.8245146528085973,0.0,-0.8137774306444346,-0.7037939559584852,-0.6910008923996269,-0.8157922368826426,-0.8137774306444346,-0.8137814647442444,-0.8137976009656455,-0.8138177708421691,-0.813979113827327,-0.8141807524042963,-0.8145838951302584,-0.8157922368826425,-0.8178024448155871,-0.8218084494023845,-0.8336999133918758,-0.8530202990228957
synthetic_cell_01382,0,11,7,2,14,0.3619834793170983,0.4179969030737665,0.185142768596056,-0.2319609222185749,0.1069607433748423,-0.9202717536253386,0,0.9345716753940684,0.8930016925245036,-1.4903617492183232,-0.8548919178928464,0.3946477545131315,0.2450491956782349,-0.4664693688740345,-0.1180452561737047,0.2626371356812461,0.0,0.3689899629586106,0.650081434407714,-0.6313558367420162,0.3629105176375141,0.3689899629586106,0.3689778280005221,0.36892928720754886,0.36886860905500135,0.36838309739372954,0.3677759917749232,0.36656106079818607,0.3629105176375141,0.3568071637691384,0.34452917938294425,0.3071338601114566,0.24300601995805668
synthetic_cell_01383,0,1,4,2,14,0.2315709390918578,0.365126098381549,-0.0694046496672872,0.1710517206464201,-1.0685063895508888,-0.1890613607121381,1,-0.2600829327944071,0.539668906814495,0.6673683499023321,-0.5944851236368587,0.3577021439236079,0.6985340518987663,-0.1520673532129151,0.4478662654695639,-0.6379411889344844,1.0,0.2333080106757048,0.5662982133958863,-0.397862777237485,0.2377185784098033,0.2333080106757048,0.23331682109528484,0.2333520632049448,0.2333961168124506,0.23374858447336166,0.2341892659722598,0.23507095151552262,0.23771857840980323,0.24213978947890674,0.25101356563254246,0.27787485066990714,0.3233645902684789
synthetic_cell_01384,0,5,7,0,7,0.3121836379227271,0.1159737272868559,0.195013415472736,0.9436749476630316,0.7152453826464457,-0.4318363256735047,0,-0.6947858067226091,-0.6678723661297745,-0.6878269665817283,1.022197715274515,0.6420155846663471,-0.1449436649813156,0.3622602614129965,-0.4132571632206463,-0.0271220194836449,0.0,-0.3061830269204734,-1.1304671398236206,-0.5010417483165335,-0.3099422066194232,-0.3061830269204734,-0.3061905375705752,-0.30622058048172274,-0.30625813481974357,-0.3065585974718351,-0.3069342455814008,-0.30768577394542723,-0.3099422066194231,-0.31370902196451583,-0.321265015058437,-0.34410166935714964,-0.38265154447501726
synthetic_cell_01385,0,4,7,0,7,0.6837651996150373,0.447446190471414,0.1472628967919148,0.5244724541950182,0.0148984038784944,-0.9070886394524658,0,-1.6359604860343586,0.1484033817010897,-0.9568150601016427,0.6031351092878491,0.0142643332841185,0.1399411212025753,-0.0217124951915287,-0.4921552686276003,0.3891726909884679,0.0,-0.7238785764581129,-1.176303619005472,-0.8470006354331882,-0.7262023245882,-0.7238785764581129,-0.72388322628159,-0.7239018254841912,-0.7239250742819122,-0.7241110564249497,-0.7243435134220655,-0.7248083579111816,-0.7262023245881999,-0.7285236411394601,-0.7331583758635949,-0.7469883168347695,-0.7697143922424555
synthetic_cell_01386,0,5,7,0,21,0.4295048845720269,0.3954094483132258,0.1844687225458949,-0.1574827887701519,-1.4616018471445646,-1.1485069198173123,1,0.9716867213366024,1.0005891438207946,0.526646186993047,-1.0751738336601633,0.9680748276778574,-0.846984545602075,0.8053888152925611,2.2221383111937905,-1.8593799791611016,1.0,1.6423319827499083,1.445389770445047,0.3623448786799774,1.6419003693953207,1.6423319827499083,1.6423311426637586,1.6423277813942614,1.6423235777262504,1.642289865113584,1.6422475160648666,1.6421621229485581,1.6419003693953202,1.6414454393267726,1.6404648536702149,1.6369435430535226,1.6290544205942457
synthetic_cell_01387,0,4,0,3,21,0.2468587192386363,0.2455809965158949,-0.1610427324108765,0.7497990215025476,0.8824780863135538,-0.6221353024623479,1,0.9212796475522416,1.61441003740779,1.5667233576290664,-0.211651376643169,0.0241312923553194,-0.5305998101319086,-0.5805657661682582,0.7578271114822234,-0.6352392851383138,1.0,1.088178363619042,1.7100392377136189,-0.25313771527139,1.0896511267888878,1.088178363619042,1.0881813189705731,1.0881931399851923,1.0882079153724753,1.088326083210732,1.0884737047596886,1.0887686530355827,1.0896511267888878,1.0911139293582344,1.094008955734952,1.1024367855686525,1.115540982017144
synthetic_cell_01388,0,2,6,2,7,0.3786527141343864,0.554457687900511,-0.092527835759657,0.3713013040045293,1.0589701801376394,0.2705001507756939,0,-0.9320933265278518,-1.0432526495068015,-1.8317917541145827,0.9609395004234764,-1.033129192453385,1.055390790396784,-0.1614771774475547,-1.2351681939237888,1.0387231616704702,0.0,-1.6759310235435667,-1.7445994218266196,-0.8385729947523576,-1.6749829960005056,-1.6759310235435667,-1.6759291526918971,-1.6759216682775262,-1.67591231049214,-1.6758373574901677,-1.675743439333994,-1.675554845966397,-1.6749829960005054,-1.674009590677303,-1.6719859083256456,-1.6652868695813994,-1.6519457969121076
synthetic_cell_01389,0,4,1,1,7,0.0202653825752179,0.0454449738157088,0.0476672455278979,0.5261574237369704,0.952301567252996,0.1736197428936028,1,-0.0303276040053384,0.5208985915374662,1.263416032033771,-0.7504433782873757,0.1248958274917171,-0.734019415523867,1.4309885909413913,0.8088465472396318,-1.0850856833627922,1.0,1.1665934999428362,0.9137019043710533,1.2579040686781493,1.1677967855894469,1.1665934999428362,1.166595918223503,1.1666055908791877,1.1666176806479767,1.166714356744859,1.166835096631764,1.1670762249539675,1.1677967855894467,1.1689882206876778,1.1713348311821636,1.178071805908143,1.188205356840282
synthetic_cell_01390,0,5,3,0,7,0.4842146997167413,0.3776304942741533,0.1102011697139632,0.1159439184486663,0.9211577830190748,-0.3509493376655967,1,0.7658321387908601,0.5650565175098222,0.7447712337702234,-1.1226833588056906,1.0673587151320822,-0.3026890553806988,1.1379158083075904,1.077266438616751,-0.9175406649916256,1.0,1.4842522466405337,1.260739996571567,-1.1660674309821253,1.4843638821758611,1.4842522466405337,1.4842524892537767,1.4842534589340086,1.4842546692955176,1.484264282614097,1.4842761252207477,1.4842992295766837,1.484363882175861,1.4844560110073384,1.4845809955506888,1.4844683371631286,1.4825678398764253
synthetic_cell_01391,0,6,5,3,21,0.2606579790217234,0.3697460757904984,-0.105077697113476,1.0455221710844678,0.3483302924765872,-0.3969434917305393,1,-0.1650681025478774,-0.5301664443496973,0.5651965052196335,-0.6536570360472981,0.4511899008671364,-0.0198830388032167,-0.3531930122050499,0.579340356804763,-0.64174696879136,1.0,0.1581002168524634,0.1627786407143609,0.9397286598871986,0.1627692399174791,0.1581002168524634,0.15810954237559,0.15814684497182654,0.15819347435043307,0.1585665546957054,0.15903301834065314,0.15996632248933462,0.16276923991747905,0.16745071896257283,0.17685047964590364,0.2053334602931745,0.2536723398153603
synthetic_cell_01392,0,7,2,1,21,0.2725635051993201,0.2663975055801181,0.0742126778478873,1.490197189622655,-0.4388125572346771,0.6374812593302164,1,-0.2753130428210165,1.0182729487519304,1.0285179594119218,0.3819486074441535,0.3949070922080642,-0.3809049679610707,-0.3218018009145617,0.1984132061934862,-0.9354708258185502,1.0,0.5107790855374156,0.5315855517630195,2.0798239153005653,0.5142361100969612,0.5107790855374156,0.5107859955378041,0.5108136357036219,0.5108481862803966,0.5111246056570175,0.5114701666981419,0.5121614109427005,0.5142361100969611,0.5176970904322682,0.524630303176237,0.5455085164984982,0.580486660465178
synthetic_cell_01393,0,5,3,1,21,0.2198056620474931,0.3367683489725921,0.1401809863517441,-0.0503123236297358,-1.6650086932534311,-0.6223703991475085,1,0.8190719515895517,2.4328714301209766,0.5621267677142416,0.4988071883123957,1.6963715698874855,-0.1018493132360414,0.708614967891885,2.1256272607684075,-1.7593068334008926,1.0,1.6775594389698831,1.4204300785192954,2.3485568860525765,1.6770067647066864,1.6775594389698831,1.6775583576083721,1.6775540312035213,1.6775486210400252,1.6775052534115822,1.6774508279626001,1.6773412566053132,1.6770067647066864,1.6764299246835503,1.6752029669949162,1.6709220514463952,1.6616983870889797
synthetic_cell_01394,0,0,6,2,7,0.7216710943579696,0.6345761826724314,-0.016719632600413,-0.1139097200186857,-0.2147767595810598,-0.2915594804330606,0,-0.0516728417361037,0.2553060279623695,0.2206132879318481,0.4751940989485826,0.2499326799320055,-0.3663731904645556,-0.3110230204127207,-0.7740231373002903,0.9674111718005296,0.0,0.1624463594033689,0.0291451023439814,-0.6177187940464386,0.1570767114675164,0.1624463594033689,0.16243563907715972,0.16239275701050954,0.16233915271318403,0.16191024978739682,0.16137394982691083,0.16030077932780087,0.15707671146751645,0.15168813306213857,0.14085466306274957,0.10791301591900644,0.05160978538305424
synthetic_cell_01395,0,11,0,1,14,0.0792093285771875,0.1459152421121025,-0.1446630527410666,0.6026723563578588,0.4361036589776455,1.0008404560586734,1,-0.4910706118146348,-0.1656914764477834,0.4184923441159612,0.55074717242739,0.0260334122880016,0.2109103924958511,-0.2535422400456033,-0.1957737986413914,0.3949437811287718,1.0,-0.2680315718580257,-0.3071724608920751,1.3110358039757597,-0.2618981256678701,-0.2680315718580257,-0.2680193277278703,-0.2679703502933509,-0.26790912644400317,-0.2674192534152806,-0.2668067066125323,-0.2655809284057833,-0.26189812566787,-0.25574195294390756,-0.24336193294064748,-0.20569032946769691,-0.14120805535545541
synthetic_cell_01396,0,10,2,1,14,0.3199622905161959,0.1158537621790037,-0.0112299033341344,0.0896522149216695,0.3834183966309674,-0.411345921862246,1,-0.9340406623590496,0.953514118665594,0.9795787362745152,-1.276108195883071,-0.0620013442159821,0.7121511553204957,0.3776627544381817,0.5776956823406427,-0.2850214587759341,1.0,0.323854203515413,0.7615561026229173,1.0841745469938693,0.3279536047460945,0.323854203515413,0.323862393777657,0.3238951551708192,0.3239361076866037,0.324263758769362,0.3246733999325534,0.32549293941404855,0.3279536047460944,0.3320614669833017,0.34030198567470654,0.36521083525349396,0.4072703615744739
synthetic_cell_01397,0,11,5,1,21,0.5774155638282483,0.5973267273732767,-0.1163490936029442,0.2239622438708369,0.3814273761254024,-0.4816673168070725,0,-0.8848300128688501,-0.9213468546977818,-0.9212303386655624,1.095749332325492,-0.2515451775832386,0.4911362008557856,-0.4553324324520286,-1.5005757256850332,1.9552257009134335,0.0,-1.1515529193312148,-1.4231875743918003,2.0755790709317785,-1.15240694327192,-1.1515529193312148,-1.1515546399825995,-1.1515615220851791,-1.1515701235816445,-1.1516388902634789,-1.1517247352964741,-1.151896047000885,-1.1524069432719197,-1.1532482279016991,-1.154891915067286,-1.1594999713234688,-1.1660242146783628
synthetic_cell_01398,0,0,2,3,21,0.1914094253750375,0.2312436827539406,0.0739685639541733,-0.0804010214862237,-0.7418667626742019,-0.606970900075195,0,-1.9002257451277489,-1.772269598901734,-1.95810161368452,1.8453079403380024,-2.606906273137054,1.3008145906628223,-1.8928551748493283,-2.4794385990297454,2.472944089015928,0.0,-3.3378714167182424,-2.8381971544918416,0.2917506046620849,-3.3312120482030987,-3.3378714167182424,-3.3378581631182276,-3.3378051461107945,-3.337738868984762,-3.337208417277001,-3.336544765749266,-3.335215505423851,-3.3312120482030982,-3.3244872461115675,-3.31084036765686,-3.2683051302618273,-3.19200381791326
synthetic_cell_01399,0,11,4,2,7,0.0660507529104937,0.2746085656243368,-0.0982171521488832,0.121639196648456,0.3983870301565804,-1.0716074736594117,1,0.705886624285595,0.680967267516564,-0.4528237783189809,-0.6639929379221639,0.3006678413574211,-0.3331838570745334,0.1767172438516248,0.397523130123467,-0.2566674293772824,1.0,0.7056923831299661,0.7298898731757474,-0.479536608012707,0.7084795784302218,0.7056923831299661,0.7056979581552708,0.705720258233142,0.7057481332778532,0.7059711315118392,0.7062498739049209,0.7068073400915442,0.7084795784302217,0.7112660317400821,0.7168360695529195,0.7335113934810167,0.7611055253715094
